D,Delta_max,Delta_min,Delta_values,M_K_v2_hash,P,class_id,class_size,d_multiset,n,p_multiset,sign_reversal,sign_set,tau_den,tau_num
6,-1,-1,[-1],0215d5b4e88ae28304322f7138a51224d05716eb6772c69ada54d471b8a7b816,6,V2C00001,1,"[1,2,3]",3,"[1,2,3]",False,"[""negative""]",3,2
6,0,0,[0],3443cad6704c783f2185371dcdc3f76119a4214f748ba800a2b5f550b2e4ad41,6,V2C00002,1,"[1,2,3]",3,"[1,2,3]",False,"[""zero""]",3,2
6,0,0,[0],6a3e674186df831d466b785bd10edc314ff7f21337e032dbb0cc61e4b7695872,6,V2C00003,1,"[1,2,3]",3,"[1,2,3]",False,"[""zero""]",3,2
6,-1,-1,[-1],7679cb0a97687f28e5cb1e9eafe594de0ef95813c46a613ca46672dd007b42ee,6,V2C00004,1,"[1,2,3]",3,"[1,2,3]",False,"[""negative""]",3,2
6,-2,-2,[-2],9126cbac6d28b190beb5388e898be7719fe1bc9d55c1c3f54ff236ee0e105be8,6,V2C00005,1,"[1,2,3]",3,"[1,2,3]",False,"[""negative""]",3,2
6,-2,-2,[-2],d4b78c402789d06a1173c1c9883cbbd23a26d9294ea5fef7696c3fb664fbb6b9,6,V2C00006,1,"[1,2,3]",3,"[1,2,3]",False,"[""negative""]",3,2
7,0,0,[0],3443cad6704c783f2185371dcdc3f76119a4214f748ba800a2b5f550b2e4ad41,6,V2C00007,1,"[1,2,4]",3,"[1,2,3]",False,"[""zero""]",18,11
7,0,0,[0],6a3e674186df831d466b785bd10edc314ff7f21337e032dbb0cc61e4b7695872,6,V2C00008,1,"[1,2,4]",3,"[1,2,3]",False,"[""zero""]",18,11
7,0,0,[0],7679cb0a97687f28e5cb1e9eafe594de0ef95813c46a613ca46672dd007b42ee,6,V2C00009,1,"[1,2,4]",3,"[1,2,3]",False,"[""zero""]",18,11
7,-1,-1,[-1],d4b78c402789d06a1173c1c9883cbbd23a26d9294ea5fef7696c3fb664fbb6b9,6,V2C00010,1,"[1,2,4]",3,"[1,2,3]",False,"[""negative""]",18,11
8,0,0,[0],0fc3d9f311060b0d12033dd6210d664eee8e9555dbc285dfb36b8e9dcb069735,6,V2C00011,1,"[1,2,5]",3,"[1,2,3]",False,"[""zero""]",9,5
8,0,0,[0],3443cad6704c783f2185371dcdc3f76119a4214f748ba800a2b5f550b2e4ad41,6,V2C00012,1,"[1,2,5]",3,"[1,2,3]",False,"[""zero""]",9,5
8,0,0,[0],6a3e674186df831d466b785bd10edc314ff7f21337e032dbb0cc61e4b7695872,6,V2C00013,1,"[1,2,5]",3,"[1,2,3]",False,"[""zero""]",9,5
8,1,1,[1],a205485805c82f259c1bc5126ca842b7da7dc6fcb3b11309c204f61cfd9e7369,6,V2C00014,1,"[1,2,5]",3,"[1,2,3]",False,"[""positive""]",9,5
8,0,0,[0],3443cad6704c783f2185371dcdc3f76119a4214f748ba800a2b5f550b2e4ad41,6,V2C00015,1,"[1,3,4]",3,"[1,2,3]",False,"[""zero""]",9,5
8,0,0,[0],7679cb0a97687f28e5cb1e9eafe594de0ef95813c46a613ca46672dd007b42ee,6,V2C00016,1,"[1,3,4]",3,"[1,2,3]",False,"[""zero""]",9,5
8,1,1,[1],ca61e48ce21526dd88c23e3aabc8ad0068cd2ec15375fccb078a0ea2cf1faaa8,6,V2C00017,1,"[1,3,4]",3,"[1,2,3]",False,"[""positive""]",9,5
9,0,0,[0],3443cad6704c783f2185371dcdc3f76119a4214f748ba800a2b5f550b2e4ad41,6,V2C00018,1,"[1,3,5]",3,"[1,2,3]",False,"[""zero""]",2,1
9,1,1,[1],781da1798da576ab6a578931d3b1d19635e99831834928f2d1d472df5148557c,6,V2C00019,1,"[1,3,5]",3,"[1,2,3]",False,"[""positive""]",2,1
9,1,1,[1],a205485805c82f259c1bc5126ca842b7da7dc6fcb3b11309c204f61cfd9e7369,6,V2C00020,1,"[1,3,5]",3,"[1,2,3]",False,"[""positive""]",2,1
9,1,1,[1],ca61e48ce21526dd88c23e3aabc8ad0068cd2ec15375fccb078a0ea2cf1faaa8,6,V2C00021,1,"[1,3,5]",3,"[1,2,3]",False,"[""positive""]",2,1
10,0,0,[0],3443cad6704c783f2185371dcdc3f76119a4214f748ba800a2b5f550b2e4ad41,6,V2C00022,1,"[1,4,5]",3,"[1,2,3]",False,"[""zero""]",9,4
10,1,1,[1],a205485805c82f259c1bc5126ca842b7da7dc6fcb3b11309c204f61cfd9e7369,6,V2C00023,1,"[1,4,5]",3,"[1,2,3]",False,"[""positive""]",9,4
10,2,2,[2],a255fec15b3b5089d923fff372ad45afac747a96bfa6d82e95b319d5e9670f12,6,V2C00024,1,"[1,4,5]",3,"[1,2,3]",False,"[""positive""]",9,4
10,1,1,[1],ca61e48ce21526dd88c23e3aabc8ad0068cd2ec15375fccb078a0ea2cf1faaa8,6,V2C00025,1,"[1,4,5]",3,"[1,2,3]",False,"[""positive""]",9,4
9,0,0,[0],3443cad6704c783f2185371dcdc3f76119a4214f748ba800a2b5f550b2e4ad41,6,V2C00026,1,"[2,3,4]",3,"[1,2,3]",False,"[""zero""]",2,1
9,0,0,[0],7679cb0a97687f28e5cb1e9eafe594de0ef95813c46a613ca46672dd007b42ee,6,V2C00027,1,"[2,3,4]",3,"[1,2,3]",False,"[""zero""]",2,1
9,1,1,[1],ca61e48ce21526dd88c23e3aabc8ad0068cd2ec15375fccb078a0ea2cf1faaa8,6,V2C00028,1,"[2,3,4]",3,"[1,2,3]",False,"[""positive""]",2,1
10,0,0,[0],3443cad6704c783f2185371dcdc3f76119a4214f748ba800a2b5f550b2e4ad41,6,V2C00029,1,"[2,3,5]",3,"[1,2,3]",False,"[""zero""]",9,4
10,1,1,[1],781da1798da576ab6a578931d3b1d19635e99831834928f2d1d472df5148557c,6,V2C00030,1,"[2,3,5]",3,"[1,2,3]",False,"[""positive""]",9,4
10,1,1,[1],a205485805c82f259c1bc5126ca842b7da7dc6fcb3b11309c204f61cfd9e7369,6,V2C00031,1,"[2,3,5]",3,"[1,2,3]",False,"[""positive""]",9,4
10,1,1,[1],ca61e48ce21526dd88c23e3aabc8ad0068cd2ec15375fccb078a0ea2cf1faaa8,6,V2C00032,1,"[2,3,5]",3,"[1,2,3]",False,"[""positive""]",9,4
11,0,0,[0],3443cad6704c783f2185371dcdc3f76119a4214f748ba800a2b5f550b2e4ad41,6,V2C00033,1,"[2,4,5]",3,"[1,2,3]",False,"[""zero""]",18,7
11,1,1,[1],a205485805c82f259c1bc5126ca842b7da7dc6fcb3b11309c204f61cfd9e7369,6,V2C00034,1,"[2,4,5]",3,"[1,2,3]",False,"[""positive""]",18,7
11,2,2,[2],a255fec15b3b5089d923fff372ad45afac747a96bfa6d82e95b319d5e9670f12,6,V2C00035,1,"[2,4,5]",3,"[1,2,3]",False,"[""positive""]",18,7
11,1,1,[1],ca61e48ce21526dd88c23e3aabc8ad0068cd2ec15375fccb078a0ea2cf1faaa8,6,V2C00036,1,"[2,4,5]",3,"[1,2,3]",False,"[""positive""]",18,7
12,0,0,[0],3443cad6704c783f2185371dcdc3f76119a4214f748ba800a2b5f550b2e4ad41,6,V2C00037,1,"[3,4,5]",3,"[1,2,3]",False,"[""zero""]",3,1
12,1,1,[1],a205485805c82f259c1bc5126ca842b7da7dc6fcb3b11309c204f61cfd9e7369,6,V2C00038,1,"[3,4,5]",3,"[1,2,3]",False,"[""positive""]",3,1
12,2,2,[2],a255fec15b3b5089d923fff372ad45afac747a96bfa6d82e95b319d5e9670f12,6,V2C00039,1,"[3,4,5]",3,"[1,2,3]",False,"[""positive""]",3,1
10,-1,-1,[-1],1ef42d1fef5a957660137c9ca77259ee3551d6461c98a0b1606ec0d47567b568,10,V2C00040,1,"[1,2,3,4]",4,"[1,2,3,4]",False,"[""negative""]",4,3
10,-3,-3,[-3],23e1bfba4197de51a573e007f8ad93a6c63abee1c285658bdddf36c716a7677b,10,V2C00041,1,"[1,2,3,4]",4,"[1,2,3,4]",False,"[""negative""]",4,3
10,0,0,[0],35fc9ce4259d0ea82513a1c12593793b28f6b55e3f82df003e797e0d5baac9cc,10,V2C00042,1,"[1,2,3,4]",4,"[1,2,3,4]",False,"[""zero""]",4,3
10,-1,-2,"[-2,-1]",5025cd244c792ba3f4f9c7efe7b532d61de1ab964c94f2c441c110cbbfb4835c,10,V2C00043,2,"[1,2,3,4]",4,"[1,2,3,4]",False,"[""negative""]",4,3
10,-4,-4,[-4],5991266d4872bb884b37d40be6de12c3290939dba2cd22cd97c56ba93b0fde6d,10,V2C00044,1,"[1,2,3,4]",4,"[1,2,3,4]",False,"[""negative""]",4,3
10,-1,-1,[-1],5b806409e44b31351989101070c945c6dd40718dfc86b3160c10bbfc790d938c,10,V2C00045,1,"[1,2,3,4]",4,"[1,2,3,4]",False,"[""negative""]",4,3
10,-3,-4,"[-4,-3]",5dde3d57d53c06e759ef30a2798f0930296cb9c89b7d91d5d104986e589ec7ad,10,V2C00046,2,"[1,2,3,4]",4,"[1,2,3,4]",False,"[""negative""]",4,3
10,-6,-6,[-6],61716232ff087d5c7c9f273ad0ebe482eda7757eb5c348a36cabcc73abd000e0,10,V2C00047,1,"[1,2,3,4]",4,"[1,2,3,4]",False,"[""negative""]",4,3
10,-1,-2,"[-2,-1]",a6e8f755912a2036daa82da85871299b04f26a37ce5645bead34dd133f460b87,10,V2C00048,2,"[1,2,3,4]",4,"[1,2,3,4]",False,"[""negative""]",4,3
10,-5,-5,[-5],aa7d695a59021581b8cf1b0f029208478d2bda2488b997a3484ab26c2c5efcba,10,V2C00049,1,"[1,2,3,4]",4,"[1,2,3,4]",False,"[""negative""]",4,3
10,-3,-3,[-3],aac920d42175c0111569e218d1d5ddf9eb4a6fdca7cd09bee48ecf84934b5f94,10,V2C00050,1,"[1,2,3,4]",4,"[1,2,3,4]",False,"[""negative""]",4,3
10,0,0,[0],f0d586f89a64f76dce1a004fb5f4c1c82ee7a6f54e0d20b8a1425af0f72ca027,10,V2C00051,1,"[1,2,3,4]",4,"[1,2,3,4]",False,"[""zero""]",4,3
10,-5,-5,[-5],fdb7459cf9013649180f6d52c62a5c4697ab69c6f9d1a884811294a49d65096a,10,V2C00052,1,"[1,2,3,4]",4,"[1,2,3,4]",False,"[""negative""]",4,3
11,-1,-1,[-1],325b4cb2d0b8c4de5f37364bd5bf5c1a4b5efb2583c5ab010a23e3bb9f8c4765,10,V2C00053,1,"[1,2,3,5]",4,"[1,2,3,4]",False,"[""negative""]",40,29
11,-4,-4,[-4],34b190b5610a41440aa52bd08cc4669f73a9fa8b3079a46009fd2c5df1db8934,10,V2C00054,1,"[1,2,3,5]",4,"[1,2,3,4]",False,"[""negative""]",40,29
11,0,0,[0],35fc9ce4259d0ea82513a1c12593793b28f6b55e3f82df003e797e0d5baac9cc,10,V2C00055,1,"[1,2,3,5]",4,"[1,2,3,4]",False,"[""zero""]",40,29
11,-1,-2,"[-2,-1]",5025cd244c792ba3f4f9c7efe7b532d61de1ab964c94f2c441c110cbbfb4835c,10,V2C00056,2,"[1,2,3,5]",4,"[1,2,3,4]",False,"[""negative""]",40,29
11,-4,-4,[-4],7011ab9bf617e5fa6f380e9165c32fe9d5488c621e6835a18891445c01204987,10,V2C00057,1,"[1,2,3,5]",4,"[1,2,3,4]",False,"[""negative""]",40,29
11,-5,-5,[-5],79b1633a597afd6168627e40c94d06da15c6fe9d1190e6706ab073336c25f82b,10,V2C00058,1,"[1,2,3,5]",4,"[1,2,3,4]",False,"[""negative""]",40,29
11,-3,-3,[-3],a5f58ea3ca673a218027454b420ebac3db95bc1163f6c6b84f24fe9fe4ad4101,10,V2C00059,1,"[1,2,3,5]",4,"[1,2,3,4]",False,"[""negative""]",40,29
11,-1,-2,"[-2,-1]",a6e8f755912a2036daa82da85871299b04f26a37ce5645bead34dd133f460b87,10,V2C00060,2,"[1,2,3,5]",4,"[1,2,3,4]",False,"[""negative""]",40,29
11,-5,-5,[-5],aa7d695a59021581b8cf1b0f029208478d2bda2488b997a3484ab26c2c5efcba,10,V2C00061,1,"[1,2,3,5]",4,"[1,2,3,4]",False,"[""negative""]",40,29
11,-3,-3,[-3],aac920d42175c0111569e218d1d5ddf9eb4a6fdca7cd09bee48ecf84934b5f94,10,V2C00062,1,"[1,2,3,5]",4,"[1,2,3,4]",False,"[""negative""]",40,29
11,-1,-2,"[-2,-1]",c05f23394596ae9fa98df31ef87a596f92c6c6244caad6bfd01272cc5daa4d63,10,V2C00063,2,"[1,2,3,5]",4,"[1,2,3,4]",False,"[""negative""]",40,29
11,-2,-2,[-2],c23b3ba67a722e02ce17f0c28ffbf2fc60adf58875dfb5083ee34e0edb570b0b,10,V2C00064,1,"[1,2,3,5]",4,"[1,2,3,4]",False,"[""negative""]",40,29
11,-1,-1,[-1],d9c68703a6aba49a2be277565fb4948f8fc8c1ae4eaaca7e8ceb5696a9867721,10,V2C00065,1,"[1,2,3,5]",4,"[1,2,3,4]",False,"[""negative""]",40,29
11,-5,-5,[-5],e7323d33ba9c70848a3a74f32ab669828cd42936378d271a725f504f55eab13e,10,V2C00066,1,"[1,2,3,5]",4,"[1,2,3,4]",False,"[""negative""]",40,29
11,0,0,[0],f0d586f89a64f76dce1a004fb5f4c1c82ee7a6f54e0d20b8a1425af0f72ca027,10,V2C00067,1,"[1,2,3,5]",4,"[1,2,3,4]",False,"[""zero""]",40,29
12,-2,-2,[-2],289004324b08c05289d088ece7659bf1589e11031e41c88b243d840ff4860908,10,V2C00068,1,"[1,2,3,6]",4,"[1,2,3,4]",False,"[""negative""]",10,7
12,-1,-1,[-1],325b4cb2d0b8c4de5f37364bd5bf5c1a4b5efb2583c5ab010a23e3bb9f8c4765,10,V2C00069,1,"[1,2,3,6]",4,"[1,2,3,4]",False,"[""negative""]",10,7
12,-3,-3,[-3],34b190b5610a41440aa52bd08cc4669f73a9fa8b3079a46009fd2c5df1db8934,10,V2C00070,1,"[1,2,3,6]",4,"[1,2,3,4]",False,"[""negative""]",10,7
12,-1,-2,"[-2,-1]",5025cd244c792ba3f4f9c7efe7b532d61de1ab964c94f2c441c110cbbfb4835c,10,V2C00071,2,"[1,2,3,6]",4,"[1,2,3,4]",False,"[""negative""]",10,7
12,-1,-2,"[-2,-1]",65448a3712e365b672836df59c3aa18934d863ddd8f161aea2af9a503d4eead3,10,V2C00072,2,"[1,2,3,6]",4,"[1,2,3,4]",False,"[""negative""]",10,7
12,-3,-3,[-3],7011ab9bf617e5fa6f380e9165c32fe9d5488c621e6835a18891445c01204987,10,V2C00073,1,"[1,2,3,6]",4,"[1,2,3,4]",False,"[""negative""]",10,7
12,-4,-4,[-4],70363939d1c824af8b02413be2ce151ba315a7dcfeba65534e9d21662b30564b,10,V2C00074,1,"[1,2,3,6]",4,"[1,2,3,4]",False,"[""negative""]",10,7
12,-5,-5,[-5],79b1633a597afd6168627e40c94d06da15c6fe9d1190e6706ab073336c25f82b,10,V2C00075,1,"[1,2,3,6]",4,"[1,2,3,4]",False,"[""negative""]",10,7
12,-3,-3,[-3],a5f58ea3ca673a218027454b420ebac3db95bc1163f6c6b84f24fe9fe4ad4101,10,V2C00076,1,"[1,2,3,6]",4,"[1,2,3,4]",False,"[""negative""]",10,7
12,-1,-2,"[-2,-1]",a6e8f755912a2036daa82da85871299b04f26a37ce5645bead34dd133f460b87,10,V2C00077,2,"[1,2,3,6]",4,"[1,2,3,4]",False,"[""negative""]",10,7
12,-5,-5,[-5],aa7d695a59021581b8cf1b0f029208478d2bda2488b997a3484ab26c2c5efcba,10,V2C00078,1,"[1,2,3,6]",4,"[1,2,3,4]",False,"[""negative""]",10,7
12,-3,-3,[-3],aac920d42175c0111569e218d1d5ddf9eb4a6fdca7cd09bee48ecf84934b5f94,10,V2C00079,1,"[1,2,3,6]",4,"[1,2,3,4]",False,"[""negative""]",10,7
12,-5,-5,[-5],afda20785cc59931e1b885cc3e387b5165debff316bcbe0f47cee235c885204a,10,V2C00080,1,"[1,2,3,6]",4,"[1,2,3,4]",False,"[""negative""]",10,7
12,0,-1,"[-1,0]",c05f23394596ae9fa98df31ef87a596f92c6c6244caad6bfd01272cc5daa4d63,10,V2C00081,2,"[1,2,3,6]",4,"[1,2,3,4]",False,"[""negative"",""zero""]",10,7
12,-1,-1,[-1],c23b3ba67a722e02ce17f0c28ffbf2fc60adf58875dfb5083ee34e0edb570b0b,10,V2C00082,1,"[1,2,3,6]",4,"[1,2,3,4]",False,"[""negative""]",10,7
12,-4,-4,[-4],cffd977546e2152e56d5d153a4d6687ae9976ad6889c13fd497d8aa307175b88,10,V2C00083,1,"[1,2,3,6]",4,"[1,2,3,4]",False,"[""negative""]",10,7
12,0,0,[0],d747dd9e20399ecbc192da5caf8df77f5411551f39f98492227f6c89a5e6b397,10,V2C00084,1,"[1,2,3,6]",4,"[1,2,3,4]",False,"[""zero""]",10,7
12,-1,-1,[-1],d9c68703a6aba49a2be277565fb4948f8fc8c1ae4eaaca7e8ceb5696a9867721,10,V2C00085,1,"[1,2,3,6]",4,"[1,2,3,4]",False,"[""negative""]",10,7
12,-4,-4,[-4],e7323d33ba9c70848a3a74f32ab669828cd42936378d271a725f504f55eab13e,10,V2C00086,1,"[1,2,3,6]",4,"[1,2,3,4]",False,"[""negative""]",10,7
12,0,0,[0],ea66681bd3fa31c8e11d6ea78480e8270755413f76617e47632eef9ba03af4e2,10,V2C00087,1,"[1,2,3,6]",4,"[1,2,3,4]",False,"[""zero""]",10,7
13,-1,-1,[-1],289004324b08c05289d088ece7659bf1589e11031e41c88b243d840ff4860908,10,V2C00088,1,"[1,2,3,7]",4,"[1,2,3,4]",False,"[""negative""]",40,27
13,-2,-2,[-2],34b190b5610a41440aa52bd08cc4669f73a9fa8b3079a46009fd2c5df1db8934,10,V2C00089,1,"[1,2,3,7]",4,"[1,2,3,4]",False,"[""negative""]",40,27
13,-1,-2,"[-2,-1]",5025cd244c792ba3f4f9c7efe7b532d61de1ab964c94f2c441c110cbbfb4835c,10,V2C00090,2,"[1,2,3,7]",4,"[1,2,3,4]",False,"[""negative""]",40,27
13,0,-1,"[-1,0]",65448a3712e365b672836df59c3aa18934d863ddd8f161aea2af9a503d4eead3,10,V2C00091,2,"[1,2,3,7]",4,"[1,2,3,4]",False,"[""negative"",""zero""]",40,27
13,-2,-2,[-2],7011ab9bf617e5fa6f380e9165c32fe9d5488c621e6835a18891445c01204987,10,V2C00092,1,"[1,2,3,7]",4,"[1,2,3,4]",False,"[""negative""]",40,27
13,-3,-3,[-3],70363939d1c824af8b02413be2ce151ba315a7dcfeba65534e9d21662b30564b,10,V2C00093,1,"[1,2,3,7]",4,"[1,2,3,4]",False,"[""negative""]",40,27
13,-1,-2,"[-2,-1]",a6e8f755912a2036daa82da85871299b04f26a37ce5645bead34dd133f460b87,10,V2C00094,2,"[1,2,3,7]",4,"[1,2,3,4]",False,"[""negative""]",40,27
13,-4,-4,[-4],afda20785cc59931e1b885cc3e387b5165debff316bcbe0f47cee235c885204a,10,V2C00095,1,"[1,2,3,7]",4,"[1,2,3,4]",False,"[""negative""]",40,27
13,1,0,"[0,1]",c05f23394596ae9fa98df31ef87a596f92c6c6244caad6bfd01272cc5daa4d63,10,V2C00096,2,"[1,2,3,7]",4,"[1,2,3,4]",False,"[""positive"",""zero""]",40,27
13,0,0,[0],c23b3ba67a722e02ce17f0c28ffbf2fc60adf58875dfb5083ee34e0edb570b0b,10,V2C00097,1,"[1,2,3,7]",4,"[1,2,3,4]",False,"[""zero""]",40,27
13,-3,-3,[-3],cffd977546e2152e56d5d153a4d6687ae9976ad6889c13fd497d8aa307175b88,10,V2C00098,1,"[1,2,3,7]",4,"[1,2,3,4]",False,"[""negative""]",40,27
13,0,0,[0],d747dd9e20399ecbc192da5caf8df77f5411551f39f98492227f6c89a5e6b397,10,V2C00099,1,"[1,2,3,7]",4,"[1,2,3,4]",False,"[""zero""]",40,27
13,-3,-3,[-3],e7323d33ba9c70848a3a74f32ab669828cd42936378d271a725f504f55eab13e,10,V2C00100,1,"[1,2,3,7]",4,"[1,2,3,4]",False,"[""negative""]",40,27
13,0,0,[0],ea66681bd3fa31c8e11d6ea78480e8270755413f76617e47632eef9ba03af4e2,10,V2C00101,1,"[1,2,3,7]",4,"[1,2,3,4]",False,"[""zero""]",40,27
14,-3,-3,[-3],0df6bde542716c5744afcc5248bc12866f8ce2502be1abe144d6837c68e080a2,10,V2C00102,1,"[1,2,3,8]",4,"[1,2,3,4]",False,"[""negative""]",20,13
14,0,0,[0],289004324b08c05289d088ece7659bf1589e11031e41c88b243d840ff4860908,10,V2C00103,1,"[1,2,3,8]",4,"[1,2,3,4]",False,"[""zero""]",20,13
14,-1,-1,[-1],3ca03539be6ab086d0397d6b9a775967db4072cea9c95a032895b43e34fcc9be,10,V2C00104,1,"[1,2,3,8]",4,"[1,2,3,4]",False,"[""negative""]",20,13
14,-1,-2,"[-2,-1]",5025cd244c792ba3f4f9c7efe7b532d61de1ab964c94f2c441c110cbbfb4835c,10,V2C00105,2,"[1,2,3,8]",4,"[1,2,3,4]",False,"[""negative""]",20,13
14,-1,-1,[-1],5c200179a750bc19d10f8158a99c4a7ef1c6ca468862a28221f78e0f8b7ec91c,10,V2C00106,1,"[1,2,3,8]",4,"[1,2,3,4]",False,"[""negative""]",20,13
14,1,0,"[0,1]",65448a3712e365b672836df59c3aa18934d863ddd8f161aea2af9a503d4eead3,10,V2C00107,2,"[1,2,3,8]",4,"[1,2,3,4]",False,"[""positive"",""zero""]",20,13
14,-2,-2,[-2],70363939d1c824af8b02413be2ce151ba315a7dcfeba65534e9d21662b30564b,10,V2C00108,1,"[1,2,3,8]",4,"[1,2,3,4]",False,"[""negative""]",20,13
14,1,1,[1],9aab104d436ae9fd8d3193cc18db6fd52b675bb3c47af80e8dab9dc64dc4bcb9,10,V2C00109,1,"[1,2,3,8]",4,"[1,2,3,4]",False,"[""positive""]",20,13
14,-3,-3,[-3],9cff1cfde3a69a2ebc9d2c392a862aa3a8e88fa727f99885279f0447c48dd5cb,10,V2C00110,1,"[1,2,3,8]",4,"[1,2,3,4]",False,"[""negative""]",20,13
14,-1,-2,"[-2,-1]",a6e8f755912a2036daa82da85871299b04f26a37ce5645bead34dd133f460b87,10,V2C00111,2,"[1,2,3,8]",4,"[1,2,3,4]",False,"[""negative""]",20,13
14,-3,-3,[-3],afda20785cc59931e1b885cc3e387b5165debff316bcbe0f47cee235c885204a,10,V2C00112,1,"[1,2,3,8]",4,"[1,2,3,4]",False,"[""negative""]",20,13
14,1,1,[1],bf96277ee91d1ba307c6ca5c6f8f56dfca550361283de79703ed834c3ea70ec4,10,V2C00113,1,"[1,2,3,8]",4,"[1,2,3,4]",False,"[""positive""]",20,13
14,-2,-2,[-2],cffd977546e2152e56d5d153a4d6687ae9976ad6889c13fd497d8aa307175b88,10,V2C00114,1,"[1,2,3,8]",4,"[1,2,3,4]",False,"[""negative""]",20,13
14,0,0,[0],d747dd9e20399ecbc192da5caf8df77f5411551f39f98492227f6c89a5e6b397,10,V2C00115,1,"[1,2,3,8]",4,"[1,2,3,4]",False,"[""zero""]",20,13
14,0,0,[0],ea66681bd3fa31c8e11d6ea78480e8270755413f76617e47632eef9ba03af4e2,10,V2C00116,1,"[1,2,3,8]",4,"[1,2,3,4]",False,"[""zero""]",20,13
15,-2,-2,[-2],0df6bde542716c5744afcc5248bc12866f8ce2502be1abe144d6837c68e080a2,10,V2C00117,1,"[1,2,3,9]",4,"[1,2,3,4]",False,"[""negative""]",8,5
15,0,0,[0],314741a4061e9c23eced72a7ada1131aeb0228d7eb122aeee5b239f5bd293e91,10,V2C00118,1,"[1,2,3,9]",4,"[1,2,3,4]",False,"[""zero""]",8,5
15,0,0,[0],3ca03539be6ab086d0397d6b9a775967db4072cea9c95a032895b43e34fcc9be,10,V2C00119,1,"[1,2,3,9]",4,"[1,2,3,4]",False,"[""zero""]",8,5
15,-1,-2,"[-2,-1]",5025cd244c792ba3f4f9c7efe7b532d61de1ab964c94f2c441c110cbbfb4835c,10,V2C00120,2,"[1,2,3,9]",4,"[1,2,3,4]",False,"[""negative""]",8,5
15,2,2,[2],566357391221ce5825d6149cb155d0bc5c27a9361fb17ee13ffc442b5f4a8ef7,10,V2C00121,1,"[1,2,3,9]",4,"[1,2,3,4]",False,"[""positive""]",8,5
15,0,0,[0],5c200179a750bc19d10f8158a99c4a7ef1c6ca468862a28221f78e0f8b7ec91c,10,V2C00122,1,"[1,2,3,9]",4,"[1,2,3,4]",False,"[""zero""]",8,5
15,-1,-1,[-1],9611cc389543e5232783b5c41e48bbe59ea4961294bb31fefa3645860e340ee4,10,V2C00123,1,"[1,2,3,9]",4,"[1,2,3,4]",False,"[""negative""]",8,5
15,2,2,[2],9aab104d436ae9fd8d3193cc18db6fd52b675bb3c47af80e8dab9dc64dc4bcb9,10,V2C00124,1,"[1,2,3,9]",4,"[1,2,3,4]",False,"[""positive""]",8,5
15,-2,-2,[-2],9cff1cfde3a69a2ebc9d2c392a862aa3a8e88fa727f99885279f0447c48dd5cb,10,V2C00125,1,"[1,2,3,9]",4,"[1,2,3,4]",False,"[""negative""]",8,5
15,-1,-2,"[-2,-1]",a6e8f755912a2036daa82da85871299b04f26a37ce5645bead34dd133f460b87,10,V2C00126,2,"[1,2,3,9]",4,"[1,2,3,4]",False,"[""negative""]",8,5
15,0,0,[0],aa398c89211044a7bfcf4408f719fa25ae08e5624076ee1216b0c0dde6c79776,10,V2C00127,1,"[1,2,3,9]",4,"[1,2,3,4]",False,"[""zero""]",8,5
15,2,2,[2],bf96277ee91d1ba307c6ca5c6f8f56dfca550361283de79703ed834c3ea70ec4,10,V2C00128,1,"[1,2,3,9]",4,"[1,2,3,4]",False,"[""positive""]",8,5
15,3,2,"[2,3]",d5cddb6f6b13568f8478cd83d3321dfc4bd068f719b215d690b045d2b85626d3,10,V2C00129,2,"[1,2,3,9]",4,"[1,2,3,4]",False,"[""positive""]",8,5
15,0,0,[0],d747dd9e20399ecbc192da5caf8df77f5411551f39f98492227f6c89a5e6b397,10,V2C00130,1,"[1,2,3,9]",4,"[1,2,3,4]",False,"[""zero""]",8,5
15,0,0,[0],ea66681bd3fa31c8e11d6ea78480e8270755413f76617e47632eef9ba03af4e2,10,V2C00131,1,"[1,2,3,9]",4,"[1,2,3,4]",False,"[""zero""]",8,5
12,-4,-4,[-4],0beceb8a734859055b448c96855ffeb6d985db8436505cef461a78c612cdd28c,10,V2C00132,1,"[1,2,4,5]",4,"[1,2,3,4]",False,"[""negative""]",10,7
12,-1,-1,[-1],325b4cb2d0b8c4de5f37364bd5bf5c1a4b5efb2583c5ab010a23e3bb9f8c4765,10,V2C00133,1,"[1,2,4,5]",4,"[1,2,3,4]",False,"[""negative""]",10,7
12,-4,-4,[-4],34b190b5610a41440aa52bd08cc4669f73a9fa8b3079a46009fd2c5df1db8934,10,V2C00134,1,"[1,2,4,5]",4,"[1,2,3,4]",False,"[""negative""]",10,7
12,0,0,[0],35fc9ce4259d0ea82513a1c12593793b28f6b55e3f82df003e797e0d5baac9cc,10,V2C00135,1,"[1,2,4,5]",4,"[1,2,3,4]",False,"[""zero""]",10,7
12,-4,-4,[-4],79b1633a597afd6168627e40c94d06da15c6fe9d1190e6706ab073336c25f82b,10,V2C00136,1,"[1,2,4,5]",4,"[1,2,3,4]",False,"[""negative""]",10,7
12,-2,-2,[-2],a5f58ea3ca673a218027454b420ebac3db95bc1163f6c6b84f24fe9fe4ad4101,10,V2C00137,1,"[1,2,4,5]",4,"[1,2,3,4]",False,"[""negative""]",10,7
12,0,-1,"[-1,0]",a6e8f755912a2036daa82da85871299b04f26a37ce5645bead34dd133f460b87,10,V2C00138,2,"[1,2,4,5]",4,"[1,2,3,4]",False,"[""negative"",""zero""]",10,7
12,-4,-4,[-4],aa7d695a59021581b8cf1b0f029208478d2bda2488b997a3484ab26c2c5efcba,10,V2C00139,1,"[1,2,4,5]",4,"[1,2,3,4]",False,"[""negative""]",10,7
12,-2,-2,[-2],aac920d42175c0111569e218d1d5ddf9eb4a6fdca7cd09bee48ecf84934b5f94,10,V2C00140,1,"[1,2,4,5]",4,"[1,2,3,4]",False,"[""negative""]",10,7
12,-1,-2,"[-2,-1]",c05f23394596ae9fa98df31ef87a596f92c6c6244caad6bfd01272cc5daa4d63,10,V2C00141,2,"[1,2,4,5]",4,"[1,2,3,4]",False,"[""negative""]",10,7
12,-2,-2,[-2],c23b3ba67a722e02ce17f0c28ffbf2fc60adf58875dfb5083ee34e0edb570b0b,10,V2C00142,1,"[1,2,4,5]",4,"[1,2,3,4]",False,"[""negative""]",10,7
12,-1,-1,[-1],d9c68703a6aba49a2be277565fb4948f8fc8c1ae4eaaca7e8ceb5696a9867721,10,V2C00143,1,"[1,2,4,5]",4,"[1,2,3,4]",False,"[""negative""]",10,7
12,-3,-3,[-3],eeeb84a07001d490acb2e41ca051999ffeb0b61ed70ee0adf318857cb3d31a80,10,V2C00144,1,"[1,2,4,5]",4,"[1,2,3,4]",False,"[""negative""]",10,7
12,0,0,[0],f0d586f89a64f76dce1a004fb5f4c1c82ee7a6f54e0d20b8a1425af0f72ca027,10,V2C00145,1,"[1,2,4,5]",4,"[1,2,3,4]",False,"[""zero""]",10,7
13,-3,-3,[-3],06365582b5ac2955c7b7e93867da332245395da2260b283feb7ede45c19b8f32,10,V2C00146,1,"[1,2,4,6]",4,"[1,2,3,4]",False,"[""negative""]",40,27
13,-3,-3,[-3],0beceb8a734859055b448c96855ffeb6d985db8436505cef461a78c612cdd28c,10,V2C00147,1,"[1,2,4,6]",4,"[1,2,3,4]",False,"[""negative""]",40,27
13,-2,-2,[-2],289004324b08c05289d088ece7659bf1589e11031e41c88b243d840ff4860908,10,V2C00148,1,"[1,2,4,6]",4,"[1,2,3,4]",False,"[""negative""]",40,27
13,-1,-1,[-1],325b4cb2d0b8c4de5f37364bd5bf5c1a4b5efb2583c5ab010a23e3bb9f8c4765,10,V2C00149,1,"[1,2,4,6]",4,"[1,2,3,4]",False,"[""negative""]",40,27
13,-3,-3,[-3],34b190b5610a41440aa52bd08cc4669f73a9fa8b3079a46009fd2c5df1db8934,10,V2C00150,1,"[1,2,4,6]",4,"[1,2,3,4]",False,"[""negative""]",40,27
13,-1,-2,"[-2,-1]",65448a3712e365b672836df59c3aa18934d863ddd8f161aea2af9a503d4eead3,10,V2C00151,2,"[1,2,4,6]",4,"[1,2,3,4]",False,"[""negative""]",40,27
13,-4,-4,[-4],70363939d1c824af8b02413be2ce151ba315a7dcfeba65534e9d21662b30564b,10,V2C00152,1,"[1,2,4,6]",4,"[1,2,3,4]",False,"[""negative""]",40,27
13,-4,-4,[-4],79b1633a597afd6168627e40c94d06da15c6fe9d1190e6706ab073336c25f82b,10,V2C00153,1,"[1,2,4,6]",4,"[1,2,3,4]",False,"[""negative""]",40,27
13,-2,-2,[-2],a5f58ea3ca673a218027454b420ebac3db95bc1163f6c6b84f24fe9fe4ad4101,10,V2C00154,1,"[1,2,4,6]",4,"[1,2,3,4]",False,"[""negative""]",40,27
13,0,-1,"[-1,0]",a6e8f755912a2036daa82da85871299b04f26a37ce5645bead34dd133f460b87,10,V2C00155,2,"[1,2,4,6]",4,"[1,2,3,4]",False,"[""negative"",""zero""]",40,27
13,-4,-4,[-4],aa7d695a59021581b8cf1b0f029208478d2bda2488b997a3484ab26c2c5efcba,10,V2C00156,1,"[1,2,4,6]",4,"[1,2,3,4]",False,"[""negative""]",40,27
13,-2,-2,[-2],aac920d42175c0111569e218d1d5ddf9eb4a6fdca7cd09bee48ecf84934b5f94,10,V2C00157,1,"[1,2,4,6]",4,"[1,2,3,4]",False,"[""negative""]",40,27
13,0,-1,"[-1,0]",c05f23394596ae9fa98df31ef87a596f92c6c6244caad6bfd01272cc5daa4d63,10,V2C00158,2,"[1,2,4,6]",4,"[1,2,3,4]",False,"[""negative"",""zero""]",40,27
13,-1,-1,[-1],c23b3ba67a722e02ce17f0c28ffbf2fc60adf58875dfb5083ee34e0edb570b0b,10,V2C00159,1,"[1,2,4,6]",4,"[1,2,3,4]",False,"[""negative""]",40,27
13,0,0,[0],d747dd9e20399ecbc192da5caf8df77f5411551f39f98492227f6c89a5e6b397,10,V2C00160,1,"[1,2,4,6]",4,"[1,2,3,4]",False,"[""zero""]",40,27
13,-1,-1,[-1],d9c68703a6aba49a2be277565fb4948f8fc8c1ae4eaaca7e8ceb5696a9867721,10,V2C00161,1,"[1,2,4,6]",4,"[1,2,3,4]",False,"[""negative""]",40,27
13,0,0,[0],ea66681bd3fa31c8e11d6ea78480e8270755413f76617e47632eef9ba03af4e2,10,V2C00162,1,"[1,2,4,6]",4,"[1,2,3,4]",False,"[""zero""]",40,27
13,-2,-2,[-2],eeeb84a07001d490acb2e41ca051999ffeb0b61ed70ee0adf318857cb3d31a80,10,V2C00163,1,"[1,2,4,6]",4,"[1,2,3,4]",False,"[""negative""]",40,27
13,-4,-4,[-4],fb64c3c790757cecf7c382b67151b0b6fbc0ae766d60fb63a07558af34321611,10,V2C00164,1,"[1,2,4,6]",4,"[1,2,3,4]",False,"[""negative""]",40,27
14,-2,-2,[-2],06365582b5ac2955c7b7e93867da332245395da2260b283feb7ede45c19b8f32,10,V2C00165,1,"[1,2,4,7]",4,"[1,2,3,4]",False,"[""negative""]",20,13
14,-2,-2,[-2],0beceb8a734859055b448c96855ffeb6d985db8436505cef461a78c612cdd28c,10,V2C00166,1,"[1,2,4,7]",4,"[1,2,3,4]",False,"[""negative""]",20,13
14,-1,-1,[-1],289004324b08c05289d088ece7659bf1589e11031e41c88b243d840ff4860908,10,V2C00167,1,"[1,2,4,7]",4,"[1,2,3,4]",False,"[""negative""]",20,13
14,-2,-2,[-2],34b190b5610a41440aa52bd08cc4669f73a9fa8b3079a46009fd2c5df1db8934,10,V2C00168,1,"[1,2,4,7]",4,"[1,2,3,4]",False,"[""negative""]",20,13
14,0,-1,"[-1,0]",65448a3712e365b672836df59c3aa18934d863ddd8f161aea2af9a503d4eead3,10,V2C00169,2,"[1,2,4,7]",4,"[1,2,3,4]",False,"[""negative"",""zero""]",20,13
14,-3,-3,[-3],70363939d1c824af8b02413be2ce151ba315a7dcfeba65534e9d21662b30564b,10,V2C00170,1,"[1,2,4,7]",4,"[1,2,3,4]",False,"[""negative""]",20,13
14,0,-1,"[-1,0]",a6e8f755912a2036daa82da85871299b04f26a37ce5645bead34dd133f460b87,10,V2C00171,2,"[1,2,4,7]",4,"[1,2,3,4]",False,"[""negative"",""zero""]",20,13
14,1,0,"[0,1]",c05f23394596ae9fa98df31ef87a596f92c6c6244caad6bfd01272cc5daa4d63,10,V2C00172,2,"[1,2,4,7]",4,"[1,2,3,4]",False,"[""positive"",""zero""]",20,13
14,0,0,[0],c23b3ba67a722e02ce17f0c28ffbf2fc60adf58875dfb5083ee34e0edb570b0b,10,V2C00173,1,"[1,2,4,7]",4,"[1,2,3,4]",False,"[""zero""]",20,13
14,0,0,[0],d747dd9e20399ecbc192da5caf8df77f5411551f39f98492227f6c89a5e6b397,10,V2C00174,1,"[1,2,4,7]",4,"[1,2,3,4]",False,"[""zero""]",20,13
14,0,0,[0],ea66681bd3fa31c8e11d6ea78480e8270755413f76617e47632eef9ba03af4e2,10,V2C00175,1,"[1,2,4,7]",4,"[1,2,3,4]",False,"[""zero""]",20,13
14,-1,-1,[-1],eeeb84a07001d490acb2e41ca051999ffeb0b61ed70ee0adf318857cb3d31a80,10,V2C00176,1,"[1,2,4,7]",4,"[1,2,3,4]",False,"[""negative""]",20,13
14,-3,-3,[-3],fb64c3c790757cecf7c382b67151b0b6fbc0ae766d60fb63a07558af34321611,10,V2C00177,1,"[1,2,4,7]",4,"[1,2,3,4]",False,"[""negative""]",20,13
15,-1,-1,[-1],06365582b5ac2955c7b7e93867da332245395da2260b283feb7ede45c19b8f32,10,V2C00178,1,"[1,2,4,8]",4,"[1,2,3,4]",False,"[""negative""]",8,5
15,-2,-2,[-2],0df6bde542716c5744afcc5248bc12866f8ce2502be1abe144d6837c68e080a2,10,V2C00179,1,"[1,2,4,8]",4,"[1,2,3,4]",False,"[""negative""]",8,5
15,0,0,[0],289004324b08c05289d088ece7659bf1589e11031e41c88b243d840ff4860908,10,V2C00180,1,"[1,2,4,8]",4,"[1,2,3,4]",False,"[""zero""]",8,5
15,0,0,[0],3ca03539be6ab086d0397d6b9a775967db4072cea9c95a032895b43e34fcc9be,10,V2C00181,1,"[1,2,4,8]",4,"[1,2,3,4]",False,"[""zero""]",8,5
15,0,0,[0],5c200179a750bc19d10f8158a99c4a7ef1c6ca468862a28221f78e0f8b7ec91c,10,V2C00182,1,"[1,2,4,8]",4,"[1,2,3,4]",False,"[""zero""]",8,5
15,1,0,"[0,1]",65448a3712e365b672836df59c3aa18934d863ddd8f161aea2af9a503d4eead3,10,V2C00183,2,"[1,2,4,8]",4,"[1,2,3,4]",False,"[""positive"",""zero""]",8,5
15,-2,-2,[-2],70363939d1c824af8b02413be2ce151ba315a7dcfeba65534e9d21662b30564b,10,V2C00184,1,"[1,2,4,8]",4,"[1,2,3,4]",False,"[""negative""]",8,5
15,1,1,[1],9aab104d436ae9fd8d3193cc18db6fd52b675bb3c47af80e8dab9dc64dc4bcb9,10,V2C00185,1,"[1,2,4,8]",4,"[1,2,3,4]",False,"[""positive""]",8,5
15,-2,-2,[-2],9cff1cfde3a69a2ebc9d2c392a862aa3a8e88fa727f99885279f0447c48dd5cb,10,V2C00186,1,"[1,2,4,8]",4,"[1,2,3,4]",False,"[""negative""]",8,5
15,0,-1,"[-1,0]",a6e8f755912a2036daa82da85871299b04f26a37ce5645bead34dd133f460b87,10,V2C00187,2,"[1,2,4,8]",4,"[1,2,3,4]",False,"[""negative"",""zero""]",8,5
15,1,1,[1],bf96277ee91d1ba307c6ca5c6f8f56dfca550361283de79703ed834c3ea70ec4,10,V2C00188,1,"[1,2,4,8]",4,"[1,2,3,4]",False,"[""positive""]",8,5
15,0,0,[0],d747dd9e20399ecbc192da5caf8df77f5411551f39f98492227f6c89a5e6b397,10,V2C00189,1,"[1,2,4,8]",4,"[1,2,3,4]",False,"[""zero""]",8,5
15,0,0,[0],ea66681bd3fa31c8e11d6ea78480e8270755413f76617e47632eef9ba03af4e2,10,V2C00190,1,"[1,2,4,8]",4,"[1,2,3,4]",False,"[""zero""]",8,5
15,-2,-2,[-2],fb64c3c790757cecf7c382b67151b0b6fbc0ae766d60fb63a07558af34321611,10,V2C00191,1,"[1,2,4,8]",4,"[1,2,3,4]",False,"[""negative""]",8,5
16,-1,-1,[-1],0df6bde542716c5744afcc5248bc12866f8ce2502be1abe144d6837c68e080a2,10,V2C00192,1,"[1,2,4,9]",4,"[1,2,3,4]",False,"[""negative""]",5,3
16,1,1,[1],3ca03539be6ab086d0397d6b9a775967db4072cea9c95a032895b43e34fcc9be,10,V2C00193,1,"[1,2,4,9]",4,"[1,2,3,4]",False,"[""positive""]",5,3
16,0,0,[0],54c92a0ece903de78fb5bd1429e8b7df5118e95f8bfef93dac7424f79f1b3989,10,V2C00194,1,"[1,2,4,9]",4,"[1,2,3,4]",False,"[""zero""]",5,3
16,2,2,[2],566357391221ce5825d6149cb155d0bc5c27a9361fb17ee13ffc442b5f4a8ef7,10,V2C00195,1,"[1,2,4,9]",4,"[1,2,3,4]",False,"[""positive""]",5,3
16,1,1,[1],5c200179a750bc19d10f8158a99c4a7ef1c6ca468862a28221f78e0f8b7ec91c,10,V2C00196,1,"[1,2,4,9]",4,"[1,2,3,4]",False,"[""positive""]",5,3
16,2,2,[2],9aab104d436ae9fd8d3193cc18db6fd52b675bb3c47af80e8dab9dc64dc4bcb9,10,V2C00197,1,"[1,2,4,9]",4,"[1,2,3,4]",False,"[""positive""]",5,3
16,-1,-1,[-1],9cff1cfde3a69a2ebc9d2c392a862aa3a8e88fa727f99885279f0447c48dd5cb,10,V2C00198,1,"[1,2,4,9]",4,"[1,2,3,4]",False,"[""negative""]",5,3
16,0,-1,"[-1,0]",a6e8f755912a2036daa82da85871299b04f26a37ce5645bead34dd133f460b87,10,V2C00199,2,"[1,2,4,9]",4,"[1,2,3,4]",False,"[""negative"",""zero""]",5,3
16,0,0,[0],aa398c89211044a7bfcf4408f719fa25ae08e5624076ee1216b0c0dde6c79776,10,V2C00200,1,"[1,2,4,9]",4,"[1,2,3,4]",False,"[""zero""]",5,3
16,2,2,[2],bf96277ee91d1ba307c6ca5c6f8f56dfca550361283de79703ed834c3ea70ec4,10,V2C00201,1,"[1,2,4,9]",4,"[1,2,3,4]",False,"[""positive""]",5,3
16,1,1,[1],c289548e2cdd3d81f1baca3d4583d8291a994759b3ef3bd06c0b3cbd778789fd,10,V2C00202,1,"[1,2,4,9]",4,"[1,2,3,4]",False,"[""positive""]",5,3
16,2,2,[2],d5cddb6f6b13568f8478cd83d3321dfc4bd068f719b215d690b045d2b85626d3,10,V2C00203,1,"[1,2,4,9]",4,"[1,2,3,4]",False,"[""positive""]",5,3
16,0,0,[0],d747dd9e20399ecbc192da5caf8df77f5411551f39f98492227f6c89a5e6b397,10,V2C00204,1,"[1,2,4,9]",4,"[1,2,3,4]",False,"[""zero""]",5,3
16,0,0,[0],ea66681bd3fa31c8e11d6ea78480e8270755413f76617e47632eef9ba03af4e2,10,V2C00205,1,"[1,2,4,9]",4,"[1,2,3,4]",False,"[""zero""]",5,3
16,3,3,[3],f8978fbfe533a13cd556d5b074f1b016c3c59536cb5f35b0a8f50ef7f21890f9,10,V2C00206,1,"[1,2,4,9]",4,"[1,2,3,4]",False,"[""positive""]",5,3
14,-2,-2,[-2],06365582b5ac2955c7b7e93867da332245395da2260b283feb7ede45c19b8f32,10,V2C00207,1,"[1,2,5,6]",4,"[1,2,3,4]",False,"[""negative""]",20,13
14,-2,-2,[-2],0beceb8a734859055b448c96855ffeb6d985db8436505cef461a78c612cdd28c,10,V2C00208,1,"[1,2,5,6]",4,"[1,2,3,4]",False,"[""negative""]",20,13
14,-2,-2,[-2],289004324b08c05289d088ece7659bf1589e11031e41c88b243d840ff4860908,10,V2C00209,1,"[1,2,5,6]",4,"[1,2,3,4]",False,"[""negative""]",20,13
14,-1,-1,[-1],325b4cb2d0b8c4de5f37364bd5bf5c1a4b5efb2583c5ab010a23e3bb9f8c4765,10,V2C00210,1,"[1,2,5,6]",4,"[1,2,3,4]",False,"[""negative""]",20,13
14,-1,-1,[-1],42957ee41e558fa0677d336c93a6e1fb3cdc50509870fc1061d87044394d3ca6,10,V2C00211,1,"[1,2,5,6]",4,"[1,2,3,4]",False,"[""negative""]",20,13
14,-1,-1,[-1],429e40c48a57d6d3c915784e8c9dcea211a3fffe939cd39315938341a18c11de,10,V2C00212,1,"[1,2,5,6]",4,"[1,2,3,4]",False,"[""negative""]",20,13
14,0,0,[0],4cc0fece6d5f00b0fd00db6478a20e6fb965825f57a980094f5b2905750e5266,10,V2C00213,1,"[1,2,5,6]",4,"[1,2,3,4]",False,"[""zero""]",20,13
14,-1,-2,"[-2,-1]",65448a3712e365b672836df59c3aa18934d863ddd8f161aea2af9a503d4eead3,10,V2C00214,2,"[1,2,5,6]",4,"[1,2,3,4]",False,"[""negative""]",20,13
14,-3,-3,[-3],67d378bd917ef7941850e40b4b54829c7a652126026872255e1b3ccb9133adc4,10,V2C00215,1,"[1,2,5,6]",4,"[1,2,3,4]",False,"[""negative""]",20,13
14,-4,-4,[-4],70363939d1c824af8b02413be2ce151ba315a7dcfeba65534e9d21662b30564b,10,V2C00216,1,"[1,2,5,6]",4,"[1,2,3,4]",False,"[""negative""]",20,13
14,1,1,[1],7664a14cb67c08a74ce4f9a0a091c138c675d4fe9d64de17cfdb17eb70c1940b,10,V2C00217,1,"[1,2,5,6]",4,"[1,2,3,4]",False,"[""positive""]",20,13
14,-3,-3,[-3],86c36de9ab29324281fbbb5548914d22acc1c4ade8257c3a72b60f88ef351a2d,10,V2C00218,1,"[1,2,5,6]",4,"[1,2,3,4]",False,"[""negative""]",20,13
14,-3,-3,[-3],aa7d695a59021581b8cf1b0f029208478d2bda2488b997a3484ab26c2c5efcba,10,V2C00219,1,"[1,2,5,6]",4,"[1,2,3,4]",False,"[""negative""]",20,13
14,-1,-1,[-1],aac920d42175c0111569e218d1d5ddf9eb4a6fdca7cd09bee48ecf84934b5f94,10,V2C00220,1,"[1,2,5,6]",4,"[1,2,3,4]",False,"[""negative""]",20,13
14,0,-1,"[-1,0]",c05f23394596ae9fa98df31ef87a596f92c6c6244caad6bfd01272cc5daa4d63,10,V2C00221,2,"[1,2,5,6]",4,"[1,2,3,4]",False,"[""negative"",""zero""]",20,13
14,0,0,[0],d747dd9e20399ecbc192da5caf8df77f5411551f39f98492227f6c89a5e6b397,10,V2C00222,1,"[1,2,5,6]",4,"[1,2,3,4]",False,"[""zero""]",20,13
14,-1,-1,[-1],d9c68703a6aba49a2be277565fb4948f8fc8c1ae4eaaca7e8ceb5696a9867721,10,V2C00223,1,"[1,2,5,6]",4,"[1,2,3,4]",False,"[""negative""]",20,13
14,0,0,[0],ea66681bd3fa31c8e11d6ea78480e8270755413f76617e47632eef9ba03af4e2,10,V2C00224,1,"[1,2,5,6]",4,"[1,2,3,4]",False,"[""zero""]",20,13
14,-1,-1,[-1],eeeb84a07001d490acb2e41ca051999ffeb0b61ed70ee0adf318857cb3d31a80,10,V2C00225,1,"[1,2,5,6]",4,"[1,2,3,4]",False,"[""negative""]",20,13
14,-3,-3,[-3],fb64c3c790757cecf7c382b67151b0b6fbc0ae766d60fb63a07558af34321611,10,V2C00226,1,"[1,2,5,6]",4,"[1,2,3,4]",False,"[""negative""]",20,13
15,-1,-1,[-1],06365582b5ac2955c7b7e93867da332245395da2260b283feb7ede45c19b8f32,10,V2C00227,1,"[1,2,5,7]",4,"[1,2,3,4]",False,"[""negative""]",8,5
15,-1,-1,[-1],0beceb8a734859055b448c96855ffeb6d985db8436505cef461a78c612cdd28c,10,V2C00228,1,"[1,2,5,7]",4,"[1,2,3,4]",False,"[""negative""]",8,5
15,-1,-1,[-1],289004324b08c05289d088ece7659bf1589e11031e41c88b243d840ff4860908,10,V2C00229,1,"[1,2,5,7]",4,"[1,2,3,4]",False,"[""negative""]",8,5
15,0,0,[0],429e40c48a57d6d3c915784e8c9dcea211a3fffe939cd39315938341a18c11de,10,V2C00230,1,"[1,2,5,7]",4,"[1,2,3,4]",False,"[""zero""]",8,5
15,0,0,[0],4cc0fece6d5f00b0fd00db6478a20e6fb965825f57a980094f5b2905750e5266,10,V2C00231,1,"[1,2,5,7]",4,"[1,2,3,4]",False,"[""zero""]",8,5
15,0,-1,"[-1,0]",65448a3712e365b672836df59c3aa18934d863ddd8f161aea2af9a503d4eead3,10,V2C00232,2,"[1,2,5,7]",4,"[1,2,3,4]",False,"[""negative"",""zero""]",8,5
15,-3,-3,[-3],70363939d1c824af8b02413be2ce151ba315a7dcfeba65534e9d21662b30564b,10,V2C00233,1,"[1,2,5,7]",4,"[1,2,3,4]",False,"[""negative""]",8,5
15,1,1,[1],7664a14cb67c08a74ce4f9a0a091c138c675d4fe9d64de17cfdb17eb70c1940b,10,V2C00234,1,"[1,2,5,7]",4,"[1,2,3,4]",False,"[""positive""]",8,5
15,-2,-2,[-2],86c36de9ab29324281fbbb5548914d22acc1c4ade8257c3a72b60f88ef351a2d,10,V2C00235,1,"[1,2,5,7]",4,"[1,2,3,4]",False,"[""negative""]",8,5
15,1,0,"[0,1]",c05f23394596ae9fa98df31ef87a596f92c6c6244caad6bfd01272cc5daa4d63,10,V2C00236,2,"[1,2,5,7]",4,"[1,2,3,4]",False,"[""positive"",""zero""]",8,5
15,0,0,[0],d747dd9e20399ecbc192da5caf8df77f5411551f39f98492227f6c89a5e6b397,10,V2C00237,1,"[1,2,5,7]",4,"[1,2,3,4]",False,"[""zero""]",8,5
15,0,0,[0],ea66681bd3fa31c8e11d6ea78480e8270755413f76617e47632eef9ba03af4e2,10,V2C00238,1,"[1,2,5,7]",4,"[1,2,3,4]",False,"[""zero""]",8,5
15,0,0,[0],eeeb84a07001d490acb2e41ca051999ffeb0b61ed70ee0adf318857cb3d31a80,10,V2C00239,1,"[1,2,5,7]",4,"[1,2,3,4]",False,"[""zero""]",8,5
15,-2,-2,[-2],fb64c3c790757cecf7c382b67151b0b6fbc0ae766d60fb63a07558af34321611,10,V2C00240,1,"[1,2,5,7]",4,"[1,2,3,4]",False,"[""negative""]",8,5
16,0,0,[0],06365582b5ac2955c7b7e93867da332245395da2260b283feb7ede45c19b8f32,10,V2C00241,1,"[1,2,5,8]",4,"[1,2,3,4]",False,"[""zero""]",5,3
16,0,0,[0],289004324b08c05289d088ece7659bf1589e11031e41c88b243d840ff4860908,10,V2C00242,1,"[1,2,5,8]",4,"[1,2,3,4]",False,"[""zero""]",5,3
16,0,0,[0],4cc0fece6d5f00b0fd00db6478a20e6fb965825f57a980094f5b2905750e5266,10,V2C00243,1,"[1,2,5,8]",4,"[1,2,3,4]",False,"[""zero""]",5,3
16,1,1,[1],5c200179a750bc19d10f8158a99c4a7ef1c6ca468862a28221f78e0f8b7ec91c,10,V2C00244,1,"[1,2,5,8]",4,"[1,2,3,4]",False,"[""positive""]",5,3
16,1,0,"[0,1]",65448a3712e365b672836df59c3aa18934d863ddd8f161aea2af9a503d4eead3,10,V2C00245,2,"[1,2,5,8]",4,"[1,2,3,4]",False,"[""positive"",""zero""]",5,3
16,-2,-2,[-2],70363939d1c824af8b02413be2ce151ba315a7dcfeba65534e9d21662b30564b,10,V2C00246,1,"[1,2,5,8]",4,"[1,2,3,4]",False,"[""negative""]",5,3
16,1,1,[1],7664a14cb67c08a74ce4f9a0a091c138c675d4fe9d64de17cfdb17eb70c1940b,10,V2C00247,1,"[1,2,5,8]",4,"[1,2,3,4]",False,"[""positive""]",5,3
16,1,1,[1],9aab104d436ae9fd8d3193cc18db6fd52b675bb3c47af80e8dab9dc64dc4bcb9,10,V2C00248,1,"[1,2,5,8]",4,"[1,2,3,4]",False,"[""positive""]",5,3
16,-1,-1,[-1],9cff1cfde3a69a2ebc9d2c392a862aa3a8e88fa727f99885279f0447c48dd5cb,10,V2C00249,1,"[1,2,5,8]",4,"[1,2,3,4]",False,"[""negative""]",5,3
16,1,1,[1],bf96277ee91d1ba307c6ca5c6f8f56dfca550361283de79703ed834c3ea70ec4,10,V2C00250,1,"[1,2,5,8]",4,"[1,2,3,4]",False,"[""positive""]",5,3
16,0,0,[0],d747dd9e20399ecbc192da5caf8df77f5411551f39f98492227f6c89a5e6b397,10,V2C00251,1,"[1,2,5,8]",4,"[1,2,3,4]",False,"[""zero""]",5,3
16,0,0,[0],ea66681bd3fa31c8e11d6ea78480e8270755413f76617e47632eef9ba03af4e2,10,V2C00252,1,"[1,2,5,8]",4,"[1,2,3,4]",False,"[""zero""]",5,3
16,-1,-1,[-1],fb64c3c790757cecf7c382b67151b0b6fbc0ae766d60fb63a07558af34321611,10,V2C00253,1,"[1,2,5,8]",4,"[1,2,3,4]",False,"[""negative""]",5,3
17,0,0,[0],4cc0fece6d5f00b0fd00db6478a20e6fb965825f57a980094f5b2905750e5266,10,V2C00254,1,"[1,2,5,9]",4,"[1,2,3,4]",False,"[""zero""]",40,23
17,1,1,[1],54c92a0ece903de78fb5bd1429e8b7df5118e95f8bfef93dac7424f79f1b3989,10,V2C00255,1,"[1,2,5,9]",4,"[1,2,3,4]",False,"[""positive""]",40,23
17,2,2,[2],5c200179a750bc19d10f8158a99c4a7ef1c6ca468862a28221f78e0f8b7ec91c,10,V2C00256,1,"[1,2,5,9]",4,"[1,2,3,4]",False,"[""positive""]",40,23
17,1,1,[1],7664a14cb67c08a74ce4f9a0a091c138c675d4fe9d64de17cfdb17eb70c1940b,10,V2C00257,1,"[1,2,5,9]",4,"[1,2,3,4]",False,"[""positive""]",40,23
17,2,2,[2],9aab104d436ae9fd8d3193cc18db6fd52b675bb3c47af80e8dab9dc64dc4bcb9,10,V2C00258,1,"[1,2,5,9]",4,"[1,2,3,4]",False,"[""positive""]",40,23
17,0,0,[0],9cff1cfde3a69a2ebc9d2c392a862aa3a8e88fa727f99885279f0447c48dd5cb,10,V2C00259,1,"[1,2,5,9]",4,"[1,2,3,4]",False,"[""zero""]",40,23
17,2,2,[2],bf96277ee91d1ba307c6ca5c6f8f56dfca550361283de79703ed834c3ea70ec4,10,V2C00260,1,"[1,2,5,9]",4,"[1,2,3,4]",False,"[""positive""]",40,23
17,2,2,[2],c289548e2cdd3d81f1baca3d4583d8291a994759b3ef3bd06c0b3cbd778789fd,10,V2C00261,1,"[1,2,5,9]",4,"[1,2,3,4]",False,"[""positive""]",40,23
17,2,2,[2],d5cddb6f6b13568f8478cd83d3321dfc4bd068f719b215d690b045d2b85626d3,10,V2C00262,1,"[1,2,5,9]",4,"[1,2,3,4]",False,"[""positive""]",40,23
17,0,0,[0],d747dd9e20399ecbc192da5caf8df77f5411551f39f98492227f6c89a5e6b397,10,V2C00263,1,"[1,2,5,9]",4,"[1,2,3,4]",False,"[""zero""]",40,23
17,0,0,[0],ea66681bd3fa31c8e11d6ea78480e8270755413f76617e47632eef9ba03af4e2,10,V2C00264,1,"[1,2,5,9]",4,"[1,2,3,4]",False,"[""zero""]",40,23
17,3,3,[3],f8978fbfe533a13cd556d5b074f1b016c3c59536cb5f35b0a8f50ef7f21890f9,10,V2C00265,1,"[1,2,5,9]",4,"[1,2,3,4]",False,"[""positive""]",40,23
16,0,0,[0],0beceb8a734859055b448c96855ffeb6d985db8436505cef461a78c612cdd28c,10,V2C00266,1,"[1,2,6,7]",4,"[1,2,3,4]",False,"[""zero""]",5,3
16,-2,-2,[-2],287e4579f9cab9c90fe17b81d6b26cf3b71333bc83fb5763ed0e06be66b6ed1d,10,V2C00267,1,"[1,2,6,7]",4,"[1,2,3,4]",False,"[""negative""]",5,3
16,1,1,[1],4cc0fece6d5f00b0fd00db6478a20e6fb965825f57a980094f5b2905750e5266,10,V2C00268,1,"[1,2,6,7]",4,"[1,2,3,4]",False,"[""positive""]",5,3
16,0,0,[0],551332a25907281b03b42ca753221eb302f5f3d64d96f2bdff44566b0e948f49,10,V2C00269,1,"[1,2,6,7]",4,"[1,2,3,4]",False,"[""zero""]",5,3
16,0,-1,"[-1,0]",65448a3712e365b672836df59c3aa18934d863ddd8f161aea2af9a503d4eead3,10,V2C00270,2,"[1,2,6,7]",4,"[1,2,3,4]",False,"[""negative"",""zero""]",5,3
16,2,2,[2],7664a14cb67c08a74ce4f9a0a091c138c675d4fe9d64de17cfdb17eb70c1940b,10,V2C00271,1,"[1,2,6,7]",4,"[1,2,3,4]",False,"[""positive""]",5,3
16,2,2,[2],89f82e06fac1887ab29373489601f45ed715711e6842dd53c6ee8b7bf30d89ba,10,V2C00272,1,"[1,2,6,7]",4,"[1,2,3,4]",False,"[""positive""]",5,3
16,1,0,"[0,1]",c05f23394596ae9fa98df31ef87a596f92c6c6244caad6bfd01272cc5daa4d63,10,V2C00273,2,"[1,2,6,7]",4,"[1,2,3,4]",False,"[""positive"",""zero""]",5,3
16,1,1,[1],c2017b9edc99e18f8a626a426936fb04a99a68adc9a130b7b995f3c1c0a09003,10,V2C00274,1,"[1,2,6,7]",4,"[1,2,3,4]",False,"[""positive""]",5,3
16,-1,-1,[-1],d5cb868f906a8e579dbe28390206aa16c73fa6eae9ae6588bab70248a844933c,10,V2C00275,1,"[1,2,6,7]",4,"[1,2,3,4]",False,"[""negative""]",5,3
16,0,0,[0],d747dd9e20399ecbc192da5caf8df77f5411551f39f98492227f6c89a5e6b397,10,V2C00276,1,"[1,2,6,7]",4,"[1,2,3,4]",False,"[""zero""]",5,3
16,0,0,[0],ea66681bd3fa31c8e11d6ea78480e8270755413f76617e47632eef9ba03af4e2,10,V2C00277,1,"[1,2,6,7]",4,"[1,2,3,4]",False,"[""zero""]",5,3
16,1,1,[1],eeeb84a07001d490acb2e41ca051999ffeb0b61ed70ee0adf318857cb3d31a80,10,V2C00278,1,"[1,2,6,7]",4,"[1,2,3,4]",False,"[""positive""]",5,3
16,1,1,[1],f2c8de3d4c09a32f9a17790a4920cec574780af906752c66e0d3b57c9ded2edd,10,V2C00279,1,"[1,2,6,7]",4,"[1,2,3,4]",False,"[""positive""]",5,3
17,1,1,[1],4cc0fece6d5f00b0fd00db6478a20e6fb965825f57a980094f5b2905750e5266,10,V2C00280,1,"[1,2,6,8]",4,"[1,2,3,4]",False,"[""positive""]",40,23
17,1,0,"[0,1]",65448a3712e365b672836df59c3aa18934d863ddd8f161aea2af9a503d4eead3,10,V2C00281,2,"[1,2,6,8]",4,"[1,2,3,4]",False,"[""positive"",""zero""]",40,23
17,2,2,[2],7664a14cb67c08a74ce4f9a0a091c138c675d4fe9d64de17cfdb17eb70c1940b,10,V2C00282,1,"[1,2,6,8]",4,"[1,2,3,4]",False,"[""positive""]",40,23
17,2,2,[2],89f82e06fac1887ab29373489601f45ed715711e6842dd53c6ee8b7bf30d89ba,10,V2C00283,1,"[1,2,6,8]",4,"[1,2,3,4]",False,"[""positive""]",40,23
17,1,1,[1],9aab104d436ae9fd8d3193cc18db6fd52b675bb3c47af80e8dab9dc64dc4bcb9,10,V2C00284,1,"[1,2,6,8]",4,"[1,2,3,4]",False,"[""positive""]",40,23
17,1,1,[1],bf96277ee91d1ba307c6ca5c6f8f56dfca550361283de79703ed834c3ea70ec4,10,V2C00285,1,"[1,2,6,8]",4,"[1,2,3,4]",False,"[""positive""]",40,23
17,2,2,[2],c2017b9edc99e18f8a626a426936fb04a99a68adc9a130b7b995f3c1c0a09003,10,V2C00286,1,"[1,2,6,8]",4,"[1,2,3,4]",False,"[""positive""]",40,23
17,0,0,[0],d5cb868f906a8e579dbe28390206aa16c73fa6eae9ae6588bab70248a844933c,10,V2C00287,1,"[1,2,6,8]",4,"[1,2,3,4]",False,"[""zero""]",40,23
17,0,0,[0],d747dd9e20399ecbc192da5caf8df77f5411551f39f98492227f6c89a5e6b397,10,V2C00288,1,"[1,2,6,8]",4,"[1,2,3,4]",False,"[""zero""]",40,23
17,0,0,[0],ea66681bd3fa31c8e11d6ea78480e8270755413f76617e47632eef9ba03af4e2,10,V2C00289,1,"[1,2,6,8]",4,"[1,2,3,4]",False,"[""zero""]",40,23
17,1,1,[1],f2c8de3d4c09a32f9a17790a4920cec574780af906752c66e0d3b57c9ded2edd,10,V2C00290,1,"[1,2,6,8]",4,"[1,2,3,4]",False,"[""positive""]",40,23
18,1,1,[1],4cc0fece6d5f00b0fd00db6478a20e6fb965825f57a980094f5b2905750e5266,10,V2C00291,1,"[1,2,6,9]",4,"[1,2,3,4]",False,"[""positive""]",20,11
18,0,0,[0],519f4cf19e7cde5d07fe92a6c62a1c99eefa3d6187ef349c3267ca44ed18afb1,10,V2C00292,1,"[1,2,6,9]",4,"[1,2,3,4]",False,"[""zero""]",20,11
18,2,2,[2],54c92a0ece903de78fb5bd1429e8b7df5118e95f8bfef93dac7424f79f1b3989,10,V2C00293,1,"[1,2,6,9]",4,"[1,2,3,4]",False,"[""positive""]",20,11
18,2,2,[2],5fd7be436ed1681027aa8f4a5b24ed0c49cc9424ed2389bd79a07886d3e20f3c,10,V2C00294,1,"[1,2,6,9]",4,"[1,2,3,4]",False,"[""positive""]",20,11
18,2,2,[2],7664a14cb67c08a74ce4f9a0a091c138c675d4fe9d64de17cfdb17eb70c1940b,10,V2C00295,1,"[1,2,6,9]",4,"[1,2,3,4]",False,"[""positive""]",20,11
18,2,2,[2],89f82e06fac1887ab29373489601f45ed715711e6842dd53c6ee8b7bf30d89ba,10,V2C00296,1,"[1,2,6,9]",4,"[1,2,3,4]",False,"[""positive""]",20,11
18,2,2,[2],9aab104d436ae9fd8d3193cc18db6fd52b675bb3c47af80e8dab9dc64dc4bcb9,10,V2C00297,1,"[1,2,6,9]",4,"[1,2,3,4]",False,"[""positive""]",20,11
18,2,2,[2],bf96277ee91d1ba307c6ca5c6f8f56dfca550361283de79703ed834c3ea70ec4,10,V2C00298,1,"[1,2,6,9]",4,"[1,2,3,4]",False,"[""positive""]",20,11
18,3,3,[3],c2017b9edc99e18f8a626a426936fb04a99a68adc9a130b7b995f3c1c0a09003,10,V2C00299,1,"[1,2,6,9]",4,"[1,2,3,4]",False,"[""positive""]",20,11
18,3,3,[3],c289548e2cdd3d81f1baca3d4583d8291a994759b3ef3bd06c0b3cbd778789fd,10,V2C00300,1,"[1,2,6,9]",4,"[1,2,3,4]",False,"[""positive""]",20,11
18,1,1,[1],d5cb868f906a8e579dbe28390206aa16c73fa6eae9ae6588bab70248a844933c,10,V2C00301,1,"[1,2,6,9]",4,"[1,2,3,4]",False,"[""positive""]",20,11
18,2,2,[2],d5cddb6f6b13568f8478cd83d3321dfc4bd068f719b215d690b045d2b85626d3,10,V2C00302,1,"[1,2,6,9]",4,"[1,2,3,4]",False,"[""positive""]",20,11
18,0,0,[0],d747dd9e20399ecbc192da5caf8df77f5411551f39f98492227f6c89a5e6b397,10,V2C00303,1,"[1,2,6,9]",4,"[1,2,3,4]",False,"[""zero""]",20,11
18,0,0,[0],ea66681bd3fa31c8e11d6ea78480e8270755413f76617e47632eef9ba03af4e2,10,V2C00304,1,"[1,2,6,9]",4,"[1,2,3,4]",False,"[""zero""]",20,11
18,1,1,[1],f2c8de3d4c09a32f9a17790a4920cec574780af906752c66e0d3b57c9ded2edd,10,V2C00305,1,"[1,2,6,9]",4,"[1,2,3,4]",False,"[""positive""]",20,11
18,3,3,[3],f8978fbfe533a13cd556d5b074f1b016c3c59536cb5f35b0a8f50ef7f21890f9,10,V2C00306,1,"[1,2,6,9]",4,"[1,2,3,4]",False,"[""positive""]",20,11
18,1,1,[1],4cc0fece6d5f00b0fd00db6478a20e6fb965825f57a980094f5b2905750e5266,10,V2C00307,1,"[1,2,7,8]",4,"[1,2,3,4]",False,"[""positive""]",20,11
18,1,1,[1],613c0053c8434c4fbb2224231bcebc5c194e86e1dd23986bd3ca4590ee27b63c,10,V2C00308,1,"[1,2,7,8]",4,"[1,2,3,4]",False,"[""positive""]",20,11
18,1,0,"[0,1]",65448a3712e365b672836df59c3aa18934d863ddd8f161aea2af9a503d4eead3,10,V2C00309,2,"[1,2,7,8]",4,"[1,2,3,4]",False,"[""positive"",""zero""]",20,11
18,3,3,[3],66634876a180202a1ec9a82837c788c7c964a7b57f65c0f90d77a9191cc37f25,10,V2C00310,1,"[1,2,7,8]",4,"[1,2,3,4]",False,"[""positive""]",20,11
18,2,2,[2],7664a14cb67c08a74ce4f9a0a091c138c675d4fe9d64de17cfdb17eb70c1940b,10,V2C00311,1,"[1,2,7,8]",4,"[1,2,3,4]",False,"[""positive""]",20,11
18,-1,-1,[-1],7712e1de349ec6e90d4f6d58aeecc4a4e1e5b9b466ab8c0015c5f07013b96e38,10,V2C00312,1,"[1,2,7,8]",4,"[1,2,3,4]",False,"[""negative""]",20,11
18,2,2,[2],89f82e06fac1887ab29373489601f45ed715711e6842dd53c6ee8b7bf30d89ba,10,V2C00313,1,"[1,2,7,8]",4,"[1,2,3,4]",False,"[""positive""]",20,11
18,1,1,[1],9aab104d436ae9fd8d3193cc18db6fd52b675bb3c47af80e8dab9dc64dc4bcb9,10,V2C00314,1,"[1,2,7,8]",4,"[1,2,3,4]",False,"[""positive""]",20,11
18,1,1,[1],bf96277ee91d1ba307c6ca5c6f8f56dfca550361283de79703ed834c3ea70ec4,10,V2C00315,1,"[1,2,7,8]",4,"[1,2,3,4]",False,"[""positive""]",20,11
18,3,3,[3],c2017b9edc99e18f8a626a426936fb04a99a68adc9a130b7b995f3c1c0a09003,10,V2C00316,1,"[1,2,7,8]",4,"[1,2,3,4]",False,"[""positive""]",20,11
18,1,1,[1],d5cb868f906a8e579dbe28390206aa16c73fa6eae9ae6588bab70248a844933c,10,V2C00317,1,"[1,2,7,8]",4,"[1,2,3,4]",False,"[""positive""]",20,11
18,0,0,[0],d747dd9e20399ecbc192da5caf8df77f5411551f39f98492227f6c89a5e6b397,10,V2C00318,1,"[1,2,7,8]",4,"[1,2,3,4]",False,"[""zero""]",20,11
18,1,1,[1],e35f1cef60bc3f4021ce18a8411ef7b5742f00a62cee1b145cc7356eab0358e6,10,V2C00319,1,"[1,2,7,8]",4,"[1,2,3,4]",False,"[""positive""]",20,11
18,0,0,[0],ea66681bd3fa31c8e11d6ea78480e8270755413f76617e47632eef9ba03af4e2,10,V2C00320,1,"[1,2,7,8]",4,"[1,2,3,4]",False,"[""zero""]",20,11
18,1,1,[1],f2c8de3d4c09a32f9a17790a4920cec574780af906752c66e0d3b57c9ded2edd,10,V2C00321,1,"[1,2,7,8]",4,"[1,2,3,4]",False,"[""positive""]",20,11
19,1,1,[1],4cc0fece6d5f00b0fd00db6478a20e6fb965825f57a980094f5b2905750e5266,10,V2C00322,1,"[1,2,7,9]",4,"[1,2,3,4]",False,"[""positive""]",40,21
19,4,4,[4],66634876a180202a1ec9a82837c788c7c964a7b57f65c0f90d77a9191cc37f25,10,V2C00323,1,"[1,2,7,9]",4,"[1,2,3,4]",False,"[""positive""]",40,21
19,2,2,[2],7664a14cb67c08a74ce4f9a0a091c138c675d4fe9d64de17cfdb17eb70c1940b,10,V2C00324,1,"[1,2,7,9]",4,"[1,2,3,4]",False,"[""positive""]",40,21
19,2,2,[2],89f82e06fac1887ab29373489601f45ed715711e6842dd53c6ee8b7bf30d89ba,10,V2C00325,1,"[1,2,7,9]",4,"[1,2,3,4]",False,"[""positive""]",40,21
19,2,2,[2],9aab104d436ae9fd8d3193cc18db6fd52b675bb3c47af80e8dab9dc64dc4bcb9,10,V2C00326,1,"[1,2,7,9]",4,"[1,2,3,4]",False,"[""positive""]",40,21
19,2,2,[2],bf96277ee91d1ba307c6ca5c6f8f56dfca550361283de79703ed834c3ea70ec4,10,V2C00327,1,"[1,2,7,9]",4,"[1,2,3,4]",False,"[""positive""]",40,21
19,3,3,[3],bfc94cf98b0ecc96b0682396db8424c6ac8854d0b1cdf86939ba5e6f10fea1d4,10,V2C00328,1,"[1,2,7,9]",4,"[1,2,3,4]",False,"[""positive""]",40,21
19,4,4,[4],c2017b9edc99e18f8a626a426936fb04a99a68adc9a130b7b995f3c1c0a09003,10,V2C00329,1,"[1,2,7,9]",4,"[1,2,3,4]",False,"[""positive""]",40,21
19,2,2,[2],d5cb868f906a8e579dbe28390206aa16c73fa6eae9ae6588bab70248a844933c,10,V2C00330,1,"[1,2,7,9]",4,"[1,2,3,4]",False,"[""positive""]",40,21
19,2,2,[2],d5cddb6f6b13568f8478cd83d3321dfc4bd068f719b215d690b045d2b85626d3,10,V2C00331,1,"[1,2,7,9]",4,"[1,2,3,4]",False,"[""positive""]",40,21
19,0,0,[0],d747dd9e20399ecbc192da5caf8df77f5411551f39f98492227f6c89a5e6b397,10,V2C00332,1,"[1,2,7,9]",4,"[1,2,3,4]",False,"[""zero""]",40,21
19,1,1,[1],d7c0bbe3eeeed6da74a3bf1ad7a1dabe069f3a8501b142ae8e8253be77483836,10,V2C00333,1,"[1,2,7,9]",4,"[1,2,3,4]",False,"[""positive""]",40,21
19,2,2,[2],e35f1cef60bc3f4021ce18a8411ef7b5742f00a62cee1b145cc7356eab0358e6,10,V2C00334,1,"[1,2,7,9]",4,"[1,2,3,4]",False,"[""positive""]",40,21
19,0,0,[0],ea66681bd3fa31c8e11d6ea78480e8270755413f76617e47632eef9ba03af4e2,10,V2C00335,1,"[1,2,7,9]",4,"[1,2,3,4]",False,"[""zero""]",40,21
19,1,1,[1],f2c8de3d4c09a32f9a17790a4920cec574780af906752c66e0d3b57c9ded2edd,10,V2C00336,1,"[1,2,7,9]",4,"[1,2,3,4]",False,"[""positive""]",40,21
19,3,3,[3],f8978fbfe533a13cd556d5b074f1b016c3c59536cb5f35b0a8f50ef7f21890f9,10,V2C00337,1,"[1,2,7,9]",4,"[1,2,3,4]",False,"[""positive""]",40,21
20,1,1,[1],4cc0fece6d5f00b0fd00db6478a20e6fb965825f57a980094f5b2905750e5266,10,V2C00338,1,"[1,2,8,9]",4,"[1,2,3,4]",False,"[""positive""]",2,1
20,4,4,[4],66634876a180202a1ec9a82837c788c7c964a7b57f65c0f90d77a9191cc37f25,10,V2C00339,1,"[1,2,8,9]",4,"[1,2,3,4]",False,"[""positive""]",2,1
20,2,2,[2],7664a14cb67c08a74ce4f9a0a091c138c675d4fe9d64de17cfdb17eb70c1940b,10,V2C00340,1,"[1,2,8,9]",4,"[1,2,3,4]",False,"[""positive""]",2,1
20,4,4,[4],87b3871bef93138c3ddb8e04ebf9e06c182a4c4598e64199b8919f83ca0028e5,10,V2C00341,1,"[1,2,8,9]",4,"[1,2,3,4]",False,"[""positive""]",2,1
20,2,2,[2],89f82e06fac1887ab29373489601f45ed715711e6842dd53c6ee8b7bf30d89ba,10,V2C00342,1,"[1,2,8,9]",4,"[1,2,3,4]",False,"[""positive""]",2,1
20,1,1,[1],9aab104d436ae9fd8d3193cc18db6fd52b675bb3c47af80e8dab9dc64dc4bcb9,10,V2C00343,1,"[1,2,8,9]",4,"[1,2,3,4]",False,"[""positive""]",2,1
20,5,5,[5],b309dfd67adffa159fdd7617b7d18a184deac4a26aba880bef262ac33c2bae49,10,V2C00344,1,"[1,2,8,9]",4,"[1,2,3,4]",False,"[""positive""]",2,1
20,1,1,[1],bf96277ee91d1ba307c6ca5c6f8f56dfca550361283de79703ed834c3ea70ec4,10,V2C00345,1,"[1,2,8,9]",4,"[1,2,3,4]",False,"[""positive""]",2,1
20,4,4,[4],bfc94cf98b0ecc96b0682396db8424c6ac8854d0b1cdf86939ba5e6f10fea1d4,10,V2C00346,1,"[1,2,8,9]",4,"[1,2,3,4]",False,"[""positive""]",2,1
20,4,4,[4],c2017b9edc99e18f8a626a426936fb04a99a68adc9a130b7b995f3c1c0a09003,10,V2C00347,1,"[1,2,8,9]",4,"[1,2,3,4]",False,"[""positive""]",2,1
20,2,2,[2],d5cb868f906a8e579dbe28390206aa16c73fa6eae9ae6588bab70248a844933c,10,V2C00348,1,"[1,2,8,9]",4,"[1,2,3,4]",False,"[""positive""]",2,1
20,2,2,[2],d5cddb6f6b13568f8478cd83d3321dfc4bd068f719b215d690b045d2b85626d3,10,V2C00349,1,"[1,2,8,9]",4,"[1,2,3,4]",False,"[""positive""]",2,1
20,0,0,[0],d747dd9e20399ecbc192da5caf8df77f5411551f39f98492227f6c89a5e6b397,10,V2C00350,1,"[1,2,8,9]",4,"[1,2,3,4]",False,"[""zero""]",2,1
20,2,2,[2],d7c0bbe3eeeed6da74a3bf1ad7a1dabe069f3a8501b142ae8e8253be77483836,10,V2C00351,1,"[1,2,8,9]",4,"[1,2,3,4]",False,"[""positive""]",2,1
20,2,2,[2],e35f1cef60bc3f4021ce18a8411ef7b5742f00a62cee1b145cc7356eab0358e6,10,V2C00352,1,"[1,2,8,9]",4,"[1,2,3,4]",False,"[""positive""]",2,1
20,0,0,[0],ea66681bd3fa31c8e11d6ea78480e8270755413f76617e47632eef9ba03af4e2,10,V2C00353,1,"[1,2,8,9]",4,"[1,2,3,4]",False,"[""zero""]",2,1
20,1,1,[1],f2c8de3d4c09a32f9a17790a4920cec574780af906752c66e0d3b57c9ded2edd,10,V2C00354,1,"[1,2,8,9]",4,"[1,2,3,4]",False,"[""positive""]",2,1
20,3,3,[3],f8978fbfe533a13cd556d5b074f1b016c3c59536cb5f35b0a8f50ef7f21890f9,10,V2C00355,1,"[1,2,8,9]",4,"[1,2,3,4]",False,"[""positive""]",2,1
13,-4,-4,[-4],0beceb8a734859055b448c96855ffeb6d985db8436505cef461a78c612cdd28c,10,V2C00356,1,"[1,3,4,5]",4,"[1,2,3,4]",False,"[""negative""]",40,27
13,0,0,[0],25b63d91ffffefe5ce70df559ef971fa18ef128a7d4e68fd23d74e049c3e9241,10,V2C00357,1,"[1,3,4,5]",4,"[1,2,3,4]",False,"[""zero""]",40,27
13,-3,-3,[-3],34b190b5610a41440aa52bd08cc4669f73a9fa8b3079a46009fd2c5df1db8934,10,V2C00358,1,"[1,3,4,5]",4,"[1,2,3,4]",False,"[""negative""]",40,27
13,0,0,[0],35fc9ce4259d0ea82513a1c12593793b28f6b55e3f82df003e797e0d5baac9cc,10,V2C00359,1,"[1,3,4,5]",4,"[1,2,3,4]",False,"[""zero""]",40,27
13,-3,-3,[-3],79b1633a597afd6168627e40c94d06da15c6fe9d1190e6706ab073336c25f82b,10,V2C00360,1,"[1,3,4,5]",4,"[1,2,3,4]",False,"[""negative""]",40,27
13,-2,-2,[-2],a5f58ea3ca673a218027454b420ebac3db95bc1163f6c6b84f24fe9fe4ad4101,10,V2C00361,1,"[1,3,4,5]",4,"[1,2,3,4]",False,"[""negative""]",40,27
13,1,0,"[0,1]",a6e8f755912a2036daa82da85871299b04f26a37ce5645bead34dd133f460b87,10,V2C00362,2,"[1,3,4,5]",4,"[1,2,3,4]",False,"[""positive"",""zero""]",40,27
13,-2,-2,[-2],aac920d42175c0111569e218d1d5ddf9eb4a6fdca7cd09bee48ecf84934b5f94,10,V2C00363,1,"[1,3,4,5]",4,"[1,2,3,4]",False,"[""negative""]",40,27
13,-1,-1,[-1],c05f23394596ae9fa98df31ef87a596f92c6c6244caad6bfd01272cc5daa4d63,10,V2C00364,1,"[1,3,4,5]",4,"[1,2,3,4]",False,"[""negative""]",40,27
13,-2,-2,[-2],c23b3ba67a722e02ce17f0c28ffbf2fc60adf58875dfb5083ee34e0edb570b0b,10,V2C00365,1,"[1,3,4,5]",4,"[1,2,3,4]",False,"[""negative""]",40,27
13,-1,-1,[-1],c2be3a981d3ef5cf56f6d4c5b35f7f7d6e14056f9641ec7964439c2543d09e4e,10,V2C00366,1,"[1,3,4,5]",4,"[1,2,3,4]",False,"[""negative""]",40,27
13,-1,-1,[-1],d9c68703a6aba49a2be277565fb4948f8fc8c1ae4eaaca7e8ceb5696a9867721,10,V2C00367,1,"[1,3,4,5]",4,"[1,2,3,4]",False,"[""negative""]",40,27
13,-3,-3,[-3],eeeb84a07001d490acb2e41ca051999ffeb0b61ed70ee0adf318857cb3d31a80,10,V2C00368,1,"[1,3,4,5]",4,"[1,2,3,4]",False,"[""negative""]",40,27
14,-3,-3,[-3],06365582b5ac2955c7b7e93867da332245395da2260b283feb7ede45c19b8f32,10,V2C00369,1,"[1,3,4,6]",4,"[1,2,3,4]",False,"[""negative""]",20,13
14,-3,-3,[-3],0beceb8a734859055b448c96855ffeb6d985db8436505cef461a78c612cdd28c,10,V2C00370,1,"[1,3,4,6]",4,"[1,2,3,4]",False,"[""negative""]",20,13
14,0,0,[0],25b63d91ffffefe5ce70df559ef971fa18ef128a7d4e68fd23d74e049c3e9241,10,V2C00371,1,"[1,3,4,6]",4,"[1,2,3,4]",False,"[""zero""]",20,13
14,-2,-2,[-2],289004324b08c05289d088ece7659bf1589e11031e41c88b243d840ff4860908,10,V2C00372,1,"[1,3,4,6]",4,"[1,2,3,4]",False,"[""negative""]",20,13
14,-2,-2,[-2],34b190b5610a41440aa52bd08cc4669f73a9fa8b3079a46009fd2c5df1db8934,10,V2C00373,1,"[1,3,4,6]",4,"[1,2,3,4]",False,"[""negative""]",20,13
14,-1,-1,[-1],65448a3712e365b672836df59c3aa18934d863ddd8f161aea2af9a503d4eead3,10,V2C00374,1,"[1,3,4,6]",4,"[1,2,3,4]",False,"[""negative""]",20,13
14,-4,-4,[-4],70363939d1c824af8b02413be2ce151ba315a7dcfeba65534e9d21662b30564b,10,V2C00375,1,"[1,3,4,6]",4,"[1,2,3,4]",False,"[""negative""]",20,13
14,-2,-2,[-2],7398ac56383a9fe707e8b84d7c51e036d37ffa96846ec9ebea1633f05f55d881,10,V2C00376,1,"[1,3,4,6]",4,"[1,2,3,4]",False,"[""negative""]",20,13
14,-3,-3,[-3],79b1633a597afd6168627e40c94d06da15c6fe9d1190e6706ab073336c25f82b,10,V2C00377,1,"[1,3,4,6]",4,"[1,2,3,4]",False,"[""negative""]",20,13
14,1,1,[1],87a1c0f2d61c0de63bae799fc5dd47cf3a40e996ffb463685e266659e21fd38e,10,V2C00378,1,"[1,3,4,6]",4,"[1,2,3,4]",False,"[""positive""]",20,13
14,-2,-2,[-2],a5f58ea3ca673a218027454b420ebac3db95bc1163f6c6b84f24fe9fe4ad4101,10,V2C00379,1,"[1,3,4,6]",4,"[1,2,3,4]",False,"[""negative""]",20,13
14,0,0,[0],a6e8f755912a2036daa82da85871299b04f26a37ce5645bead34dd133f460b87,10,V2C00380,1,"[1,3,4,6]",4,"[1,2,3,4]",False,"[""zero""]",20,13
14,-2,-2,[-2],aac920d42175c0111569e218d1d5ddf9eb4a6fdca7cd09bee48ecf84934b5f94,10,V2C00381,1,"[1,3,4,6]",4,"[1,2,3,4]",False,"[""negative""]",20,13
14,0,0,[0],c05f23394596ae9fa98df31ef87a596f92c6c6244caad6bfd01272cc5daa4d63,10,V2C00382,1,"[1,3,4,6]",4,"[1,2,3,4]",False,"[""zero""]",20,13
14,-1,-1,[-1],c23b3ba67a722e02ce17f0c28ffbf2fc60adf58875dfb5083ee34e0edb570b0b,10,V2C00383,1,"[1,3,4,6]",4,"[1,2,3,4]",False,"[""negative""]",20,13
14,0,0,[0],c2be3a981d3ef5cf56f6d4c5b35f7f7d6e14056f9641ec7964439c2543d09e4e,10,V2C00384,1,"[1,3,4,6]",4,"[1,2,3,4]",False,"[""zero""]",20,13
14,-1,-1,[-1],d9c68703a6aba49a2be277565fb4948f8fc8c1ae4eaaca7e8ceb5696a9867721,10,V2C00385,1,"[1,3,4,6]",4,"[1,2,3,4]",False,"[""negative""]",20,13
14,0,0,[0],ea66681bd3fa31c8e11d6ea78480e8270755413f76617e47632eef9ba03af4e2,10,V2C00386,1,"[1,3,4,6]",4,"[1,2,3,4]",False,"[""zero""]",20,13
14,-2,-2,[-2],eeeb84a07001d490acb2e41ca051999ffeb0b61ed70ee0adf318857cb3d31a80,10,V2C00387,1,"[1,3,4,6]",4,"[1,2,3,4]",False,"[""negative""]",20,13
14,-4,-4,[-4],fb64c3c790757cecf7c382b67151b0b6fbc0ae766d60fb63a07558af34321611,10,V2C00388,1,"[1,3,4,6]",4,"[1,2,3,4]",False,"[""negative""]",20,13
15,-2,-2,[-2],06365582b5ac2955c7b7e93867da332245395da2260b283feb7ede45c19b8f32,10,V2C00389,1,"[1,3,4,7]",4,"[1,2,3,4]",False,"[""negative""]",8,5
15,-2,-2,[-2],0beceb8a734859055b448c96855ffeb6d985db8436505cef461a78c612cdd28c,10,V2C00390,1,"[1,3,4,7]",4,"[1,2,3,4]",False,"[""negative""]",8,5
15,-1,-1,[-1],289004324b08c05289d088ece7659bf1589e11031e41c88b243d840ff4860908,10,V2C00391,1,"[1,3,4,7]",4,"[1,2,3,4]",False,"[""negative""]",8,5
15,-1,-1,[-1],34b190b5610a41440aa52bd08cc4669f73a9fa8b3079a46009fd2c5df1db8934,10,V2C00392,1,"[1,3,4,7]",4,"[1,2,3,4]",False,"[""negative""]",8,5
15,0,0,[0],65448a3712e365b672836df59c3aa18934d863ddd8f161aea2af9a503d4eead3,10,V2C00393,1,"[1,3,4,7]",4,"[1,2,3,4]",False,"[""zero""]",8,5
15,-3,-3,[-3],70363939d1c824af8b02413be2ce151ba315a7dcfeba65534e9d21662b30564b,10,V2C00394,1,"[1,3,4,7]",4,"[1,2,3,4]",False,"[""negative""]",8,5
15,-1,-1,[-1],7398ac56383a9fe707e8b84d7c51e036d37ffa96846ec9ebea1633f05f55d881,10,V2C00395,1,"[1,3,4,7]",4,"[1,2,3,4]",False,"[""negative""]",8,5
15,1,1,[1],87a1c0f2d61c0de63bae799fc5dd47cf3a40e996ffb463685e266659e21fd38e,10,V2C00396,1,"[1,3,4,7]",4,"[1,2,3,4]",False,"[""positive""]",8,5
15,0,0,[0],a6e8f755912a2036daa82da85871299b04f26a37ce5645bead34dd133f460b87,10,V2C00397,1,"[1,3,4,7]",4,"[1,2,3,4]",False,"[""zero""]",8,5
15,1,1,[1],c05f23394596ae9fa98df31ef87a596f92c6c6244caad6bfd01272cc5daa4d63,10,V2C00398,1,"[1,3,4,7]",4,"[1,2,3,4]",False,"[""positive""]",8,5
15,0,0,[0],c23b3ba67a722e02ce17f0c28ffbf2fc60adf58875dfb5083ee34e0edb570b0b,10,V2C00399,1,"[1,3,4,7]",4,"[1,2,3,4]",False,"[""zero""]",8,5
15,1,1,[1],c2be3a981d3ef5cf56f6d4c5b35f7f7d6e14056f9641ec7964439c2543d09e4e,10,V2C00400,1,"[1,3,4,7]",4,"[1,2,3,4]",False,"[""positive""]",8,5
15,0,0,[0],ea66681bd3fa31c8e11d6ea78480e8270755413f76617e47632eef9ba03af4e2,10,V2C00401,1,"[1,3,4,7]",4,"[1,2,3,4]",False,"[""zero""]",8,5
15,-1,-1,[-1],eeeb84a07001d490acb2e41ca051999ffeb0b61ed70ee0adf318857cb3d31a80,10,V2C00402,1,"[1,3,4,7]",4,"[1,2,3,4]",False,"[""negative""]",8,5
15,-3,-3,[-3],fb64c3c790757cecf7c382b67151b0b6fbc0ae766d60fb63a07558af34321611,10,V2C00403,1,"[1,3,4,7]",4,"[1,2,3,4]",False,"[""negative""]",8,5
16,-1,-1,[-1],06365582b5ac2955c7b7e93867da332245395da2260b283feb7ede45c19b8f32,10,V2C00404,1,"[1,3,4,8]",4,"[1,2,3,4]",False,"[""negative""]",5,3
16,-1,-1,[-1],0df6bde542716c5744afcc5248bc12866f8ce2502be1abe144d6837c68e080a2,10,V2C00405,1,"[1,3,4,8]",4,"[1,2,3,4]",False,"[""negative""]",5,3
16,0,0,[0],289004324b08c05289d088ece7659bf1589e11031e41c88b243d840ff4860908,10,V2C00406,1,"[1,3,4,8]",4,"[1,2,3,4]",False,"[""zero""]",5,3
16,0,0,[0],3ca03539be6ab086d0397d6b9a775967db4072cea9c95a032895b43e34fcc9be,10,V2C00407,1,"[1,3,4,8]",4,"[1,2,3,4]",False,"[""zero""]",5,3
16,0,0,[0],5c200179a750bc19d10f8158a99c4a7ef1c6ca468862a28221f78e0f8b7ec91c,10,V2C00408,1,"[1,3,4,8]",4,"[1,2,3,4]",False,"[""zero""]",5,3
16,1,1,[1],65448a3712e365b672836df59c3aa18934d863ddd8f161aea2af9a503d4eead3,10,V2C00409,1,"[1,3,4,8]",4,"[1,2,3,4]",False,"[""positive""]",5,3
16,-2,-2,[-2],70363939d1c824af8b02413be2ce151ba315a7dcfeba65534e9d21662b30564b,10,V2C00410,1,"[1,3,4,8]",4,"[1,2,3,4]",False,"[""negative""]",5,3
16,0,0,[0],7398ac56383a9fe707e8b84d7c51e036d37ffa96846ec9ebea1633f05f55d881,10,V2C00411,1,"[1,3,4,8]",4,"[1,2,3,4]",False,"[""zero""]",5,3
16,1,1,[1],87a1c0f2d61c0de63bae799fc5dd47cf3a40e996ffb463685e266659e21fd38e,10,V2C00412,1,"[1,3,4,8]",4,"[1,2,3,4]",False,"[""positive""]",5,3
16,2,2,[2],a13efc38b8d612d3156aadb1164ead20d0cb98eebacc3cb39e54ff04b0241757,10,V2C00413,1,"[1,3,4,8]",4,"[1,2,3,4]",False,"[""positive""]",5,3
16,0,0,[0],a6e8f755912a2036daa82da85871299b04f26a37ce5645bead34dd133f460b87,10,V2C00414,1,"[1,3,4,8]",4,"[1,2,3,4]",False,"[""zero""]",5,3
16,1,1,[1],bf96277ee91d1ba307c6ca5c6f8f56dfca550361283de79703ed834c3ea70ec4,10,V2C00415,1,"[1,3,4,8]",4,"[1,2,3,4]",False,"[""positive""]",5,3
16,0,0,[0],ea66681bd3fa31c8e11d6ea78480e8270755413f76617e47632eef9ba03af4e2,10,V2C00416,1,"[1,3,4,8]",4,"[1,2,3,4]",False,"[""zero""]",5,3
16,-2,-2,[-2],fb64c3c790757cecf7c382b67151b0b6fbc0ae766d60fb63a07558af34321611,10,V2C00417,1,"[1,3,4,8]",4,"[1,2,3,4]",False,"[""negative""]",5,3
17,0,0,[0],0df6bde542716c5744afcc5248bc12866f8ce2502be1abe144d6837c68e080a2,10,V2C00418,1,"[1,3,4,9]",4,"[1,2,3,4]",False,"[""zero""]",40,23
17,3,3,[3],22b63d5f817dfd2c85ea10e7620dd96ce2db5b8b4f61fe36fb04096fd6ca3457,10,V2C00419,1,"[1,3,4,9]",4,"[1,2,3,4]",False,"[""positive""]",40,23
17,1,1,[1],3ca03539be6ab086d0397d6b9a775967db4072cea9c95a032895b43e34fcc9be,10,V2C00420,1,"[1,3,4,9]",4,"[1,2,3,4]",False,"[""positive""]",40,23
17,0,0,[0],54c92a0ece903de78fb5bd1429e8b7df5118e95f8bfef93dac7424f79f1b3989,10,V2C00421,1,"[1,3,4,9]",4,"[1,2,3,4]",False,"[""zero""]",40,23
17,2,2,[2],566357391221ce5825d6149cb155d0bc5c27a9361fb17ee13ffc442b5f4a8ef7,10,V2C00422,1,"[1,3,4,9]",4,"[1,2,3,4]",False,"[""positive""]",40,23
17,1,1,[1],5c200179a750bc19d10f8158a99c4a7ef1c6ca468862a28221f78e0f8b7ec91c,10,V2C00423,1,"[1,3,4,9]",4,"[1,2,3,4]",False,"[""positive""]",40,23
17,1,1,[1],87a1c0f2d61c0de63bae799fc5dd47cf3a40e996ffb463685e266659e21fd38e,10,V2C00424,1,"[1,3,4,9]",4,"[1,2,3,4]",False,"[""positive""]",40,23
17,3,3,[3],a13efc38b8d612d3156aadb1164ead20d0cb98eebacc3cb39e54ff04b0241757,10,V2C00425,1,"[1,3,4,9]",4,"[1,2,3,4]",False,"[""positive""]",40,23
17,0,0,[0],a6e8f755912a2036daa82da85871299b04f26a37ce5645bead34dd133f460b87,10,V2C00426,1,"[1,3,4,9]",4,"[1,2,3,4]",False,"[""zero""]",40,23
17,1,1,[1],aa398c89211044a7bfcf4408f719fa25ae08e5624076ee1216b0c0dde6c79776,10,V2C00427,1,"[1,3,4,9]",4,"[1,2,3,4]",False,"[""positive""]",40,23
17,2,2,[2],bf96277ee91d1ba307c6ca5c6f8f56dfca550361283de79703ed834c3ea70ec4,10,V2C00428,1,"[1,3,4,9]",4,"[1,2,3,4]",False,"[""positive""]",40,23
17,1,1,[1],c289548e2cdd3d81f1baca3d4583d8291a994759b3ef3bd06c0b3cbd778789fd,10,V2C00429,1,"[1,3,4,9]",4,"[1,2,3,4]",False,"[""positive""]",40,23
17,0,0,[0],ea66681bd3fa31c8e11d6ea78480e8270755413f76617e47632eef9ba03af4e2,10,V2C00430,1,"[1,3,4,9]",4,"[1,2,3,4]",False,"[""zero""]",40,23
17,3,3,[3],f8978fbfe533a13cd556d5b074f1b016c3c59536cb5f35b0a8f50ef7f21890f9,10,V2C00431,1,"[1,3,4,9]",4,"[1,2,3,4]",False,"[""positive""]",40,23
15,-2,-2,[-2],06365582b5ac2955c7b7e93867da332245395da2260b283feb7ede45c19b8f32,10,V2C00432,1,"[1,3,5,6]",4,"[1,2,3,4]",False,"[""negative""]",8,5
15,-2,-2,[-2],0beceb8a734859055b448c96855ffeb6d985db8436505cef461a78c612cdd28c,10,V2C00433,1,"[1,3,5,6]",4,"[1,2,3,4]",False,"[""negative""]",8,5
15,1,1,[1],141843abbc1ad36d104a05bb60ecda8e13845da4539cd651c5c9d0010163f01e,10,V2C00434,1,"[1,3,5,6]",4,"[1,2,3,4]",False,"[""positive""]",8,5
15,0,0,[0],25b63d91ffffefe5ce70df559ef971fa18ef128a7d4e68fd23d74e049c3e9241,10,V2C00435,1,"[1,3,5,6]",4,"[1,2,3,4]",False,"[""zero""]",8,5
15,-2,-2,[-2],289004324b08c05289d088ece7659bf1589e11031e41c88b243d840ff4860908,10,V2C00436,1,"[1,3,5,6]",4,"[1,2,3,4]",False,"[""negative""]",8,5
15,-1,-1,[-1],42957ee41e558fa0677d336c93a6e1fb3cdc50509870fc1061d87044394d3ca6,10,V2C00437,1,"[1,3,5,6]",4,"[1,2,3,4]",False,"[""negative""]",8,5
15,-1,-1,[-1],429e40c48a57d6d3c915784e8c9dcea211a3fffe939cd39315938341a18c11de,10,V2C00438,1,"[1,3,5,6]",4,"[1,2,3,4]",False,"[""negative""]",8,5
15,-1,-1,[-1],65448a3712e365b672836df59c3aa18934d863ddd8f161aea2af9a503d4eead3,10,V2C00439,1,"[1,3,5,6]",4,"[1,2,3,4]",False,"[""negative""]",8,5
15,-2,-2,[-2],67d378bd917ef7941850e40b4b54829c7a652126026872255e1b3ccb9133adc4,10,V2C00440,1,"[1,3,5,6]",4,"[1,2,3,4]",False,"[""negative""]",8,5
15,-4,-4,[-4],70363939d1c824af8b02413be2ce151ba315a7dcfeba65534e9d21662b30564b,10,V2C00441,1,"[1,3,5,6]",4,"[1,2,3,4]",False,"[""negative""]",8,5
15,-2,-2,[-2],7398ac56383a9fe707e8b84d7c51e036d37ffa96846ec9ebea1633f05f55d881,10,V2C00442,1,"[1,3,5,6]",4,"[1,2,3,4]",False,"[""negative""]",8,5
15,1,1,[1],7664a14cb67c08a74ce4f9a0a091c138c675d4fe9d64de17cfdb17eb70c1940b,10,V2C00443,1,"[1,3,5,6]",4,"[1,2,3,4]",False,"[""positive""]",8,5
15,-2,-2,[-2],86c36de9ab29324281fbbb5548914d22acc1c4ade8257c3a72b60f88ef351a2d,10,V2C00444,1,"[1,3,5,6]",4,"[1,2,3,4]",False,"[""negative""]",8,5
15,1,1,[1],87a1c0f2d61c0de63bae799fc5dd47cf3a40e996ffb463685e266659e21fd38e,10,V2C00445,1,"[1,3,5,6]",4,"[1,2,3,4]",False,"[""positive""]",8,5
15,-1,-1,[-1],aac920d42175c0111569e218d1d5ddf9eb4a6fdca7cd09bee48ecf84934b5f94,10,V2C00446,1,"[1,3,5,6]",4,"[1,2,3,4]",False,"[""negative""]",8,5
15,0,0,[0],c05f23394596ae9fa98df31ef87a596f92c6c6244caad6bfd01272cc5daa4d63,10,V2C00447,1,"[1,3,5,6]",4,"[1,2,3,4]",False,"[""zero""]",8,5
15,0,0,[0],c2be3a981d3ef5cf56f6d4c5b35f7f7d6e14056f9641ec7964439c2543d09e4e,10,V2C00448,1,"[1,3,5,6]",4,"[1,2,3,4]",False,"[""zero""]",8,5
15,-1,-1,[-1],d9c68703a6aba49a2be277565fb4948f8fc8c1ae4eaaca7e8ceb5696a9867721,10,V2C00449,1,"[1,3,5,6]",4,"[1,2,3,4]",False,"[""negative""]",8,5
15,0,0,[0],ea66681bd3fa31c8e11d6ea78480e8270755413f76617e47632eef9ba03af4e2,10,V2C00450,1,"[1,3,5,6]",4,"[1,2,3,4]",False,"[""zero""]",8,5
15,-1,-1,[-1],eeeb84a07001d490acb2e41ca051999ffeb0b61ed70ee0adf318857cb3d31a80,10,V2C00451,1,"[1,3,5,6]",4,"[1,2,3,4]",False,"[""negative""]",8,5
15,-3,-3,[-3],fb64c3c790757cecf7c382b67151b0b6fbc0ae766d60fb63a07558af34321611,10,V2C00452,1,"[1,3,5,6]",4,"[1,2,3,4]",False,"[""negative""]",8,5
16,-1,-1,[-1],06365582b5ac2955c7b7e93867da332245395da2260b283feb7ede45c19b8f32,10,V2C00453,1,"[1,3,5,7]",4,"[1,2,3,4]",False,"[""negative""]",5,3
16,-1,-1,[-1],0beceb8a734859055b448c96855ffeb6d985db8436505cef461a78c612cdd28c,10,V2C00454,1,"[1,3,5,7]",4,"[1,2,3,4]",False,"[""negative""]",5,3
16,1,1,[1],141843abbc1ad36d104a05bb60ecda8e13845da4539cd651c5c9d0010163f01e,10,V2C00455,1,"[1,3,5,7]",4,"[1,2,3,4]",False,"[""positive""]",5,3
16,-1,-1,[-1],289004324b08c05289d088ece7659bf1589e11031e41c88b243d840ff4860908,10,V2C00456,1,"[1,3,5,7]",4,"[1,2,3,4]",False,"[""negative""]",5,3
16,0,0,[0],429e40c48a57d6d3c915784e8c9dcea211a3fffe939cd39315938341a18c11de,10,V2C00457,1,"[1,3,5,7]",4,"[1,2,3,4]",False,"[""zero""]",5,3
16,0,0,[0],65448a3712e365b672836df59c3aa18934d863ddd8f161aea2af9a503d4eead3,10,V2C00458,1,"[1,3,5,7]",4,"[1,2,3,4]",False,"[""zero""]",5,3
16,-3,-3,[-3],70363939d1c824af8b02413be2ce151ba315a7dcfeba65534e9d21662b30564b,10,V2C00459,1,"[1,3,5,7]",4,"[1,2,3,4]",False,"[""negative""]",5,3
16,-1,-1,[-1],7398ac56383a9fe707e8b84d7c51e036d37ffa96846ec9ebea1633f05f55d881,10,V2C00460,1,"[1,3,5,7]",4,"[1,2,3,4]",False,"[""negative""]",5,3
16,1,1,[1],7664a14cb67c08a74ce4f9a0a091c138c675d4fe9d64de17cfdb17eb70c1940b,10,V2C00461,1,"[1,3,5,7]",4,"[1,2,3,4]",False,"[""positive""]",5,3
16,-1,-1,[-1],86c36de9ab29324281fbbb5548914d22acc1c4ade8257c3a72b60f88ef351a2d,10,V2C00462,1,"[1,3,5,7]",4,"[1,2,3,4]",False,"[""negative""]",5,3
16,1,1,[1],87a1c0f2d61c0de63bae799fc5dd47cf3a40e996ffb463685e266659e21fd38e,10,V2C00463,1,"[1,3,5,7]",4,"[1,2,3,4]",False,"[""positive""]",5,3
16,1,1,[1],c05f23394596ae9fa98df31ef87a596f92c6c6244caad6bfd01272cc5daa4d63,10,V2C00464,1,"[1,3,5,7]",4,"[1,2,3,4]",False,"[""positive""]",5,3
16,1,1,[1],c2be3a981d3ef5cf56f6d4c5b35f7f7d6e14056f9641ec7964439c2543d09e4e,10,V2C00465,1,"[1,3,5,7]",4,"[1,2,3,4]",False,"[""positive""]",5,3
16,0,0,[0],ea66681bd3fa31c8e11d6ea78480e8270755413f76617e47632eef9ba03af4e2,10,V2C00466,1,"[1,3,5,7]",4,"[1,2,3,4]",False,"[""zero""]",5,3
16,0,0,[0],eeeb84a07001d490acb2e41ca051999ffeb0b61ed70ee0adf318857cb3d31a80,10,V2C00467,1,"[1,3,5,7]",4,"[1,2,3,4]",False,"[""zero""]",5,3
16,-2,-2,[-2],fb64c3c790757cecf7c382b67151b0b6fbc0ae766d60fb63a07558af34321611,10,V2C00468,1,"[1,3,5,7]",4,"[1,2,3,4]",False,"[""negative""]",5,3
17,0,0,[0],06365582b5ac2955c7b7e93867da332245395da2260b283feb7ede45c19b8f32,10,V2C00469,1,"[1,3,5,8]",4,"[1,2,3,4]",False,"[""zero""]",40,23
17,1,1,[1],141843abbc1ad36d104a05bb60ecda8e13845da4539cd651c5c9d0010163f01e,10,V2C00470,1,"[1,3,5,8]",4,"[1,2,3,4]",False,"[""positive""]",40,23
17,0,0,[0],289004324b08c05289d088ece7659bf1589e11031e41c88b243d840ff4860908,10,V2C00471,1,"[1,3,5,8]",4,"[1,2,3,4]",False,"[""zero""]",40,23
17,1,1,[1],5c200179a750bc19d10f8158a99c4a7ef1c6ca468862a28221f78e0f8b7ec91c,10,V2C00472,1,"[1,3,5,8]",4,"[1,2,3,4]",False,"[""positive""]",40,23
17,1,1,[1],65448a3712e365b672836df59c3aa18934d863ddd8f161aea2af9a503d4eead3,10,V2C00473,1,"[1,3,5,8]",4,"[1,2,3,4]",False,"[""positive""]",40,23
17,-2,-2,[-2],70363939d1c824af8b02413be2ce151ba315a7dcfeba65534e9d21662b30564b,10,V2C00474,1,"[1,3,5,8]",4,"[1,2,3,4]",False,"[""negative""]",40,23
17,0,0,[0],7398ac56383a9fe707e8b84d7c51e036d37ffa96846ec9ebea1633f05f55d881,10,V2C00475,1,"[1,3,5,8]",4,"[1,2,3,4]",False,"[""zero""]",40,23
17,1,1,[1],7664a14cb67c08a74ce4f9a0a091c138c675d4fe9d64de17cfdb17eb70c1940b,10,V2C00476,1,"[1,3,5,8]",4,"[1,2,3,4]",False,"[""positive""]",40,23
17,1,1,[1],87a1c0f2d61c0de63bae799fc5dd47cf3a40e996ffb463685e266659e21fd38e,10,V2C00477,1,"[1,3,5,8]",4,"[1,2,3,4]",False,"[""positive""]",40,23
17,2,2,[2],a13efc38b8d612d3156aadb1164ead20d0cb98eebacc3cb39e54ff04b0241757,10,V2C00478,1,"[1,3,5,8]",4,"[1,2,3,4]",False,"[""positive""]",40,23
17,1,1,[1],bf96277ee91d1ba307c6ca5c6f8f56dfca550361283de79703ed834c3ea70ec4,10,V2C00479,1,"[1,3,5,8]",4,"[1,2,3,4]",False,"[""positive""]",40,23
17,0,0,[0],ea66681bd3fa31c8e11d6ea78480e8270755413f76617e47632eef9ba03af4e2,10,V2C00480,1,"[1,3,5,8]",4,"[1,2,3,4]",False,"[""zero""]",40,23
17,-1,-1,[-1],fb64c3c790757cecf7c382b67151b0b6fbc0ae766d60fb63a07558af34321611,10,V2C00481,1,"[1,3,5,8]",4,"[1,2,3,4]",False,"[""negative""]",40,23
18,1,1,[1],141843abbc1ad36d104a05bb60ecda8e13845da4539cd651c5c9d0010163f01e,10,V2C00482,1,"[1,3,5,9]",4,"[1,2,3,4]",False,"[""positive""]",20,11
18,3,3,[3],22b63d5f817dfd2c85ea10e7620dd96ce2db5b8b4f61fe36fb04096fd6ca3457,10,V2C00483,1,"[1,3,5,9]",4,"[1,2,3,4]",False,"[""positive""]",20,11
18,1,1,[1],54c92a0ece903de78fb5bd1429e8b7df5118e95f8bfef93dac7424f79f1b3989,10,V2C00484,1,"[1,3,5,9]",4,"[1,2,3,4]",False,"[""positive""]",20,11
18,2,2,[2],5c200179a750bc19d10f8158a99c4a7ef1c6ca468862a28221f78e0f8b7ec91c,10,V2C00485,1,"[1,3,5,9]",4,"[1,2,3,4]",False,"[""positive""]",20,11
18,1,1,[1],7664a14cb67c08a74ce4f9a0a091c138c675d4fe9d64de17cfdb17eb70c1940b,10,V2C00486,1,"[1,3,5,9]",4,"[1,2,3,4]",False,"[""positive""]",20,11
18,1,1,[1],87a1c0f2d61c0de63bae799fc5dd47cf3a40e996ffb463685e266659e21fd38e,10,V2C00487,1,"[1,3,5,9]",4,"[1,2,3,4]",False,"[""positive""]",20,11
18,3,3,[3],a13efc38b8d612d3156aadb1164ead20d0cb98eebacc3cb39e54ff04b0241757,10,V2C00488,1,"[1,3,5,9]",4,"[1,2,3,4]",False,"[""positive""]",20,11
18,2,2,[2],bf96277ee91d1ba307c6ca5c6f8f56dfca550361283de79703ed834c3ea70ec4,10,V2C00489,1,"[1,3,5,9]",4,"[1,2,3,4]",False,"[""positive""]",20,11
18,2,2,[2],c289548e2cdd3d81f1baca3d4583d8291a994759b3ef3bd06c0b3cbd778789fd,10,V2C00490,1,"[1,3,5,9]",4,"[1,2,3,4]",False,"[""positive""]",20,11
18,0,0,[0],ea66681bd3fa31c8e11d6ea78480e8270755413f76617e47632eef9ba03af4e2,10,V2C00491,1,"[1,3,5,9]",4,"[1,2,3,4]",False,"[""zero""]",20,11
18,3,3,[3],f8978fbfe533a13cd556d5b074f1b016c3c59536cb5f35b0a8f50ef7f21890f9,10,V2C00492,1,"[1,3,5,9]",4,"[1,2,3,4]",False,"[""positive""]",20,11
17,0,0,[0],0beceb8a734859055b448c96855ffeb6d985db8436505cef461a78c612cdd28c,10,V2C00493,1,"[1,3,6,7]",4,"[1,2,3,4]",False,"[""zero""]",40,23
17,2,2,[2],141843abbc1ad36d104a05bb60ecda8e13845da4539cd651c5c9d0010163f01e,10,V2C00494,1,"[1,3,6,7]",4,"[1,2,3,4]",False,"[""positive""]",40,23
17,-1,-1,[-1],287e4579f9cab9c90fe17b81d6b26cf3b71333bc83fb5763ed0e06be66b6ed1d,10,V2C00495,1,"[1,3,6,7]",4,"[1,2,3,4]",False,"[""negative""]",40,23
17,0,0,[0],551332a25907281b03b42ca753221eb302f5f3d64d96f2bdff44566b0e948f49,10,V2C00496,1,"[1,3,6,7]",4,"[1,2,3,4]",False,"[""zero""]",40,23
17,0,0,[0],65448a3712e365b672836df59c3aa18934d863ddd8f161aea2af9a503d4eead3,10,V2C00497,1,"[1,3,6,7]",4,"[1,2,3,4]",False,"[""zero""]",40,23
17,-1,-1,[-1],7398ac56383a9fe707e8b84d7c51e036d37ffa96846ec9ebea1633f05f55d881,10,V2C00498,1,"[1,3,6,7]",4,"[1,2,3,4]",False,"[""negative""]",40,23
17,1,1,[1],74da8e63038246f52b49d869688567e5207353baf01a0095c34f03b41262c792,10,V2C00499,1,"[1,3,6,7]",4,"[1,2,3,4]",False,"[""positive""]",40,23
17,2,2,[2],7664a14cb67c08a74ce4f9a0a091c138c675d4fe9d64de17cfdb17eb70c1940b,10,V2C00500,1,"[1,3,6,7]",4,"[1,2,3,4]",False,"[""positive""]",40,23
17,1,1,[1],87a1c0f2d61c0de63bae799fc5dd47cf3a40e996ffb463685e266659e21fd38e,10,V2C00501,1,"[1,3,6,7]",4,"[1,2,3,4]",False,"[""positive""]",40,23
17,2,2,[2],89f82e06fac1887ab29373489601f45ed715711e6842dd53c6ee8b7bf30d89ba,10,V2C00502,1,"[1,3,6,7]",4,"[1,2,3,4]",False,"[""positive""]",40,23
17,1,1,[1],c05f23394596ae9fa98df31ef87a596f92c6c6244caad6bfd01272cc5daa4d63,10,V2C00503,1,"[1,3,6,7]",4,"[1,2,3,4]",False,"[""positive""]",40,23
17,1,1,[1],c2017b9edc99e18f8a626a426936fb04a99a68adc9a130b7b995f3c1c0a09003,10,V2C00504,1,"[1,3,6,7]",4,"[1,2,3,4]",False,"[""positive""]",40,23
17,1,1,[1],c2be3a981d3ef5cf56f6d4c5b35f7f7d6e14056f9641ec7964439c2543d09e4e,10,V2C00505,1,"[1,3,6,7]",4,"[1,2,3,4]",False,"[""positive""]",40,23
17,0,0,[0],d5cb868f906a8e579dbe28390206aa16c73fa6eae9ae6588bab70248a844933c,10,V2C00506,1,"[1,3,6,7]",4,"[1,2,3,4]",False,"[""zero""]",40,23
17,0,0,[0],ea66681bd3fa31c8e11d6ea78480e8270755413f76617e47632eef9ba03af4e2,10,V2C00507,1,"[1,3,6,7]",4,"[1,2,3,4]",False,"[""zero""]",40,23
17,1,1,[1],eeeb84a07001d490acb2e41ca051999ffeb0b61ed70ee0adf318857cb3d31a80,10,V2C00508,1,"[1,3,6,7]",4,"[1,2,3,4]",False,"[""positive""]",40,23
18,2,2,[2],141843abbc1ad36d104a05bb60ecda8e13845da4539cd651c5c9d0010163f01e,10,V2C00509,1,"[1,3,6,8]",4,"[1,2,3,4]",False,"[""positive""]",20,11
18,1,1,[1],65448a3712e365b672836df59c3aa18934d863ddd8f161aea2af9a503d4eead3,10,V2C00510,1,"[1,3,6,8]",4,"[1,2,3,4]",False,"[""positive""]",20,11
18,0,0,[0],7398ac56383a9fe707e8b84d7c51e036d37ffa96846ec9ebea1633f05f55d881,10,V2C00511,1,"[1,3,6,8]",4,"[1,2,3,4]",False,"[""zero""]",20,11
18,1,1,[1],74da8e63038246f52b49d869688567e5207353baf01a0095c34f03b41262c792,10,V2C00512,1,"[1,3,6,8]",4,"[1,2,3,4]",False,"[""positive""]",20,11
18,2,2,[2],7664a14cb67c08a74ce4f9a0a091c138c675d4fe9d64de17cfdb17eb70c1940b,10,V2C00513,1,"[1,3,6,8]",4,"[1,2,3,4]",False,"[""positive""]",20,11
18,1,1,[1],87a1c0f2d61c0de63bae799fc5dd47cf3a40e996ffb463685e266659e21fd38e,10,V2C00514,1,"[1,3,6,8]",4,"[1,2,3,4]",False,"[""positive""]",20,11
18,2,2,[2],89f82e06fac1887ab29373489601f45ed715711e6842dd53c6ee8b7bf30d89ba,10,V2C00515,1,"[1,3,6,8]",4,"[1,2,3,4]",False,"[""positive""]",20,11
18,2,2,[2],a13efc38b8d612d3156aadb1164ead20d0cb98eebacc3cb39e54ff04b0241757,10,V2C00516,1,"[1,3,6,8]",4,"[1,2,3,4]",False,"[""positive""]",20,11
18,1,1,[1],bf96277ee91d1ba307c6ca5c6f8f56dfca550361283de79703ed834c3ea70ec4,10,V2C00517,1,"[1,3,6,8]",4,"[1,2,3,4]",False,"[""positive""]",20,11
18,2,2,[2],c2017b9edc99e18f8a626a426936fb04a99a68adc9a130b7b995f3c1c0a09003,10,V2C00518,1,"[1,3,6,8]",4,"[1,2,3,4]",False,"[""positive""]",20,11
18,1,1,[1],d5cb868f906a8e579dbe28390206aa16c73fa6eae9ae6588bab70248a844933c,10,V2C00519,1,"[1,3,6,8]",4,"[1,2,3,4]",False,"[""positive""]",20,11
18,0,0,[0],ea66681bd3fa31c8e11d6ea78480e8270755413f76617e47632eef9ba03af4e2,10,V2C00520,1,"[1,3,6,8]",4,"[1,2,3,4]",False,"[""zero""]",20,11
19,2,2,[2],141843abbc1ad36d104a05bb60ecda8e13845da4539cd651c5c9d0010163f01e,10,V2C00521,1,"[1,3,6,9]",4,"[1,2,3,4]",False,"[""positive""]",40,21
19,3,3,[3],22b63d5f817dfd2c85ea10e7620dd96ce2db5b8b4f61fe36fb04096fd6ca3457,10,V2C00522,1,"[1,3,6,9]",4,"[1,2,3,4]",False,"[""positive""]",40,21
19,1,1,[1],519f4cf19e7cde5d07fe92a6c62a1c99eefa3d6187ef349c3267ca44ed18afb1,10,V2C00523,1,"[1,3,6,9]",4,"[1,2,3,4]",False,"[""positive""]",40,21
19,2,2,[2],54c92a0ece903de78fb5bd1429e8b7df5118e95f8bfef93dac7424f79f1b3989,10,V2C00524,1,"[1,3,6,9]",4,"[1,2,3,4]",False,"[""positive""]",40,21
19,2,2,[2],5fd7be436ed1681027aa8f4a5b24ed0c49cc9424ed2389bd79a07886d3e20f3c,10,V2C00525,1,"[1,3,6,9]",4,"[1,2,3,4]",False,"[""positive""]",40,21
19,1,1,[1],74da8e63038246f52b49d869688567e5207353baf01a0095c34f03b41262c792,10,V2C00526,1,"[1,3,6,9]",4,"[1,2,3,4]",False,"[""positive""]",40,21
19,2,2,[2],7664a14cb67c08a74ce4f9a0a091c138c675d4fe9d64de17cfdb17eb70c1940b,10,V2C00527,1,"[1,3,6,9]",4,"[1,2,3,4]",False,"[""positive""]",40,21
19,1,1,[1],87a1c0f2d61c0de63bae799fc5dd47cf3a40e996ffb463685e266659e21fd38e,10,V2C00528,1,"[1,3,6,9]",4,"[1,2,3,4]",False,"[""positive""]",40,21
19,2,2,[2],89f82e06fac1887ab29373489601f45ed715711e6842dd53c6ee8b7bf30d89ba,10,V2C00529,1,"[1,3,6,9]",4,"[1,2,3,4]",False,"[""positive""]",40,21
19,3,3,[3],a13efc38b8d612d3156aadb1164ead20d0cb98eebacc3cb39e54ff04b0241757,10,V2C00530,1,"[1,3,6,9]",4,"[1,2,3,4]",False,"[""positive""]",40,21
19,2,2,[2],bf96277ee91d1ba307c6ca5c6f8f56dfca550361283de79703ed834c3ea70ec4,10,V2C00531,1,"[1,3,6,9]",4,"[1,2,3,4]",False,"[""positive""]",40,21
19,3,3,[3],c2017b9edc99e18f8a626a426936fb04a99a68adc9a130b7b995f3c1c0a09003,10,V2C00532,1,"[1,3,6,9]",4,"[1,2,3,4]",False,"[""positive""]",40,21
19,3,3,[3],c289548e2cdd3d81f1baca3d4583d8291a994759b3ef3bd06c0b3cbd778789fd,10,V2C00533,1,"[1,3,6,9]",4,"[1,2,3,4]",False,"[""positive""]",40,21
19,2,2,[2],d5cb868f906a8e579dbe28390206aa16c73fa6eae9ae6588bab70248a844933c,10,V2C00534,1,"[1,3,6,9]",4,"[1,2,3,4]",False,"[""positive""]",40,21
19,0,0,[0],ea66681bd3fa31c8e11d6ea78480e8270755413f76617e47632eef9ba03af4e2,10,V2C00535,1,"[1,3,6,9]",4,"[1,2,3,4]",False,"[""zero""]",40,21
19,3,3,[3],f8978fbfe533a13cd556d5b074f1b016c3c59536cb5f35b0a8f50ef7f21890f9,10,V2C00536,1,"[1,3,6,9]",4,"[1,2,3,4]",False,"[""positive""]",40,21
19,2,2,[2],141843abbc1ad36d104a05bb60ecda8e13845da4539cd651c5c9d0010163f01e,10,V2C00537,1,"[1,3,7,8]",4,"[1,2,3,4]",False,"[""positive""]",40,21
19,1,1,[1],613c0053c8434c4fbb2224231bcebc5c194e86e1dd23986bd3ca4590ee27b63c,10,V2C00538,1,"[1,3,7,8]",4,"[1,2,3,4]",False,"[""positive""]",40,21
19,1,1,[1],65448a3712e365b672836df59c3aa18934d863ddd8f161aea2af9a503d4eead3,10,V2C00539,1,"[1,3,7,8]",4,"[1,2,3,4]",False,"[""positive""]",40,21
19,3,3,[3],66634876a180202a1ec9a82837c788c7c964a7b57f65c0f90d77a9191cc37f25,10,V2C00540,1,"[1,3,7,8]",4,"[1,2,3,4]",False,"[""positive""]",40,21
19,0,0,[0],7398ac56383a9fe707e8b84d7c51e036d37ffa96846ec9ebea1633f05f55d881,10,V2C00541,1,"[1,3,7,8]",4,"[1,2,3,4]",False,"[""zero""]",40,21
19,1,1,[1],74da8e63038246f52b49d869688567e5207353baf01a0095c34f03b41262c792,10,V2C00542,1,"[1,3,7,8]",4,"[1,2,3,4]",False,"[""positive""]",40,21
19,2,2,[2],7664a14cb67c08a74ce4f9a0a091c138c675d4fe9d64de17cfdb17eb70c1940b,10,V2C00543,1,"[1,3,7,8]",4,"[1,2,3,4]",False,"[""positive""]",40,21
19,-1,-1,[-1],7712e1de349ec6e90d4f6d58aeecc4a4e1e5b9b466ab8c0015c5f07013b96e38,10,V2C00544,1,"[1,3,7,8]",4,"[1,2,3,4]",False,"[""negative""]",40,21
19,1,1,[1],87a1c0f2d61c0de63bae799fc5dd47cf3a40e996ffb463685e266659e21fd38e,10,V2C00545,1,"[1,3,7,8]",4,"[1,2,3,4]",False,"[""positive""]",40,21
19,2,2,[2],89f82e06fac1887ab29373489601f45ed715711e6842dd53c6ee8b7bf30d89ba,10,V2C00546,1,"[1,3,7,8]",4,"[1,2,3,4]",False,"[""positive""]",40,21
19,2,2,[2],a13efc38b8d612d3156aadb1164ead20d0cb98eebacc3cb39e54ff04b0241757,10,V2C00547,1,"[1,3,7,8]",4,"[1,2,3,4]",False,"[""positive""]",40,21
19,1,1,[1],bf96277ee91d1ba307c6ca5c6f8f56dfca550361283de79703ed834c3ea70ec4,10,V2C00548,1,"[1,3,7,8]",4,"[1,2,3,4]",False,"[""positive""]",40,21
19,3,3,[3],c2017b9edc99e18f8a626a426936fb04a99a68adc9a130b7b995f3c1c0a09003,10,V2C00549,1,"[1,3,7,8]",4,"[1,2,3,4]",False,"[""positive""]",40,21
19,2,2,[2],d5cb868f906a8e579dbe28390206aa16c73fa6eae9ae6588bab70248a844933c,10,V2C00550,1,"[1,3,7,8]",4,"[1,2,3,4]",False,"[""positive""]",40,21
19,1,1,[1],e35f1cef60bc3f4021ce18a8411ef7b5742f00a62cee1b145cc7356eab0358e6,10,V2C00551,1,"[1,3,7,8]",4,"[1,2,3,4]",False,"[""positive""]",40,21
19,0,0,[0],ea66681bd3fa31c8e11d6ea78480e8270755413f76617e47632eef9ba03af4e2,10,V2C00552,1,"[1,3,7,8]",4,"[1,2,3,4]",False,"[""zero""]",40,21
20,2,2,[2],141843abbc1ad36d104a05bb60ecda8e13845da4539cd651c5c9d0010163f01e,10,V2C00553,1,"[1,3,7,9]",4,"[1,2,3,4]",False,"[""positive""]",2,1
20,3,3,[3],22b63d5f817dfd2c85ea10e7620dd96ce2db5b8b4f61fe36fb04096fd6ca3457,10,V2C00554,1,"[1,3,7,9]",4,"[1,2,3,4]",False,"[""positive""]",2,1
20,4,4,[4],66634876a180202a1ec9a82837c788c7c964a7b57f65c0f90d77a9191cc37f25,10,V2C00555,1,"[1,3,7,9]",4,"[1,2,3,4]",False,"[""positive""]",2,1
20,1,1,[1],74da8e63038246f52b49d869688567e5207353baf01a0095c34f03b41262c792,10,V2C00556,1,"[1,3,7,9]",4,"[1,2,3,4]",False,"[""positive""]",2,1
20,2,2,[2],7664a14cb67c08a74ce4f9a0a091c138c675d4fe9d64de17cfdb17eb70c1940b,10,V2C00557,1,"[1,3,7,9]",4,"[1,2,3,4]",False,"[""positive""]",2,1
20,1,1,[1],87a1c0f2d61c0de63bae799fc5dd47cf3a40e996ffb463685e266659e21fd38e,10,V2C00558,1,"[1,3,7,9]",4,"[1,2,3,4]",False,"[""positive""]",2,1
20,2,2,[2],89f82e06fac1887ab29373489601f45ed715711e6842dd53c6ee8b7bf30d89ba,10,V2C00559,1,"[1,3,7,9]",4,"[1,2,3,4]",False,"[""positive""]",2,1
20,3,3,[3],a13efc38b8d612d3156aadb1164ead20d0cb98eebacc3cb39e54ff04b0241757,10,V2C00560,1,"[1,3,7,9]",4,"[1,2,3,4]",False,"[""positive""]",2,1
20,2,2,[2],bf96277ee91d1ba307c6ca5c6f8f56dfca550361283de79703ed834c3ea70ec4,10,V2C00561,1,"[1,3,7,9]",4,"[1,2,3,4]",False,"[""positive""]",2,1
20,3,3,[3],bfc94cf98b0ecc96b0682396db8424c6ac8854d0b1cdf86939ba5e6f10fea1d4,10,V2C00562,1,"[1,3,7,9]",4,"[1,2,3,4]",False,"[""positive""]",2,1
20,4,4,[4],c2017b9edc99e18f8a626a426936fb04a99a68adc9a130b7b995f3c1c0a09003,10,V2C00563,1,"[1,3,7,9]",4,"[1,2,3,4]",False,"[""positive""]",2,1
20,3,3,[3],d5cb868f906a8e579dbe28390206aa16c73fa6eae9ae6588bab70248a844933c,10,V2C00564,1,"[1,3,7,9]",4,"[1,2,3,4]",False,"[""positive""]",2,1
20,2,2,[2],d7c0bbe3eeeed6da74a3bf1ad7a1dabe069f3a8501b142ae8e8253be77483836,10,V2C00565,1,"[1,3,7,9]",4,"[1,2,3,4]",False,"[""positive""]",2,1
20,2,2,[2],e35f1cef60bc3f4021ce18a8411ef7b5742f00a62cee1b145cc7356eab0358e6,10,V2C00566,1,"[1,3,7,9]",4,"[1,2,3,4]",False,"[""positive""]",2,1
20,0,0,[0],ea66681bd3fa31c8e11d6ea78480e8270755413f76617e47632eef9ba03af4e2,10,V2C00567,1,"[1,3,7,9]",4,"[1,2,3,4]",False,"[""zero""]",2,1
20,3,3,[3],f8978fbfe533a13cd556d5b074f1b016c3c59536cb5f35b0a8f50ef7f21890f9,10,V2C00568,1,"[1,3,7,9]",4,"[1,2,3,4]",False,"[""positive""]",2,1
21,5,5,[5],127b8a694bb9478a6a4b599fc3da8c4b3de4ff8b907122bcbe96abdbbd43d15c,10,V2C00569,1,"[1,3,8,9]",4,"[1,2,3,4]",False,"[""positive""]",40,19
21,2,2,[2],141843abbc1ad36d104a05bb60ecda8e13845da4539cd651c5c9d0010163f01e,10,V2C00570,1,"[1,3,8,9]",4,"[1,2,3,4]",False,"[""positive""]",40,19
21,3,3,[3],22b63d5f817dfd2c85ea10e7620dd96ce2db5b8b4f61fe36fb04096fd6ca3457,10,V2C00571,1,"[1,3,8,9]",4,"[1,2,3,4]",False,"[""positive""]",40,19
21,4,4,[4],66634876a180202a1ec9a82837c788c7c964a7b57f65c0f90d77a9191cc37f25,10,V2C00572,1,"[1,3,8,9]",4,"[1,2,3,4]",False,"[""positive""]",40,19
21,1,1,[1],74da8e63038246f52b49d869688567e5207353baf01a0095c34f03b41262c792,10,V2C00573,1,"[1,3,8,9]",4,"[1,2,3,4]",False,"[""positive""]",40,19
21,2,2,[2],7664a14cb67c08a74ce4f9a0a091c138c675d4fe9d64de17cfdb17eb70c1940b,10,V2C00574,1,"[1,3,8,9]",4,"[1,2,3,4]",False,"[""positive""]",40,19
21,1,1,[1],87a1c0f2d61c0de63bae799fc5dd47cf3a40e996ffb463685e266659e21fd38e,10,V2C00575,1,"[1,3,8,9]",4,"[1,2,3,4]",False,"[""positive""]",40,19
21,4,4,[4],87b3871bef93138c3ddb8e04ebf9e06c182a4c4598e64199b8919f83ca0028e5,10,V2C00576,1,"[1,3,8,9]",4,"[1,2,3,4]",False,"[""positive""]",40,19
21,2,2,[2],89f82e06fac1887ab29373489601f45ed715711e6842dd53c6ee8b7bf30d89ba,10,V2C00577,1,"[1,3,8,9]",4,"[1,2,3,4]",False,"[""positive""]",40,19
21,2,2,[2],a13efc38b8d612d3156aadb1164ead20d0cb98eebacc3cb39e54ff04b0241757,10,V2C00578,1,"[1,3,8,9]",4,"[1,2,3,4]",False,"[""positive""]",40,19
21,1,1,[1],bf96277ee91d1ba307c6ca5c6f8f56dfca550361283de79703ed834c3ea70ec4,10,V2C00579,1,"[1,3,8,9]",4,"[1,2,3,4]",False,"[""positive""]",40,19
21,4,4,[4],bfc94cf98b0ecc96b0682396db8424c6ac8854d0b1cdf86939ba5e6f10fea1d4,10,V2C00580,1,"[1,3,8,9]",4,"[1,2,3,4]",False,"[""positive""]",40,19
21,4,4,[4],c2017b9edc99e18f8a626a426936fb04a99a68adc9a130b7b995f3c1c0a09003,10,V2C00581,1,"[1,3,8,9]",4,"[1,2,3,4]",False,"[""positive""]",40,19
21,3,3,[3],d5cb868f906a8e579dbe28390206aa16c73fa6eae9ae6588bab70248a844933c,10,V2C00582,1,"[1,3,8,9]",4,"[1,2,3,4]",False,"[""positive""]",40,19
21,3,3,[3],d7c0bbe3eeeed6da74a3bf1ad7a1dabe069f3a8501b142ae8e8253be77483836,10,V2C00583,1,"[1,3,8,9]",4,"[1,2,3,4]",False,"[""positive""]",40,19
21,2,2,[2],e35f1cef60bc3f4021ce18a8411ef7b5742f00a62cee1b145cc7356eab0358e6,10,V2C00584,1,"[1,3,8,9]",4,"[1,2,3,4]",False,"[""positive""]",40,19
21,0,0,[0],ea66681bd3fa31c8e11d6ea78480e8270755413f76617e47632eef9ba03af4e2,10,V2C00585,1,"[1,3,8,9]",4,"[1,2,3,4]",False,"[""zero""]",40,19
21,3,3,[3],f8978fbfe533a13cd556d5b074f1b016c3c59536cb5f35b0a8f50ef7f21890f9,10,V2C00586,1,"[1,3,8,9]",4,"[1,2,3,4]",False,"[""positive""]",40,19
16,-2,-2,[-2],06365582b5ac2955c7b7e93867da332245395da2260b283feb7ede45c19b8f32,10,V2C00587,1,"[1,4,5,6]",4,"[1,2,3,4]",False,"[""negative""]",5,3
16,-3,-3,[-3],18f03b45b834c19c5b6d9818243a06bddb045924337c1c54d9e7fc93443dd6bc,10,V2C00588,1,"[1,4,5,6]",4,"[1,2,3,4]",False,"[""negative""]",5,3
16,0,0,[0],25b63d91ffffefe5ce70df559ef971fa18ef128a7d4e68fd23d74e049c3e9241,10,V2C00589,1,"[1,4,5,6]",4,"[1,2,3,4]",False,"[""zero""]",5,3
16,-2,-2,[-2],289004324b08c05289d088ece7659bf1589e11031e41c88b243d840ff4860908,10,V2C00590,1,"[1,4,5,6]",4,"[1,2,3,4]",False,"[""negative""]",5,3
16,2,2,[2],30df721d3ae609af9684e311a799e865d89af5cfe302c25d7e3460dbb23b90f1,10,V2C00591,1,"[1,4,5,6]",4,"[1,2,3,4]",False,"[""positive""]",5,3
16,1,1,[1],358ae13d27d531c1ca30fa9a18cdc58bb12a19303adfa1a7e795bd077f35466e,10,V2C00592,1,"[1,4,5,6]",4,"[1,2,3,4]",False,"[""positive""]",5,3
16,-1,-1,[-1],42957ee41e558fa0677d336c93a6e1fb3cdc50509870fc1061d87044394d3ca6,10,V2C00593,1,"[1,4,5,6]",4,"[1,2,3,4]",False,"[""negative""]",5,3
16,-1,-1,[-1],429e40c48a57d6d3c915784e8c9dcea211a3fffe939cd39315938341a18c11de,10,V2C00594,1,"[1,4,5,6]",4,"[1,2,3,4]",False,"[""negative""]",5,3
16,-1,-1,[-1],65448a3712e365b672836df59c3aa18934d863ddd8f161aea2af9a503d4eead3,10,V2C00595,1,"[1,4,5,6]",4,"[1,2,3,4]",False,"[""negative""]",5,3
16,-1,-1,[-1],69ce09b3f624b17956ea68b2c3ad47c4e4b5699d0d2c0f6cb9e6dd223d5c1c86,10,V2C00596,1,"[1,4,5,6]",4,"[1,2,3,4]",False,"[""negative""]",5,3
16,1,1,[1],7664a14cb67c08a74ce4f9a0a091c138c675d4fe9d64de17cfdb17eb70c1940b,10,V2C00597,1,"[1,4,5,6]",4,"[1,2,3,4]",False,"[""positive""]",5,3
16,1,1,[1],87a1c0f2d61c0de63bae799fc5dd47cf3a40e996ffb463685e266659e21fd38e,10,V2C00598,1,"[1,4,5,6]",4,"[1,2,3,4]",False,"[""positive""]",5,3
16,-3,-3,[-3],95714484f893b28fd8edd7ea0abcb86501d70f09676a02c8377b49bae33a488b,10,V2C00599,1,"[1,4,5,6]",4,"[1,2,3,4]",False,"[""negative""]",5,3
16,-1,-1,[-1],aac920d42175c0111569e218d1d5ddf9eb4a6fdca7cd09bee48ecf84934b5f94,10,V2C00600,1,"[1,4,5,6]",4,"[1,2,3,4]",False,"[""negative""]",5,3
16,-1,-1,[-1],b8f6cde1f1c7eb4e3b41a382a2e8ddf5e1f792cbb5879c94d149526dce54b6ec,10,V2C00601,1,"[1,4,5,6]",4,"[1,2,3,4]",False,"[""negative""]",5,3
16,0,0,[0],c05f23394596ae9fa98df31ef87a596f92c6c6244caad6bfd01272cc5daa4d63,10,V2C00602,1,"[1,4,5,6]",4,"[1,2,3,4]",False,"[""zero""]",5,3
16,-1,-1,[-1],c645867b4748a75675c0ed8e47b97d9cec9ae16890ef1aeecc64cd50cce5c626,10,V2C00603,1,"[1,4,5,6]",4,"[1,2,3,4]",False,"[""negative""]",5,3
16,-1,-1,[-1],d9c68703a6aba49a2be277565fb4948f8fc8c1ae4eaaca7e8ceb5696a9867721,10,V2C00604,1,"[1,4,5,6]",4,"[1,2,3,4]",False,"[""negative""]",5,3
16,0,0,[0],ea66681bd3fa31c8e11d6ea78480e8270755413f76617e47632eef9ba03af4e2,10,V2C00605,1,"[1,4,5,6]",4,"[1,2,3,4]",False,"[""zero""]",5,3
16,-1,-1,[-1],eeeb84a07001d490acb2e41ca051999ffeb0b61ed70ee0adf318857cb3d31a80,10,V2C00606,1,"[1,4,5,6]",4,"[1,2,3,4]",False,"[""negative""]",5,3
17,-1,-1,[-1],06365582b5ac2955c7b7e93867da332245395da2260b283feb7ede45c19b8f32,10,V2C00607,1,"[1,4,5,7]",4,"[1,2,3,4]",False,"[""negative""]",40,23
17,-1,-1,[-1],289004324b08c05289d088ece7659bf1589e11031e41c88b243d840ff4860908,10,V2C00608,1,"[1,4,5,7]",4,"[1,2,3,4]",False,"[""negative""]",40,23
17,2,2,[2],30df721d3ae609af9684e311a799e865d89af5cfe302c25d7e3460dbb23b90f1,10,V2C00609,1,"[1,4,5,7]",4,"[1,2,3,4]",False,"[""positive""]",40,23
17,2,2,[2],358ae13d27d531c1ca30fa9a18cdc58bb12a19303adfa1a7e795bd077f35466e,10,V2C00610,1,"[1,4,5,7]",4,"[1,2,3,4]",False,"[""positive""]",40,23
17,0,0,[0],429e40c48a57d6d3c915784e8c9dcea211a3fffe939cd39315938341a18c11de,10,V2C00611,1,"[1,4,5,7]",4,"[1,2,3,4]",False,"[""zero""]",40,23
17,-2,-2,[-2],5223f5d298444f9f429f501a327ffc521ce77fa0ff5361bea261df6170e192e9,10,V2C00612,1,"[1,4,5,7]",4,"[1,2,3,4]",False,"[""negative""]",40,23
17,0,0,[0],65448a3712e365b672836df59c3aa18934d863ddd8f161aea2af9a503d4eead3,10,V2C00613,1,"[1,4,5,7]",4,"[1,2,3,4]",False,"[""zero""]",40,23
17,1,1,[1],7664a14cb67c08a74ce4f9a0a091c138c675d4fe9d64de17cfdb17eb70c1940b,10,V2C00614,1,"[1,4,5,7]",4,"[1,2,3,4]",False,"[""positive""]",40,23
17,1,1,[1],87a1c0f2d61c0de63bae799fc5dd47cf3a40e996ffb463685e266659e21fd38e,10,V2C00615,1,"[1,4,5,7]",4,"[1,2,3,4]",False,"[""positive""]",40,23
17,0,0,[0],b8f6cde1f1c7eb4e3b41a382a2e8ddf5e1f792cbb5879c94d149526dce54b6ec,10,V2C00616,1,"[1,4,5,7]",4,"[1,2,3,4]",False,"[""zero""]",40,23
17,1,1,[1],c05f23394596ae9fa98df31ef87a596f92c6c6244caad6bfd01272cc5daa4d63,10,V2C00617,1,"[1,4,5,7]",4,"[1,2,3,4]",False,"[""positive""]",40,23
17,0,0,[0],c645867b4748a75675c0ed8e47b97d9cec9ae16890ef1aeecc64cd50cce5c626,10,V2C00618,1,"[1,4,5,7]",4,"[1,2,3,4]",False,"[""zero""]",40,23
17,0,0,[0],ea66681bd3fa31c8e11d6ea78480e8270755413f76617e47632eef9ba03af4e2,10,V2C00619,1,"[1,4,5,7]",4,"[1,2,3,4]",False,"[""zero""]",40,23
17,0,0,[0],eeeb84a07001d490acb2e41ca051999ffeb0b61ed70ee0adf318857cb3d31a80,10,V2C00620,1,"[1,4,5,7]",4,"[1,2,3,4]",False,"[""zero""]",40,23
17,-2,-2,[-2],f63f3470c7db691d0503f32dfb9fd1fca7cf929cacc242e941279a4aff164a26,10,V2C00621,1,"[1,4,5,7]",4,"[1,2,3,4]",False,"[""negative""]",40,23
18,0,0,[0],06365582b5ac2955c7b7e93867da332245395da2260b283feb7ede45c19b8f32,10,V2C00622,1,"[1,4,5,8]",4,"[1,2,3,4]",False,"[""zero""]",20,11
18,0,0,[0],289004324b08c05289d088ece7659bf1589e11031e41c88b243d840ff4860908,10,V2C00623,1,"[1,4,5,8]",4,"[1,2,3,4]",False,"[""zero""]",20,11
18,2,2,[2],30df721d3ae609af9684e311a799e865d89af5cfe302c25d7e3460dbb23b90f1,10,V2C00624,1,"[1,4,5,8]",4,"[1,2,3,4]",False,"[""positive""]",20,11
18,-1,-1,[-1],5223f5d298444f9f429f501a327ffc521ce77fa0ff5361bea261df6170e192e9,10,V2C00625,1,"[1,4,5,8]",4,"[1,2,3,4]",False,"[""negative""]",20,11
18,1,1,[1],5c200179a750bc19d10f8158a99c4a7ef1c6ca468862a28221f78e0f8b7ec91c,10,V2C00626,1,"[1,4,5,8]",4,"[1,2,3,4]",False,"[""positive""]",20,11
18,1,1,[1],65448a3712e365b672836df59c3aa18934d863ddd8f161aea2af9a503d4eead3,10,V2C00627,1,"[1,4,5,8]",4,"[1,2,3,4]",False,"[""positive""]",20,11
18,1,1,[1],7664a14cb67c08a74ce4f9a0a091c138c675d4fe9d64de17cfdb17eb70c1940b,10,V2C00628,1,"[1,4,5,8]",4,"[1,2,3,4]",False,"[""positive""]",20,11
18,1,1,[1],87a1c0f2d61c0de63bae799fc5dd47cf3a40e996ffb463685e266659e21fd38e,10,V2C00629,1,"[1,4,5,8]",4,"[1,2,3,4]",False,"[""positive""]",20,11
18,2,2,[2],a13efc38b8d612d3156aadb1164ead20d0cb98eebacc3cb39e54ff04b0241757,10,V2C00630,1,"[1,4,5,8]",4,"[1,2,3,4]",False,"[""positive""]",20,11
18,1,1,[1],bf96277ee91d1ba307c6ca5c6f8f56dfca550361283de79703ed834c3ea70ec4,10,V2C00631,1,"[1,4,5,8]",4,"[1,2,3,4]",False,"[""positive""]",20,11
18,1,1,[1],c645867b4748a75675c0ed8e47b97d9cec9ae16890ef1aeecc64cd50cce5c626,10,V2C00632,1,"[1,4,5,8]",4,"[1,2,3,4]",False,"[""positive""]",20,11
18,0,0,[0],ea66681bd3fa31c8e11d6ea78480e8270755413f76617e47632eef9ba03af4e2,10,V2C00633,1,"[1,4,5,8]",4,"[1,2,3,4]",False,"[""zero""]",20,11
18,-1,-1,[-1],f63f3470c7db691d0503f32dfb9fd1fca7cf929cacc242e941279a4aff164a26,10,V2C00634,1,"[1,4,5,8]",4,"[1,2,3,4]",False,"[""negative""]",20,11
19,2,2,[2],30df721d3ae609af9684e311a799e865d89af5cfe302c25d7e3460dbb23b90f1,10,V2C00635,1,"[1,4,5,9]",4,"[1,2,3,4]",False,"[""positive""]",40,21
19,2,2,[2],5c200179a750bc19d10f8158a99c4a7ef1c6ca468862a28221f78e0f8b7ec91c,10,V2C00636,1,"[1,4,5,9]",4,"[1,2,3,4]",False,"[""positive""]",40,21
19,1,1,[1],7664a14cb67c08a74ce4f9a0a091c138c675d4fe9d64de17cfdb17eb70c1940b,10,V2C00637,1,"[1,4,5,9]",4,"[1,2,3,4]",False,"[""positive""]",40,21
19,1,1,[1],87a1c0f2d61c0de63bae799fc5dd47cf3a40e996ffb463685e266659e21fd38e,10,V2C00638,1,"[1,4,5,9]",4,"[1,2,3,4]",False,"[""positive""]",40,21
19,3,3,[3],a13efc38b8d612d3156aadb1164ead20d0cb98eebacc3cb39e54ff04b0241757,10,V2C00639,1,"[1,4,5,9]",4,"[1,2,3,4]",False,"[""positive""]",40,21
19,2,2,[2],bf96277ee91d1ba307c6ca5c6f8f56dfca550361283de79703ed834c3ea70ec4,10,V2C00640,1,"[1,4,5,9]",4,"[1,2,3,4]",False,"[""positive""]",40,21
19,2,2,[2],c289548e2cdd3d81f1baca3d4583d8291a994759b3ef3bd06c0b3cbd778789fd,10,V2C00641,1,"[1,4,5,9]",4,"[1,2,3,4]",False,"[""positive""]",40,21
19,4,4,[4],e08a293c90181ce6b7dad000d0efec39234c27b737b223a245c59cf2f7d7b922,10,V2C00642,1,"[1,4,5,9]",4,"[1,2,3,4]",False,"[""positive""]",40,21
19,0,0,[0],ea66681bd3fa31c8e11d6ea78480e8270755413f76617e47632eef9ba03af4e2,10,V2C00643,1,"[1,4,5,9]",4,"[1,2,3,4]",False,"[""zero""]",40,21
19,3,3,[3],f8978fbfe533a13cd556d5b074f1b016c3c59536cb5f35b0a8f50ef7f21890f9,10,V2C00644,1,"[1,4,5,9]",4,"[1,2,3,4]",False,"[""positive""]",40,21
18,3,3,[3],30df721d3ae609af9684e311a799e865d89af5cfe302c25d7e3460dbb23b90f1,10,V2C00645,1,"[1,4,6,7]",4,"[1,2,3,4]",False,"[""positive""]",20,11
18,2,2,[2],358ae13d27d531c1ca30fa9a18cdc58bb12a19303adfa1a7e795bd077f35466e,10,V2C00646,1,"[1,4,6,7]",4,"[1,2,3,4]",False,"[""positive""]",20,11
18,0,0,[0],551332a25907281b03b42ca753221eb302f5f3d64d96f2bdff44566b0e948f49,10,V2C00647,1,"[1,4,6,7]",4,"[1,2,3,4]",False,"[""zero""]",20,11
18,0,0,[0],65448a3712e365b672836df59c3aa18934d863ddd8f161aea2af9a503d4eead3,10,V2C00648,1,"[1,4,6,7]",4,"[1,2,3,4]",False,"[""zero""]",20,11
18,2,2,[2],7664a14cb67c08a74ce4f9a0a091c138c675d4fe9d64de17cfdb17eb70c1940b,10,V2C00649,1,"[1,4,6,7]",4,"[1,2,3,4]",False,"[""positive""]",20,11
18,1,1,[1],87a1c0f2d61c0de63bae799fc5dd47cf3a40e996ffb463685e266659e21fd38e,10,V2C00650,1,"[1,4,6,7]",4,"[1,2,3,4]",False,"[""positive""]",20,11
18,2,2,[2],89f82e06fac1887ab29373489601f45ed715711e6842dd53c6ee8b7bf30d89ba,10,V2C00651,1,"[1,4,6,7]",4,"[1,2,3,4]",False,"[""positive""]",20,11
18,1,1,[1],9cb5de69305fb4d93f7ff7eb041e23c08e63aece0533ac95c27b40c9bcdc8b08,10,V2C00652,1,"[1,4,6,7]",4,"[1,2,3,4]",False,"[""positive""]",20,11
18,1,1,[1],c05f23394596ae9fa98df31ef87a596f92c6c6244caad6bfd01272cc5daa4d63,10,V2C00653,1,"[1,4,6,7]",4,"[1,2,3,4]",False,"[""positive""]",20,11
18,1,1,[1],c2017b9edc99e18f8a626a426936fb04a99a68adc9a130b7b995f3c1c0a09003,10,V2C00654,1,"[1,4,6,7]",4,"[1,2,3,4]",False,"[""positive""]",20,11
18,0,0,[0],c645867b4748a75675c0ed8e47b97d9cec9ae16890ef1aeecc64cd50cce5c626,10,V2C00655,1,"[1,4,6,7]",4,"[1,2,3,4]",False,"[""zero""]",20,11
18,0,0,[0],d88a40cfcbb621398ffc610b76a30810ae0e6f9d81a4be6d623ec8f783de6325,10,V2C00656,1,"[1,4,6,7]",4,"[1,2,3,4]",False,"[""zero""]",20,11
18,2,2,[2],e3ab9c0071b2d529a961b98b7f0f4c6b38358b8cb48e075f4f7b623187ec4a84,10,V2C00657,1,"[1,4,6,7]",4,"[1,2,3,4]",False,"[""positive""]",20,11
18,0,0,[0],ea66681bd3fa31c8e11d6ea78480e8270755413f76617e47632eef9ba03af4e2,10,V2C00658,1,"[1,4,6,7]",4,"[1,2,3,4]",False,"[""zero""]",20,11
18,1,1,[1],eeeb84a07001d490acb2e41ca051999ffeb0b61ed70ee0adf318857cb3d31a80,10,V2C00659,1,"[1,4,6,7]",4,"[1,2,3,4]",False,"[""positive""]",20,11
19,3,3,[3],30df721d3ae609af9684e311a799e865d89af5cfe302c25d7e3460dbb23b90f1,10,V2C00660,1,"[1,4,6,8]",4,"[1,2,3,4]",False,"[""positive""]",40,21
19,1,1,[1],65448a3712e365b672836df59c3aa18934d863ddd8f161aea2af9a503d4eead3,10,V2C00661,1,"[1,4,6,8]",4,"[1,2,3,4]",False,"[""positive""]",40,21
19,2,2,[2],7664a14cb67c08a74ce4f9a0a091c138c675d4fe9d64de17cfdb17eb70c1940b,10,V2C00662,1,"[1,4,6,8]",4,"[1,2,3,4]",False,"[""positive""]",40,21
19,1,1,[1],87a1c0f2d61c0de63bae799fc5dd47cf3a40e996ffb463685e266659e21fd38e,10,V2C00663,1,"[1,4,6,8]",4,"[1,2,3,4]",False,"[""positive""]",40,21
19,2,2,[2],89f82e06fac1887ab29373489601f45ed715711e6842dd53c6ee8b7bf30d89ba,10,V2C00664,1,"[1,4,6,8]",4,"[1,2,3,4]",False,"[""positive""]",40,21
19,2,2,[2],9cb5de69305fb4d93f7ff7eb041e23c08e63aece0533ac95c27b40c9bcdc8b08,10,V2C00665,1,"[1,4,6,8]",4,"[1,2,3,4]",False,"[""positive""]",40,21
19,2,2,[2],a13efc38b8d612d3156aadb1164ead20d0cb98eebacc3cb39e54ff04b0241757,10,V2C00666,1,"[1,4,6,8]",4,"[1,2,3,4]",False,"[""positive""]",40,21
19,1,1,[1],bf96277ee91d1ba307c6ca5c6f8f56dfca550361283de79703ed834c3ea70ec4,10,V2C00667,1,"[1,4,6,8]",4,"[1,2,3,4]",False,"[""positive""]",40,21
19,2,2,[2],c2017b9edc99e18f8a626a426936fb04a99a68adc9a130b7b995f3c1c0a09003,10,V2C00668,1,"[1,4,6,8]",4,"[1,2,3,4]",False,"[""positive""]",40,21
19,1,1,[1],c645867b4748a75675c0ed8e47b97d9cec9ae16890ef1aeecc64cd50cce5c626,10,V2C00669,1,"[1,4,6,8]",4,"[1,2,3,4]",False,"[""positive""]",40,21
19,2,2,[2],e3ab9c0071b2d529a961b98b7f0f4c6b38358b8cb48e075f4f7b623187ec4a84,10,V2C00670,1,"[1,4,6,8]",4,"[1,2,3,4]",False,"[""positive""]",40,21
19,0,0,[0],ea66681bd3fa31c8e11d6ea78480e8270755413f76617e47632eef9ba03af4e2,10,V2C00671,1,"[1,4,6,8]",4,"[1,2,3,4]",False,"[""zero""]",40,21
20,3,3,[3],30df721d3ae609af9684e311a799e865d89af5cfe302c25d7e3460dbb23b90f1,10,V2C00672,1,"[1,4,6,9]",4,"[1,2,3,4]",False,"[""positive""]",2,1
20,2,2,[2],5fd7be436ed1681027aa8f4a5b24ed0c49cc9424ed2389bd79a07886d3e20f3c,10,V2C00673,1,"[1,4,6,9]",4,"[1,2,3,4]",False,"[""positive""]",2,1
20,2,2,[2],7664a14cb67c08a74ce4f9a0a091c138c675d4fe9d64de17cfdb17eb70c1940b,10,V2C00674,1,"[1,4,6,9]",4,"[1,2,3,4]",False,"[""positive""]",2,1
20,1,1,[1],87a1c0f2d61c0de63bae799fc5dd47cf3a40e996ffb463685e266659e21fd38e,10,V2C00675,1,"[1,4,6,9]",4,"[1,2,3,4]",False,"[""positive""]",2,1
20,2,2,[2],89f82e06fac1887ab29373489601f45ed715711e6842dd53c6ee8b7bf30d89ba,10,V2C00676,1,"[1,4,6,9]",4,"[1,2,3,4]",False,"[""positive""]",2,1
20,3,3,[3],9cb5de69305fb4d93f7ff7eb041e23c08e63aece0533ac95c27b40c9bcdc8b08,10,V2C00677,1,"[1,4,6,9]",4,"[1,2,3,4]",False,"[""positive""]",2,1
20,3,3,[3],a13efc38b8d612d3156aadb1164ead20d0cb98eebacc3cb39e54ff04b0241757,10,V2C00678,1,"[1,4,6,9]",4,"[1,2,3,4]",False,"[""positive""]",2,1
20,2,2,[2],bf96277ee91d1ba307c6ca5c6f8f56dfca550361283de79703ed834c3ea70ec4,10,V2C00679,1,"[1,4,6,9]",4,"[1,2,3,4]",False,"[""positive""]",2,1
20,3,3,[3],c2017b9edc99e18f8a626a426936fb04a99a68adc9a130b7b995f3c1c0a09003,10,V2C00680,1,"[1,4,6,9]",4,"[1,2,3,4]",False,"[""positive""]",2,1
20,3,3,[3],c289548e2cdd3d81f1baca3d4583d8291a994759b3ef3bd06c0b3cbd778789fd,10,V2C00681,1,"[1,4,6,9]",4,"[1,2,3,4]",False,"[""positive""]",2,1
20,4,4,[4],e08a293c90181ce6b7dad000d0efec39234c27b737b223a245c59cf2f7d7b922,10,V2C00682,1,"[1,4,6,9]",4,"[1,2,3,4]",False,"[""positive""]",2,1
20,2,2,[2],e3ab9c0071b2d529a961b98b7f0f4c6b38358b8cb48e075f4f7b623187ec4a84,10,V2C00683,1,"[1,4,6,9]",4,"[1,2,3,4]",False,"[""positive""]",2,1
20,0,0,[0],ea66681bd3fa31c8e11d6ea78480e8270755413f76617e47632eef9ba03af4e2,10,V2C00684,1,"[1,4,6,9]",4,"[1,2,3,4]",False,"[""zero""]",2,1
20,2,2,[2],f3d32e2b9b069cd9794933fdd721cacc80c53d15eec090d1edcd008d0cfc963f,10,V2C00685,1,"[1,4,6,9]",4,"[1,2,3,4]",False,"[""positive""]",2,1
20,3,3,[3],f8978fbfe533a13cd556d5b074f1b016c3c59536cb5f35b0a8f50ef7f21890f9,10,V2C00686,1,"[1,4,6,9]",4,"[1,2,3,4]",False,"[""positive""]",2,1
20,2,2,[2],0866ca7003f156b8d5c2dde0925595e505e6d81f0ddb6ba5515da09ef71d066d,10,V2C00687,1,"[1,4,7,8]",4,"[1,2,3,4]",False,"[""positive""]",2,1
20,3,3,[3],30df721d3ae609af9684e311a799e865d89af5cfe302c25d7e3460dbb23b90f1,10,V2C00688,1,"[1,4,7,8]",4,"[1,2,3,4]",False,"[""positive""]",2,1
20,1,1,[1],613c0053c8434c4fbb2224231bcebc5c194e86e1dd23986bd3ca4590ee27b63c,10,V2C00689,1,"[1,4,7,8]",4,"[1,2,3,4]",False,"[""positive""]",2,1
20,1,1,[1],65448a3712e365b672836df59c3aa18934d863ddd8f161aea2af9a503d4eead3,10,V2C00690,1,"[1,4,7,8]",4,"[1,2,3,4]",False,"[""positive""]",2,1
20,3,3,[3],66634876a180202a1ec9a82837c788c7c964a7b57f65c0f90d77a9191cc37f25,10,V2C00691,1,"[1,4,7,8]",4,"[1,2,3,4]",False,"[""positive""]",2,1
20,2,2,[2],7664a14cb67c08a74ce4f9a0a091c138c675d4fe9d64de17cfdb17eb70c1940b,10,V2C00692,1,"[1,4,7,8]",4,"[1,2,3,4]",False,"[""positive""]",2,1
20,1,1,[1],87a1c0f2d61c0de63bae799fc5dd47cf3a40e996ffb463685e266659e21fd38e,10,V2C00693,1,"[1,4,7,8]",4,"[1,2,3,4]",False,"[""positive""]",2,1
20,2,2,[2],89f82e06fac1887ab29373489601f45ed715711e6842dd53c6ee8b7bf30d89ba,10,V2C00694,1,"[1,4,7,8]",4,"[1,2,3,4]",False,"[""positive""]",2,1
20,3,3,[3],9cb5de69305fb4d93f7ff7eb041e23c08e63aece0533ac95c27b40c9bcdc8b08,10,V2C00695,1,"[1,4,7,8]",4,"[1,2,3,4]",False,"[""positive""]",2,1
20,2,2,[2],a13efc38b8d612d3156aadb1164ead20d0cb98eebacc3cb39e54ff04b0241757,10,V2C00696,1,"[1,4,7,8]",4,"[1,2,3,4]",False,"[""positive""]",2,1
20,1,1,[1],bf96277ee91d1ba307c6ca5c6f8f56dfca550361283de79703ed834c3ea70ec4,10,V2C00697,1,"[1,4,7,8]",4,"[1,2,3,4]",False,"[""positive""]",2,1
20,3,3,[3],c2017b9edc99e18f8a626a426936fb04a99a68adc9a130b7b995f3c1c0a09003,10,V2C00698,1,"[1,4,7,8]",4,"[1,2,3,4]",False,"[""positive""]",2,1
20,1,1,[1],c645867b4748a75675c0ed8e47b97d9cec9ae16890ef1aeecc64cd50cce5c626,10,V2C00699,1,"[1,4,7,8]",4,"[1,2,3,4]",False,"[""positive""]",2,1
20,0,0,[0],d4df885422dfedfc03808c04eaf48b53f65e0a2641aba3f0dd1e0cab83c3a324,10,V2C00700,1,"[1,4,7,8]",4,"[1,2,3,4]",False,"[""zero""]",2,1
20,2,2,[2],e3ab9c0071b2d529a961b98b7f0f4c6b38358b8cb48e075f4f7b623187ec4a84,10,V2C00701,1,"[1,4,7,8]",4,"[1,2,3,4]",False,"[""positive""]",2,1
20,0,0,[0],ea66681bd3fa31c8e11d6ea78480e8270755413f76617e47632eef9ba03af4e2,10,V2C00702,1,"[1,4,7,8]",4,"[1,2,3,4]",False,"[""zero""]",2,1
21,3,3,[3],0866ca7003f156b8d5c2dde0925595e505e6d81f0ddb6ba5515da09ef71d066d,10,V2C00703,1,"[1,4,7,9]",4,"[1,2,3,4]",False,"[""positive""]",40,19
21,3,3,[3],30df721d3ae609af9684e311a799e865d89af5cfe302c25d7e3460dbb23b90f1,10,V2C00704,1,"[1,4,7,9]",4,"[1,2,3,4]",False,"[""positive""]",40,19
21,4,4,[4],66634876a180202a1ec9a82837c788c7c964a7b57f65c0f90d77a9191cc37f25,10,V2C00705,1,"[1,4,7,9]",4,"[1,2,3,4]",False,"[""positive""]",40,19
21,2,2,[2],7664a14cb67c08a74ce4f9a0a091c138c675d4fe9d64de17cfdb17eb70c1940b,10,V2C00706,1,"[1,4,7,9]",4,"[1,2,3,4]",False,"[""positive""]",40,19
21,1,1,[1],87a1c0f2d61c0de63bae799fc5dd47cf3a40e996ffb463685e266659e21fd38e,10,V2C00707,1,"[1,4,7,9]",4,"[1,2,3,4]",False,"[""positive""]",40,19
21,2,2,[2],89f82e06fac1887ab29373489601f45ed715711e6842dd53c6ee8b7bf30d89ba,10,V2C00708,1,"[1,4,7,9]",4,"[1,2,3,4]",False,"[""positive""]",40,19
21,4,4,[4],9cb5de69305fb4d93f7ff7eb041e23c08e63aece0533ac95c27b40c9bcdc8b08,10,V2C00709,1,"[1,4,7,9]",4,"[1,2,3,4]",False,"[""positive""]",40,19
21,3,3,[3],a13efc38b8d612d3156aadb1164ead20d0cb98eebacc3cb39e54ff04b0241757,10,V2C00710,1,"[1,4,7,9]",4,"[1,2,3,4]",False,"[""positive""]",40,19
21,2,2,[2],bf96277ee91d1ba307c6ca5c6f8f56dfca550361283de79703ed834c3ea70ec4,10,V2C00711,1,"[1,4,7,9]",4,"[1,2,3,4]",False,"[""positive""]",40,19
21,3,3,[3],bfc94cf98b0ecc96b0682396db8424c6ac8854d0b1cdf86939ba5e6f10fea1d4,10,V2C00712,1,"[1,4,7,9]",4,"[1,2,3,4]",False,"[""positive""]",40,19
21,4,4,[4],c2017b9edc99e18f8a626a426936fb04a99a68adc9a130b7b995f3c1c0a09003,10,V2C00713,1,"[1,4,7,9]",4,"[1,2,3,4]",False,"[""positive""]",40,19
21,3,3,[3],dcbaec88d41e5d46a5264b4157ea3c64e0f3b5e44f9e198ae71d7774cae1fe3d,10,V2C00714,1,"[1,4,7,9]",4,"[1,2,3,4]",False,"[""positive""]",40,19
21,4,4,[4],e08a293c90181ce6b7dad000d0efec39234c27b737b223a245c59cf2f7d7b922,10,V2C00715,1,"[1,4,7,9]",4,"[1,2,3,4]",False,"[""positive""]",40,19
21,2,2,[2],e3ab9c0071b2d529a961b98b7f0f4c6b38358b8cb48e075f4f7b623187ec4a84,10,V2C00716,1,"[1,4,7,9]",4,"[1,2,3,4]",False,"[""positive""]",40,19
21,0,0,[0],ea66681bd3fa31c8e11d6ea78480e8270755413f76617e47632eef9ba03af4e2,10,V2C00717,1,"[1,4,7,9]",4,"[1,2,3,4]",False,"[""zero""]",40,19
21,3,3,[3],f8978fbfe533a13cd556d5b074f1b016c3c59536cb5f35b0a8f50ef7f21890f9,10,V2C00718,1,"[1,4,7,9]",4,"[1,2,3,4]",False,"[""positive""]",40,19
22,3,3,[3],0866ca7003f156b8d5c2dde0925595e505e6d81f0ddb6ba5515da09ef71d066d,10,V2C00719,1,"[1,4,8,9]",4,"[1,2,3,4]",False,"[""positive""]",20,9
22,5,5,[5],127b8a694bb9478a6a4b599fc3da8c4b3de4ff8b907122bcbe96abdbbd43d15c,10,V2C00720,1,"[1,4,8,9]",4,"[1,2,3,4]",False,"[""positive""]",20,9
22,4,4,[4],1e0e6f9c26c4fb7ce210656f3d32f4848e046b2a62d595dbb4ecf0c623c39459,10,V2C00721,1,"[1,4,8,9]",4,"[1,2,3,4]",False,"[""positive""]",20,9
22,3,3,[3],30df721d3ae609af9684e311a799e865d89af5cfe302c25d7e3460dbb23b90f1,10,V2C00722,1,"[1,4,8,9]",4,"[1,2,3,4]",False,"[""positive""]",20,9
22,4,4,[4],66634876a180202a1ec9a82837c788c7c964a7b57f65c0f90d77a9191cc37f25,10,V2C00723,1,"[1,4,8,9]",4,"[1,2,3,4]",False,"[""positive""]",20,9
22,2,2,[2],7664a14cb67c08a74ce4f9a0a091c138c675d4fe9d64de17cfdb17eb70c1940b,10,V2C00724,1,"[1,4,8,9]",4,"[1,2,3,4]",False,"[""positive""]",20,9
22,1,1,[1],87a1c0f2d61c0de63bae799fc5dd47cf3a40e996ffb463685e266659e21fd38e,10,V2C00725,1,"[1,4,8,9]",4,"[1,2,3,4]",False,"[""positive""]",20,9
22,2,2,[2],89f82e06fac1887ab29373489601f45ed715711e6842dd53c6ee8b7bf30d89ba,10,V2C00726,1,"[1,4,8,9]",4,"[1,2,3,4]",False,"[""positive""]",20,9
22,4,4,[4],9cb5de69305fb4d93f7ff7eb041e23c08e63aece0533ac95c27b40c9bcdc8b08,10,V2C00727,1,"[1,4,8,9]",4,"[1,2,3,4]",False,"[""positive""]",20,9
22,2,2,[2],a13efc38b8d612d3156aadb1164ead20d0cb98eebacc3cb39e54ff04b0241757,10,V2C00728,1,"[1,4,8,9]",4,"[1,2,3,4]",False,"[""positive""]",20,9
22,1,1,[1],bf96277ee91d1ba307c6ca5c6f8f56dfca550361283de79703ed834c3ea70ec4,10,V2C00729,1,"[1,4,8,9]",4,"[1,2,3,4]",False,"[""positive""]",20,9
22,4,4,[4],bfc94cf98b0ecc96b0682396db8424c6ac8854d0b1cdf86939ba5e6f10fea1d4,10,V2C00730,1,"[1,4,8,9]",4,"[1,2,3,4]",False,"[""positive""]",20,9
22,4,4,[4],c2017b9edc99e18f8a626a426936fb04a99a68adc9a130b7b995f3c1c0a09003,10,V2C00731,1,"[1,4,8,9]",4,"[1,2,3,4]",False,"[""positive""]",20,9
22,4,4,[4],dcbaec88d41e5d46a5264b4157ea3c64e0f3b5e44f9e198ae71d7774cae1fe3d,10,V2C00732,1,"[1,4,8,9]",4,"[1,2,3,4]",False,"[""positive""]",20,9
22,4,4,[4],e08a293c90181ce6b7dad000d0efec39234c27b737b223a245c59cf2f7d7b922,10,V2C00733,1,"[1,4,8,9]",4,"[1,2,3,4]",False,"[""positive""]",20,9
22,2,2,[2],e3ab9c0071b2d529a961b98b7f0f4c6b38358b8cb48e075f4f7b623187ec4a84,10,V2C00734,1,"[1,4,8,9]",4,"[1,2,3,4]",False,"[""positive""]",20,9
22,0,0,[0],ea66681bd3fa31c8e11d6ea78480e8270755413f76617e47632eef9ba03af4e2,10,V2C00735,1,"[1,4,8,9]",4,"[1,2,3,4]",False,"[""zero""]",20,9
22,3,3,[3],f8978fbfe533a13cd556d5b074f1b016c3c59536cb5f35b0a8f50ef7f21890f9,10,V2C00736,1,"[1,4,8,9]",4,"[1,2,3,4]",False,"[""positive""]",20,9
19,2,2,[2],1194558619f192385a5065099f20de3e070365bbdd2b977abbbe7282dc1f06ec,10,V2C00737,1,"[1,5,6,7]",4,"[1,2,3,4]",False,"[""positive""]",40,21
19,0,0,[0],1370a33ffeeb731426b75a87da09c4cf2fe96b052b570b9b577f32d2d0dfca42,10,V2C00738,1,"[1,5,6,7]",4,"[1,2,3,4]",False,"[""zero""]",40,21
19,3,3,[3],30df721d3ae609af9684e311a799e865d89af5cfe302c25d7e3460dbb23b90f1,10,V2C00739,1,"[1,5,6,7]",4,"[1,2,3,4]",False,"[""positive""]",40,21
19,2,2,[2],358ae13d27d531c1ca30fa9a18cdc58bb12a19303adfa1a7e795bd077f35466e,10,V2C00740,1,"[1,5,6,7]",4,"[1,2,3,4]",False,"[""positive""]",40,21
19,0,0,[0],551332a25907281b03b42ca753221eb302f5f3d64d96f2bdff44566b0e948f49,10,V2C00741,1,"[1,5,6,7]",4,"[1,2,3,4]",False,"[""zero""]",40,21
19,0,0,[0],65448a3712e365b672836df59c3aa18934d863ddd8f161aea2af9a503d4eead3,10,V2C00742,1,"[1,5,6,7]",4,"[1,2,3,4]",False,"[""zero""]",40,21
19,1,1,[1],7664a14cb67c08a74ce4f9a0a091c138c675d4fe9d64de17cfdb17eb70c1940b,10,V2C00743,1,"[1,5,6,7]",4,"[1,2,3,4]",False,"[""positive""]",40,21
19,1,1,[1],87a1c0f2d61c0de63bae799fc5dd47cf3a40e996ffb463685e266659e21fd38e,10,V2C00744,1,"[1,5,6,7]",4,"[1,2,3,4]",False,"[""positive""]",40,21
19,2,2,[2],89f82e06fac1887ab29373489601f45ed715711e6842dd53c6ee8b7bf30d89ba,10,V2C00745,1,"[1,5,6,7]",4,"[1,2,3,4]",False,"[""positive""]",40,21
19,1,1,[1],8f8c576db10424672de697236e76ce5f173f32b3a07d6f36799d65a3f2f5910f,10,V2C00746,1,"[1,5,6,7]",4,"[1,2,3,4]",False,"[""positive""]",40,21
19,-1,-1,[-1],92010ce82c663bcd166d0569ea5ce57e70e78672bcfdf41c73ed1191629d3a12,10,V2C00747,1,"[1,5,6,7]",4,"[1,2,3,4]",False,"[""negative""]",40,21
19,-1,-1,[-1],bcf25f4b825c43de64a95b9faa8b8be5f4fd8940c755106e59587b0966f67e3e,10,V2C00748,1,"[1,5,6,7]",4,"[1,2,3,4]",False,"[""negative""]",40,21
19,0,0,[0],c05f23394596ae9fa98df31ef87a596f92c6c6244caad6bfd01272cc5daa4d63,10,V2C00749,1,"[1,5,6,7]",4,"[1,2,3,4]",False,"[""zero""]",40,21
19,1,1,[1],c2017b9edc99e18f8a626a426936fb04a99a68adc9a130b7b995f3c1c0a09003,10,V2C00750,1,"[1,5,6,7]",4,"[1,2,3,4]",False,"[""positive""]",40,21
19,1,1,[1],c645867b4748a75675c0ed8e47b97d9cec9ae16890ef1aeecc64cd50cce5c626,10,V2C00751,1,"[1,5,6,7]",4,"[1,2,3,4]",False,"[""positive""]",40,21
19,3,3,[3],e3ab9c0071b2d529a961b98b7f0f4c6b38358b8cb48e075f4f7b623187ec4a84,10,V2C00752,1,"[1,5,6,7]",4,"[1,2,3,4]",False,"[""positive""]",40,21
19,0,0,[0],ea66681bd3fa31c8e11d6ea78480e8270755413f76617e47632eef9ba03af4e2,10,V2C00753,1,"[1,5,6,7]",4,"[1,2,3,4]",False,"[""zero""]",40,21
19,1,1,[1],eeeb84a07001d490acb2e41ca051999ffeb0b61ed70ee0adf318857cb3d31a80,10,V2C00754,1,"[1,5,6,7]",4,"[1,2,3,4]",False,"[""positive""]",40,21
20,3,3,[3],1194558619f192385a5065099f20de3e070365bbdd2b977abbbe7282dc1f06ec,10,V2C00755,1,"[1,5,6,8]",4,"[1,2,3,4]",False,"[""positive""]",2,1
20,0,0,[0],119adc083a656da499bdae86dd8d80d329fbc7242a3b23faef48468c3e92809b,10,V2C00756,1,"[1,5,6,8]",4,"[1,2,3,4]",False,"[""zero""]",2,1
20,3,3,[3],30df721d3ae609af9684e311a799e865d89af5cfe302c25d7e3460dbb23b90f1,10,V2C00757,1,"[1,5,6,8]",4,"[1,2,3,4]",False,"[""positive""]",2,1
20,1,1,[1],65448a3712e365b672836df59c3aa18934d863ddd8f161aea2af9a503d4eead3,10,V2C00758,1,"[1,5,6,8]",4,"[1,2,3,4]",False,"[""positive""]",2,1
20,1,1,[1],7664a14cb67c08a74ce4f9a0a091c138c675d4fe9d64de17cfdb17eb70c1940b,10,V2C00759,1,"[1,5,6,8]",4,"[1,2,3,4]",False,"[""positive""]",2,1
20,1,1,[1],87a1c0f2d61c0de63bae799fc5dd47cf3a40e996ffb463685e266659e21fd38e,10,V2C00760,1,"[1,5,6,8]",4,"[1,2,3,4]",False,"[""positive""]",2,1
20,2,2,[2],89f82e06fac1887ab29373489601f45ed715711e6842dd53c6ee8b7bf30d89ba,10,V2C00761,1,"[1,5,6,8]",4,"[1,2,3,4]",False,"[""positive""]",2,1
20,2,2,[2],a13efc38b8d612d3156aadb1164ead20d0cb98eebacc3cb39e54ff04b0241757,10,V2C00762,1,"[1,5,6,8]",4,"[1,2,3,4]",False,"[""positive""]",2,1
20,0,0,[0],bcf25f4b825c43de64a95b9faa8b8be5f4fd8940c755106e59587b0966f67e3e,10,V2C00763,1,"[1,5,6,8]",4,"[1,2,3,4]",False,"[""zero""]",2,1
20,1,1,[1],bf96277ee91d1ba307c6ca5c6f8f56dfca550361283de79703ed834c3ea70ec4,10,V2C00764,1,"[1,5,6,8]",4,"[1,2,3,4]",False,"[""positive""]",2,1
20,2,2,[2],c2017b9edc99e18f8a626a426936fb04a99a68adc9a130b7b995f3c1c0a09003,10,V2C00765,1,"[1,5,6,8]",4,"[1,2,3,4]",False,"[""positive""]",2,1
20,2,2,[2],c645867b4748a75675c0ed8e47b97d9cec9ae16890ef1aeecc64cd50cce5c626,10,V2C00766,1,"[1,5,6,8]",4,"[1,2,3,4]",False,"[""positive""]",2,1
20,3,3,[3],e3ab9c0071b2d529a961b98b7f0f4c6b38358b8cb48e075f4f7b623187ec4a84,10,V2C00767,1,"[1,5,6,8]",4,"[1,2,3,4]",False,"[""positive""]",2,1
20,0,0,[0],ea66681bd3fa31c8e11d6ea78480e8270755413f76617e47632eef9ba03af4e2,10,V2C00768,1,"[1,5,6,8]",4,"[1,2,3,4]",False,"[""zero""]",2,1
21,4,4,[4],1194558619f192385a5065099f20de3e070365bbdd2b977abbbe7282dc1f06ec,10,V2C00769,1,"[1,5,6,9]",4,"[1,2,3,4]",False,"[""positive""]",40,19
21,3,3,[3],30df721d3ae609af9684e311a799e865d89af5cfe302c25d7e3460dbb23b90f1,10,V2C00770,1,"[1,5,6,9]",4,"[1,2,3,4]",False,"[""positive""]",40,19
21,3,3,[3],55d69ac372127fb459e51d632250130f1d18429c49b2331787e83ea66f72b8d2,10,V2C00771,1,"[1,5,6,9]",4,"[1,2,3,4]",False,"[""positive""]",40,19
21,2,2,[2],5fd7be436ed1681027aa8f4a5b24ed0c49cc9424ed2389bd79a07886d3e20f3c,10,V2C00772,1,"[1,5,6,9]",4,"[1,2,3,4]",False,"[""positive""]",40,19
21,1,1,[1],7664a14cb67c08a74ce4f9a0a091c138c675d4fe9d64de17cfdb17eb70c1940b,10,V2C00773,1,"[1,5,6,9]",4,"[1,2,3,4]",False,"[""positive""]",40,19
21,1,1,[1],87a1c0f2d61c0de63bae799fc5dd47cf3a40e996ffb463685e266659e21fd38e,10,V2C00774,1,"[1,5,6,9]",4,"[1,2,3,4]",False,"[""positive""]",40,19
21,2,2,[2],89f82e06fac1887ab29373489601f45ed715711e6842dd53c6ee8b7bf30d89ba,10,V2C00775,1,"[1,5,6,9]",4,"[1,2,3,4]",False,"[""positive""]",40,19
21,1,1,[1],98479554a32873ac019916819a9d38c20b64d8cce47e9f4ced94137018508698,10,V2C00776,1,"[1,5,6,9]",4,"[1,2,3,4]",False,"[""positive""]",40,19
21,3,3,[3],a13efc38b8d612d3156aadb1164ead20d0cb98eebacc3cb39e54ff04b0241757,10,V2C00777,1,"[1,5,6,9]",4,"[1,2,3,4]",False,"[""positive""]",40,19
21,2,2,[2],bf96277ee91d1ba307c6ca5c6f8f56dfca550361283de79703ed834c3ea70ec4,10,V2C00778,1,"[1,5,6,9]",4,"[1,2,3,4]",False,"[""positive""]",40,19
21,3,3,[3],c2017b9edc99e18f8a626a426936fb04a99a68adc9a130b7b995f3c1c0a09003,10,V2C00779,1,"[1,5,6,9]",4,"[1,2,3,4]",False,"[""positive""]",40,19
21,3,3,[3],c289548e2cdd3d81f1baca3d4583d8291a994759b3ef3bd06c0b3cbd778789fd,10,V2C00780,1,"[1,5,6,9]",4,"[1,2,3,4]",False,"[""positive""]",40,19
21,4,4,[4],e08a293c90181ce6b7dad000d0efec39234c27b737b223a245c59cf2f7d7b922,10,V2C00781,1,"[1,5,6,9]",4,"[1,2,3,4]",False,"[""positive""]",40,19
21,3,3,[3],e3ab9c0071b2d529a961b98b7f0f4c6b38358b8cb48e075f4f7b623187ec4a84,10,V2C00782,1,"[1,5,6,9]",4,"[1,2,3,4]",False,"[""positive""]",40,19
21,2,2,[2],e76bab855a22e05b99823d80db54c301f022fe622f39099ee9545c7dd8fcc90c,10,V2C00783,1,"[1,5,6,9]",4,"[1,2,3,4]",False,"[""positive""]",40,19
21,0,0,[0],ea66681bd3fa31c8e11d6ea78480e8270755413f76617e47632eef9ba03af4e2,10,V2C00784,1,"[1,5,6,9]",4,"[1,2,3,4]",False,"[""zero""]",40,19
21,2,2,[2],f8978fbfe533a13cd556d5b074f1b016c3c59536cb5f35b0a8f50ef7f21890f9,10,V2C00785,1,"[1,5,6,9]",4,"[1,2,3,4]",False,"[""positive""]",40,19
21,4,4,[4],1194558619f192385a5065099f20de3e070365bbdd2b977abbbe7282dc1f06ec,10,V2C00786,1,"[1,5,7,8]",4,"[1,2,3,4]",False,"[""positive""]",40,19
21,1,1,[1],13a7fa93989872724a335aba7931269880fde46d3cecc5b0fa249548d3257d01,10,V2C00787,1,"[1,5,7,8]",4,"[1,2,3,4]",False,"[""positive""]",40,19
21,3,3,[3],252636a6a03b2c128f0f5fba77e6159c3373c121ae9d5ffc81d6596a01b85001,10,V2C00788,1,"[1,5,7,8]",4,"[1,2,3,4]",False,"[""positive""]",40,19
21,3,3,[3],30df721d3ae609af9684e311a799e865d89af5cfe302c25d7e3460dbb23b90f1,10,V2C00789,1,"[1,5,7,8]",4,"[1,2,3,4]",False,"[""positive""]",40,19
21,1,1,[1],613c0053c8434c4fbb2224231bcebc5c194e86e1dd23986bd3ca4590ee27b63c,10,V2C00790,1,"[1,5,7,8]",4,"[1,2,3,4]",False,"[""positive""]",40,19
21,1,1,[1],65448a3712e365b672836df59c3aa18934d863ddd8f161aea2af9a503d4eead3,10,V2C00791,1,"[1,5,7,8]",4,"[1,2,3,4]",False,"[""positive""]",40,19
21,3,3,[3],66634876a180202a1ec9a82837c788c7c964a7b57f65c0f90d77a9191cc37f25,10,V2C00792,1,"[1,5,7,8]",4,"[1,2,3,4]",False,"[""positive""]",40,19
21,1,1,[1],7664a14cb67c08a74ce4f9a0a091c138c675d4fe9d64de17cfdb17eb70c1940b,10,V2C00793,1,"[1,5,7,8]",4,"[1,2,3,4]",False,"[""positive""]",40,19
21,1,1,[1],87a1c0f2d61c0de63bae799fc5dd47cf3a40e996ffb463685e266659e21fd38e,10,V2C00794,1,"[1,5,7,8]",4,"[1,2,3,4]",False,"[""positive""]",40,19
21,2,2,[2],89f82e06fac1887ab29373489601f45ed715711e6842dd53c6ee8b7bf30d89ba,10,V2C00795,1,"[1,5,7,8]",4,"[1,2,3,4]",False,"[""positive""]",40,19
21,1,1,[1],8a229cf8251284c9754bc9dd1187922dbc14d60bc0271ec7860828b78e342838,10,V2C00796,1,"[1,5,7,8]",4,"[1,2,3,4]",False,"[""positive""]",40,19
21,2,2,[2],a13efc38b8d612d3156aadb1164ead20d0cb98eebacc3cb39e54ff04b0241757,10,V2C00797,1,"[1,5,7,8]",4,"[1,2,3,4]",False,"[""positive""]",40,19
21,1,1,[1],bf96277ee91d1ba307c6ca5c6f8f56dfca550361283de79703ed834c3ea70ec4,10,V2C00798,1,"[1,5,7,8]",4,"[1,2,3,4]",False,"[""positive""]",40,19
21,3,3,[3],c2017b9edc99e18f8a626a426936fb04a99a68adc9a130b7b995f3c1c0a09003,10,V2C00799,1,"[1,5,7,8]",4,"[1,2,3,4]",False,"[""positive""]",40,19
21,2,2,[2],c645867b4748a75675c0ed8e47b97d9cec9ae16890ef1aeecc64cd50cce5c626,10,V2C00800,1,"[1,5,7,8]",4,"[1,2,3,4]",False,"[""positive""]",40,19
21,3,3,[3],e3ab9c0071b2d529a961b98b7f0f4c6b38358b8cb48e075f4f7b623187ec4a84,10,V2C00801,1,"[1,5,7,8]",4,"[1,2,3,4]",False,"[""positive""]",40,19
21,0,0,[0],ea66681bd3fa31c8e11d6ea78480e8270755413f76617e47632eef9ba03af4e2,10,V2C00802,1,"[1,5,7,8]",4,"[1,2,3,4]",False,"[""zero""]",40,19
22,5,5,[5],1194558619f192385a5065099f20de3e070365bbdd2b977abbbe7282dc1f06ec,10,V2C00803,1,"[1,5,7,9]",4,"[1,2,3,4]",False,"[""positive""]",20,9
22,4,4,[4],252636a6a03b2c128f0f5fba77e6159c3373c121ae9d5ffc81d6596a01b85001,10,V2C00804,1,"[1,5,7,9]",4,"[1,2,3,4]",False,"[""positive""]",20,9
22,3,3,[3],30df721d3ae609af9684e311a799e865d89af5cfe302c25d7e3460dbb23b90f1,10,V2C00805,1,"[1,5,7,9]",4,"[1,2,3,4]",False,"[""positive""]",20,9
22,4,4,[4],4db2fca57a0049c7c649f1a529f2c32ff5e8ab03f942dc9ca66c4904d97d8a9d,10,V2C00806,1,"[1,5,7,9]",4,"[1,2,3,4]",False,"[""positive""]",20,9
22,4,4,[4],66634876a180202a1ec9a82837c788c7c964a7b57f65c0f90d77a9191cc37f25,10,V2C00807,1,"[1,5,7,9]",4,"[1,2,3,4]",False,"[""positive""]",20,9
22,1,1,[1],7664a14cb67c08a74ce4f9a0a091c138c675d4fe9d64de17cfdb17eb70c1940b,10,V2C00808,1,"[1,5,7,9]",4,"[1,2,3,4]",False,"[""positive""]",20,9
22,1,1,[1],87a1c0f2d61c0de63bae799fc5dd47cf3a40e996ffb463685e266659e21fd38e,10,V2C00809,1,"[1,5,7,9]",4,"[1,2,3,4]",False,"[""positive""]",20,9
22,2,2,[2],89f82e06fac1887ab29373489601f45ed715711e6842dd53c6ee8b7bf30d89ba,10,V2C00810,1,"[1,5,7,9]",4,"[1,2,3,4]",False,"[""positive""]",20,9
22,3,3,[3],a13efc38b8d612d3156aadb1164ead20d0cb98eebacc3cb39e54ff04b0241757,10,V2C00811,1,"[1,5,7,9]",4,"[1,2,3,4]",False,"[""positive""]",20,9
22,2,2,[2],bf96277ee91d1ba307c6ca5c6f8f56dfca550361283de79703ed834c3ea70ec4,10,V2C00812,1,"[1,5,7,9]",4,"[1,2,3,4]",False,"[""positive""]",20,9
22,3,3,[3],bfc94cf98b0ecc96b0682396db8424c6ac8854d0b1cdf86939ba5e6f10fea1d4,10,V2C00813,1,"[1,5,7,9]",4,"[1,2,3,4]",False,"[""positive""]",20,9
22,4,4,[4],c2017b9edc99e18f8a626a426936fb04a99a68adc9a130b7b995f3c1c0a09003,10,V2C00814,1,"[1,5,7,9]",4,"[1,2,3,4]",False,"[""positive""]",20,9
22,4,4,[4],e08a293c90181ce6b7dad000d0efec39234c27b737b223a245c59cf2f7d7b922,10,V2C00815,1,"[1,5,7,9]",4,"[1,2,3,4]",False,"[""positive""]",20,9
22,3,3,[3],e3ab9c0071b2d529a961b98b7f0f4c6b38358b8cb48e075f4f7b623187ec4a84,10,V2C00816,1,"[1,5,7,9]",4,"[1,2,3,4]",False,"[""positive""]",20,9
22,0,0,[0],ea66681bd3fa31c8e11d6ea78480e8270755413f76617e47632eef9ba03af4e2,10,V2C00817,1,"[1,5,7,9]",4,"[1,2,3,4]",False,"[""zero""]",20,9
22,2,2,[2],f8978fbfe533a13cd556d5b074f1b016c3c59536cb5f35b0a8f50ef7f21890f9,10,V2C00818,1,"[1,5,7,9]",4,"[1,2,3,4]",False,"[""positive""]",20,9
23,5,5,[5],1194558619f192385a5065099f20de3e070365bbdd2b977abbbe7282dc1f06ec,10,V2C00819,1,"[1,5,8,9]",4,"[1,2,3,4]",False,"[""positive""]",40,17
23,5,5,[5],127b8a694bb9478a6a4b599fc3da8c4b3de4ff8b907122bcbe96abdbbd43d15c,10,V2C00820,1,"[1,5,8,9]",4,"[1,2,3,4]",False,"[""positive""]",40,17
23,4,4,[4],252636a6a03b2c128f0f5fba77e6159c3373c121ae9d5ffc81d6596a01b85001,10,V2C00821,1,"[1,5,8,9]",4,"[1,2,3,4]",False,"[""positive""]",40,17
23,3,3,[3],30df721d3ae609af9684e311a799e865d89af5cfe302c25d7e3460dbb23b90f1,10,V2C00822,1,"[1,5,8,9]",4,"[1,2,3,4]",False,"[""positive""]",40,17
23,5,5,[5],4db2fca57a0049c7c649f1a529f2c32ff5e8ab03f942dc9ca66c4904d97d8a9d,10,V2C00823,1,"[1,5,8,9]",4,"[1,2,3,4]",False,"[""positive""]",40,17
23,4,4,[4],66634876a180202a1ec9a82837c788c7c964a7b57f65c0f90d77a9191cc37f25,10,V2C00824,1,"[1,5,8,9]",4,"[1,2,3,4]",False,"[""positive""]",40,17
23,1,1,[1],7664a14cb67c08a74ce4f9a0a091c138c675d4fe9d64de17cfdb17eb70c1940b,10,V2C00825,1,"[1,5,8,9]",4,"[1,2,3,4]",False,"[""positive""]",40,17
23,1,1,[1],87a1c0f2d61c0de63bae799fc5dd47cf3a40e996ffb463685e266659e21fd38e,10,V2C00826,1,"[1,5,8,9]",4,"[1,2,3,4]",False,"[""positive""]",40,17
23,2,2,[2],89f82e06fac1887ab29373489601f45ed715711e6842dd53c6ee8b7bf30d89ba,10,V2C00827,1,"[1,5,8,9]",4,"[1,2,3,4]",False,"[""positive""]",40,17
23,2,2,[2],a13efc38b8d612d3156aadb1164ead20d0cb98eebacc3cb39e54ff04b0241757,10,V2C00828,1,"[1,5,8,9]",4,"[1,2,3,4]",False,"[""positive""]",40,17
23,1,1,[1],bf96277ee91d1ba307c6ca5c6f8f56dfca550361283de79703ed834c3ea70ec4,10,V2C00829,1,"[1,5,8,9]",4,"[1,2,3,4]",False,"[""positive""]",40,17
23,4,4,[4],bfc94cf98b0ecc96b0682396db8424c6ac8854d0b1cdf86939ba5e6f10fea1d4,10,V2C00830,1,"[1,5,8,9]",4,"[1,2,3,4]",False,"[""positive""]",40,17
23,4,4,[4],c2017b9edc99e18f8a626a426936fb04a99a68adc9a130b7b995f3c1c0a09003,10,V2C00831,1,"[1,5,8,9]",4,"[1,2,3,4]",False,"[""positive""]",40,17
23,4,4,[4],cfabcfab2a9d921b9f74e1a3fd350d64d5900a19d033982d77c60913aa7f2b7c,10,V2C00832,1,"[1,5,8,9]",4,"[1,2,3,4]",False,"[""positive""]",40,17
23,4,4,[4],e08a293c90181ce6b7dad000d0efec39234c27b737b223a245c59cf2f7d7b922,10,V2C00833,1,"[1,5,8,9]",4,"[1,2,3,4]",False,"[""positive""]",40,17
23,3,3,[3],e3ab9c0071b2d529a961b98b7f0f4c6b38358b8cb48e075f4f7b623187ec4a84,10,V2C00834,1,"[1,5,8,9]",4,"[1,2,3,4]",False,"[""positive""]",40,17
23,0,0,[0],ea66681bd3fa31c8e11d6ea78480e8270755413f76617e47632eef9ba03af4e2,10,V2C00835,1,"[1,5,8,9]",4,"[1,2,3,4]",False,"[""zero""]",40,17
23,2,2,[2],f8978fbfe533a13cd556d5b074f1b016c3c59536cb5f35b0a8f50ef7f21890f9,10,V2C00836,1,"[1,5,8,9]",4,"[1,2,3,4]",False,"[""positive""]",40,17
22,4,4,[4],1194558619f192385a5065099f20de3e070365bbdd2b977abbbe7282dc1f06ec,10,V2C00837,1,"[1,6,7,8]",4,"[1,2,3,4]",False,"[""positive""]",20,9
22,2,2,[2],13a7fa93989872724a335aba7931269880fde46d3cecc5b0fa249548d3257d01,10,V2C00838,1,"[1,6,7,8]",4,"[1,2,3,4]",False,"[""positive""]",20,9
22,4,4,[4],252636a6a03b2c128f0f5fba77e6159c3373c121ae9d5ffc81d6596a01b85001,10,V2C00839,1,"[1,6,7,8]",4,"[1,2,3,4]",False,"[""positive""]",20,9
22,3,3,[3],30df721d3ae609af9684e311a799e865d89af5cfe302c25d7e3460dbb23b90f1,10,V2C00840,1,"[1,6,7,8]",4,"[1,2,3,4]",False,"[""positive""]",20,9
22,1,1,[1],613c0053c8434c4fbb2224231bcebc5c194e86e1dd23986bd3ca4590ee27b63c,10,V2C00841,1,"[1,6,7,8]",4,"[1,2,3,4]",False,"[""positive""]",20,9
22,3,3,[3],66634876a180202a1ec9a82837c788c7c964a7b57f65c0f90d77a9191cc37f25,10,V2C00842,1,"[1,6,7,8]",4,"[1,2,3,4]",False,"[""positive""]",20,9
22,1,1,[1],87a1c0f2d61c0de63bae799fc5dd47cf3a40e996ffb463685e266659e21fd38e,10,V2C00843,1,"[1,6,7,8]",4,"[1,2,3,4]",False,"[""positive""]",20,9
22,1,1,[1],8a229cf8251284c9754bc9dd1187922dbc14d60bc0271ec7860828b78e342838,10,V2C00844,1,"[1,6,7,8]",4,"[1,2,3,4]",False,"[""positive""]",20,9
22,2,2,[2],a13efc38b8d612d3156aadb1164ead20d0cb98eebacc3cb39e54ff04b0241757,10,V2C00845,1,"[1,6,7,8]",4,"[1,2,3,4]",False,"[""positive""]",20,9
22,1,1,[1],bf96277ee91d1ba307c6ca5c6f8f56dfca550361283de79703ed834c3ea70ec4,10,V2C00846,1,"[1,6,7,8]",4,"[1,2,3,4]",False,"[""positive""]",20,9
22,2,2,[2],c2017b9edc99e18f8a626a426936fb04a99a68adc9a130b7b995f3c1c0a09003,10,V2C00847,1,"[1,6,7,8]",4,"[1,2,3,4]",False,"[""positive""]",20,9
22,0,0,[0],ea66681bd3fa31c8e11d6ea78480e8270755413f76617e47632eef9ba03af4e2,10,V2C00848,1,"[1,6,7,8]",4,"[1,2,3,4]",False,"[""zero""]",20,9
23,5,5,[5],1194558619f192385a5065099f20de3e070365bbdd2b977abbbe7282dc1f06ec,10,V2C00849,1,"[1,6,7,9]",4,"[1,2,3,4]",False,"[""positive""]",40,17
23,5,5,[5],252636a6a03b2c128f0f5fba77e6159c3373c121ae9d5ffc81d6596a01b85001,10,V2C00850,1,"[1,6,7,9]",4,"[1,2,3,4]",False,"[""positive""]",40,17
23,3,3,[3],30df721d3ae609af9684e311a799e865d89af5cfe302c25d7e3460dbb23b90f1,10,V2C00851,1,"[1,6,7,9]",4,"[1,2,3,4]",False,"[""positive""]",40,17
23,4,4,[4],4db2fca57a0049c7c649f1a529f2c32ff5e8ab03f942dc9ca66c4904d97d8a9d,10,V2C00852,1,"[1,6,7,9]",4,"[1,2,3,4]",False,"[""positive""]",40,17
23,4,4,[4],66634876a180202a1ec9a82837c788c7c964a7b57f65c0f90d77a9191cc37f25,10,V2C00853,1,"[1,6,7,9]",4,"[1,2,3,4]",False,"[""positive""]",40,17
23,1,1,[1],87a1c0f2d61c0de63bae799fc5dd47cf3a40e996ffb463685e266659e21fd38e,10,V2C00854,1,"[1,6,7,9]",4,"[1,2,3,4]",False,"[""positive""]",40,17
23,3,3,[3],a13efc38b8d612d3156aadb1164ead20d0cb98eebacc3cb39e54ff04b0241757,10,V2C00855,1,"[1,6,7,9]",4,"[1,2,3,4]",False,"[""positive""]",40,17
23,2,2,[2],bf96277ee91d1ba307c6ca5c6f8f56dfca550361283de79703ed834c3ea70ec4,10,V2C00856,1,"[1,6,7,9]",4,"[1,2,3,4]",False,"[""positive""]",40,17
23,2,2,[2],bfc94cf98b0ecc96b0682396db8424c6ac8854d0b1cdf86939ba5e6f10fea1d4,10,V2C00857,1,"[1,6,7,9]",4,"[1,2,3,4]",False,"[""positive""]",40,17
23,3,3,[3],c2017b9edc99e18f8a626a426936fb04a99a68adc9a130b7b995f3c1c0a09003,10,V2C00858,1,"[1,6,7,9]",4,"[1,2,3,4]",False,"[""positive""]",40,17
23,4,4,[4],e08a293c90181ce6b7dad000d0efec39234c27b737b223a245c59cf2f7d7b922,10,V2C00859,1,"[1,6,7,9]",4,"[1,2,3,4]",False,"[""positive""]",40,17
23,0,0,[0],ea66681bd3fa31c8e11d6ea78480e8270755413f76617e47632eef9ba03af4e2,10,V2C00860,1,"[1,6,7,9]",4,"[1,2,3,4]",False,"[""zero""]",40,17
23,1,1,[1],f8978fbfe533a13cd556d5b074f1b016c3c59536cb5f35b0a8f50ef7f21890f9,10,V2C00861,1,"[1,6,7,9]",4,"[1,2,3,4]",False,"[""positive""]",40,17
24,5,5,[5],1194558619f192385a5065099f20de3e070365bbdd2b977abbbe7282dc1f06ec,10,V2C00862,1,"[1,6,8,9]",4,"[1,2,3,4]",False,"[""positive""]",5,2
24,5,5,[5],127b8a694bb9478a6a4b599fc3da8c4b3de4ff8b907122bcbe96abdbbd43d15c,10,V2C00863,1,"[1,6,8,9]",4,"[1,2,3,4]",False,"[""positive""]",5,2
24,5,5,[5],252636a6a03b2c128f0f5fba77e6159c3373c121ae9d5ffc81d6596a01b85001,10,V2C00864,1,"[1,6,8,9]",4,"[1,2,3,4]",False,"[""positive""]",5,2
24,3,3,[3],30df721d3ae609af9684e311a799e865d89af5cfe302c25d7e3460dbb23b90f1,10,V2C00865,1,"[1,6,8,9]",4,"[1,2,3,4]",False,"[""positive""]",5,2
24,5,5,[5],4db2fca57a0049c7c649f1a529f2c32ff5e8ab03f942dc9ca66c4904d97d8a9d,10,V2C00866,1,"[1,6,8,9]",4,"[1,2,3,4]",False,"[""positive""]",5,2
24,4,4,[4],66634876a180202a1ec9a82837c788c7c964a7b57f65c0f90d77a9191cc37f25,10,V2C00867,1,"[1,6,8,9]",4,"[1,2,3,4]",False,"[""positive""]",5,2
24,1,1,[1],87a1c0f2d61c0de63bae799fc5dd47cf3a40e996ffb463685e266659e21fd38e,10,V2C00868,1,"[1,6,8,9]",4,"[1,2,3,4]",False,"[""positive""]",5,2
24,2,2,[2],a13efc38b8d612d3156aadb1164ead20d0cb98eebacc3cb39e54ff04b0241757,10,V2C00869,1,"[1,6,8,9]",4,"[1,2,3,4]",False,"[""positive""]",5,2
24,1,1,[1],bf96277ee91d1ba307c6ca5c6f8f56dfca550361283de79703ed834c3ea70ec4,10,V2C00870,1,"[1,6,8,9]",4,"[1,2,3,4]",False,"[""positive""]",5,2
24,3,3,[3],bfc94cf98b0ecc96b0682396db8424c6ac8854d0b1cdf86939ba5e6f10fea1d4,10,V2C00871,1,"[1,6,8,9]",4,"[1,2,3,4]",False,"[""positive""]",5,2
24,3,3,[3],c2017b9edc99e18f8a626a426936fb04a99a68adc9a130b7b995f3c1c0a09003,10,V2C00872,1,"[1,6,8,9]",4,"[1,2,3,4]",False,"[""positive""]",5,2
24,4,4,[4],cfabcfab2a9d921b9f74e1a3fd350d64d5900a19d033982d77c60913aa7f2b7c,10,V2C00873,1,"[1,6,8,9]",4,"[1,2,3,4]",False,"[""positive""]",5,2
24,4,4,[4],e08a293c90181ce6b7dad000d0efec39234c27b737b223a245c59cf2f7d7b922,10,V2C00874,1,"[1,6,8,9]",4,"[1,2,3,4]",False,"[""positive""]",5,2
24,0,0,[0],ea66681bd3fa31c8e11d6ea78480e8270755413f76617e47632eef9ba03af4e2,10,V2C00875,1,"[1,6,8,9]",4,"[1,2,3,4]",False,"[""zero""]",5,2
24,1,1,[1],f8978fbfe533a13cd556d5b074f1b016c3c59536cb5f35b0a8f50ef7f21890f9,10,V2C00876,1,"[1,6,8,9]",4,"[1,2,3,4]",False,"[""positive""]",5,2
25,5,5,[5],1194558619f192385a5065099f20de3e070365bbdd2b977abbbe7282dc1f06ec,10,V2C00877,1,"[1,7,8,9]",4,"[1,2,3,4]",False,"[""positive""]",8,3
25,5,5,[5],127b8a694bb9478a6a4b599fc3da8c4b3de4ff8b907122bcbe96abdbbd43d15c,10,V2C00878,1,"[1,7,8,9]",4,"[1,2,3,4]",False,"[""positive""]",8,3
25,3,3,[3],30df721d3ae609af9684e311a799e865d89af5cfe302c25d7e3460dbb23b90f1,10,V2C00879,1,"[1,7,8,9]",4,"[1,2,3,4]",False,"[""positive""]",8,3
25,5,5,[5],4db2fca57a0049c7c649f1a529f2c32ff5e8ab03f942dc9ca66c4904d97d8a9d,10,V2C00880,1,"[1,7,8,9]",4,"[1,2,3,4]",False,"[""positive""]",8,3
25,5,5,[5],876c42f19d2f5282b7e0028ee06d3c8bc96c7fcdacbd8606157cf32e2951d3ac,10,V2C00881,1,"[1,7,8,9]",4,"[1,2,3,4]",False,"[""positive""]",8,3
25,1,1,[1],87a1c0f2d61c0de63bae799fc5dd47cf3a40e996ffb463685e266659e21fd38e,10,V2C00882,1,"[1,7,8,9]",4,"[1,2,3,4]",False,"[""positive""]",8,3
25,2,2,[2],a13efc38b8d612d3156aadb1164ead20d0cb98eebacc3cb39e54ff04b0241757,10,V2C00883,1,"[1,7,8,9]",4,"[1,2,3,4]",False,"[""positive""]",8,3
25,1,1,[1],bf96277ee91d1ba307c6ca5c6f8f56dfca550361283de79703ed834c3ea70ec4,10,V2C00884,1,"[1,7,8,9]",4,"[1,2,3,4]",False,"[""positive""]",8,3
25,2,2,[2],bfc94cf98b0ecc96b0682396db8424c6ac8854d0b1cdf86939ba5e6f10fea1d4,10,V2C00885,1,"[1,7,8,9]",4,"[1,2,3,4]",False,"[""positive""]",8,3
25,4,4,[4],e08a293c90181ce6b7dad000d0efec39234c27b737b223a245c59cf2f7d7b922,10,V2C00886,1,"[1,7,8,9]",4,"[1,2,3,4]",False,"[""positive""]",8,3
25,0,0,[0],ea66681bd3fa31c8e11d6ea78480e8270755413f76617e47632eef9ba03af4e2,10,V2C00887,1,"[1,7,8,9]",4,"[1,2,3,4]",False,"[""zero""]",8,3
25,1,1,[1],f8978fbfe533a13cd556d5b074f1b016c3c59536cb5f35b0a8f50ef7f21890f9,10,V2C00888,1,"[1,7,8,9]",4,"[1,2,3,4]",False,"[""positive""]",8,3
14,-4,-4,[-4],0beceb8a734859055b448c96855ffeb6d985db8436505cef461a78c612cdd28c,10,V2C00889,1,"[2,3,4,5]",4,"[1,2,3,4]",False,"[""negative""]",20,13
14,0,0,[0],25b63d91ffffefe5ce70df559ef971fa18ef128a7d4e68fd23d74e049c3e9241,10,V2C00890,1,"[2,3,4,5]",4,"[1,2,3,4]",False,"[""zero""]",20,13
14,-3,-3,[-3],34b190b5610a41440aa52bd08cc4669f73a9fa8b3079a46009fd2c5df1db8934,10,V2C00891,1,"[2,3,4,5]",4,"[1,2,3,4]",False,"[""negative""]",20,13
14,0,0,[0],35fc9ce4259d0ea82513a1c12593793b28f6b55e3f82df003e797e0d5baac9cc,10,V2C00892,1,"[2,3,4,5]",4,"[1,2,3,4]",False,"[""zero""]",20,13
14,-3,-3,[-3],79b1633a597afd6168627e40c94d06da15c6fe9d1190e6706ab073336c25f82b,10,V2C00893,1,"[2,3,4,5]",4,"[1,2,3,4]",False,"[""negative""]",20,13
14,-2,-2,[-2],a5f58ea3ca673a218027454b420ebac3db95bc1163f6c6b84f24fe9fe4ad4101,10,V2C00894,1,"[2,3,4,5]",4,"[1,2,3,4]",False,"[""negative""]",20,13
14,1,0,"[0,1]",a6e8f755912a2036daa82da85871299b04f26a37ce5645bead34dd133f460b87,10,V2C00895,2,"[2,3,4,5]",4,"[1,2,3,4]",False,"[""positive"",""zero""]",20,13
14,-2,-2,[-2],aac920d42175c0111569e218d1d5ddf9eb4a6fdca7cd09bee48ecf84934b5f94,10,V2C00896,1,"[2,3,4,5]",4,"[1,2,3,4]",False,"[""negative""]",20,13
14,-1,-1,[-1],c05f23394596ae9fa98df31ef87a596f92c6c6244caad6bfd01272cc5daa4d63,10,V2C00897,1,"[2,3,4,5]",4,"[1,2,3,4]",False,"[""negative""]",20,13
14,-2,-2,[-2],c23b3ba67a722e02ce17f0c28ffbf2fc60adf58875dfb5083ee34e0edb570b0b,10,V2C00898,1,"[2,3,4,5]",4,"[1,2,3,4]",False,"[""negative""]",20,13
14,-1,-1,[-1],c2be3a981d3ef5cf56f6d4c5b35f7f7d6e14056f9641ec7964439c2543d09e4e,10,V2C00899,1,"[2,3,4,5]",4,"[1,2,3,4]",False,"[""negative""]",20,13
14,-1,-1,[-1],d9c68703a6aba49a2be277565fb4948f8fc8c1ae4eaaca7e8ceb5696a9867721,10,V2C00900,1,"[2,3,4,5]",4,"[1,2,3,4]",False,"[""negative""]",20,13
14,-3,-3,[-3],eeeb84a07001d490acb2e41ca051999ffeb0b61ed70ee0adf318857cb3d31a80,10,V2C00901,1,"[2,3,4,5]",4,"[1,2,3,4]",False,"[""negative""]",20,13
15,-3,-3,[-3],06365582b5ac2955c7b7e93867da332245395da2260b283feb7ede45c19b8f32,10,V2C00902,1,"[2,3,4,6]",4,"[1,2,3,4]",False,"[""negative""]",8,5
15,-3,-3,[-3],0beceb8a734859055b448c96855ffeb6d985db8436505cef461a78c612cdd28c,10,V2C00903,1,"[2,3,4,6]",4,"[1,2,3,4]",False,"[""negative""]",8,5
15,0,0,[0],25b63d91ffffefe5ce70df559ef971fa18ef128a7d4e68fd23d74e049c3e9241,10,V2C00904,1,"[2,3,4,6]",4,"[1,2,3,4]",False,"[""zero""]",8,5
15,-2,-2,[-2],289004324b08c05289d088ece7659bf1589e11031e41c88b243d840ff4860908,10,V2C00905,1,"[2,3,4,6]",4,"[1,2,3,4]",False,"[""negative""]",8,5
15,-2,-2,[-2],34b190b5610a41440aa52bd08cc4669f73a9fa8b3079a46009fd2c5df1db8934,10,V2C00906,1,"[2,3,4,6]",4,"[1,2,3,4]",False,"[""negative""]",8,5
15,-1,-1,[-1],65448a3712e365b672836df59c3aa18934d863ddd8f161aea2af9a503d4eead3,10,V2C00907,1,"[2,3,4,6]",4,"[1,2,3,4]",False,"[""negative""]",8,5
15,-4,-4,[-4],70363939d1c824af8b02413be2ce151ba315a7dcfeba65534e9d21662b30564b,10,V2C00908,1,"[2,3,4,6]",4,"[1,2,3,4]",False,"[""negative""]",8,5
15,-2,-2,[-2],7398ac56383a9fe707e8b84d7c51e036d37ffa96846ec9ebea1633f05f55d881,10,V2C00909,1,"[2,3,4,6]",4,"[1,2,3,4]",False,"[""negative""]",8,5
15,-3,-3,[-3],79b1633a597afd6168627e40c94d06da15c6fe9d1190e6706ab073336c25f82b,10,V2C00910,1,"[2,3,4,6]",4,"[1,2,3,4]",False,"[""negative""]",8,5
15,1,1,[1],87a1c0f2d61c0de63bae799fc5dd47cf3a40e996ffb463685e266659e21fd38e,10,V2C00911,1,"[2,3,4,6]",4,"[1,2,3,4]",False,"[""positive""]",8,5
15,-2,-2,[-2],a5f58ea3ca673a218027454b420ebac3db95bc1163f6c6b84f24fe9fe4ad4101,10,V2C00912,1,"[2,3,4,6]",4,"[1,2,3,4]",False,"[""negative""]",8,5
15,0,0,[0],a6e8f755912a2036daa82da85871299b04f26a37ce5645bead34dd133f460b87,10,V2C00913,1,"[2,3,4,6]",4,"[1,2,3,4]",False,"[""zero""]",8,5
15,-2,-2,[-2],aac920d42175c0111569e218d1d5ddf9eb4a6fdca7cd09bee48ecf84934b5f94,10,V2C00914,1,"[2,3,4,6]",4,"[1,2,3,4]",False,"[""negative""]",8,5
15,0,0,[0],c05f23394596ae9fa98df31ef87a596f92c6c6244caad6bfd01272cc5daa4d63,10,V2C00915,1,"[2,3,4,6]",4,"[1,2,3,4]",False,"[""zero""]",8,5
15,-1,-1,[-1],c23b3ba67a722e02ce17f0c28ffbf2fc60adf58875dfb5083ee34e0edb570b0b,10,V2C00916,1,"[2,3,4,6]",4,"[1,2,3,4]",False,"[""negative""]",8,5
15,0,0,[0],c2be3a981d3ef5cf56f6d4c5b35f7f7d6e14056f9641ec7964439c2543d09e4e,10,V2C00917,1,"[2,3,4,6]",4,"[1,2,3,4]",False,"[""zero""]",8,5
15,-1,-1,[-1],d9c68703a6aba49a2be277565fb4948f8fc8c1ae4eaaca7e8ceb5696a9867721,10,V2C00918,1,"[2,3,4,6]",4,"[1,2,3,4]",False,"[""negative""]",8,5
15,0,0,[0],ea66681bd3fa31c8e11d6ea78480e8270755413f76617e47632eef9ba03af4e2,10,V2C00919,1,"[2,3,4,6]",4,"[1,2,3,4]",False,"[""zero""]",8,5
15,-2,-2,[-2],eeeb84a07001d490acb2e41ca051999ffeb0b61ed70ee0adf318857cb3d31a80,10,V2C00920,1,"[2,3,4,6]",4,"[1,2,3,4]",False,"[""negative""]",8,5
15,-4,-4,[-4],fb64c3c790757cecf7c382b67151b0b6fbc0ae766d60fb63a07558af34321611,10,V2C00921,1,"[2,3,4,6]",4,"[1,2,3,4]",False,"[""negative""]",8,5
16,-2,-2,[-2],06365582b5ac2955c7b7e93867da332245395da2260b283feb7ede45c19b8f32,10,V2C00922,1,"[2,3,4,7]",4,"[1,2,3,4]",False,"[""negative""]",5,3
16,-2,-2,[-2],0beceb8a734859055b448c96855ffeb6d985db8436505cef461a78c612cdd28c,10,V2C00923,1,"[2,3,4,7]",4,"[1,2,3,4]",False,"[""negative""]",5,3
16,-1,-1,[-1],289004324b08c05289d088ece7659bf1589e11031e41c88b243d840ff4860908,10,V2C00924,1,"[2,3,4,7]",4,"[1,2,3,4]",False,"[""negative""]",5,3
16,-1,-1,[-1],34b190b5610a41440aa52bd08cc4669f73a9fa8b3079a46009fd2c5df1db8934,10,V2C00925,1,"[2,3,4,7]",4,"[1,2,3,4]",False,"[""negative""]",5,3
16,0,0,[0],65448a3712e365b672836df59c3aa18934d863ddd8f161aea2af9a503d4eead3,10,V2C00926,1,"[2,3,4,7]",4,"[1,2,3,4]",False,"[""zero""]",5,3
16,-3,-3,[-3],70363939d1c824af8b02413be2ce151ba315a7dcfeba65534e9d21662b30564b,10,V2C00927,1,"[2,3,4,7]",4,"[1,2,3,4]",False,"[""negative""]",5,3
16,-1,-1,[-1],7398ac56383a9fe707e8b84d7c51e036d37ffa96846ec9ebea1633f05f55d881,10,V2C00928,1,"[2,3,4,7]",4,"[1,2,3,4]",False,"[""negative""]",5,3
16,1,1,[1],87a1c0f2d61c0de63bae799fc5dd47cf3a40e996ffb463685e266659e21fd38e,10,V2C00929,1,"[2,3,4,7]",4,"[1,2,3,4]",False,"[""positive""]",5,3
16,0,0,[0],a6e8f755912a2036daa82da85871299b04f26a37ce5645bead34dd133f460b87,10,V2C00930,1,"[2,3,4,7]",4,"[1,2,3,4]",False,"[""zero""]",5,3
16,1,1,[1],c05f23394596ae9fa98df31ef87a596f92c6c6244caad6bfd01272cc5daa4d63,10,V2C00931,1,"[2,3,4,7]",4,"[1,2,3,4]",False,"[""positive""]",5,3
16,0,0,[0],c23b3ba67a722e02ce17f0c28ffbf2fc60adf58875dfb5083ee34e0edb570b0b,10,V2C00932,1,"[2,3,4,7]",4,"[1,2,3,4]",False,"[""zero""]",5,3
16,1,1,[1],c2be3a981d3ef5cf56f6d4c5b35f7f7d6e14056f9641ec7964439c2543d09e4e,10,V2C00933,1,"[2,3,4,7]",4,"[1,2,3,4]",False,"[""positive""]",5,3
16,0,0,[0],ea66681bd3fa31c8e11d6ea78480e8270755413f76617e47632eef9ba03af4e2,10,V2C00934,1,"[2,3,4,7]",4,"[1,2,3,4]",False,"[""zero""]",5,3
16,-1,-1,[-1],eeeb84a07001d490acb2e41ca051999ffeb0b61ed70ee0adf318857cb3d31a80,10,V2C00935,1,"[2,3,4,7]",4,"[1,2,3,4]",False,"[""negative""]",5,3
16,-3,-3,[-3],fb64c3c790757cecf7c382b67151b0b6fbc0ae766d60fb63a07558af34321611,10,V2C00936,1,"[2,3,4,7]",4,"[1,2,3,4]",False,"[""negative""]",5,3
17,-1,-1,[-1],06365582b5ac2955c7b7e93867da332245395da2260b283feb7ede45c19b8f32,10,V2C00937,1,"[2,3,4,8]",4,"[1,2,3,4]",False,"[""negative""]",40,23
17,-1,-1,[-1],0df6bde542716c5744afcc5248bc12866f8ce2502be1abe144d6837c68e080a2,10,V2C00938,1,"[2,3,4,8]",4,"[1,2,3,4]",False,"[""negative""]",40,23
17,0,0,[0],289004324b08c05289d088ece7659bf1589e11031e41c88b243d840ff4860908,10,V2C00939,1,"[2,3,4,8]",4,"[1,2,3,4]",False,"[""zero""]",40,23
17,0,0,[0],3ca03539be6ab086d0397d6b9a775967db4072cea9c95a032895b43e34fcc9be,10,V2C00940,1,"[2,3,4,8]",4,"[1,2,3,4]",False,"[""zero""]",40,23
17,0,0,[0],5c200179a750bc19d10f8158a99c4a7ef1c6ca468862a28221f78e0f8b7ec91c,10,V2C00941,1,"[2,3,4,8]",4,"[1,2,3,4]",False,"[""zero""]",40,23
17,1,1,[1],65448a3712e365b672836df59c3aa18934d863ddd8f161aea2af9a503d4eead3,10,V2C00942,1,"[2,3,4,8]",4,"[1,2,3,4]",False,"[""positive""]",40,23
17,-2,-2,[-2],70363939d1c824af8b02413be2ce151ba315a7dcfeba65534e9d21662b30564b,10,V2C00943,1,"[2,3,4,8]",4,"[1,2,3,4]",False,"[""negative""]",40,23
17,0,0,[0],7398ac56383a9fe707e8b84d7c51e036d37ffa96846ec9ebea1633f05f55d881,10,V2C00944,1,"[2,3,4,8]",4,"[1,2,3,4]",False,"[""zero""]",40,23
17,1,1,[1],87a1c0f2d61c0de63bae799fc5dd47cf3a40e996ffb463685e266659e21fd38e,10,V2C00945,1,"[2,3,4,8]",4,"[1,2,3,4]",False,"[""positive""]",40,23
17,2,2,[2],a13efc38b8d612d3156aadb1164ead20d0cb98eebacc3cb39e54ff04b0241757,10,V2C00946,1,"[2,3,4,8]",4,"[1,2,3,4]",False,"[""positive""]",40,23
17,0,0,[0],a6e8f755912a2036daa82da85871299b04f26a37ce5645bead34dd133f460b87,10,V2C00947,1,"[2,3,4,8]",4,"[1,2,3,4]",False,"[""zero""]",40,23
17,1,1,[1],bf96277ee91d1ba307c6ca5c6f8f56dfca550361283de79703ed834c3ea70ec4,10,V2C00948,1,"[2,3,4,8]",4,"[1,2,3,4]",False,"[""positive""]",40,23
17,0,0,[0],ea66681bd3fa31c8e11d6ea78480e8270755413f76617e47632eef9ba03af4e2,10,V2C00949,1,"[2,3,4,8]",4,"[1,2,3,4]",False,"[""zero""]",40,23
17,-2,-2,[-2],fb64c3c790757cecf7c382b67151b0b6fbc0ae766d60fb63a07558af34321611,10,V2C00950,1,"[2,3,4,8]",4,"[1,2,3,4]",False,"[""negative""]",40,23
18,0,0,[0],0df6bde542716c5744afcc5248bc12866f8ce2502be1abe144d6837c68e080a2,10,V2C00951,1,"[2,3,4,9]",4,"[1,2,3,4]",False,"[""zero""]",20,11
18,3,3,[3],22b63d5f817dfd2c85ea10e7620dd96ce2db5b8b4f61fe36fb04096fd6ca3457,10,V2C00952,1,"[2,3,4,9]",4,"[1,2,3,4]",False,"[""positive""]",20,11
18,1,1,[1],3ca03539be6ab086d0397d6b9a775967db4072cea9c95a032895b43e34fcc9be,10,V2C00953,1,"[2,3,4,9]",4,"[1,2,3,4]",False,"[""positive""]",20,11
18,0,0,[0],54c92a0ece903de78fb5bd1429e8b7df5118e95f8bfef93dac7424f79f1b3989,10,V2C00954,1,"[2,3,4,9]",4,"[1,2,3,4]",False,"[""zero""]",20,11
18,2,2,[2],566357391221ce5825d6149cb155d0bc5c27a9361fb17ee13ffc442b5f4a8ef7,10,V2C00955,1,"[2,3,4,9]",4,"[1,2,3,4]",False,"[""positive""]",20,11
18,1,1,[1],5c200179a750bc19d10f8158a99c4a7ef1c6ca468862a28221f78e0f8b7ec91c,10,V2C00956,1,"[2,3,4,9]",4,"[1,2,3,4]",False,"[""positive""]",20,11
18,1,1,[1],87a1c0f2d61c0de63bae799fc5dd47cf3a40e996ffb463685e266659e21fd38e,10,V2C00957,1,"[2,3,4,9]",4,"[1,2,3,4]",False,"[""positive""]",20,11
18,3,3,[3],a13efc38b8d612d3156aadb1164ead20d0cb98eebacc3cb39e54ff04b0241757,10,V2C00958,1,"[2,3,4,9]",4,"[1,2,3,4]",False,"[""positive""]",20,11
18,0,0,[0],a6e8f755912a2036daa82da85871299b04f26a37ce5645bead34dd133f460b87,10,V2C00959,1,"[2,3,4,9]",4,"[1,2,3,4]",False,"[""zero""]",20,11
18,1,1,[1],aa398c89211044a7bfcf4408f719fa25ae08e5624076ee1216b0c0dde6c79776,10,V2C00960,1,"[2,3,4,9]",4,"[1,2,3,4]",False,"[""positive""]",20,11
18,2,2,[2],bf96277ee91d1ba307c6ca5c6f8f56dfca550361283de79703ed834c3ea70ec4,10,V2C00961,1,"[2,3,4,9]",4,"[1,2,3,4]",False,"[""positive""]",20,11
18,1,1,[1],c289548e2cdd3d81f1baca3d4583d8291a994759b3ef3bd06c0b3cbd778789fd,10,V2C00962,1,"[2,3,4,9]",4,"[1,2,3,4]",False,"[""positive""]",20,11
18,0,0,[0],ea66681bd3fa31c8e11d6ea78480e8270755413f76617e47632eef9ba03af4e2,10,V2C00963,1,"[2,3,4,9]",4,"[1,2,3,4]",False,"[""zero""]",20,11
18,3,3,[3],f8978fbfe533a13cd556d5b074f1b016c3c59536cb5f35b0a8f50ef7f21890f9,10,V2C00964,1,"[2,3,4,9]",4,"[1,2,3,4]",False,"[""positive""]",20,11
16,-2,-2,[-2],06365582b5ac2955c7b7e93867da332245395da2260b283feb7ede45c19b8f32,10,V2C00965,1,"[2,3,5,6]",4,"[1,2,3,4]",False,"[""negative""]",5,3
16,-2,-2,[-2],0beceb8a734859055b448c96855ffeb6d985db8436505cef461a78c612cdd28c,10,V2C00966,1,"[2,3,5,6]",4,"[1,2,3,4]",False,"[""negative""]",5,3
16,1,1,[1],141843abbc1ad36d104a05bb60ecda8e13845da4539cd651c5c9d0010163f01e,10,V2C00967,1,"[2,3,5,6]",4,"[1,2,3,4]",False,"[""positive""]",5,3
16,0,0,[0],25b63d91ffffefe5ce70df559ef971fa18ef128a7d4e68fd23d74e049c3e9241,10,V2C00968,1,"[2,3,5,6]",4,"[1,2,3,4]",False,"[""zero""]",5,3
16,-2,-2,[-2],289004324b08c05289d088ece7659bf1589e11031e41c88b243d840ff4860908,10,V2C00969,1,"[2,3,5,6]",4,"[1,2,3,4]",False,"[""negative""]",5,3
16,-1,-1,[-1],42957ee41e558fa0677d336c93a6e1fb3cdc50509870fc1061d87044394d3ca6,10,V2C00970,1,"[2,3,5,6]",4,"[1,2,3,4]",False,"[""negative""]",5,3
16,-1,-1,[-1],429e40c48a57d6d3c915784e8c9dcea211a3fffe939cd39315938341a18c11de,10,V2C00971,1,"[2,3,5,6]",4,"[1,2,3,4]",False,"[""negative""]",5,3
16,-1,-1,[-1],65448a3712e365b672836df59c3aa18934d863ddd8f161aea2af9a503d4eead3,10,V2C00972,1,"[2,3,5,6]",4,"[1,2,3,4]",False,"[""negative""]",5,3
16,-2,-2,[-2],67d378bd917ef7941850e40b4b54829c7a652126026872255e1b3ccb9133adc4,10,V2C00973,1,"[2,3,5,6]",4,"[1,2,3,4]",False,"[""negative""]",5,3
16,-4,-4,[-4],70363939d1c824af8b02413be2ce151ba315a7dcfeba65534e9d21662b30564b,10,V2C00974,1,"[2,3,5,6]",4,"[1,2,3,4]",False,"[""negative""]",5,3
16,-2,-2,[-2],7398ac56383a9fe707e8b84d7c51e036d37ffa96846ec9ebea1633f05f55d881,10,V2C00975,1,"[2,3,5,6]",4,"[1,2,3,4]",False,"[""negative""]",5,3
16,1,1,[1],7664a14cb67c08a74ce4f9a0a091c138c675d4fe9d64de17cfdb17eb70c1940b,10,V2C00976,1,"[2,3,5,6]",4,"[1,2,3,4]",False,"[""positive""]",5,3
16,-2,-2,[-2],86c36de9ab29324281fbbb5548914d22acc1c4ade8257c3a72b60f88ef351a2d,10,V2C00977,1,"[2,3,5,6]",4,"[1,2,3,4]",False,"[""negative""]",5,3
16,1,1,[1],87a1c0f2d61c0de63bae799fc5dd47cf3a40e996ffb463685e266659e21fd38e,10,V2C00978,1,"[2,3,5,6]",4,"[1,2,3,4]",False,"[""positive""]",5,3
16,-1,-1,[-1],aac920d42175c0111569e218d1d5ddf9eb4a6fdca7cd09bee48ecf84934b5f94,10,V2C00979,1,"[2,3,5,6]",4,"[1,2,3,4]",False,"[""negative""]",5,3
16,0,0,[0],c05f23394596ae9fa98df31ef87a596f92c6c6244caad6bfd01272cc5daa4d63,10,V2C00980,1,"[2,3,5,6]",4,"[1,2,3,4]",False,"[""zero""]",5,3
16,0,0,[0],c2be3a981d3ef5cf56f6d4c5b35f7f7d6e14056f9641ec7964439c2543d09e4e,10,V2C00981,1,"[2,3,5,6]",4,"[1,2,3,4]",False,"[""zero""]",5,3
16,-1,-1,[-1],d9c68703a6aba49a2be277565fb4948f8fc8c1ae4eaaca7e8ceb5696a9867721,10,V2C00982,1,"[2,3,5,6]",4,"[1,2,3,4]",False,"[""negative""]",5,3
16,0,0,[0],ea66681bd3fa31c8e11d6ea78480e8270755413f76617e47632eef9ba03af4e2,10,V2C00983,1,"[2,3,5,6]",4,"[1,2,3,4]",False,"[""zero""]",5,3
16,-1,-1,[-1],eeeb84a07001d490acb2e41ca051999ffeb0b61ed70ee0adf318857cb3d31a80,10,V2C00984,1,"[2,3,5,6]",4,"[1,2,3,4]",False,"[""negative""]",5,3
16,-3,-3,[-3],fb64c3c790757cecf7c382b67151b0b6fbc0ae766d60fb63a07558af34321611,10,V2C00985,1,"[2,3,5,6]",4,"[1,2,3,4]",False,"[""negative""]",5,3
17,-1,-1,[-1],06365582b5ac2955c7b7e93867da332245395da2260b283feb7ede45c19b8f32,10,V2C00986,1,"[2,3,5,7]",4,"[1,2,3,4]",False,"[""negative""]",40,23
17,-1,-1,[-1],0beceb8a734859055b448c96855ffeb6d985db8436505cef461a78c612cdd28c,10,V2C00987,1,"[2,3,5,7]",4,"[1,2,3,4]",False,"[""negative""]",40,23
17,1,1,[1],141843abbc1ad36d104a05bb60ecda8e13845da4539cd651c5c9d0010163f01e,10,V2C00988,1,"[2,3,5,7]",4,"[1,2,3,4]",False,"[""positive""]",40,23
17,-1,-1,[-1],289004324b08c05289d088ece7659bf1589e11031e41c88b243d840ff4860908,10,V2C00989,1,"[2,3,5,7]",4,"[1,2,3,4]",False,"[""negative""]",40,23
17,0,0,[0],429e40c48a57d6d3c915784e8c9dcea211a3fffe939cd39315938341a18c11de,10,V2C00990,1,"[2,3,5,7]",4,"[1,2,3,4]",False,"[""zero""]",40,23
17,0,0,[0],65448a3712e365b672836df59c3aa18934d863ddd8f161aea2af9a503d4eead3,10,V2C00991,1,"[2,3,5,7]",4,"[1,2,3,4]",False,"[""zero""]",40,23
17,-3,-3,[-3],70363939d1c824af8b02413be2ce151ba315a7dcfeba65534e9d21662b30564b,10,V2C00992,1,"[2,3,5,7]",4,"[1,2,3,4]",False,"[""negative""]",40,23
17,-1,-1,[-1],7398ac56383a9fe707e8b84d7c51e036d37ffa96846ec9ebea1633f05f55d881,10,V2C00993,1,"[2,3,5,7]",4,"[1,2,3,4]",False,"[""negative""]",40,23
17,1,1,[1],7664a14cb67c08a74ce4f9a0a091c138c675d4fe9d64de17cfdb17eb70c1940b,10,V2C00994,1,"[2,3,5,7]",4,"[1,2,3,4]",False,"[""positive""]",40,23
17,-1,-1,[-1],86c36de9ab29324281fbbb5548914d22acc1c4ade8257c3a72b60f88ef351a2d,10,V2C00995,1,"[2,3,5,7]",4,"[1,2,3,4]",False,"[""negative""]",40,23
17,1,1,[1],87a1c0f2d61c0de63bae799fc5dd47cf3a40e996ffb463685e266659e21fd38e,10,V2C00996,1,"[2,3,5,7]",4,"[1,2,3,4]",False,"[""positive""]",40,23
17,1,1,[1],c05f23394596ae9fa98df31ef87a596f92c6c6244caad6bfd01272cc5daa4d63,10,V2C00997,1,"[2,3,5,7]",4,"[1,2,3,4]",False,"[""positive""]",40,23
17,1,1,[1],c2be3a981d3ef5cf56f6d4c5b35f7f7d6e14056f9641ec7964439c2543d09e4e,10,V2C00998,1,"[2,3,5,7]",4,"[1,2,3,4]",False,"[""positive""]",40,23
17,0,0,[0],ea66681bd3fa31c8e11d6ea78480e8270755413f76617e47632eef9ba03af4e2,10,V2C00999,1,"[2,3,5,7]",4,"[1,2,3,4]",False,"[""zero""]",40,23
17,0,0,[0],eeeb84a07001d490acb2e41ca051999ffeb0b61ed70ee0adf318857cb3d31a80,10,V2C01000,1,"[2,3,5,7]",4,"[1,2,3,4]",False,"[""zero""]",40,23
17,-2,-2,[-2],fb64c3c790757cecf7c382b67151b0b6fbc0ae766d60fb63a07558af34321611,10,V2C01001,1,"[2,3,5,7]",4,"[1,2,3,4]",False,"[""negative""]",40,23
18,0,0,[0],06365582b5ac2955c7b7e93867da332245395da2260b283feb7ede45c19b8f32,10,V2C01002,1,"[2,3,5,8]",4,"[1,2,3,4]",False,"[""zero""]",20,11
18,1,1,[1],141843abbc1ad36d104a05bb60ecda8e13845da4539cd651c5c9d0010163f01e,10,V2C01003,1,"[2,3,5,8]",4,"[1,2,3,4]",False,"[""positive""]",20,11
18,0,0,[0],289004324b08c05289d088ece7659bf1589e11031e41c88b243d840ff4860908,10,V2C01004,1,"[2,3,5,8]",4,"[1,2,3,4]",False,"[""zero""]",20,11
18,1,1,[1],5c200179a750bc19d10f8158a99c4a7ef1c6ca468862a28221f78e0f8b7ec91c,10,V2C01005,1,"[2,3,5,8]",4,"[1,2,3,4]",False,"[""positive""]",20,11
18,1,1,[1],65448a3712e365b672836df59c3aa18934d863ddd8f161aea2af9a503d4eead3,10,V2C01006,1,"[2,3,5,8]",4,"[1,2,3,4]",False,"[""positive""]",20,11
18,-2,-2,[-2],70363939d1c824af8b02413be2ce151ba315a7dcfeba65534e9d21662b30564b,10,V2C01007,1,"[2,3,5,8]",4,"[1,2,3,4]",False,"[""negative""]",20,11
18,0,0,[0],7398ac56383a9fe707e8b84d7c51e036d37ffa96846ec9ebea1633f05f55d881,10,V2C01008,1,"[2,3,5,8]",4,"[1,2,3,4]",False,"[""zero""]",20,11
18,1,1,[1],7664a14cb67c08a74ce4f9a0a091c138c675d4fe9d64de17cfdb17eb70c1940b,10,V2C01009,1,"[2,3,5,8]",4,"[1,2,3,4]",False,"[""positive""]",20,11
18,1,1,[1],87a1c0f2d61c0de63bae799fc5dd47cf3a40e996ffb463685e266659e21fd38e,10,V2C01010,1,"[2,3,5,8]",4,"[1,2,3,4]",False,"[""positive""]",20,11
18,2,2,[2],a13efc38b8d612d3156aadb1164ead20d0cb98eebacc3cb39e54ff04b0241757,10,V2C01011,1,"[2,3,5,8]",4,"[1,2,3,4]",False,"[""positive""]",20,11
18,1,1,[1],bf96277ee91d1ba307c6ca5c6f8f56dfca550361283de79703ed834c3ea70ec4,10,V2C01012,1,"[2,3,5,8]",4,"[1,2,3,4]",False,"[""positive""]",20,11
18,0,0,[0],ea66681bd3fa31c8e11d6ea78480e8270755413f76617e47632eef9ba03af4e2,10,V2C01013,1,"[2,3,5,8]",4,"[1,2,3,4]",False,"[""zero""]",20,11
18,-1,-1,[-1],fb64c3c790757cecf7c382b67151b0b6fbc0ae766d60fb63a07558af34321611,10,V2C01014,1,"[2,3,5,8]",4,"[1,2,3,4]",False,"[""negative""]",20,11
19,1,1,[1],141843abbc1ad36d104a05bb60ecda8e13845da4539cd651c5c9d0010163f01e,10,V2C01015,1,"[2,3,5,9]",4,"[1,2,3,4]",False,"[""positive""]",40,21
19,3,3,[3],22b63d5f817dfd2c85ea10e7620dd96ce2db5b8b4f61fe36fb04096fd6ca3457,10,V2C01016,1,"[2,3,5,9]",4,"[1,2,3,4]",False,"[""positive""]",40,21
19,1,1,[1],54c92a0ece903de78fb5bd1429e8b7df5118e95f8bfef93dac7424f79f1b3989,10,V2C01017,1,"[2,3,5,9]",4,"[1,2,3,4]",False,"[""positive""]",40,21
19,2,2,[2],5c200179a750bc19d10f8158a99c4a7ef1c6ca468862a28221f78e0f8b7ec91c,10,V2C01018,1,"[2,3,5,9]",4,"[1,2,3,4]",False,"[""positive""]",40,21
19,1,1,[1],7664a14cb67c08a74ce4f9a0a091c138c675d4fe9d64de17cfdb17eb70c1940b,10,V2C01019,1,"[2,3,5,9]",4,"[1,2,3,4]",False,"[""positive""]",40,21
19,1,1,[1],87a1c0f2d61c0de63bae799fc5dd47cf3a40e996ffb463685e266659e21fd38e,10,V2C01020,1,"[2,3,5,9]",4,"[1,2,3,4]",False,"[""positive""]",40,21
19,3,3,[3],a13efc38b8d612d3156aadb1164ead20d0cb98eebacc3cb39e54ff04b0241757,10,V2C01021,1,"[2,3,5,9]",4,"[1,2,3,4]",False,"[""positive""]",40,21
19,2,2,[2],bf96277ee91d1ba307c6ca5c6f8f56dfca550361283de79703ed834c3ea70ec4,10,V2C01022,1,"[2,3,5,9]",4,"[1,2,3,4]",False,"[""positive""]",40,21
19,2,2,[2],c289548e2cdd3d81f1baca3d4583d8291a994759b3ef3bd06c0b3cbd778789fd,10,V2C01023,1,"[2,3,5,9]",4,"[1,2,3,4]",False,"[""positive""]",40,21
19,0,0,[0],ea66681bd3fa31c8e11d6ea78480e8270755413f76617e47632eef9ba03af4e2,10,V2C01024,1,"[2,3,5,9]",4,"[1,2,3,4]",False,"[""zero""]",40,21
19,3,3,[3],f8978fbfe533a13cd556d5b074f1b016c3c59536cb5f35b0a8f50ef7f21890f9,10,V2C01025,1,"[2,3,5,9]",4,"[1,2,3,4]",False,"[""positive""]",40,21
18,0,0,[0],0beceb8a734859055b448c96855ffeb6d985db8436505cef461a78c612cdd28c,10,V2C01026,1,"[2,3,6,7]",4,"[1,2,3,4]",False,"[""zero""]",20,11
18,2,2,[2],141843abbc1ad36d104a05bb60ecda8e13845da4539cd651c5c9d0010163f01e,10,V2C01027,1,"[2,3,6,7]",4,"[1,2,3,4]",False,"[""positive""]",20,11
18,-1,-1,[-1],287e4579f9cab9c90fe17b81d6b26cf3b71333bc83fb5763ed0e06be66b6ed1d,10,V2C01028,1,"[2,3,6,7]",4,"[1,2,3,4]",False,"[""negative""]",20,11
18,0,0,[0],551332a25907281b03b42ca753221eb302f5f3d64d96f2bdff44566b0e948f49,10,V2C01029,1,"[2,3,6,7]",4,"[1,2,3,4]",False,"[""zero""]",20,11
18,0,0,[0],65448a3712e365b672836df59c3aa18934d863ddd8f161aea2af9a503d4eead3,10,V2C01030,1,"[2,3,6,7]",4,"[1,2,3,4]",False,"[""zero""]",20,11
18,-1,-1,[-1],7398ac56383a9fe707e8b84d7c51e036d37ffa96846ec9ebea1633f05f55d881,10,V2C01031,1,"[2,3,6,7]",4,"[1,2,3,4]",False,"[""negative""]",20,11
18,1,1,[1],74da8e63038246f52b49d869688567e5207353baf01a0095c34f03b41262c792,10,V2C01032,1,"[2,3,6,7]",4,"[1,2,3,4]",False,"[""positive""]",20,11
18,2,2,[2],7664a14cb67c08a74ce4f9a0a091c138c675d4fe9d64de17cfdb17eb70c1940b,10,V2C01033,1,"[2,3,6,7]",4,"[1,2,3,4]",False,"[""positive""]",20,11
18,1,1,[1],87a1c0f2d61c0de63bae799fc5dd47cf3a40e996ffb463685e266659e21fd38e,10,V2C01034,1,"[2,3,6,7]",4,"[1,2,3,4]",False,"[""positive""]",20,11
18,2,2,[2],89f82e06fac1887ab29373489601f45ed715711e6842dd53c6ee8b7bf30d89ba,10,V2C01035,1,"[2,3,6,7]",4,"[1,2,3,4]",False,"[""positive""]",20,11
18,1,1,[1],c05f23394596ae9fa98df31ef87a596f92c6c6244caad6bfd01272cc5daa4d63,10,V2C01036,1,"[2,3,6,7]",4,"[1,2,3,4]",False,"[""positive""]",20,11
18,1,1,[1],c2017b9edc99e18f8a626a426936fb04a99a68adc9a130b7b995f3c1c0a09003,10,V2C01037,1,"[2,3,6,7]",4,"[1,2,3,4]",False,"[""positive""]",20,11
18,1,1,[1],c2be3a981d3ef5cf56f6d4c5b35f7f7d6e14056f9641ec7964439c2543d09e4e,10,V2C01038,1,"[2,3,6,7]",4,"[1,2,3,4]",False,"[""positive""]",20,11
18,0,0,[0],d5cb868f906a8e579dbe28390206aa16c73fa6eae9ae6588bab70248a844933c,10,V2C01039,1,"[2,3,6,7]",4,"[1,2,3,4]",False,"[""zero""]",20,11
18,0,0,[0],ea66681bd3fa31c8e11d6ea78480e8270755413f76617e47632eef9ba03af4e2,10,V2C01040,1,"[2,3,6,7]",4,"[1,2,3,4]",False,"[""zero""]",20,11
18,1,1,[1],eeeb84a07001d490acb2e41ca051999ffeb0b61ed70ee0adf318857cb3d31a80,10,V2C01041,1,"[2,3,6,7]",4,"[1,2,3,4]",False,"[""positive""]",20,11
19,2,2,[2],141843abbc1ad36d104a05bb60ecda8e13845da4539cd651c5c9d0010163f01e,10,V2C01042,1,"[2,3,6,8]",4,"[1,2,3,4]",False,"[""positive""]",40,21
19,1,1,[1],65448a3712e365b672836df59c3aa18934d863ddd8f161aea2af9a503d4eead3,10,V2C01043,1,"[2,3,6,8]",4,"[1,2,3,4]",False,"[""positive""]",40,21
19,0,0,[0],7398ac56383a9fe707e8b84d7c51e036d37ffa96846ec9ebea1633f05f55d881,10,V2C01044,1,"[2,3,6,8]",4,"[1,2,3,4]",False,"[""zero""]",40,21
19,1,1,[1],74da8e63038246f52b49d869688567e5207353baf01a0095c34f03b41262c792,10,V2C01045,1,"[2,3,6,8]",4,"[1,2,3,4]",False,"[""positive""]",40,21
19,2,2,[2],7664a14cb67c08a74ce4f9a0a091c138c675d4fe9d64de17cfdb17eb70c1940b,10,V2C01046,1,"[2,3,6,8]",4,"[1,2,3,4]",False,"[""positive""]",40,21
19,1,1,[1],87a1c0f2d61c0de63bae799fc5dd47cf3a40e996ffb463685e266659e21fd38e,10,V2C01047,1,"[2,3,6,8]",4,"[1,2,3,4]",False,"[""positive""]",40,21
19,2,2,[2],89f82e06fac1887ab29373489601f45ed715711e6842dd53c6ee8b7bf30d89ba,10,V2C01048,1,"[2,3,6,8]",4,"[1,2,3,4]",False,"[""positive""]",40,21
19,2,2,[2],a13efc38b8d612d3156aadb1164ead20d0cb98eebacc3cb39e54ff04b0241757,10,V2C01049,1,"[2,3,6,8]",4,"[1,2,3,4]",False,"[""positive""]",40,21
19,1,1,[1],bf96277ee91d1ba307c6ca5c6f8f56dfca550361283de79703ed834c3ea70ec4,10,V2C01050,1,"[2,3,6,8]",4,"[1,2,3,4]",False,"[""positive""]",40,21
19,2,2,[2],c2017b9edc99e18f8a626a426936fb04a99a68adc9a130b7b995f3c1c0a09003,10,V2C01051,1,"[2,3,6,8]",4,"[1,2,3,4]",False,"[""positive""]",40,21
19,1,1,[1],d5cb868f906a8e579dbe28390206aa16c73fa6eae9ae6588bab70248a844933c,10,V2C01052,1,"[2,3,6,8]",4,"[1,2,3,4]",False,"[""positive""]",40,21
19,0,0,[0],ea66681bd3fa31c8e11d6ea78480e8270755413f76617e47632eef9ba03af4e2,10,V2C01053,1,"[2,3,6,8]",4,"[1,2,3,4]",False,"[""zero""]",40,21
20,2,2,[2],141843abbc1ad36d104a05bb60ecda8e13845da4539cd651c5c9d0010163f01e,10,V2C01054,1,"[2,3,6,9]",4,"[1,2,3,4]",False,"[""positive""]",2,1
20,3,3,[3],22b63d5f817dfd2c85ea10e7620dd96ce2db5b8b4f61fe36fb04096fd6ca3457,10,V2C01055,1,"[2,3,6,9]",4,"[1,2,3,4]",False,"[""positive""]",2,1
20,1,1,[1],519f4cf19e7cde5d07fe92a6c62a1c99eefa3d6187ef349c3267ca44ed18afb1,10,V2C01056,1,"[2,3,6,9]",4,"[1,2,3,4]",False,"[""positive""]",2,1
20,2,2,[2],54c92a0ece903de78fb5bd1429e8b7df5118e95f8bfef93dac7424f79f1b3989,10,V2C01057,1,"[2,3,6,9]",4,"[1,2,3,4]",False,"[""positive""]",2,1
20,2,2,[2],5fd7be436ed1681027aa8f4a5b24ed0c49cc9424ed2389bd79a07886d3e20f3c,10,V2C01058,1,"[2,3,6,9]",4,"[1,2,3,4]",False,"[""positive""]",2,1
20,1,1,[1],74da8e63038246f52b49d869688567e5207353baf01a0095c34f03b41262c792,10,V2C01059,1,"[2,3,6,9]",4,"[1,2,3,4]",False,"[""positive""]",2,1
20,2,2,[2],7664a14cb67c08a74ce4f9a0a091c138c675d4fe9d64de17cfdb17eb70c1940b,10,V2C01060,1,"[2,3,6,9]",4,"[1,2,3,4]",False,"[""positive""]",2,1
20,1,1,[1],87a1c0f2d61c0de63bae799fc5dd47cf3a40e996ffb463685e266659e21fd38e,10,V2C01061,1,"[2,3,6,9]",4,"[1,2,3,4]",False,"[""positive""]",2,1
20,2,2,[2],89f82e06fac1887ab29373489601f45ed715711e6842dd53c6ee8b7bf30d89ba,10,V2C01062,1,"[2,3,6,9]",4,"[1,2,3,4]",False,"[""positive""]",2,1
20,3,3,[3],a13efc38b8d612d3156aadb1164ead20d0cb98eebacc3cb39e54ff04b0241757,10,V2C01063,1,"[2,3,6,9]",4,"[1,2,3,4]",False,"[""positive""]",2,1
20,2,2,[2],bf96277ee91d1ba307c6ca5c6f8f56dfca550361283de79703ed834c3ea70ec4,10,V2C01064,1,"[2,3,6,9]",4,"[1,2,3,4]",False,"[""positive""]",2,1
20,3,3,[3],c2017b9edc99e18f8a626a426936fb04a99a68adc9a130b7b995f3c1c0a09003,10,V2C01065,1,"[2,3,6,9]",4,"[1,2,3,4]",False,"[""positive""]",2,1
20,3,3,[3],c289548e2cdd3d81f1baca3d4583d8291a994759b3ef3bd06c0b3cbd778789fd,10,V2C01066,1,"[2,3,6,9]",4,"[1,2,3,4]",False,"[""positive""]",2,1
20,2,2,[2],d5cb868f906a8e579dbe28390206aa16c73fa6eae9ae6588bab70248a844933c,10,V2C01067,1,"[2,3,6,9]",4,"[1,2,3,4]",False,"[""positive""]",2,1
20,0,0,[0],ea66681bd3fa31c8e11d6ea78480e8270755413f76617e47632eef9ba03af4e2,10,V2C01068,1,"[2,3,6,9]",4,"[1,2,3,4]",False,"[""zero""]",2,1
20,3,3,[3],f8978fbfe533a13cd556d5b074f1b016c3c59536cb5f35b0a8f50ef7f21890f9,10,V2C01069,1,"[2,3,6,9]",4,"[1,2,3,4]",False,"[""positive""]",2,1
20,2,2,[2],141843abbc1ad36d104a05bb60ecda8e13845da4539cd651c5c9d0010163f01e,10,V2C01070,1,"[2,3,7,8]",4,"[1,2,3,4]",False,"[""positive""]",2,1
20,1,1,[1],613c0053c8434c4fbb2224231bcebc5c194e86e1dd23986bd3ca4590ee27b63c,10,V2C01071,1,"[2,3,7,8]",4,"[1,2,3,4]",False,"[""positive""]",2,1
20,1,1,[1],65448a3712e365b672836df59c3aa18934d863ddd8f161aea2af9a503d4eead3,10,V2C01072,1,"[2,3,7,8]",4,"[1,2,3,4]",False,"[""positive""]",2,1
20,3,3,[3],66634876a180202a1ec9a82837c788c7c964a7b57f65c0f90d77a9191cc37f25,10,V2C01073,1,"[2,3,7,8]",4,"[1,2,3,4]",False,"[""positive""]",2,1
20,0,0,[0],7398ac56383a9fe707e8b84d7c51e036d37ffa96846ec9ebea1633f05f55d881,10,V2C01074,1,"[2,3,7,8]",4,"[1,2,3,4]",False,"[""zero""]",2,1
20,1,1,[1],74da8e63038246f52b49d869688567e5207353baf01a0095c34f03b41262c792,10,V2C01075,1,"[2,3,7,8]",4,"[1,2,3,4]",False,"[""positive""]",2,1
20,2,2,[2],7664a14cb67c08a74ce4f9a0a091c138c675d4fe9d64de17cfdb17eb70c1940b,10,V2C01076,1,"[2,3,7,8]",4,"[1,2,3,4]",False,"[""positive""]",2,1
20,-1,-1,[-1],7712e1de349ec6e90d4f6d58aeecc4a4e1e5b9b466ab8c0015c5f07013b96e38,10,V2C01077,1,"[2,3,7,8]",4,"[1,2,3,4]",False,"[""negative""]",2,1
20,1,1,[1],87a1c0f2d61c0de63bae799fc5dd47cf3a40e996ffb463685e266659e21fd38e,10,V2C01078,1,"[2,3,7,8]",4,"[1,2,3,4]",False,"[""positive""]",2,1
20,2,2,[2],89f82e06fac1887ab29373489601f45ed715711e6842dd53c6ee8b7bf30d89ba,10,V2C01079,1,"[2,3,7,8]",4,"[1,2,3,4]",False,"[""positive""]",2,1
20,2,2,[2],a13efc38b8d612d3156aadb1164ead20d0cb98eebacc3cb39e54ff04b0241757,10,V2C01080,1,"[2,3,7,8]",4,"[1,2,3,4]",False,"[""positive""]",2,1
20,1,1,[1],bf96277ee91d1ba307c6ca5c6f8f56dfca550361283de79703ed834c3ea70ec4,10,V2C01081,1,"[2,3,7,8]",4,"[1,2,3,4]",False,"[""positive""]",2,1
20,3,3,[3],c2017b9edc99e18f8a626a426936fb04a99a68adc9a130b7b995f3c1c0a09003,10,V2C01082,1,"[2,3,7,8]",4,"[1,2,3,4]",False,"[""positive""]",2,1
20,2,2,[2],d5cb868f906a8e579dbe28390206aa16c73fa6eae9ae6588bab70248a844933c,10,V2C01083,1,"[2,3,7,8]",4,"[1,2,3,4]",False,"[""positive""]",2,1
20,1,1,[1],e35f1cef60bc3f4021ce18a8411ef7b5742f00a62cee1b145cc7356eab0358e6,10,V2C01084,1,"[2,3,7,8]",4,"[1,2,3,4]",False,"[""positive""]",2,1
20,0,0,[0],ea66681bd3fa31c8e11d6ea78480e8270755413f76617e47632eef9ba03af4e2,10,V2C01085,1,"[2,3,7,8]",4,"[1,2,3,4]",False,"[""zero""]",2,1
21,2,2,[2],141843abbc1ad36d104a05bb60ecda8e13845da4539cd651c5c9d0010163f01e,10,V2C01086,1,"[2,3,7,9]",4,"[1,2,3,4]",False,"[""positive""]",40,19
21,3,3,[3],22b63d5f817dfd2c85ea10e7620dd96ce2db5b8b4f61fe36fb04096fd6ca3457,10,V2C01087,1,"[2,3,7,9]",4,"[1,2,3,4]",False,"[""positive""]",40,19
21,4,4,[4],66634876a180202a1ec9a82837c788c7c964a7b57f65c0f90d77a9191cc37f25,10,V2C01088,1,"[2,3,7,9]",4,"[1,2,3,4]",False,"[""positive""]",40,19
21,1,1,[1],74da8e63038246f52b49d869688567e5207353baf01a0095c34f03b41262c792,10,V2C01089,1,"[2,3,7,9]",4,"[1,2,3,4]",False,"[""positive""]",40,19
21,2,2,[2],7664a14cb67c08a74ce4f9a0a091c138c675d4fe9d64de17cfdb17eb70c1940b,10,V2C01090,1,"[2,3,7,9]",4,"[1,2,3,4]",False,"[""positive""]",40,19
21,1,1,[1],87a1c0f2d61c0de63bae799fc5dd47cf3a40e996ffb463685e266659e21fd38e,10,V2C01091,1,"[2,3,7,9]",4,"[1,2,3,4]",False,"[""positive""]",40,19
21,2,2,[2],89f82e06fac1887ab29373489601f45ed715711e6842dd53c6ee8b7bf30d89ba,10,V2C01092,1,"[2,3,7,9]",4,"[1,2,3,4]",False,"[""positive""]",40,19
21,3,3,[3],a13efc38b8d612d3156aadb1164ead20d0cb98eebacc3cb39e54ff04b0241757,10,V2C01093,1,"[2,3,7,9]",4,"[1,2,3,4]",False,"[""positive""]",40,19
21,2,2,[2],bf96277ee91d1ba307c6ca5c6f8f56dfca550361283de79703ed834c3ea70ec4,10,V2C01094,1,"[2,3,7,9]",4,"[1,2,3,4]",False,"[""positive""]",40,19
21,3,3,[3],bfc94cf98b0ecc96b0682396db8424c6ac8854d0b1cdf86939ba5e6f10fea1d4,10,V2C01095,1,"[2,3,7,9]",4,"[1,2,3,4]",False,"[""positive""]",40,19
21,4,4,[4],c2017b9edc99e18f8a626a426936fb04a99a68adc9a130b7b995f3c1c0a09003,10,V2C01096,1,"[2,3,7,9]",4,"[1,2,3,4]",False,"[""positive""]",40,19
21,3,3,[3],d5cb868f906a8e579dbe28390206aa16c73fa6eae9ae6588bab70248a844933c,10,V2C01097,1,"[2,3,7,9]",4,"[1,2,3,4]",False,"[""positive""]",40,19
21,2,2,[2],d7c0bbe3eeeed6da74a3bf1ad7a1dabe069f3a8501b142ae8e8253be77483836,10,V2C01098,1,"[2,3,7,9]",4,"[1,2,3,4]",False,"[""positive""]",40,19
21,2,2,[2],e35f1cef60bc3f4021ce18a8411ef7b5742f00a62cee1b145cc7356eab0358e6,10,V2C01099,1,"[2,3,7,9]",4,"[1,2,3,4]",False,"[""positive""]",40,19
21,0,0,[0],ea66681bd3fa31c8e11d6ea78480e8270755413f76617e47632eef9ba03af4e2,10,V2C01100,1,"[2,3,7,9]",4,"[1,2,3,4]",False,"[""zero""]",40,19
21,3,3,[3],f8978fbfe533a13cd556d5b074f1b016c3c59536cb5f35b0a8f50ef7f21890f9,10,V2C01101,1,"[2,3,7,9]",4,"[1,2,3,4]",False,"[""positive""]",40,19
22,5,5,[5],127b8a694bb9478a6a4b599fc3da8c4b3de4ff8b907122bcbe96abdbbd43d15c,10,V2C01102,1,"[2,3,8,9]",4,"[1,2,3,4]",False,"[""positive""]",20,9
22,2,2,[2],141843abbc1ad36d104a05bb60ecda8e13845da4539cd651c5c9d0010163f01e,10,V2C01103,1,"[2,3,8,9]",4,"[1,2,3,4]",False,"[""positive""]",20,9
22,3,3,[3],22b63d5f817dfd2c85ea10e7620dd96ce2db5b8b4f61fe36fb04096fd6ca3457,10,V2C01104,1,"[2,3,8,9]",4,"[1,2,3,4]",False,"[""positive""]",20,9
22,4,4,[4],66634876a180202a1ec9a82837c788c7c964a7b57f65c0f90d77a9191cc37f25,10,V2C01105,1,"[2,3,8,9]",4,"[1,2,3,4]",False,"[""positive""]",20,9
22,1,1,[1],74da8e63038246f52b49d869688567e5207353baf01a0095c34f03b41262c792,10,V2C01106,1,"[2,3,8,9]",4,"[1,2,3,4]",False,"[""positive""]",20,9
22,2,2,[2],7664a14cb67c08a74ce4f9a0a091c138c675d4fe9d64de17cfdb17eb70c1940b,10,V2C01107,1,"[2,3,8,9]",4,"[1,2,3,4]",False,"[""positive""]",20,9
22,1,1,[1],87a1c0f2d61c0de63bae799fc5dd47cf3a40e996ffb463685e266659e21fd38e,10,V2C01108,1,"[2,3,8,9]",4,"[1,2,3,4]",False,"[""positive""]",20,9
22,4,4,[4],87b3871bef93138c3ddb8e04ebf9e06c182a4c4598e64199b8919f83ca0028e5,10,V2C01109,1,"[2,3,8,9]",4,"[1,2,3,4]",False,"[""positive""]",20,9
22,2,2,[2],89f82e06fac1887ab29373489601f45ed715711e6842dd53c6ee8b7bf30d89ba,10,V2C01110,1,"[2,3,8,9]",4,"[1,2,3,4]",False,"[""positive""]",20,9
22,2,2,[2],a13efc38b8d612d3156aadb1164ead20d0cb98eebacc3cb39e54ff04b0241757,10,V2C01111,1,"[2,3,8,9]",4,"[1,2,3,4]",False,"[""positive""]",20,9
22,1,1,[1],bf96277ee91d1ba307c6ca5c6f8f56dfca550361283de79703ed834c3ea70ec4,10,V2C01112,1,"[2,3,8,9]",4,"[1,2,3,4]",False,"[""positive""]",20,9
22,4,4,[4],bfc94cf98b0ecc96b0682396db8424c6ac8854d0b1cdf86939ba5e6f10fea1d4,10,V2C01113,1,"[2,3,8,9]",4,"[1,2,3,4]",False,"[""positive""]",20,9
22,4,4,[4],c2017b9edc99e18f8a626a426936fb04a99a68adc9a130b7b995f3c1c0a09003,10,V2C01114,1,"[2,3,8,9]",4,"[1,2,3,4]",False,"[""positive""]",20,9
22,3,3,[3],d5cb868f906a8e579dbe28390206aa16c73fa6eae9ae6588bab70248a844933c,10,V2C01115,1,"[2,3,8,9]",4,"[1,2,3,4]",False,"[""positive""]",20,9
22,3,3,[3],d7c0bbe3eeeed6da74a3bf1ad7a1dabe069f3a8501b142ae8e8253be77483836,10,V2C01116,1,"[2,3,8,9]",4,"[1,2,3,4]",False,"[""positive""]",20,9
22,2,2,[2],e35f1cef60bc3f4021ce18a8411ef7b5742f00a62cee1b145cc7356eab0358e6,10,V2C01117,1,"[2,3,8,9]",4,"[1,2,3,4]",False,"[""positive""]",20,9
22,0,0,[0],ea66681bd3fa31c8e11d6ea78480e8270755413f76617e47632eef9ba03af4e2,10,V2C01118,1,"[2,3,8,9]",4,"[1,2,3,4]",False,"[""zero""]",20,9
22,3,3,[3],f8978fbfe533a13cd556d5b074f1b016c3c59536cb5f35b0a8f50ef7f21890f9,10,V2C01119,1,"[2,3,8,9]",4,"[1,2,3,4]",False,"[""positive""]",20,9
17,-2,-2,[-2],06365582b5ac2955c7b7e93867da332245395da2260b283feb7ede45c19b8f32,10,V2C01120,1,"[2,4,5,6]",4,"[1,2,3,4]",False,"[""negative""]",40,23
17,-3,-3,[-3],18f03b45b834c19c5b6d9818243a06bddb045924337c1c54d9e7fc93443dd6bc,10,V2C01121,1,"[2,4,5,6]",4,"[1,2,3,4]",False,"[""negative""]",40,23
17,0,0,[0],25b63d91ffffefe5ce70df559ef971fa18ef128a7d4e68fd23d74e049c3e9241,10,V2C01122,1,"[2,4,5,6]",4,"[1,2,3,4]",False,"[""zero""]",40,23
17,-2,-2,[-2],289004324b08c05289d088ece7659bf1589e11031e41c88b243d840ff4860908,10,V2C01123,1,"[2,4,5,6]",4,"[1,2,3,4]",False,"[""negative""]",40,23
17,2,2,[2],30df721d3ae609af9684e311a799e865d89af5cfe302c25d7e3460dbb23b90f1,10,V2C01124,1,"[2,4,5,6]",4,"[1,2,3,4]",False,"[""positive""]",40,23
17,1,1,[1],358ae13d27d531c1ca30fa9a18cdc58bb12a19303adfa1a7e795bd077f35466e,10,V2C01125,1,"[2,4,5,6]",4,"[1,2,3,4]",False,"[""positive""]",40,23
17,-1,-1,[-1],42957ee41e558fa0677d336c93a6e1fb3cdc50509870fc1061d87044394d3ca6,10,V2C01126,1,"[2,4,5,6]",4,"[1,2,3,4]",False,"[""negative""]",40,23
17,-1,-1,[-1],429e40c48a57d6d3c915784e8c9dcea211a3fffe939cd39315938341a18c11de,10,V2C01127,1,"[2,4,5,6]",4,"[1,2,3,4]",False,"[""negative""]",40,23
17,-1,-1,[-1],65448a3712e365b672836df59c3aa18934d863ddd8f161aea2af9a503d4eead3,10,V2C01128,1,"[2,4,5,6]",4,"[1,2,3,4]",False,"[""negative""]",40,23
17,-1,-1,[-1],69ce09b3f624b17956ea68b2c3ad47c4e4b5699d0d2c0f6cb9e6dd223d5c1c86,10,V2C01129,1,"[2,4,5,6]",4,"[1,2,3,4]",False,"[""negative""]",40,23
17,1,1,[1],7664a14cb67c08a74ce4f9a0a091c138c675d4fe9d64de17cfdb17eb70c1940b,10,V2C01130,1,"[2,4,5,6]",4,"[1,2,3,4]",False,"[""positive""]",40,23
17,1,1,[1],87a1c0f2d61c0de63bae799fc5dd47cf3a40e996ffb463685e266659e21fd38e,10,V2C01131,1,"[2,4,5,6]",4,"[1,2,3,4]",False,"[""positive""]",40,23
17,-3,-3,[-3],95714484f893b28fd8edd7ea0abcb86501d70f09676a02c8377b49bae33a488b,10,V2C01132,1,"[2,4,5,6]",4,"[1,2,3,4]",False,"[""negative""]",40,23
17,-1,-1,[-1],aac920d42175c0111569e218d1d5ddf9eb4a6fdca7cd09bee48ecf84934b5f94,10,V2C01133,1,"[2,4,5,6]",4,"[1,2,3,4]",False,"[""negative""]",40,23
17,-1,-1,[-1],b8f6cde1f1c7eb4e3b41a382a2e8ddf5e1f792cbb5879c94d149526dce54b6ec,10,V2C01134,1,"[2,4,5,6]",4,"[1,2,3,4]",False,"[""negative""]",40,23
17,0,0,[0],c05f23394596ae9fa98df31ef87a596f92c6c6244caad6bfd01272cc5daa4d63,10,V2C01135,1,"[2,4,5,6]",4,"[1,2,3,4]",False,"[""zero""]",40,23
17,-1,-1,[-1],c645867b4748a75675c0ed8e47b97d9cec9ae16890ef1aeecc64cd50cce5c626,10,V2C01136,1,"[2,4,5,6]",4,"[1,2,3,4]",False,"[""negative""]",40,23
17,-1,-1,[-1],d9c68703a6aba49a2be277565fb4948f8fc8c1ae4eaaca7e8ceb5696a9867721,10,V2C01137,1,"[2,4,5,6]",4,"[1,2,3,4]",False,"[""negative""]",40,23
17,0,0,[0],ea66681bd3fa31c8e11d6ea78480e8270755413f76617e47632eef9ba03af4e2,10,V2C01138,1,"[2,4,5,6]",4,"[1,2,3,4]",False,"[""zero""]",40,23
17,-1,-1,[-1],eeeb84a07001d490acb2e41ca051999ffeb0b61ed70ee0adf318857cb3d31a80,10,V2C01139,1,"[2,4,5,6]",4,"[1,2,3,4]",False,"[""negative""]",40,23
18,-1,-1,[-1],06365582b5ac2955c7b7e93867da332245395da2260b283feb7ede45c19b8f32,10,V2C01140,1,"[2,4,5,7]",4,"[1,2,3,4]",False,"[""negative""]",20,11
18,-1,-1,[-1],289004324b08c05289d088ece7659bf1589e11031e41c88b243d840ff4860908,10,V2C01141,1,"[2,4,5,7]",4,"[1,2,3,4]",False,"[""negative""]",20,11
18,2,2,[2],30df721d3ae609af9684e311a799e865d89af5cfe302c25d7e3460dbb23b90f1,10,V2C01142,1,"[2,4,5,7]",4,"[1,2,3,4]",False,"[""positive""]",20,11
18,2,2,[2],358ae13d27d531c1ca30fa9a18cdc58bb12a19303adfa1a7e795bd077f35466e,10,V2C01143,1,"[2,4,5,7]",4,"[1,2,3,4]",False,"[""positive""]",20,11
18,0,0,[0],429e40c48a57d6d3c915784e8c9dcea211a3fffe939cd39315938341a18c11de,10,V2C01144,1,"[2,4,5,7]",4,"[1,2,3,4]",False,"[""zero""]",20,11
18,-2,-2,[-2],5223f5d298444f9f429f501a327ffc521ce77fa0ff5361bea261df6170e192e9,10,V2C01145,1,"[2,4,5,7]",4,"[1,2,3,4]",False,"[""negative""]",20,11
18,0,0,[0],65448a3712e365b672836df59c3aa18934d863ddd8f161aea2af9a503d4eead3,10,V2C01146,1,"[2,4,5,7]",4,"[1,2,3,4]",False,"[""zero""]",20,11
18,1,1,[1],7664a14cb67c08a74ce4f9a0a091c138c675d4fe9d64de17cfdb17eb70c1940b,10,V2C01147,1,"[2,4,5,7]",4,"[1,2,3,4]",False,"[""positive""]",20,11
18,1,1,[1],87a1c0f2d61c0de63bae799fc5dd47cf3a40e996ffb463685e266659e21fd38e,10,V2C01148,1,"[2,4,5,7]",4,"[1,2,3,4]",False,"[""positive""]",20,11
18,0,0,[0],b8f6cde1f1c7eb4e3b41a382a2e8ddf5e1f792cbb5879c94d149526dce54b6ec,10,V2C01149,1,"[2,4,5,7]",4,"[1,2,3,4]",False,"[""zero""]",20,11
18,1,1,[1],c05f23394596ae9fa98df31ef87a596f92c6c6244caad6bfd01272cc5daa4d63,10,V2C01150,1,"[2,4,5,7]",4,"[1,2,3,4]",False,"[""positive""]",20,11
18,0,0,[0],c645867b4748a75675c0ed8e47b97d9cec9ae16890ef1aeecc64cd50cce5c626,10,V2C01151,1,"[2,4,5,7]",4,"[1,2,3,4]",False,"[""zero""]",20,11
18,0,0,[0],ea66681bd3fa31c8e11d6ea78480e8270755413f76617e47632eef9ba03af4e2,10,V2C01152,1,"[2,4,5,7]",4,"[1,2,3,4]",False,"[""zero""]",20,11
18,0,0,[0],eeeb84a07001d490acb2e41ca051999ffeb0b61ed70ee0adf318857cb3d31a80,10,V2C01153,1,"[2,4,5,7]",4,"[1,2,3,4]",False,"[""zero""]",20,11
18,-2,-2,[-2],f63f3470c7db691d0503f32dfb9fd1fca7cf929cacc242e941279a4aff164a26,10,V2C01154,1,"[2,4,5,7]",4,"[1,2,3,4]",False,"[""negative""]",20,11
19,0,0,[0],06365582b5ac2955c7b7e93867da332245395da2260b283feb7ede45c19b8f32,10,V2C01155,1,"[2,4,5,8]",4,"[1,2,3,4]",False,"[""zero""]",40,21
19,0,0,[0],289004324b08c05289d088ece7659bf1589e11031e41c88b243d840ff4860908,10,V2C01156,1,"[2,4,5,8]",4,"[1,2,3,4]",False,"[""zero""]",40,21
19,2,2,[2],30df721d3ae609af9684e311a799e865d89af5cfe302c25d7e3460dbb23b90f1,10,V2C01157,1,"[2,4,5,8]",4,"[1,2,3,4]",False,"[""positive""]",40,21
19,-1,-1,[-1],5223f5d298444f9f429f501a327ffc521ce77fa0ff5361bea261df6170e192e9,10,V2C01158,1,"[2,4,5,8]",4,"[1,2,3,4]",False,"[""negative""]",40,21
19,1,1,[1],5c200179a750bc19d10f8158a99c4a7ef1c6ca468862a28221f78e0f8b7ec91c,10,V2C01159,1,"[2,4,5,8]",4,"[1,2,3,4]",False,"[""positive""]",40,21
19,1,1,[1],65448a3712e365b672836df59c3aa18934d863ddd8f161aea2af9a503d4eead3,10,V2C01160,1,"[2,4,5,8]",4,"[1,2,3,4]",False,"[""positive""]",40,21
19,1,1,[1],7664a14cb67c08a74ce4f9a0a091c138c675d4fe9d64de17cfdb17eb70c1940b,10,V2C01161,1,"[2,4,5,8]",4,"[1,2,3,4]",False,"[""positive""]",40,21
19,1,1,[1],87a1c0f2d61c0de63bae799fc5dd47cf3a40e996ffb463685e266659e21fd38e,10,V2C01162,1,"[2,4,5,8]",4,"[1,2,3,4]",False,"[""positive""]",40,21
19,2,2,[2],a13efc38b8d612d3156aadb1164ead20d0cb98eebacc3cb39e54ff04b0241757,10,V2C01163,1,"[2,4,5,8]",4,"[1,2,3,4]",False,"[""positive""]",40,21
19,1,1,[1],bf96277ee91d1ba307c6ca5c6f8f56dfca550361283de79703ed834c3ea70ec4,10,V2C01164,1,"[2,4,5,8]",4,"[1,2,3,4]",False,"[""positive""]",40,21
19,1,1,[1],c645867b4748a75675c0ed8e47b97d9cec9ae16890ef1aeecc64cd50cce5c626,10,V2C01165,1,"[2,4,5,8]",4,"[1,2,3,4]",False,"[""positive""]",40,21
19,0,0,[0],ea66681bd3fa31c8e11d6ea78480e8270755413f76617e47632eef9ba03af4e2,10,V2C01166,1,"[2,4,5,8]",4,"[1,2,3,4]",False,"[""zero""]",40,21
19,-1,-1,[-1],f63f3470c7db691d0503f32dfb9fd1fca7cf929cacc242e941279a4aff164a26,10,V2C01167,1,"[2,4,5,8]",4,"[1,2,3,4]",False,"[""negative""]",40,21
20,2,2,[2],30df721d3ae609af9684e311a799e865d89af5cfe302c25d7e3460dbb23b90f1,10,V2C01168,1,"[2,4,5,9]",4,"[1,2,3,4]",False,"[""positive""]",2,1
20,2,2,[2],5c200179a750bc19d10f8158a99c4a7ef1c6ca468862a28221f78e0f8b7ec91c,10,V2C01169,1,"[2,4,5,9]",4,"[1,2,3,4]",False,"[""positive""]",2,1
20,1,1,[1],7664a14cb67c08a74ce4f9a0a091c138c675d4fe9d64de17cfdb17eb70c1940b,10,V2C01170,1,"[2,4,5,9]",4,"[1,2,3,4]",False,"[""positive""]",2,1
20,1,1,[1],87a1c0f2d61c0de63bae799fc5dd47cf3a40e996ffb463685e266659e21fd38e,10,V2C01171,1,"[2,4,5,9]",4,"[1,2,3,4]",False,"[""positive""]",2,1
20,3,3,[3],a13efc38b8d612d3156aadb1164ead20d0cb98eebacc3cb39e54ff04b0241757,10,V2C01172,1,"[2,4,5,9]",4,"[1,2,3,4]",False,"[""positive""]",2,1
20,2,2,[2],bf96277ee91d1ba307c6ca5c6f8f56dfca550361283de79703ed834c3ea70ec4,10,V2C01173,1,"[2,4,5,9]",4,"[1,2,3,4]",False,"[""positive""]",2,1
20,2,2,[2],c289548e2cdd3d81f1baca3d4583d8291a994759b3ef3bd06c0b3cbd778789fd,10,V2C01174,1,"[2,4,5,9]",4,"[1,2,3,4]",False,"[""positive""]",2,1
20,4,4,[4],e08a293c90181ce6b7dad000d0efec39234c27b737b223a245c59cf2f7d7b922,10,V2C01175,1,"[2,4,5,9]",4,"[1,2,3,4]",False,"[""positive""]",2,1
20,0,0,[0],ea66681bd3fa31c8e11d6ea78480e8270755413f76617e47632eef9ba03af4e2,10,V2C01176,1,"[2,4,5,9]",4,"[1,2,3,4]",False,"[""zero""]",2,1
20,3,3,[3],f8978fbfe533a13cd556d5b074f1b016c3c59536cb5f35b0a8f50ef7f21890f9,10,V2C01177,1,"[2,4,5,9]",4,"[1,2,3,4]",False,"[""positive""]",2,1
19,3,3,[3],30df721d3ae609af9684e311a799e865d89af5cfe302c25d7e3460dbb23b90f1,10,V2C01178,1,"[2,4,6,7]",4,"[1,2,3,4]",False,"[""positive""]",40,21
19,2,2,[2],358ae13d27d531c1ca30fa9a18cdc58bb12a19303adfa1a7e795bd077f35466e,10,V2C01179,1,"[2,4,6,7]",4,"[1,2,3,4]",False,"[""positive""]",40,21
19,0,0,[0],551332a25907281b03b42ca753221eb302f5f3d64d96f2bdff44566b0e948f49,10,V2C01180,1,"[2,4,6,7]",4,"[1,2,3,4]",False,"[""zero""]",40,21
19,0,0,[0],65448a3712e365b672836df59c3aa18934d863ddd8f161aea2af9a503d4eead3,10,V2C01181,1,"[2,4,6,7]",4,"[1,2,3,4]",False,"[""zero""]",40,21
19,2,2,[2],7664a14cb67c08a74ce4f9a0a091c138c675d4fe9d64de17cfdb17eb70c1940b,10,V2C01182,1,"[2,4,6,7]",4,"[1,2,3,4]",False,"[""positive""]",40,21
19,1,1,[1],87a1c0f2d61c0de63bae799fc5dd47cf3a40e996ffb463685e266659e21fd38e,10,V2C01183,1,"[2,4,6,7]",4,"[1,2,3,4]",False,"[""positive""]",40,21
19,2,2,[2],89f82e06fac1887ab29373489601f45ed715711e6842dd53c6ee8b7bf30d89ba,10,V2C01184,1,"[2,4,6,7]",4,"[1,2,3,4]",False,"[""positive""]",40,21
19,1,1,[1],9cb5de69305fb4d93f7ff7eb041e23c08e63aece0533ac95c27b40c9bcdc8b08,10,V2C01185,1,"[2,4,6,7]",4,"[1,2,3,4]",False,"[""positive""]",40,21
19,1,1,[1],c05f23394596ae9fa98df31ef87a596f92c6c6244caad6bfd01272cc5daa4d63,10,V2C01186,1,"[2,4,6,7]",4,"[1,2,3,4]",False,"[""positive""]",40,21
19,1,1,[1],c2017b9edc99e18f8a626a426936fb04a99a68adc9a130b7b995f3c1c0a09003,10,V2C01187,1,"[2,4,6,7]",4,"[1,2,3,4]",False,"[""positive""]",40,21
19,0,0,[0],c645867b4748a75675c0ed8e47b97d9cec9ae16890ef1aeecc64cd50cce5c626,10,V2C01188,1,"[2,4,6,7]",4,"[1,2,3,4]",False,"[""zero""]",40,21
19,0,0,[0],d88a40cfcbb621398ffc610b76a30810ae0e6f9d81a4be6d623ec8f783de6325,10,V2C01189,1,"[2,4,6,7]",4,"[1,2,3,4]",False,"[""zero""]",40,21
19,2,2,[2],e3ab9c0071b2d529a961b98b7f0f4c6b38358b8cb48e075f4f7b623187ec4a84,10,V2C01190,1,"[2,4,6,7]",4,"[1,2,3,4]",False,"[""positive""]",40,21
19,0,0,[0],ea66681bd3fa31c8e11d6ea78480e8270755413f76617e47632eef9ba03af4e2,10,V2C01191,1,"[2,4,6,7]",4,"[1,2,3,4]",False,"[""zero""]",40,21
19,1,1,[1],eeeb84a07001d490acb2e41ca051999ffeb0b61ed70ee0adf318857cb3d31a80,10,V2C01192,1,"[2,4,6,7]",4,"[1,2,3,4]",False,"[""positive""]",40,21
20,3,3,[3],30df721d3ae609af9684e311a799e865d89af5cfe302c25d7e3460dbb23b90f1,10,V2C01193,1,"[2,4,6,8]",4,"[1,2,3,4]",False,"[""positive""]",2,1
20,1,1,[1],65448a3712e365b672836df59c3aa18934d863ddd8f161aea2af9a503d4eead3,10,V2C01194,1,"[2,4,6,8]",4,"[1,2,3,4]",False,"[""positive""]",2,1
20,2,2,[2],7664a14cb67c08a74ce4f9a0a091c138c675d4fe9d64de17cfdb17eb70c1940b,10,V2C01195,1,"[2,4,6,8]",4,"[1,2,3,4]",False,"[""positive""]",2,1
20,1,1,[1],87a1c0f2d61c0de63bae799fc5dd47cf3a40e996ffb463685e266659e21fd38e,10,V2C01196,1,"[2,4,6,8]",4,"[1,2,3,4]",False,"[""positive""]",2,1
20,2,2,[2],89f82e06fac1887ab29373489601f45ed715711e6842dd53c6ee8b7bf30d89ba,10,V2C01197,1,"[2,4,6,8]",4,"[1,2,3,4]",False,"[""positive""]",2,1
20,2,2,[2],9cb5de69305fb4d93f7ff7eb041e23c08e63aece0533ac95c27b40c9bcdc8b08,10,V2C01198,1,"[2,4,6,8]",4,"[1,2,3,4]",False,"[""positive""]",2,1
20,2,2,[2],a13efc38b8d612d3156aadb1164ead20d0cb98eebacc3cb39e54ff04b0241757,10,V2C01199,1,"[2,4,6,8]",4,"[1,2,3,4]",False,"[""positive""]",2,1
20,1,1,[1],bf96277ee91d1ba307c6ca5c6f8f56dfca550361283de79703ed834c3ea70ec4,10,V2C01200,1,"[2,4,6,8]",4,"[1,2,3,4]",False,"[""positive""]",2,1
20,2,2,[2],c2017b9edc99e18f8a626a426936fb04a99a68adc9a130b7b995f3c1c0a09003,10,V2C01201,1,"[2,4,6,8]",4,"[1,2,3,4]",False,"[""positive""]",2,1
20,1,1,[1],c645867b4748a75675c0ed8e47b97d9cec9ae16890ef1aeecc64cd50cce5c626,10,V2C01202,1,"[2,4,6,8]",4,"[1,2,3,4]",False,"[""positive""]",2,1
20,2,2,[2],e3ab9c0071b2d529a961b98b7f0f4c6b38358b8cb48e075f4f7b623187ec4a84,10,V2C01203,1,"[2,4,6,8]",4,"[1,2,3,4]",False,"[""positive""]",2,1
20,0,0,[0],ea66681bd3fa31c8e11d6ea78480e8270755413f76617e47632eef9ba03af4e2,10,V2C01204,1,"[2,4,6,8]",4,"[1,2,3,4]",False,"[""zero""]",2,1
21,3,3,[3],30df721d3ae609af9684e311a799e865d89af5cfe302c25d7e3460dbb23b90f1,10,V2C01205,1,"[2,4,6,9]",4,"[1,2,3,4]",False,"[""positive""]",40,19
21,2,2,[2],5fd7be436ed1681027aa8f4a5b24ed0c49cc9424ed2389bd79a07886d3e20f3c,10,V2C01206,1,"[2,4,6,9]",4,"[1,2,3,4]",False,"[""positive""]",40,19
21,2,2,[2],7664a14cb67c08a74ce4f9a0a091c138c675d4fe9d64de17cfdb17eb70c1940b,10,V2C01207,1,"[2,4,6,9]",4,"[1,2,3,4]",False,"[""positive""]",40,19
21,1,1,[1],87a1c0f2d61c0de63bae799fc5dd47cf3a40e996ffb463685e266659e21fd38e,10,V2C01208,1,"[2,4,6,9]",4,"[1,2,3,4]",False,"[""positive""]",40,19
21,2,2,[2],89f82e06fac1887ab29373489601f45ed715711e6842dd53c6ee8b7bf30d89ba,10,V2C01209,1,"[2,4,6,9]",4,"[1,2,3,4]",False,"[""positive""]",40,19
21,3,3,[3],9cb5de69305fb4d93f7ff7eb041e23c08e63aece0533ac95c27b40c9bcdc8b08,10,V2C01210,1,"[2,4,6,9]",4,"[1,2,3,4]",False,"[""positive""]",40,19
21,3,3,[3],a13efc38b8d612d3156aadb1164ead20d0cb98eebacc3cb39e54ff04b0241757,10,V2C01211,1,"[2,4,6,9]",4,"[1,2,3,4]",False,"[""positive""]",40,19
21,2,2,[2],bf96277ee91d1ba307c6ca5c6f8f56dfca550361283de79703ed834c3ea70ec4,10,V2C01212,1,"[2,4,6,9]",4,"[1,2,3,4]",False,"[""positive""]",40,19
21,3,3,[3],c2017b9edc99e18f8a626a426936fb04a99a68adc9a130b7b995f3c1c0a09003,10,V2C01213,1,"[2,4,6,9]",4,"[1,2,3,4]",False,"[""positive""]",40,19
21,3,3,[3],c289548e2cdd3d81f1baca3d4583d8291a994759b3ef3bd06c0b3cbd778789fd,10,V2C01214,1,"[2,4,6,9]",4,"[1,2,3,4]",False,"[""positive""]",40,19
21,4,4,[4],e08a293c90181ce6b7dad000d0efec39234c27b737b223a245c59cf2f7d7b922,10,V2C01215,1,"[2,4,6,9]",4,"[1,2,3,4]",False,"[""positive""]",40,19
21,2,2,[2],e3ab9c0071b2d529a961b98b7f0f4c6b38358b8cb48e075f4f7b623187ec4a84,10,V2C01216,1,"[2,4,6,9]",4,"[1,2,3,4]",False,"[""positive""]",40,19
21,0,0,[0],ea66681bd3fa31c8e11d6ea78480e8270755413f76617e47632eef9ba03af4e2,10,V2C01217,1,"[2,4,6,9]",4,"[1,2,3,4]",False,"[""zero""]",40,19
21,2,2,[2],f3d32e2b9b069cd9794933fdd721cacc80c53d15eec090d1edcd008d0cfc963f,10,V2C01218,1,"[2,4,6,9]",4,"[1,2,3,4]",False,"[""positive""]",40,19
21,3,3,[3],f8978fbfe533a13cd556d5b074f1b016c3c59536cb5f35b0a8f50ef7f21890f9,10,V2C01219,1,"[2,4,6,9]",4,"[1,2,3,4]",False,"[""positive""]",40,19
21,2,2,[2],0866ca7003f156b8d5c2dde0925595e505e6d81f0ddb6ba5515da09ef71d066d,10,V2C01220,1,"[2,4,7,8]",4,"[1,2,3,4]",False,"[""positive""]",40,19
21,3,3,[3],30df721d3ae609af9684e311a799e865d89af5cfe302c25d7e3460dbb23b90f1,10,V2C01221,1,"[2,4,7,8]",4,"[1,2,3,4]",False,"[""positive""]",40,19
21,1,1,[1],613c0053c8434c4fbb2224231bcebc5c194e86e1dd23986bd3ca4590ee27b63c,10,V2C01222,1,"[2,4,7,8]",4,"[1,2,3,4]",False,"[""positive""]",40,19
21,1,1,[1],65448a3712e365b672836df59c3aa18934d863ddd8f161aea2af9a503d4eead3,10,V2C01223,1,"[2,4,7,8]",4,"[1,2,3,4]",False,"[""positive""]",40,19
21,3,3,[3],66634876a180202a1ec9a82837c788c7c964a7b57f65c0f90d77a9191cc37f25,10,V2C01224,1,"[2,4,7,8]",4,"[1,2,3,4]",False,"[""positive""]",40,19
21,2,2,[2],7664a14cb67c08a74ce4f9a0a091c138c675d4fe9d64de17cfdb17eb70c1940b,10,V2C01225,1,"[2,4,7,8]",4,"[1,2,3,4]",False,"[""positive""]",40,19
21,1,1,[1],87a1c0f2d61c0de63bae799fc5dd47cf3a40e996ffb463685e266659e21fd38e,10,V2C01226,1,"[2,4,7,8]",4,"[1,2,3,4]",False,"[""positive""]",40,19
21,2,2,[2],89f82e06fac1887ab29373489601f45ed715711e6842dd53c6ee8b7bf30d89ba,10,V2C01227,1,"[2,4,7,8]",4,"[1,2,3,4]",False,"[""positive""]",40,19
21,3,3,[3],9cb5de69305fb4d93f7ff7eb041e23c08e63aece0533ac95c27b40c9bcdc8b08,10,V2C01228,1,"[2,4,7,8]",4,"[1,2,3,4]",False,"[""positive""]",40,19
21,2,2,[2],a13efc38b8d612d3156aadb1164ead20d0cb98eebacc3cb39e54ff04b0241757,10,V2C01229,1,"[2,4,7,8]",4,"[1,2,3,4]",False,"[""positive""]",40,19
21,1,1,[1],bf96277ee91d1ba307c6ca5c6f8f56dfca550361283de79703ed834c3ea70ec4,10,V2C01230,1,"[2,4,7,8]",4,"[1,2,3,4]",False,"[""positive""]",40,19
21,3,3,[3],c2017b9edc99e18f8a626a426936fb04a99a68adc9a130b7b995f3c1c0a09003,10,V2C01231,1,"[2,4,7,8]",4,"[1,2,3,4]",False,"[""positive""]",40,19
21,1,1,[1],c645867b4748a75675c0ed8e47b97d9cec9ae16890ef1aeecc64cd50cce5c626,10,V2C01232,1,"[2,4,7,8]",4,"[1,2,3,4]",False,"[""positive""]",40,19
21,0,0,[0],d4df885422dfedfc03808c04eaf48b53f65e0a2641aba3f0dd1e0cab83c3a324,10,V2C01233,1,"[2,4,7,8]",4,"[1,2,3,4]",False,"[""zero""]",40,19
21,2,2,[2],e3ab9c0071b2d529a961b98b7f0f4c6b38358b8cb48e075f4f7b623187ec4a84,10,V2C01234,1,"[2,4,7,8]",4,"[1,2,3,4]",False,"[""positive""]",40,19
21,0,0,[0],ea66681bd3fa31c8e11d6ea78480e8270755413f76617e47632eef9ba03af4e2,10,V2C01235,1,"[2,4,7,8]",4,"[1,2,3,4]",False,"[""zero""]",40,19
22,3,3,[3],0866ca7003f156b8d5c2dde0925595e505e6d81f0ddb6ba5515da09ef71d066d,10,V2C01236,1,"[2,4,7,9]",4,"[1,2,3,4]",False,"[""positive""]",20,9
22,3,3,[3],30df721d3ae609af9684e311a799e865d89af5cfe302c25d7e3460dbb23b90f1,10,V2C01237,1,"[2,4,7,9]",4,"[1,2,3,4]",False,"[""positive""]",20,9
22,4,4,[4],66634876a180202a1ec9a82837c788c7c964a7b57f65c0f90d77a9191cc37f25,10,V2C01238,1,"[2,4,7,9]",4,"[1,2,3,4]",False,"[""positive""]",20,9
22,2,2,[2],7664a14cb67c08a74ce4f9a0a091c138c675d4fe9d64de17cfdb17eb70c1940b,10,V2C01239,1,"[2,4,7,9]",4,"[1,2,3,4]",False,"[""positive""]",20,9
22,1,1,[1],87a1c0f2d61c0de63bae799fc5dd47cf3a40e996ffb463685e266659e21fd38e,10,V2C01240,1,"[2,4,7,9]",4,"[1,2,3,4]",False,"[""positive""]",20,9
22,2,2,[2],89f82e06fac1887ab29373489601f45ed715711e6842dd53c6ee8b7bf30d89ba,10,V2C01241,1,"[2,4,7,9]",4,"[1,2,3,4]",False,"[""positive""]",20,9
22,4,4,[4],9cb5de69305fb4d93f7ff7eb041e23c08e63aece0533ac95c27b40c9bcdc8b08,10,V2C01242,1,"[2,4,7,9]",4,"[1,2,3,4]",False,"[""positive""]",20,9
22,3,3,[3],a13efc38b8d612d3156aadb1164ead20d0cb98eebacc3cb39e54ff04b0241757,10,V2C01243,1,"[2,4,7,9]",4,"[1,2,3,4]",False,"[""positive""]",20,9
22,2,2,[2],bf96277ee91d1ba307c6ca5c6f8f56dfca550361283de79703ed834c3ea70ec4,10,V2C01244,1,"[2,4,7,9]",4,"[1,2,3,4]",False,"[""positive""]",20,9
22,3,3,[3],bfc94cf98b0ecc96b0682396db8424c6ac8854d0b1cdf86939ba5e6f10fea1d4,10,V2C01245,1,"[2,4,7,9]",4,"[1,2,3,4]",False,"[""positive""]",20,9
22,4,4,[4],c2017b9edc99e18f8a626a426936fb04a99a68adc9a130b7b995f3c1c0a09003,10,V2C01246,1,"[2,4,7,9]",4,"[1,2,3,4]",False,"[""positive""]",20,9
22,3,3,[3],dcbaec88d41e5d46a5264b4157ea3c64e0f3b5e44f9e198ae71d7774cae1fe3d,10,V2C01247,1,"[2,4,7,9]",4,"[1,2,3,4]",False,"[""positive""]",20,9
22,4,4,[4],e08a293c90181ce6b7dad000d0efec39234c27b737b223a245c59cf2f7d7b922,10,V2C01248,1,"[2,4,7,9]",4,"[1,2,3,4]",False,"[""positive""]",20,9
22,2,2,[2],e3ab9c0071b2d529a961b98b7f0f4c6b38358b8cb48e075f4f7b623187ec4a84,10,V2C01249,1,"[2,4,7,9]",4,"[1,2,3,4]",False,"[""positive""]",20,9
22,0,0,[0],ea66681bd3fa31c8e11d6ea78480e8270755413f76617e47632eef9ba03af4e2,10,V2C01250,1,"[2,4,7,9]",4,"[1,2,3,4]",False,"[""zero""]",20,9
22,3,3,[3],f8978fbfe533a13cd556d5b074f1b016c3c59536cb5f35b0a8f50ef7f21890f9,10,V2C01251,1,"[2,4,7,9]",4,"[1,2,3,4]",False,"[""positive""]",20,9
23,3,3,[3],0866ca7003f156b8d5c2dde0925595e505e6d81f0ddb6ba5515da09ef71d066d,10,V2C01252,1,"[2,4,8,9]",4,"[1,2,3,4]",False,"[""positive""]",40,17
23,5,5,[5],127b8a694bb9478a6a4b599fc3da8c4b3de4ff8b907122bcbe96abdbbd43d15c,10,V2C01253,1,"[2,4,8,9]",4,"[1,2,3,4]",False,"[""positive""]",40,17
23,4,4,[4],1e0e6f9c26c4fb7ce210656f3d32f4848e046b2a62d595dbb4ecf0c623c39459,10,V2C01254,1,"[2,4,8,9]",4,"[1,2,3,4]",False,"[""positive""]",40,17
23,3,3,[3],30df721d3ae609af9684e311a799e865d89af5cfe302c25d7e3460dbb23b90f1,10,V2C01255,1,"[2,4,8,9]",4,"[1,2,3,4]",False,"[""positive""]",40,17
23,4,4,[4],66634876a180202a1ec9a82837c788c7c964a7b57f65c0f90d77a9191cc37f25,10,V2C01256,1,"[2,4,8,9]",4,"[1,2,3,4]",False,"[""positive""]",40,17
23,2,2,[2],7664a14cb67c08a74ce4f9a0a091c138c675d4fe9d64de17cfdb17eb70c1940b,10,V2C01257,1,"[2,4,8,9]",4,"[1,2,3,4]",False,"[""positive""]",40,17
23,1,1,[1],87a1c0f2d61c0de63bae799fc5dd47cf3a40e996ffb463685e266659e21fd38e,10,V2C01258,1,"[2,4,8,9]",4,"[1,2,3,4]",False,"[""positive""]",40,17
23,2,2,[2],89f82e06fac1887ab29373489601f45ed715711e6842dd53c6ee8b7bf30d89ba,10,V2C01259,1,"[2,4,8,9]",4,"[1,2,3,4]",False,"[""positive""]",40,17
23,4,4,[4],9cb5de69305fb4d93f7ff7eb041e23c08e63aece0533ac95c27b40c9bcdc8b08,10,V2C01260,1,"[2,4,8,9]",4,"[1,2,3,4]",False,"[""positive""]",40,17
23,2,2,[2],a13efc38b8d612d3156aadb1164ead20d0cb98eebacc3cb39e54ff04b0241757,10,V2C01261,1,"[2,4,8,9]",4,"[1,2,3,4]",False,"[""positive""]",40,17
23,1,1,[1],bf96277ee91d1ba307c6ca5c6f8f56dfca550361283de79703ed834c3ea70ec4,10,V2C01262,1,"[2,4,8,9]",4,"[1,2,3,4]",False,"[""positive""]",40,17
23,4,4,[4],bfc94cf98b0ecc96b0682396db8424c6ac8854d0b1cdf86939ba5e6f10fea1d4,10,V2C01263,1,"[2,4,8,9]",4,"[1,2,3,4]",False,"[""positive""]",40,17
23,4,4,[4],c2017b9edc99e18f8a626a426936fb04a99a68adc9a130b7b995f3c1c0a09003,10,V2C01264,1,"[2,4,8,9]",4,"[1,2,3,4]",False,"[""positive""]",40,17
23,4,4,[4],dcbaec88d41e5d46a5264b4157ea3c64e0f3b5e44f9e198ae71d7774cae1fe3d,10,V2C01265,1,"[2,4,8,9]",4,"[1,2,3,4]",False,"[""positive""]",40,17
23,4,4,[4],e08a293c90181ce6b7dad000d0efec39234c27b737b223a245c59cf2f7d7b922,10,V2C01266,1,"[2,4,8,9]",4,"[1,2,3,4]",False,"[""positive""]",40,17
23,2,2,[2],e3ab9c0071b2d529a961b98b7f0f4c6b38358b8cb48e075f4f7b623187ec4a84,10,V2C01267,1,"[2,4,8,9]",4,"[1,2,3,4]",False,"[""positive""]",40,17
23,0,0,[0],ea66681bd3fa31c8e11d6ea78480e8270755413f76617e47632eef9ba03af4e2,10,V2C01268,1,"[2,4,8,9]",4,"[1,2,3,4]",False,"[""zero""]",40,17
23,3,3,[3],f8978fbfe533a13cd556d5b074f1b016c3c59536cb5f35b0a8f50ef7f21890f9,10,V2C01269,1,"[2,4,8,9]",4,"[1,2,3,4]",False,"[""positive""]",40,17
20,2,2,[2],1194558619f192385a5065099f20de3e070365bbdd2b977abbbe7282dc1f06ec,10,V2C01270,1,"[2,5,6,7]",4,"[1,2,3,4]",False,"[""positive""]",2,1
20,0,0,[0],1370a33ffeeb731426b75a87da09c4cf2fe96b052b570b9b577f32d2d0dfca42,10,V2C01271,1,"[2,5,6,7]",4,"[1,2,3,4]",False,"[""zero""]",2,1
20,3,3,[3],30df721d3ae609af9684e311a799e865d89af5cfe302c25d7e3460dbb23b90f1,10,V2C01272,1,"[2,5,6,7]",4,"[1,2,3,4]",False,"[""positive""]",2,1
20,2,2,[2],358ae13d27d531c1ca30fa9a18cdc58bb12a19303adfa1a7e795bd077f35466e,10,V2C01273,1,"[2,5,6,7]",4,"[1,2,3,4]",False,"[""positive""]",2,1
20,0,0,[0],551332a25907281b03b42ca753221eb302f5f3d64d96f2bdff44566b0e948f49,10,V2C01274,1,"[2,5,6,7]",4,"[1,2,3,4]",False,"[""zero""]",2,1
20,0,0,[0],65448a3712e365b672836df59c3aa18934d863ddd8f161aea2af9a503d4eead3,10,V2C01275,1,"[2,5,6,7]",4,"[1,2,3,4]",False,"[""zero""]",2,1
20,1,1,[1],7664a14cb67c08a74ce4f9a0a091c138c675d4fe9d64de17cfdb17eb70c1940b,10,V2C01276,1,"[2,5,6,7]",4,"[1,2,3,4]",False,"[""positive""]",2,1
20,1,1,[1],87a1c0f2d61c0de63bae799fc5dd47cf3a40e996ffb463685e266659e21fd38e,10,V2C01277,1,"[2,5,6,7]",4,"[1,2,3,4]",False,"[""positive""]",2,1
20,2,2,[2],89f82e06fac1887ab29373489601f45ed715711e6842dd53c6ee8b7bf30d89ba,10,V2C01278,1,"[2,5,6,7]",4,"[1,2,3,4]",False,"[""positive""]",2,1
20,1,1,[1],8f8c576db10424672de697236e76ce5f173f32b3a07d6f36799d65a3f2f5910f,10,V2C01279,1,"[2,5,6,7]",4,"[1,2,3,4]",False,"[""positive""]",2,1
20,-1,-1,[-1],92010ce82c663bcd166d0569ea5ce57e70e78672bcfdf41c73ed1191629d3a12,10,V2C01280,1,"[2,5,6,7]",4,"[1,2,3,4]",False,"[""negative""]",2,1
20,-1,-1,[-1],bcf25f4b825c43de64a95b9faa8b8be5f4fd8940c755106e59587b0966f67e3e,10,V2C01281,1,"[2,5,6,7]",4,"[1,2,3,4]",False,"[""negative""]",2,1
20,0,0,[0],c05f23394596ae9fa98df31ef87a596f92c6c6244caad6bfd01272cc5daa4d63,10,V2C01282,1,"[2,5,6,7]",4,"[1,2,3,4]",False,"[""zero""]",2,1
20,1,1,[1],c2017b9edc99e18f8a626a426936fb04a99a68adc9a130b7b995f3c1c0a09003,10,V2C01283,1,"[2,5,6,7]",4,"[1,2,3,4]",False,"[""positive""]",2,1
20,1,1,[1],c645867b4748a75675c0ed8e47b97d9cec9ae16890ef1aeecc64cd50cce5c626,10,V2C01284,1,"[2,5,6,7]",4,"[1,2,3,4]",False,"[""positive""]",2,1
20,3,3,[3],e3ab9c0071b2d529a961b98b7f0f4c6b38358b8cb48e075f4f7b623187ec4a84,10,V2C01285,1,"[2,5,6,7]",4,"[1,2,3,4]",False,"[""positive""]",2,1
20,0,0,[0],ea66681bd3fa31c8e11d6ea78480e8270755413f76617e47632eef9ba03af4e2,10,V2C01286,1,"[2,5,6,7]",4,"[1,2,3,4]",False,"[""zero""]",2,1
20,1,1,[1],eeeb84a07001d490acb2e41ca051999ffeb0b61ed70ee0adf318857cb3d31a80,10,V2C01287,1,"[2,5,6,7]",4,"[1,2,3,4]",False,"[""positive""]",2,1
21,3,3,[3],1194558619f192385a5065099f20de3e070365bbdd2b977abbbe7282dc1f06ec,10,V2C01288,1,"[2,5,6,8]",4,"[1,2,3,4]",False,"[""positive""]",40,19
21,0,0,[0],119adc083a656da499bdae86dd8d80d329fbc7242a3b23faef48468c3e92809b,10,V2C01289,1,"[2,5,6,8]",4,"[1,2,3,4]",False,"[""zero""]",40,19
21,3,3,[3],30df721d3ae609af9684e311a799e865d89af5cfe302c25d7e3460dbb23b90f1,10,V2C01290,1,"[2,5,6,8]",4,"[1,2,3,4]",False,"[""positive""]",40,19
21,1,1,[1],65448a3712e365b672836df59c3aa18934d863ddd8f161aea2af9a503d4eead3,10,V2C01291,1,"[2,5,6,8]",4,"[1,2,3,4]",False,"[""positive""]",40,19
21,1,1,[1],7664a14cb67c08a74ce4f9a0a091c138c675d4fe9d64de17cfdb17eb70c1940b,10,V2C01292,1,"[2,5,6,8]",4,"[1,2,3,4]",False,"[""positive""]",40,19
21,1,1,[1],87a1c0f2d61c0de63bae799fc5dd47cf3a40e996ffb463685e266659e21fd38e,10,V2C01293,1,"[2,5,6,8]",4,"[1,2,3,4]",False,"[""positive""]",40,19
21,2,2,[2],89f82e06fac1887ab29373489601f45ed715711e6842dd53c6ee8b7bf30d89ba,10,V2C01294,1,"[2,5,6,8]",4,"[1,2,3,4]",False,"[""positive""]",40,19
21,2,2,[2],a13efc38b8d612d3156aadb1164ead20d0cb98eebacc3cb39e54ff04b0241757,10,V2C01295,1,"[2,5,6,8]",4,"[1,2,3,4]",False,"[""positive""]",40,19
21,0,0,[0],bcf25f4b825c43de64a95b9faa8b8be5f4fd8940c755106e59587b0966f67e3e,10,V2C01296,1,"[2,5,6,8]",4,"[1,2,3,4]",False,"[""zero""]",40,19
21,1,1,[1],bf96277ee91d1ba307c6ca5c6f8f56dfca550361283de79703ed834c3ea70ec4,10,V2C01297,1,"[2,5,6,8]",4,"[1,2,3,4]",False,"[""positive""]",40,19
21,2,2,[2],c2017b9edc99e18f8a626a426936fb04a99a68adc9a130b7b995f3c1c0a09003,10,V2C01298,1,"[2,5,6,8]",4,"[1,2,3,4]",False,"[""positive""]",40,19
21,2,2,[2],c645867b4748a75675c0ed8e47b97d9cec9ae16890ef1aeecc64cd50cce5c626,10,V2C01299,1,"[2,5,6,8]",4,"[1,2,3,4]",False,"[""positive""]",40,19
21,3,3,[3],e3ab9c0071b2d529a961b98b7f0f4c6b38358b8cb48e075f4f7b623187ec4a84,10,V2C01300,1,"[2,5,6,8]",4,"[1,2,3,4]",False,"[""positive""]",40,19
21,0,0,[0],ea66681bd3fa31c8e11d6ea78480e8270755413f76617e47632eef9ba03af4e2,10,V2C01301,1,"[2,5,6,8]",4,"[1,2,3,4]",False,"[""zero""]",40,19
22,4,4,[4],1194558619f192385a5065099f20de3e070365bbdd2b977abbbe7282dc1f06ec,10,V2C01302,1,"[2,5,6,9]",4,"[1,2,3,4]",False,"[""positive""]",20,9
22,3,3,[3],30df721d3ae609af9684e311a799e865d89af5cfe302c25d7e3460dbb23b90f1,10,V2C01303,1,"[2,5,6,9]",4,"[1,2,3,4]",False,"[""positive""]",20,9
22,3,3,[3],55d69ac372127fb459e51d632250130f1d18429c49b2331787e83ea66f72b8d2,10,V2C01304,1,"[2,5,6,9]",4,"[1,2,3,4]",False,"[""positive""]",20,9
22,2,2,[2],5fd7be436ed1681027aa8f4a5b24ed0c49cc9424ed2389bd79a07886d3e20f3c,10,V2C01305,1,"[2,5,6,9]",4,"[1,2,3,4]",False,"[""positive""]",20,9
22,1,1,[1],7664a14cb67c08a74ce4f9a0a091c138c675d4fe9d64de17cfdb17eb70c1940b,10,V2C01306,1,"[2,5,6,9]",4,"[1,2,3,4]",False,"[""positive""]",20,9
22,1,1,[1],87a1c0f2d61c0de63bae799fc5dd47cf3a40e996ffb463685e266659e21fd38e,10,V2C01307,1,"[2,5,6,9]",4,"[1,2,3,4]",False,"[""positive""]",20,9
22,2,2,[2],89f82e06fac1887ab29373489601f45ed715711e6842dd53c6ee8b7bf30d89ba,10,V2C01308,1,"[2,5,6,9]",4,"[1,2,3,4]",False,"[""positive""]",20,9
22,1,1,[1],98479554a32873ac019916819a9d38c20b64d8cce47e9f4ced94137018508698,10,V2C01309,1,"[2,5,6,9]",4,"[1,2,3,4]",False,"[""positive""]",20,9
22,3,3,[3],a13efc38b8d612d3156aadb1164ead20d0cb98eebacc3cb39e54ff04b0241757,10,V2C01310,1,"[2,5,6,9]",4,"[1,2,3,4]",False,"[""positive""]",20,9
22,2,2,[2],bf96277ee91d1ba307c6ca5c6f8f56dfca550361283de79703ed834c3ea70ec4,10,V2C01311,1,"[2,5,6,9]",4,"[1,2,3,4]",False,"[""positive""]",20,9
22,3,3,[3],c2017b9edc99e18f8a626a426936fb04a99a68adc9a130b7b995f3c1c0a09003,10,V2C01312,1,"[2,5,6,9]",4,"[1,2,3,4]",False,"[""positive""]",20,9
22,3,3,[3],c289548e2cdd3d81f1baca3d4583d8291a994759b3ef3bd06c0b3cbd778789fd,10,V2C01313,1,"[2,5,6,9]",4,"[1,2,3,4]",False,"[""positive""]",20,9
22,4,4,[4],e08a293c90181ce6b7dad000d0efec39234c27b737b223a245c59cf2f7d7b922,10,V2C01314,1,"[2,5,6,9]",4,"[1,2,3,4]",False,"[""positive""]",20,9
22,3,3,[3],e3ab9c0071b2d529a961b98b7f0f4c6b38358b8cb48e075f4f7b623187ec4a84,10,V2C01315,1,"[2,5,6,9]",4,"[1,2,3,4]",False,"[""positive""]",20,9
22,2,2,[2],e76bab855a22e05b99823d80db54c301f022fe622f39099ee9545c7dd8fcc90c,10,V2C01316,1,"[2,5,6,9]",4,"[1,2,3,4]",False,"[""positive""]",20,9
22,0,0,[0],ea66681bd3fa31c8e11d6ea78480e8270755413f76617e47632eef9ba03af4e2,10,V2C01317,1,"[2,5,6,9]",4,"[1,2,3,4]",False,"[""zero""]",20,9
22,2,2,[2],f8978fbfe533a13cd556d5b074f1b016c3c59536cb5f35b0a8f50ef7f21890f9,10,V2C01318,1,"[2,5,6,9]",4,"[1,2,3,4]",False,"[""positive""]",20,9
22,4,4,[4],1194558619f192385a5065099f20de3e070365bbdd2b977abbbe7282dc1f06ec,10,V2C01319,1,"[2,5,7,8]",4,"[1,2,3,4]",False,"[""positive""]",20,9
22,1,1,[1],13a7fa93989872724a335aba7931269880fde46d3cecc5b0fa249548d3257d01,10,V2C01320,1,"[2,5,7,8]",4,"[1,2,3,4]",False,"[""positive""]",20,9
22,3,3,[3],252636a6a03b2c128f0f5fba77e6159c3373c121ae9d5ffc81d6596a01b85001,10,V2C01321,1,"[2,5,7,8]",4,"[1,2,3,4]",False,"[""positive""]",20,9
22,3,3,[3],30df721d3ae609af9684e311a799e865d89af5cfe302c25d7e3460dbb23b90f1,10,V2C01322,1,"[2,5,7,8]",4,"[1,2,3,4]",False,"[""positive""]",20,9
22,1,1,[1],613c0053c8434c4fbb2224231bcebc5c194e86e1dd23986bd3ca4590ee27b63c,10,V2C01323,1,"[2,5,7,8]",4,"[1,2,3,4]",False,"[""positive""]",20,9
22,1,1,[1],65448a3712e365b672836df59c3aa18934d863ddd8f161aea2af9a503d4eead3,10,V2C01324,1,"[2,5,7,8]",4,"[1,2,3,4]",False,"[""positive""]",20,9
22,3,3,[3],66634876a180202a1ec9a82837c788c7c964a7b57f65c0f90d77a9191cc37f25,10,V2C01325,1,"[2,5,7,8]",4,"[1,2,3,4]",False,"[""positive""]",20,9
22,1,1,[1],7664a14cb67c08a74ce4f9a0a091c138c675d4fe9d64de17cfdb17eb70c1940b,10,V2C01326,1,"[2,5,7,8]",4,"[1,2,3,4]",False,"[""positive""]",20,9
22,1,1,[1],87a1c0f2d61c0de63bae799fc5dd47cf3a40e996ffb463685e266659e21fd38e,10,V2C01327,1,"[2,5,7,8]",4,"[1,2,3,4]",False,"[""positive""]",20,9
22,2,2,[2],89f82e06fac1887ab29373489601f45ed715711e6842dd53c6ee8b7bf30d89ba,10,V2C01328,1,"[2,5,7,8]",4,"[1,2,3,4]",False,"[""positive""]",20,9
22,1,1,[1],8a229cf8251284c9754bc9dd1187922dbc14d60bc0271ec7860828b78e342838,10,V2C01329,1,"[2,5,7,8]",4,"[1,2,3,4]",False,"[""positive""]",20,9
22,2,2,[2],a13efc38b8d612d3156aadb1164ead20d0cb98eebacc3cb39e54ff04b0241757,10,V2C01330,1,"[2,5,7,8]",4,"[1,2,3,4]",False,"[""positive""]",20,9
22,1,1,[1],bf96277ee91d1ba307c6ca5c6f8f56dfca550361283de79703ed834c3ea70ec4,10,V2C01331,1,"[2,5,7,8]",4,"[1,2,3,4]",False,"[""positive""]",20,9
22,3,3,[3],c2017b9edc99e18f8a626a426936fb04a99a68adc9a130b7b995f3c1c0a09003,10,V2C01332,1,"[2,5,7,8]",4,"[1,2,3,4]",False,"[""positive""]",20,9
22,2,2,[2],c645867b4748a75675c0ed8e47b97d9cec9ae16890ef1aeecc64cd50cce5c626,10,V2C01333,1,"[2,5,7,8]",4,"[1,2,3,4]",False,"[""positive""]",20,9
22,3,3,[3],e3ab9c0071b2d529a961b98b7f0f4c6b38358b8cb48e075f4f7b623187ec4a84,10,V2C01334,1,"[2,5,7,8]",4,"[1,2,3,4]",False,"[""positive""]",20,9
22,0,0,[0],ea66681bd3fa31c8e11d6ea78480e8270755413f76617e47632eef9ba03af4e2,10,V2C01335,1,"[2,5,7,8]",4,"[1,2,3,4]",False,"[""zero""]",20,9
23,5,5,[5],1194558619f192385a5065099f20de3e070365bbdd2b977abbbe7282dc1f06ec,10,V2C01336,1,"[2,5,7,9]",4,"[1,2,3,4]",False,"[""positive""]",40,17
23,4,4,[4],252636a6a03b2c128f0f5fba77e6159c3373c121ae9d5ffc81d6596a01b85001,10,V2C01337,1,"[2,5,7,9]",4,"[1,2,3,4]",False,"[""positive""]",40,17
23,3,3,[3],30df721d3ae609af9684e311a799e865d89af5cfe302c25d7e3460dbb23b90f1,10,V2C01338,1,"[2,5,7,9]",4,"[1,2,3,4]",False,"[""positive""]",40,17
23,4,4,[4],4db2fca57a0049c7c649f1a529f2c32ff5e8ab03f942dc9ca66c4904d97d8a9d,10,V2C01339,1,"[2,5,7,9]",4,"[1,2,3,4]",False,"[""positive""]",40,17
23,4,4,[4],66634876a180202a1ec9a82837c788c7c964a7b57f65c0f90d77a9191cc37f25,10,V2C01340,1,"[2,5,7,9]",4,"[1,2,3,4]",False,"[""positive""]",40,17
23,1,1,[1],7664a14cb67c08a74ce4f9a0a091c138c675d4fe9d64de17cfdb17eb70c1940b,10,V2C01341,1,"[2,5,7,9]",4,"[1,2,3,4]",False,"[""positive""]",40,17
23,1,1,[1],87a1c0f2d61c0de63bae799fc5dd47cf3a40e996ffb463685e266659e21fd38e,10,V2C01342,1,"[2,5,7,9]",4,"[1,2,3,4]",False,"[""positive""]",40,17
23,2,2,[2],89f82e06fac1887ab29373489601f45ed715711e6842dd53c6ee8b7bf30d89ba,10,V2C01343,1,"[2,5,7,9]",4,"[1,2,3,4]",False,"[""positive""]",40,17
23,3,3,[3],a13efc38b8d612d3156aadb1164ead20d0cb98eebacc3cb39e54ff04b0241757,10,V2C01344,1,"[2,5,7,9]",4,"[1,2,3,4]",False,"[""positive""]",40,17
23,2,2,[2],bf96277ee91d1ba307c6ca5c6f8f56dfca550361283de79703ed834c3ea70ec4,10,V2C01345,1,"[2,5,7,9]",4,"[1,2,3,4]",False,"[""positive""]",40,17
23,3,3,[3],bfc94cf98b0ecc96b0682396db8424c6ac8854d0b1cdf86939ba5e6f10fea1d4,10,V2C01346,1,"[2,5,7,9]",4,"[1,2,3,4]",False,"[""positive""]",40,17
23,4,4,[4],c2017b9edc99e18f8a626a426936fb04a99a68adc9a130b7b995f3c1c0a09003,10,V2C01347,1,"[2,5,7,9]",4,"[1,2,3,4]",False,"[""positive""]",40,17
23,4,4,[4],e08a293c90181ce6b7dad000d0efec39234c27b737b223a245c59cf2f7d7b922,10,V2C01348,1,"[2,5,7,9]",4,"[1,2,3,4]",False,"[""positive""]",40,17
23,3,3,[3],e3ab9c0071b2d529a961b98b7f0f4c6b38358b8cb48e075f4f7b623187ec4a84,10,V2C01349,1,"[2,5,7,9]",4,"[1,2,3,4]",False,"[""positive""]",40,17
23,0,0,[0],ea66681bd3fa31c8e11d6ea78480e8270755413f76617e47632eef9ba03af4e2,10,V2C01350,1,"[2,5,7,9]",4,"[1,2,3,4]",False,"[""zero""]",40,17
23,2,2,[2],f8978fbfe533a13cd556d5b074f1b016c3c59536cb5f35b0a8f50ef7f21890f9,10,V2C01351,1,"[2,5,7,9]",4,"[1,2,3,4]",False,"[""positive""]",40,17
24,5,5,[5],1194558619f192385a5065099f20de3e070365bbdd2b977abbbe7282dc1f06ec,10,V2C01352,1,"[2,5,8,9]",4,"[1,2,3,4]",False,"[""positive""]",5,2
24,5,5,[5],127b8a694bb9478a6a4b599fc3da8c4b3de4ff8b907122bcbe96abdbbd43d15c,10,V2C01353,1,"[2,5,8,9]",4,"[1,2,3,4]",False,"[""positive""]",5,2
24,4,4,[4],252636a6a03b2c128f0f5fba77e6159c3373c121ae9d5ffc81d6596a01b85001,10,V2C01354,1,"[2,5,8,9]",4,"[1,2,3,4]",False,"[""positive""]",5,2
24,3,3,[3],30df721d3ae609af9684e311a799e865d89af5cfe302c25d7e3460dbb23b90f1,10,V2C01355,1,"[2,5,8,9]",4,"[1,2,3,4]",False,"[""positive""]",5,2
24,5,5,[5],4db2fca57a0049c7c649f1a529f2c32ff5e8ab03f942dc9ca66c4904d97d8a9d,10,V2C01356,1,"[2,5,8,9]",4,"[1,2,3,4]",False,"[""positive""]",5,2
24,4,4,[4],66634876a180202a1ec9a82837c788c7c964a7b57f65c0f90d77a9191cc37f25,10,V2C01357,1,"[2,5,8,9]",4,"[1,2,3,4]",False,"[""positive""]",5,2
24,1,1,[1],7664a14cb67c08a74ce4f9a0a091c138c675d4fe9d64de17cfdb17eb70c1940b,10,V2C01358,1,"[2,5,8,9]",4,"[1,2,3,4]",False,"[""positive""]",5,2
24,1,1,[1],87a1c0f2d61c0de63bae799fc5dd47cf3a40e996ffb463685e266659e21fd38e,10,V2C01359,1,"[2,5,8,9]",4,"[1,2,3,4]",False,"[""positive""]",5,2
24,2,2,[2],89f82e06fac1887ab29373489601f45ed715711e6842dd53c6ee8b7bf30d89ba,10,V2C01360,1,"[2,5,8,9]",4,"[1,2,3,4]",False,"[""positive""]",5,2
24,2,2,[2],a13efc38b8d612d3156aadb1164ead20d0cb98eebacc3cb39e54ff04b0241757,10,V2C01361,1,"[2,5,8,9]",4,"[1,2,3,4]",False,"[""positive""]",5,2
24,1,1,[1],bf96277ee91d1ba307c6ca5c6f8f56dfca550361283de79703ed834c3ea70ec4,10,V2C01362,1,"[2,5,8,9]",4,"[1,2,3,4]",False,"[""positive""]",5,2
24,4,4,[4],bfc94cf98b0ecc96b0682396db8424c6ac8854d0b1cdf86939ba5e6f10fea1d4,10,V2C01363,1,"[2,5,8,9]",4,"[1,2,3,4]",False,"[""positive""]",5,2
24,4,4,[4],c2017b9edc99e18f8a626a426936fb04a99a68adc9a130b7b995f3c1c0a09003,10,V2C01364,1,"[2,5,8,9]",4,"[1,2,3,4]",False,"[""positive""]",5,2
24,4,4,[4],cfabcfab2a9d921b9f74e1a3fd350d64d5900a19d033982d77c60913aa7f2b7c,10,V2C01365,1,"[2,5,8,9]",4,"[1,2,3,4]",False,"[""positive""]",5,2
24,4,4,[4],e08a293c90181ce6b7dad000d0efec39234c27b737b223a245c59cf2f7d7b922,10,V2C01366,1,"[2,5,8,9]",4,"[1,2,3,4]",False,"[""positive""]",5,2
24,3,3,[3],e3ab9c0071b2d529a961b98b7f0f4c6b38358b8cb48e075f4f7b623187ec4a84,10,V2C01367,1,"[2,5,8,9]",4,"[1,2,3,4]",False,"[""positive""]",5,2
24,0,0,[0],ea66681bd3fa31c8e11d6ea78480e8270755413f76617e47632eef9ba03af4e2,10,V2C01368,1,"[2,5,8,9]",4,"[1,2,3,4]",False,"[""zero""]",5,2
24,2,2,[2],f8978fbfe533a13cd556d5b074f1b016c3c59536cb5f35b0a8f50ef7f21890f9,10,V2C01369,1,"[2,5,8,9]",4,"[1,2,3,4]",False,"[""positive""]",5,2
23,4,4,[4],1194558619f192385a5065099f20de3e070365bbdd2b977abbbe7282dc1f06ec,10,V2C01370,1,"[2,6,7,8]",4,"[1,2,3,4]",False,"[""positive""]",40,17
23,2,2,[2],13a7fa93989872724a335aba7931269880fde46d3cecc5b0fa249548d3257d01,10,V2C01371,1,"[2,6,7,8]",4,"[1,2,3,4]",False,"[""positive""]",40,17
23,4,4,[4],252636a6a03b2c128f0f5fba77e6159c3373c121ae9d5ffc81d6596a01b85001,10,V2C01372,1,"[2,6,7,8]",4,"[1,2,3,4]",False,"[""positive""]",40,17
23,3,3,[3],30df721d3ae609af9684e311a799e865d89af5cfe302c25d7e3460dbb23b90f1,10,V2C01373,1,"[2,6,7,8]",4,"[1,2,3,4]",False,"[""positive""]",40,17
23,1,1,[1],613c0053c8434c4fbb2224231bcebc5c194e86e1dd23986bd3ca4590ee27b63c,10,V2C01374,1,"[2,6,7,8]",4,"[1,2,3,4]",False,"[""positive""]",40,17
23,3,3,[3],66634876a180202a1ec9a82837c788c7c964a7b57f65c0f90d77a9191cc37f25,10,V2C01375,1,"[2,6,7,8]",4,"[1,2,3,4]",False,"[""positive""]",40,17
23,1,1,[1],87a1c0f2d61c0de63bae799fc5dd47cf3a40e996ffb463685e266659e21fd38e,10,V2C01376,1,"[2,6,7,8]",4,"[1,2,3,4]",False,"[""positive""]",40,17
23,1,1,[1],8a229cf8251284c9754bc9dd1187922dbc14d60bc0271ec7860828b78e342838,10,V2C01377,1,"[2,6,7,8]",4,"[1,2,3,4]",False,"[""positive""]",40,17
23,2,2,[2],a13efc38b8d612d3156aadb1164ead20d0cb98eebacc3cb39e54ff04b0241757,10,V2C01378,1,"[2,6,7,8]",4,"[1,2,3,4]",False,"[""positive""]",40,17
23,1,1,[1],bf96277ee91d1ba307c6ca5c6f8f56dfca550361283de79703ed834c3ea70ec4,10,V2C01379,1,"[2,6,7,8]",4,"[1,2,3,4]",False,"[""positive""]",40,17
23,2,2,[2],c2017b9edc99e18f8a626a426936fb04a99a68adc9a130b7b995f3c1c0a09003,10,V2C01380,1,"[2,6,7,8]",4,"[1,2,3,4]",False,"[""positive""]",40,17
23,0,0,[0],ea66681bd3fa31c8e11d6ea78480e8270755413f76617e47632eef9ba03af4e2,10,V2C01381,1,"[2,6,7,8]",4,"[1,2,3,4]",False,"[""zero""]",40,17
24,5,5,[5],1194558619f192385a5065099f20de3e070365bbdd2b977abbbe7282dc1f06ec,10,V2C01382,1,"[2,6,7,9]",4,"[1,2,3,4]",False,"[""positive""]",5,2
24,5,5,[5],252636a6a03b2c128f0f5fba77e6159c3373c121ae9d5ffc81d6596a01b85001,10,V2C01383,1,"[2,6,7,9]",4,"[1,2,3,4]",False,"[""positive""]",5,2
24,3,3,[3],30df721d3ae609af9684e311a799e865d89af5cfe302c25d7e3460dbb23b90f1,10,V2C01384,1,"[2,6,7,9]",4,"[1,2,3,4]",False,"[""positive""]",5,2
24,4,4,[4],4db2fca57a0049c7c649f1a529f2c32ff5e8ab03f942dc9ca66c4904d97d8a9d,10,V2C01385,1,"[2,6,7,9]",4,"[1,2,3,4]",False,"[""positive""]",5,2
24,4,4,[4],66634876a180202a1ec9a82837c788c7c964a7b57f65c0f90d77a9191cc37f25,10,V2C01386,1,"[2,6,7,9]",4,"[1,2,3,4]",False,"[""positive""]",5,2
24,1,1,[1],87a1c0f2d61c0de63bae799fc5dd47cf3a40e996ffb463685e266659e21fd38e,10,V2C01387,1,"[2,6,7,9]",4,"[1,2,3,4]",False,"[""positive""]",5,2
24,3,3,[3],a13efc38b8d612d3156aadb1164ead20d0cb98eebacc3cb39e54ff04b0241757,10,V2C01388,1,"[2,6,7,9]",4,"[1,2,3,4]",False,"[""positive""]",5,2
24,2,2,[2],bf96277ee91d1ba307c6ca5c6f8f56dfca550361283de79703ed834c3ea70ec4,10,V2C01389,1,"[2,6,7,9]",4,"[1,2,3,4]",False,"[""positive""]",5,2
24,2,2,[2],bfc94cf98b0ecc96b0682396db8424c6ac8854d0b1cdf86939ba5e6f10fea1d4,10,V2C01390,1,"[2,6,7,9]",4,"[1,2,3,4]",False,"[""positive""]",5,2
24,3,3,[3],c2017b9edc99e18f8a626a426936fb04a99a68adc9a130b7b995f3c1c0a09003,10,V2C01391,1,"[2,6,7,9]",4,"[1,2,3,4]",False,"[""positive""]",5,2
24,4,4,[4],e08a293c90181ce6b7dad000d0efec39234c27b737b223a245c59cf2f7d7b922,10,V2C01392,1,"[2,6,7,9]",4,"[1,2,3,4]",False,"[""positive""]",5,2
24,0,0,[0],ea66681bd3fa31c8e11d6ea78480e8270755413f76617e47632eef9ba03af4e2,10,V2C01393,1,"[2,6,7,9]",4,"[1,2,3,4]",False,"[""zero""]",5,2
24,1,1,[1],f8978fbfe533a13cd556d5b074f1b016c3c59536cb5f35b0a8f50ef7f21890f9,10,V2C01394,1,"[2,6,7,9]",4,"[1,2,3,4]",False,"[""positive""]",5,2
25,5,5,[5],1194558619f192385a5065099f20de3e070365bbdd2b977abbbe7282dc1f06ec,10,V2C01395,1,"[2,6,8,9]",4,"[1,2,3,4]",False,"[""positive""]",8,3
25,5,5,[5],127b8a694bb9478a6a4b599fc3da8c4b3de4ff8b907122bcbe96abdbbd43d15c,10,V2C01396,1,"[2,6,8,9]",4,"[1,2,3,4]",False,"[""positive""]",8,3
25,5,5,[5],252636a6a03b2c128f0f5fba77e6159c3373c121ae9d5ffc81d6596a01b85001,10,V2C01397,1,"[2,6,8,9]",4,"[1,2,3,4]",False,"[""positive""]",8,3
25,3,3,[3],30df721d3ae609af9684e311a799e865d89af5cfe302c25d7e3460dbb23b90f1,10,V2C01398,1,"[2,6,8,9]",4,"[1,2,3,4]",False,"[""positive""]",8,3
25,5,5,[5],4db2fca57a0049c7c649f1a529f2c32ff5e8ab03f942dc9ca66c4904d97d8a9d,10,V2C01399,1,"[2,6,8,9]",4,"[1,2,3,4]",False,"[""positive""]",8,3
25,4,4,[4],66634876a180202a1ec9a82837c788c7c964a7b57f65c0f90d77a9191cc37f25,10,V2C01400,1,"[2,6,8,9]",4,"[1,2,3,4]",False,"[""positive""]",8,3
25,1,1,[1],87a1c0f2d61c0de63bae799fc5dd47cf3a40e996ffb463685e266659e21fd38e,10,V2C01401,1,"[2,6,8,9]",4,"[1,2,3,4]",False,"[""positive""]",8,3
25,2,2,[2],a13efc38b8d612d3156aadb1164ead20d0cb98eebacc3cb39e54ff04b0241757,10,V2C01402,1,"[2,6,8,9]",4,"[1,2,3,4]",False,"[""positive""]",8,3
25,1,1,[1],bf96277ee91d1ba307c6ca5c6f8f56dfca550361283de79703ed834c3ea70ec4,10,V2C01403,1,"[2,6,8,9]",4,"[1,2,3,4]",False,"[""positive""]",8,3
25,3,3,[3],bfc94cf98b0ecc96b0682396db8424c6ac8854d0b1cdf86939ba5e6f10fea1d4,10,V2C01404,1,"[2,6,8,9]",4,"[1,2,3,4]",False,"[""positive""]",8,3
25,3,3,[3],c2017b9edc99e18f8a626a426936fb04a99a68adc9a130b7b995f3c1c0a09003,10,V2C01405,1,"[2,6,8,9]",4,"[1,2,3,4]",False,"[""positive""]",8,3
25,4,4,[4],cfabcfab2a9d921b9f74e1a3fd350d64d5900a19d033982d77c60913aa7f2b7c,10,V2C01406,1,"[2,6,8,9]",4,"[1,2,3,4]",False,"[""positive""]",8,3
25,4,4,[4],e08a293c90181ce6b7dad000d0efec39234c27b737b223a245c59cf2f7d7b922,10,V2C01407,1,"[2,6,8,9]",4,"[1,2,3,4]",False,"[""positive""]",8,3
25,0,0,[0],ea66681bd3fa31c8e11d6ea78480e8270755413f76617e47632eef9ba03af4e2,10,V2C01408,1,"[2,6,8,9]",4,"[1,2,3,4]",False,"[""zero""]",8,3
25,1,1,[1],f8978fbfe533a13cd556d5b074f1b016c3c59536cb5f35b0a8f50ef7f21890f9,10,V2C01409,1,"[2,6,8,9]",4,"[1,2,3,4]",False,"[""positive""]",8,3
26,5,5,[5],1194558619f192385a5065099f20de3e070365bbdd2b977abbbe7282dc1f06ec,10,V2C01410,1,"[2,7,8,9]",4,"[1,2,3,4]",False,"[""positive""]",20,7
26,5,5,[5],127b8a694bb9478a6a4b599fc3da8c4b3de4ff8b907122bcbe96abdbbd43d15c,10,V2C01411,1,"[2,7,8,9]",4,"[1,2,3,4]",False,"[""positive""]",20,7
26,3,3,[3],30df721d3ae609af9684e311a799e865d89af5cfe302c25d7e3460dbb23b90f1,10,V2C01412,1,"[2,7,8,9]",4,"[1,2,3,4]",False,"[""positive""]",20,7
26,5,5,[5],4db2fca57a0049c7c649f1a529f2c32ff5e8ab03f942dc9ca66c4904d97d8a9d,10,V2C01413,1,"[2,7,8,9]",4,"[1,2,3,4]",False,"[""positive""]",20,7
26,5,5,[5],876c42f19d2f5282b7e0028ee06d3c8bc96c7fcdacbd8606157cf32e2951d3ac,10,V2C01414,1,"[2,7,8,9]",4,"[1,2,3,4]",False,"[""positive""]",20,7
26,1,1,[1],87a1c0f2d61c0de63bae799fc5dd47cf3a40e996ffb463685e266659e21fd38e,10,V2C01415,1,"[2,7,8,9]",4,"[1,2,3,4]",False,"[""positive""]",20,7
26,2,2,[2],a13efc38b8d612d3156aadb1164ead20d0cb98eebacc3cb39e54ff04b0241757,10,V2C01416,1,"[2,7,8,9]",4,"[1,2,3,4]",False,"[""positive""]",20,7
26,1,1,[1],bf96277ee91d1ba307c6ca5c6f8f56dfca550361283de79703ed834c3ea70ec4,10,V2C01417,1,"[2,7,8,9]",4,"[1,2,3,4]",False,"[""positive""]",20,7
26,2,2,[2],bfc94cf98b0ecc96b0682396db8424c6ac8854d0b1cdf86939ba5e6f10fea1d4,10,V2C01418,1,"[2,7,8,9]",4,"[1,2,3,4]",False,"[""positive""]",20,7
26,4,4,[4],e08a293c90181ce6b7dad000d0efec39234c27b737b223a245c59cf2f7d7b922,10,V2C01419,1,"[2,7,8,9]",4,"[1,2,3,4]",False,"[""positive""]",20,7
26,0,0,[0],ea66681bd3fa31c8e11d6ea78480e8270755413f76617e47632eef9ba03af4e2,10,V2C01420,1,"[2,7,8,9]",4,"[1,2,3,4]",False,"[""zero""]",20,7
26,1,1,[1],f8978fbfe533a13cd556d5b074f1b016c3c59536cb5f35b0a8f50ef7f21890f9,10,V2C01421,1,"[2,7,8,9]",4,"[1,2,3,4]",False,"[""positive""]",20,7
18,-2,-2,[-2],06365582b5ac2955c7b7e93867da332245395da2260b283feb7ede45c19b8f32,10,V2C01422,1,"[3,4,5,6]",4,"[1,2,3,4]",False,"[""negative""]",20,11
18,-3,-3,[-3],18f03b45b834c19c5b6d9818243a06bddb045924337c1c54d9e7fc93443dd6bc,10,V2C01423,1,"[3,4,5,6]",4,"[1,2,3,4]",False,"[""negative""]",20,11
18,-3,-3,[-3],289004324b08c05289d088ece7659bf1589e11031e41c88b243d840ff4860908,10,V2C01424,1,"[3,4,5,6]",4,"[1,2,3,4]",False,"[""negative""]",20,11
18,2,2,[2],30df721d3ae609af9684e311a799e865d89af5cfe302c25d7e3460dbb23b90f1,10,V2C01425,1,"[3,4,5,6]",4,"[1,2,3,4]",False,"[""positive""]",20,11
18,1,1,[1],358ae13d27d531c1ca30fa9a18cdc58bb12a19303adfa1a7e795bd077f35466e,10,V2C01426,1,"[3,4,5,6]",4,"[1,2,3,4]",False,"[""positive""]",20,11
18,-1,-1,[-1],42957ee41e558fa0677d336c93a6e1fb3cdc50509870fc1061d87044394d3ca6,10,V2C01427,1,"[3,4,5,6]",4,"[1,2,3,4]",False,"[""negative""]",20,11
18,-1,-1,[-1],429e40c48a57d6d3c915784e8c9dcea211a3fffe939cd39315938341a18c11de,10,V2C01428,1,"[3,4,5,6]",4,"[1,2,3,4]",False,"[""negative""]",20,11
18,-2,-2,[-2],65448a3712e365b672836df59c3aa18934d863ddd8f161aea2af9a503d4eead3,10,V2C01429,1,"[3,4,5,6]",4,"[1,2,3,4]",False,"[""negative""]",20,11
18,-1,-1,[-1],69ce09b3f624b17956ea68b2c3ad47c4e4b5699d0d2c0f6cb9e6dd223d5c1c86,10,V2C01430,1,"[3,4,5,6]",4,"[1,2,3,4]",False,"[""negative""]",20,11
18,1,1,[1],7664a14cb67c08a74ce4f9a0a091c138c675d4fe9d64de17cfdb17eb70c1940b,10,V2C01431,1,"[3,4,5,6]",4,"[1,2,3,4]",False,"[""positive""]",20,11
18,-3,-3,[-3],95714484f893b28fd8edd7ea0abcb86501d70f09676a02c8377b49bae33a488b,10,V2C01432,1,"[3,4,5,6]",4,"[1,2,3,4]",False,"[""negative""]",20,11
18,-1,-1,[-1],b8f6cde1f1c7eb4e3b41a382a2e8ddf5e1f792cbb5879c94d149526dce54b6ec,10,V2C01433,1,"[3,4,5,6]",4,"[1,2,3,4]",False,"[""negative""]",20,11
18,0,0,[0],c05f23394596ae9fa98df31ef87a596f92c6c6244caad6bfd01272cc5daa4d63,10,V2C01434,1,"[3,4,5,6]",4,"[1,2,3,4]",False,"[""zero""]",20,11
18,-1,-1,[-1],c645867b4748a75675c0ed8e47b97d9cec9ae16890ef1aeecc64cd50cce5c626,10,V2C01435,1,"[3,4,5,6]",4,"[1,2,3,4]",False,"[""negative""]",20,11
18,-1,-1,[-1],d9c68703a6aba49a2be277565fb4948f8fc8c1ae4eaaca7e8ceb5696a9867721,10,V2C01436,1,"[3,4,5,6]",4,"[1,2,3,4]",False,"[""negative""]",20,11
18,0,0,[0],ea66681bd3fa31c8e11d6ea78480e8270755413f76617e47632eef9ba03af4e2,10,V2C01437,1,"[3,4,5,6]",4,"[1,2,3,4]",False,"[""zero""]",20,11
18,-1,-1,[-1],eeeb84a07001d490acb2e41ca051999ffeb0b61ed70ee0adf318857cb3d31a80,10,V2C01438,1,"[3,4,5,6]",4,"[1,2,3,4]",False,"[""negative""]",20,11
19,-1,-1,[-1],06365582b5ac2955c7b7e93867da332245395da2260b283feb7ede45c19b8f32,10,V2C01439,1,"[3,4,5,7]",4,"[1,2,3,4]",False,"[""negative""]",40,21
19,-2,-2,[-2],289004324b08c05289d088ece7659bf1589e11031e41c88b243d840ff4860908,10,V2C01440,1,"[3,4,5,7]",4,"[1,2,3,4]",False,"[""negative""]",40,21
19,2,2,[2],30df721d3ae609af9684e311a799e865d89af5cfe302c25d7e3460dbb23b90f1,10,V2C01441,1,"[3,4,5,7]",4,"[1,2,3,4]",False,"[""positive""]",40,21
19,2,2,[2],358ae13d27d531c1ca30fa9a18cdc58bb12a19303adfa1a7e795bd077f35466e,10,V2C01442,1,"[3,4,5,7]",4,"[1,2,3,4]",False,"[""positive""]",40,21
19,0,0,[0],429e40c48a57d6d3c915784e8c9dcea211a3fffe939cd39315938341a18c11de,10,V2C01443,1,"[3,4,5,7]",4,"[1,2,3,4]",False,"[""zero""]",40,21
19,-2,-2,[-2],5223f5d298444f9f429f501a327ffc521ce77fa0ff5361bea261df6170e192e9,10,V2C01444,1,"[3,4,5,7]",4,"[1,2,3,4]",False,"[""negative""]",40,21
19,-1,-1,[-1],65448a3712e365b672836df59c3aa18934d863ddd8f161aea2af9a503d4eead3,10,V2C01445,1,"[3,4,5,7]",4,"[1,2,3,4]",False,"[""negative""]",40,21
19,1,1,[1],7664a14cb67c08a74ce4f9a0a091c138c675d4fe9d64de17cfdb17eb70c1940b,10,V2C01446,1,"[3,4,5,7]",4,"[1,2,3,4]",False,"[""positive""]",40,21
19,0,0,[0],b8f6cde1f1c7eb4e3b41a382a2e8ddf5e1f792cbb5879c94d149526dce54b6ec,10,V2C01447,1,"[3,4,5,7]",4,"[1,2,3,4]",False,"[""zero""]",40,21
19,1,1,[1],c05f23394596ae9fa98df31ef87a596f92c6c6244caad6bfd01272cc5daa4d63,10,V2C01448,1,"[3,4,5,7]",4,"[1,2,3,4]",False,"[""positive""]",40,21
19,0,0,[0],c645867b4748a75675c0ed8e47b97d9cec9ae16890ef1aeecc64cd50cce5c626,10,V2C01449,1,"[3,4,5,7]",4,"[1,2,3,4]",False,"[""zero""]",40,21
19,0,0,[0],ea66681bd3fa31c8e11d6ea78480e8270755413f76617e47632eef9ba03af4e2,10,V2C01450,1,"[3,4,5,7]",4,"[1,2,3,4]",False,"[""zero""]",40,21
19,0,0,[0],eeeb84a07001d490acb2e41ca051999ffeb0b61ed70ee0adf318857cb3d31a80,10,V2C01451,1,"[3,4,5,7]",4,"[1,2,3,4]",False,"[""zero""]",40,21
19,-2,-2,[-2],f63f3470c7db691d0503f32dfb9fd1fca7cf929cacc242e941279a4aff164a26,10,V2C01452,1,"[3,4,5,7]",4,"[1,2,3,4]",False,"[""negative""]",40,21
20,0,0,[0],06365582b5ac2955c7b7e93867da332245395da2260b283feb7ede45c19b8f32,10,V2C01453,1,"[3,4,5,8]",4,"[1,2,3,4]",False,"[""zero""]",2,1
20,-1,-1,[-1],289004324b08c05289d088ece7659bf1589e11031e41c88b243d840ff4860908,10,V2C01454,1,"[3,4,5,8]",4,"[1,2,3,4]",False,"[""negative""]",2,1
20,2,2,[2],30df721d3ae609af9684e311a799e865d89af5cfe302c25d7e3460dbb23b90f1,10,V2C01455,1,"[3,4,5,8]",4,"[1,2,3,4]",False,"[""positive""]",2,1
20,-1,-1,[-1],5223f5d298444f9f429f501a327ffc521ce77fa0ff5361bea261df6170e192e9,10,V2C01456,1,"[3,4,5,8]",4,"[1,2,3,4]",False,"[""negative""]",2,1
20,0,0,[0],65448a3712e365b672836df59c3aa18934d863ddd8f161aea2af9a503d4eead3,10,V2C01457,1,"[3,4,5,8]",4,"[1,2,3,4]",False,"[""zero""]",2,1
20,1,1,[1],7664a14cb67c08a74ce4f9a0a091c138c675d4fe9d64de17cfdb17eb70c1940b,10,V2C01458,1,"[3,4,5,8]",4,"[1,2,3,4]",False,"[""positive""]",2,1
20,1,1,[1],bf96277ee91d1ba307c6ca5c6f8f56dfca550361283de79703ed834c3ea70ec4,10,V2C01459,1,"[3,4,5,8]",4,"[1,2,3,4]",False,"[""positive""]",2,1
20,1,1,[1],c645867b4748a75675c0ed8e47b97d9cec9ae16890ef1aeecc64cd50cce5c626,10,V2C01460,1,"[3,4,5,8]",4,"[1,2,3,4]",False,"[""positive""]",2,1
20,0,0,[0],ea66681bd3fa31c8e11d6ea78480e8270755413f76617e47632eef9ba03af4e2,10,V2C01461,1,"[3,4,5,8]",4,"[1,2,3,4]",False,"[""zero""]",2,1
20,-1,-1,[-1],f63f3470c7db691d0503f32dfb9fd1fca7cf929cacc242e941279a4aff164a26,10,V2C01462,1,"[3,4,5,8]",4,"[1,2,3,4]",False,"[""negative""]",2,1
21,2,2,[2],30df721d3ae609af9684e311a799e865d89af5cfe302c25d7e3460dbb23b90f1,10,V2C01463,1,"[3,4,5,9]",4,"[1,2,3,4]",False,"[""positive""]",40,19
21,1,1,[1],7664a14cb67c08a74ce4f9a0a091c138c675d4fe9d64de17cfdb17eb70c1940b,10,V2C01464,1,"[3,4,5,9]",4,"[1,2,3,4]",False,"[""positive""]",40,19
21,2,2,[2],bf96277ee91d1ba307c6ca5c6f8f56dfca550361283de79703ed834c3ea70ec4,10,V2C01465,1,"[3,4,5,9]",4,"[1,2,3,4]",False,"[""positive""]",40,19
21,2,2,[2],c289548e2cdd3d81f1baca3d4583d8291a994759b3ef3bd06c0b3cbd778789fd,10,V2C01466,1,"[3,4,5,9]",4,"[1,2,3,4]",False,"[""positive""]",40,19
21,4,4,[4],e08a293c90181ce6b7dad000d0efec39234c27b737b223a245c59cf2f7d7b922,10,V2C01467,1,"[3,4,5,9]",4,"[1,2,3,4]",False,"[""positive""]",40,19
21,0,0,[0],ea66681bd3fa31c8e11d6ea78480e8270755413f76617e47632eef9ba03af4e2,10,V2C01468,1,"[3,4,5,9]",4,"[1,2,3,4]",False,"[""zero""]",40,19
21,3,3,[3],f8978fbfe533a13cd556d5b074f1b016c3c59536cb5f35b0a8f50ef7f21890f9,10,V2C01469,1,"[3,4,5,9]",4,"[1,2,3,4]",False,"[""positive""]",40,19
20,3,3,[3],30df721d3ae609af9684e311a799e865d89af5cfe302c25d7e3460dbb23b90f1,10,V2C01470,1,"[3,4,6,7]",4,"[1,2,3,4]",False,"[""positive""]",2,1
20,2,2,[2],358ae13d27d531c1ca30fa9a18cdc58bb12a19303adfa1a7e795bd077f35466e,10,V2C01471,1,"[3,4,6,7]",4,"[1,2,3,4]",False,"[""positive""]",2,1
20,0,0,[0],551332a25907281b03b42ca753221eb302f5f3d64d96f2bdff44566b0e948f49,10,V2C01472,1,"[3,4,6,7]",4,"[1,2,3,4]",False,"[""zero""]",2,1
20,-1,-1,[-1],65448a3712e365b672836df59c3aa18934d863ddd8f161aea2af9a503d4eead3,10,V2C01473,1,"[3,4,6,7]",4,"[1,2,3,4]",False,"[""negative""]",2,1
20,2,2,[2],7664a14cb67c08a74ce4f9a0a091c138c675d4fe9d64de17cfdb17eb70c1940b,10,V2C01474,1,"[3,4,6,7]",4,"[1,2,3,4]",False,"[""positive""]",2,1
20,1,1,[1],89f82e06fac1887ab29373489601f45ed715711e6842dd53c6ee8b7bf30d89ba,10,V2C01475,1,"[3,4,6,7]",4,"[1,2,3,4]",False,"[""positive""]",2,1
20,1,1,[1],9cb5de69305fb4d93f7ff7eb041e23c08e63aece0533ac95c27b40c9bcdc8b08,10,V2C01476,1,"[3,4,6,7]",4,"[1,2,3,4]",False,"[""positive""]",2,1
20,1,1,[1],c05f23394596ae9fa98df31ef87a596f92c6c6244caad6bfd01272cc5daa4d63,10,V2C01477,1,"[3,4,6,7]",4,"[1,2,3,4]",False,"[""positive""]",2,1
20,1,1,[1],c2017b9edc99e18f8a626a426936fb04a99a68adc9a130b7b995f3c1c0a09003,10,V2C01478,1,"[3,4,6,7]",4,"[1,2,3,4]",False,"[""positive""]",2,1
20,0,0,[0],c645867b4748a75675c0ed8e47b97d9cec9ae16890ef1aeecc64cd50cce5c626,10,V2C01479,1,"[3,4,6,7]",4,"[1,2,3,4]",False,"[""zero""]",2,1
20,0,0,[0],d88a40cfcbb621398ffc610b76a30810ae0e6f9d81a4be6d623ec8f783de6325,10,V2C01480,1,"[3,4,6,7]",4,"[1,2,3,4]",False,"[""zero""]",2,1
20,2,2,[2],e3ab9c0071b2d529a961b98b7f0f4c6b38358b8cb48e075f4f7b623187ec4a84,10,V2C01481,1,"[3,4,6,7]",4,"[1,2,3,4]",False,"[""positive""]",2,1
20,0,0,[0],ea66681bd3fa31c8e11d6ea78480e8270755413f76617e47632eef9ba03af4e2,10,V2C01482,1,"[3,4,6,7]",4,"[1,2,3,4]",False,"[""zero""]",2,1
20,1,1,[1],eeeb84a07001d490acb2e41ca051999ffeb0b61ed70ee0adf318857cb3d31a80,10,V2C01483,1,"[3,4,6,7]",4,"[1,2,3,4]",False,"[""positive""]",2,1
21,3,3,[3],30df721d3ae609af9684e311a799e865d89af5cfe302c25d7e3460dbb23b90f1,10,V2C01484,1,"[3,4,6,8]",4,"[1,2,3,4]",False,"[""positive""]",40,19
21,0,0,[0],65448a3712e365b672836df59c3aa18934d863ddd8f161aea2af9a503d4eead3,10,V2C01485,1,"[3,4,6,8]",4,"[1,2,3,4]",False,"[""zero""]",40,19
21,2,2,[2],7664a14cb67c08a74ce4f9a0a091c138c675d4fe9d64de17cfdb17eb70c1940b,10,V2C01486,1,"[3,4,6,8]",4,"[1,2,3,4]",False,"[""positive""]",40,19
21,1,1,[1],89f82e06fac1887ab29373489601f45ed715711e6842dd53c6ee8b7bf30d89ba,10,V2C01487,1,"[3,4,6,8]",4,"[1,2,3,4]",False,"[""positive""]",40,19
21,2,2,[2],9cb5de69305fb4d93f7ff7eb041e23c08e63aece0533ac95c27b40c9bcdc8b08,10,V2C01488,1,"[3,4,6,8]",4,"[1,2,3,4]",False,"[""positive""]",40,19
21,1,1,[1],bf96277ee91d1ba307c6ca5c6f8f56dfca550361283de79703ed834c3ea70ec4,10,V2C01489,1,"[3,4,6,8]",4,"[1,2,3,4]",False,"[""positive""]",40,19
21,2,2,[2],c2017b9edc99e18f8a626a426936fb04a99a68adc9a130b7b995f3c1c0a09003,10,V2C01490,1,"[3,4,6,8]",4,"[1,2,3,4]",False,"[""positive""]",40,19
21,1,1,[1],c645867b4748a75675c0ed8e47b97d9cec9ae16890ef1aeecc64cd50cce5c626,10,V2C01491,1,"[3,4,6,8]",4,"[1,2,3,4]",False,"[""positive""]",40,19
21,2,2,[2],e3ab9c0071b2d529a961b98b7f0f4c6b38358b8cb48e075f4f7b623187ec4a84,10,V2C01492,1,"[3,4,6,8]",4,"[1,2,3,4]",False,"[""positive""]",40,19
21,0,0,[0],ea66681bd3fa31c8e11d6ea78480e8270755413f76617e47632eef9ba03af4e2,10,V2C01493,1,"[3,4,6,8]",4,"[1,2,3,4]",False,"[""zero""]",40,19
22,3,3,[3],30df721d3ae609af9684e311a799e865d89af5cfe302c25d7e3460dbb23b90f1,10,V2C01494,1,"[3,4,6,9]",4,"[1,2,3,4]",False,"[""positive""]",20,9
22,2,2,[2],5fd7be436ed1681027aa8f4a5b24ed0c49cc9424ed2389bd79a07886d3e20f3c,10,V2C01495,1,"[3,4,6,9]",4,"[1,2,3,4]",False,"[""positive""]",20,9
22,2,2,[2],7664a14cb67c08a74ce4f9a0a091c138c675d4fe9d64de17cfdb17eb70c1940b,10,V2C01496,1,"[3,4,6,9]",4,"[1,2,3,4]",False,"[""positive""]",20,9
22,1,1,[1],89f82e06fac1887ab29373489601f45ed715711e6842dd53c6ee8b7bf30d89ba,10,V2C01497,1,"[3,4,6,9]",4,"[1,2,3,4]",False,"[""positive""]",20,9
22,3,3,[3],9cb5de69305fb4d93f7ff7eb041e23c08e63aece0533ac95c27b40c9bcdc8b08,10,V2C01498,1,"[3,4,6,9]",4,"[1,2,3,4]",False,"[""positive""]",20,9
22,2,2,[2],bf96277ee91d1ba307c6ca5c6f8f56dfca550361283de79703ed834c3ea70ec4,10,V2C01499,1,"[3,4,6,9]",4,"[1,2,3,4]",False,"[""positive""]",20,9
22,3,3,[3],c2017b9edc99e18f8a626a426936fb04a99a68adc9a130b7b995f3c1c0a09003,10,V2C01500,1,"[3,4,6,9]",4,"[1,2,3,4]",False,"[""positive""]",20,9
22,3,3,[3],c289548e2cdd3d81f1baca3d4583d8291a994759b3ef3bd06c0b3cbd778789fd,10,V2C01501,1,"[3,4,6,9]",4,"[1,2,3,4]",False,"[""positive""]",20,9
22,4,4,[4],e08a293c90181ce6b7dad000d0efec39234c27b737b223a245c59cf2f7d7b922,10,V2C01502,1,"[3,4,6,9]",4,"[1,2,3,4]",False,"[""positive""]",20,9
22,2,2,[2],e3ab9c0071b2d529a961b98b7f0f4c6b38358b8cb48e075f4f7b623187ec4a84,10,V2C01503,1,"[3,4,6,9]",4,"[1,2,3,4]",False,"[""positive""]",20,9
22,0,0,[0],ea66681bd3fa31c8e11d6ea78480e8270755413f76617e47632eef9ba03af4e2,10,V2C01504,1,"[3,4,6,9]",4,"[1,2,3,4]",False,"[""zero""]",20,9
22,2,2,[2],f3d32e2b9b069cd9794933fdd721cacc80c53d15eec090d1edcd008d0cfc963f,10,V2C01505,1,"[3,4,6,9]",4,"[1,2,3,4]",False,"[""positive""]",20,9
22,3,3,[3],f8978fbfe533a13cd556d5b074f1b016c3c59536cb5f35b0a8f50ef7f21890f9,10,V2C01506,1,"[3,4,6,9]",4,"[1,2,3,4]",False,"[""positive""]",20,9
22,2,2,[2],0866ca7003f156b8d5c2dde0925595e505e6d81f0ddb6ba5515da09ef71d066d,10,V2C01507,1,"[3,4,7,8]",4,"[1,2,3,4]",False,"[""positive""]",20,9
22,3,3,[3],30df721d3ae609af9684e311a799e865d89af5cfe302c25d7e3460dbb23b90f1,10,V2C01508,1,"[3,4,7,8]",4,"[1,2,3,4]",False,"[""positive""]",20,9
22,0,0,[0],613c0053c8434c4fbb2224231bcebc5c194e86e1dd23986bd3ca4590ee27b63c,10,V2C01509,1,"[3,4,7,8]",4,"[1,2,3,4]",False,"[""zero""]",20,9
22,0,0,[0],65448a3712e365b672836df59c3aa18934d863ddd8f161aea2af9a503d4eead3,10,V2C01510,1,"[3,4,7,8]",4,"[1,2,3,4]",False,"[""zero""]",20,9
22,2,2,[2],66634876a180202a1ec9a82837c788c7c964a7b57f65c0f90d77a9191cc37f25,10,V2C01511,1,"[3,4,7,8]",4,"[1,2,3,4]",False,"[""positive""]",20,9
22,2,2,[2],7664a14cb67c08a74ce4f9a0a091c138c675d4fe9d64de17cfdb17eb70c1940b,10,V2C01512,1,"[3,4,7,8]",4,"[1,2,3,4]",False,"[""positive""]",20,9
22,1,1,[1],89f82e06fac1887ab29373489601f45ed715711e6842dd53c6ee8b7bf30d89ba,10,V2C01513,1,"[3,4,7,8]",4,"[1,2,3,4]",False,"[""positive""]",20,9
22,3,3,[3],9cb5de69305fb4d93f7ff7eb041e23c08e63aece0533ac95c27b40c9bcdc8b08,10,V2C01514,1,"[3,4,7,8]",4,"[1,2,3,4]",False,"[""positive""]",20,9
22,1,1,[1],bf96277ee91d1ba307c6ca5c6f8f56dfca550361283de79703ed834c3ea70ec4,10,V2C01515,1,"[3,4,7,8]",4,"[1,2,3,4]",False,"[""positive""]",20,9
22,3,3,[3],c2017b9edc99e18f8a626a426936fb04a99a68adc9a130b7b995f3c1c0a09003,10,V2C01516,1,"[3,4,7,8]",4,"[1,2,3,4]",False,"[""positive""]",20,9
22,1,1,[1],c645867b4748a75675c0ed8e47b97d9cec9ae16890ef1aeecc64cd50cce5c626,10,V2C01517,1,"[3,4,7,8]",4,"[1,2,3,4]",False,"[""positive""]",20,9
22,0,0,[0],d4df885422dfedfc03808c04eaf48b53f65e0a2641aba3f0dd1e0cab83c3a324,10,V2C01518,1,"[3,4,7,8]",4,"[1,2,3,4]",False,"[""zero""]",20,9
22,2,2,[2],e3ab9c0071b2d529a961b98b7f0f4c6b38358b8cb48e075f4f7b623187ec4a84,10,V2C01519,1,"[3,4,7,8]",4,"[1,2,3,4]",False,"[""positive""]",20,9
22,0,0,[0],ea66681bd3fa31c8e11d6ea78480e8270755413f76617e47632eef9ba03af4e2,10,V2C01520,1,"[3,4,7,8]",4,"[1,2,3,4]",False,"[""zero""]",20,9
23,3,3,[3],0866ca7003f156b8d5c2dde0925595e505e6d81f0ddb6ba5515da09ef71d066d,10,V2C01521,1,"[3,4,7,9]",4,"[1,2,3,4]",False,"[""positive""]",40,17
23,3,3,[3],30df721d3ae609af9684e311a799e865d89af5cfe302c25d7e3460dbb23b90f1,10,V2C01522,1,"[3,4,7,9]",4,"[1,2,3,4]",False,"[""positive""]",40,17
23,3,3,[3],66634876a180202a1ec9a82837c788c7c964a7b57f65c0f90d77a9191cc37f25,10,V2C01523,1,"[3,4,7,9]",4,"[1,2,3,4]",False,"[""positive""]",40,17
23,2,2,[2],7664a14cb67c08a74ce4f9a0a091c138c675d4fe9d64de17cfdb17eb70c1940b,10,V2C01524,1,"[3,4,7,9]",4,"[1,2,3,4]",False,"[""positive""]",40,17
23,1,1,[1],89f82e06fac1887ab29373489601f45ed715711e6842dd53c6ee8b7bf30d89ba,10,V2C01525,1,"[3,4,7,9]",4,"[1,2,3,4]",False,"[""positive""]",40,17
23,4,4,[4],9cb5de69305fb4d93f7ff7eb041e23c08e63aece0533ac95c27b40c9bcdc8b08,10,V2C01526,1,"[3,4,7,9]",4,"[1,2,3,4]",False,"[""positive""]",40,17
23,2,2,[2],bf96277ee91d1ba307c6ca5c6f8f56dfca550361283de79703ed834c3ea70ec4,10,V2C01527,1,"[3,4,7,9]",4,"[1,2,3,4]",False,"[""positive""]",40,17
23,3,3,[3],bfc94cf98b0ecc96b0682396db8424c6ac8854d0b1cdf86939ba5e6f10fea1d4,10,V2C01528,1,"[3,4,7,9]",4,"[1,2,3,4]",False,"[""positive""]",40,17
23,4,4,[4],c2017b9edc99e18f8a626a426936fb04a99a68adc9a130b7b995f3c1c0a09003,10,V2C01529,1,"[3,4,7,9]",4,"[1,2,3,4]",False,"[""positive""]",40,17
23,3,3,[3],dcbaec88d41e5d46a5264b4157ea3c64e0f3b5e44f9e198ae71d7774cae1fe3d,10,V2C01530,1,"[3,4,7,9]",4,"[1,2,3,4]",False,"[""positive""]",40,17
23,4,4,[4],e08a293c90181ce6b7dad000d0efec39234c27b737b223a245c59cf2f7d7b922,10,V2C01531,1,"[3,4,7,9]",4,"[1,2,3,4]",False,"[""positive""]",40,17
23,2,2,[2],e3ab9c0071b2d529a961b98b7f0f4c6b38358b8cb48e075f4f7b623187ec4a84,10,V2C01532,1,"[3,4,7,9]",4,"[1,2,3,4]",False,"[""positive""]",40,17
23,0,0,[0],ea66681bd3fa31c8e11d6ea78480e8270755413f76617e47632eef9ba03af4e2,10,V2C01533,1,"[3,4,7,9]",4,"[1,2,3,4]",False,"[""zero""]",40,17
23,3,3,[3],f8978fbfe533a13cd556d5b074f1b016c3c59536cb5f35b0a8f50ef7f21890f9,10,V2C01534,1,"[3,4,7,9]",4,"[1,2,3,4]",False,"[""positive""]",40,17
24,3,3,[3],0866ca7003f156b8d5c2dde0925595e505e6d81f0ddb6ba5515da09ef71d066d,10,V2C01535,1,"[3,4,8,9]",4,"[1,2,3,4]",False,"[""positive""]",5,2
24,5,5,[5],127b8a694bb9478a6a4b599fc3da8c4b3de4ff8b907122bcbe96abdbbd43d15c,10,V2C01536,1,"[3,4,8,9]",4,"[1,2,3,4]",False,"[""positive""]",5,2
24,4,4,[4],1e0e6f9c26c4fb7ce210656f3d32f4848e046b2a62d595dbb4ecf0c623c39459,10,V2C01537,1,"[3,4,8,9]",4,"[1,2,3,4]",False,"[""positive""]",5,2
24,3,3,[3],30df721d3ae609af9684e311a799e865d89af5cfe302c25d7e3460dbb23b90f1,10,V2C01538,1,"[3,4,8,9]",4,"[1,2,3,4]",False,"[""positive""]",5,2
24,3,3,[3],66634876a180202a1ec9a82837c788c7c964a7b57f65c0f90d77a9191cc37f25,10,V2C01539,1,"[3,4,8,9]",4,"[1,2,3,4]",False,"[""positive""]",5,2
24,2,2,[2],7664a14cb67c08a74ce4f9a0a091c138c675d4fe9d64de17cfdb17eb70c1940b,10,V2C01540,1,"[3,4,8,9]",4,"[1,2,3,4]",False,"[""positive""]",5,2
24,1,1,[1],89f82e06fac1887ab29373489601f45ed715711e6842dd53c6ee8b7bf30d89ba,10,V2C01541,1,"[3,4,8,9]",4,"[1,2,3,4]",False,"[""positive""]",5,2
24,4,4,[4],9cb5de69305fb4d93f7ff7eb041e23c08e63aece0533ac95c27b40c9bcdc8b08,10,V2C01542,1,"[3,4,8,9]",4,"[1,2,3,4]",False,"[""positive""]",5,2
24,1,1,[1],bf96277ee91d1ba307c6ca5c6f8f56dfca550361283de79703ed834c3ea70ec4,10,V2C01543,1,"[3,4,8,9]",4,"[1,2,3,4]",False,"[""positive""]",5,2
24,4,4,[4],bfc94cf98b0ecc96b0682396db8424c6ac8854d0b1cdf86939ba5e6f10fea1d4,10,V2C01544,1,"[3,4,8,9]",4,"[1,2,3,4]",False,"[""positive""]",5,2
24,4,4,[4],c2017b9edc99e18f8a626a426936fb04a99a68adc9a130b7b995f3c1c0a09003,10,V2C01545,1,"[3,4,8,9]",4,"[1,2,3,4]",False,"[""positive""]",5,2
24,4,4,[4],dcbaec88d41e5d46a5264b4157ea3c64e0f3b5e44f9e198ae71d7774cae1fe3d,10,V2C01546,1,"[3,4,8,9]",4,"[1,2,3,4]",False,"[""positive""]",5,2
24,4,4,[4],e08a293c90181ce6b7dad000d0efec39234c27b737b223a245c59cf2f7d7b922,10,V2C01547,1,"[3,4,8,9]",4,"[1,2,3,4]",False,"[""positive""]",5,2
24,2,2,[2],e3ab9c0071b2d529a961b98b7f0f4c6b38358b8cb48e075f4f7b623187ec4a84,10,V2C01548,1,"[3,4,8,9]",4,"[1,2,3,4]",False,"[""positive""]",5,2
24,0,0,[0],ea66681bd3fa31c8e11d6ea78480e8270755413f76617e47632eef9ba03af4e2,10,V2C01549,1,"[3,4,8,9]",4,"[1,2,3,4]",False,"[""zero""]",5,2
24,3,3,[3],f8978fbfe533a13cd556d5b074f1b016c3c59536cb5f35b0a8f50ef7f21890f9,10,V2C01550,1,"[3,4,8,9]",4,"[1,2,3,4]",False,"[""positive""]",5,2
21,2,2,[2],1194558619f192385a5065099f20de3e070365bbdd2b977abbbe7282dc1f06ec,10,V2C01551,1,"[3,5,6,7]",4,"[1,2,3,4]",False,"[""positive""]",40,19
21,0,0,[0],1370a33ffeeb731426b75a87da09c4cf2fe96b052b570b9b577f32d2d0dfca42,10,V2C01552,1,"[3,5,6,7]",4,"[1,2,3,4]",False,"[""zero""]",40,19
21,3,3,[3],30df721d3ae609af9684e311a799e865d89af5cfe302c25d7e3460dbb23b90f1,10,V2C01553,1,"[3,5,6,7]",4,"[1,2,3,4]",False,"[""positive""]",40,19
21,2,2,[2],358ae13d27d531c1ca30fa9a18cdc58bb12a19303adfa1a7e795bd077f35466e,10,V2C01554,1,"[3,5,6,7]",4,"[1,2,3,4]",False,"[""positive""]",40,19
21,0,0,[0],551332a25907281b03b42ca753221eb302f5f3d64d96f2bdff44566b0e948f49,10,V2C01555,1,"[3,5,6,7]",4,"[1,2,3,4]",False,"[""zero""]",40,19
21,-1,-1,[-1],65448a3712e365b672836df59c3aa18934d863ddd8f161aea2af9a503d4eead3,10,V2C01556,1,"[3,5,6,7]",4,"[1,2,3,4]",False,"[""negative""]",40,19
21,1,1,[1],7664a14cb67c08a74ce4f9a0a091c138c675d4fe9d64de17cfdb17eb70c1940b,10,V2C01557,1,"[3,5,6,7]",4,"[1,2,3,4]",False,"[""positive""]",40,19
21,1,1,[1],89f82e06fac1887ab29373489601f45ed715711e6842dd53c6ee8b7bf30d89ba,10,V2C01558,1,"[3,5,6,7]",4,"[1,2,3,4]",False,"[""positive""]",40,19
21,1,1,[1],8f8c576db10424672de697236e76ce5f173f32b3a07d6f36799d65a3f2f5910f,10,V2C01559,1,"[3,5,6,7]",4,"[1,2,3,4]",False,"[""positive""]",40,19
21,-1,-1,[-1],92010ce82c663bcd166d0569ea5ce57e70e78672bcfdf41c73ed1191629d3a12,10,V2C01560,1,"[3,5,6,7]",4,"[1,2,3,4]",False,"[""negative""]",40,19
21,-1,-1,[-1],bcf25f4b825c43de64a95b9faa8b8be5f4fd8940c755106e59587b0966f67e3e,10,V2C01561,1,"[3,5,6,7]",4,"[1,2,3,4]",False,"[""negative""]",40,19
21,0,0,[0],c05f23394596ae9fa98df31ef87a596f92c6c6244caad6bfd01272cc5daa4d63,10,V2C01562,1,"[3,5,6,7]",4,"[1,2,3,4]",False,"[""zero""]",40,19
21,1,1,[1],c2017b9edc99e18f8a626a426936fb04a99a68adc9a130b7b995f3c1c0a09003,10,V2C01563,1,"[3,5,6,7]",4,"[1,2,3,4]",False,"[""positive""]",40,19
21,1,1,[1],c645867b4748a75675c0ed8e47b97d9cec9ae16890ef1aeecc64cd50cce5c626,10,V2C01564,1,"[3,5,6,7]",4,"[1,2,3,4]",False,"[""positive""]",40,19
21,3,3,[3],e3ab9c0071b2d529a961b98b7f0f4c6b38358b8cb48e075f4f7b623187ec4a84,10,V2C01565,1,"[3,5,6,7]",4,"[1,2,3,4]",False,"[""positive""]",40,19
21,0,0,[0],ea66681bd3fa31c8e11d6ea78480e8270755413f76617e47632eef9ba03af4e2,10,V2C01566,1,"[3,5,6,7]",4,"[1,2,3,4]",False,"[""zero""]",40,19
21,1,1,[1],eeeb84a07001d490acb2e41ca051999ffeb0b61ed70ee0adf318857cb3d31a80,10,V2C01567,1,"[3,5,6,7]",4,"[1,2,3,4]",False,"[""positive""]",40,19
22,3,3,[3],1194558619f192385a5065099f20de3e070365bbdd2b977abbbe7282dc1f06ec,10,V2C01568,1,"[3,5,6,8]",4,"[1,2,3,4]",False,"[""positive""]",20,9
22,0,0,[0],119adc083a656da499bdae86dd8d80d329fbc7242a3b23faef48468c3e92809b,10,V2C01569,1,"[3,5,6,8]",4,"[1,2,3,4]",False,"[""zero""]",20,9
22,3,3,[3],30df721d3ae609af9684e311a799e865d89af5cfe302c25d7e3460dbb23b90f1,10,V2C01570,1,"[3,5,6,8]",4,"[1,2,3,4]",False,"[""positive""]",20,9
22,0,0,[0],65448a3712e365b672836df59c3aa18934d863ddd8f161aea2af9a503d4eead3,10,V2C01571,1,"[3,5,6,8]",4,"[1,2,3,4]",False,"[""zero""]",20,9
22,1,1,[1],7664a14cb67c08a74ce4f9a0a091c138c675d4fe9d64de17cfdb17eb70c1940b,10,V2C01572,1,"[3,5,6,8]",4,"[1,2,3,4]",False,"[""positive""]",20,9
22,1,1,[1],89f82e06fac1887ab29373489601f45ed715711e6842dd53c6ee8b7bf30d89ba,10,V2C01573,1,"[3,5,6,8]",4,"[1,2,3,4]",False,"[""positive""]",20,9
22,0,0,[0],bcf25f4b825c43de64a95b9faa8b8be5f4fd8940c755106e59587b0966f67e3e,10,V2C01574,1,"[3,5,6,8]",4,"[1,2,3,4]",False,"[""zero""]",20,9
22,1,1,[1],bf96277ee91d1ba307c6ca5c6f8f56dfca550361283de79703ed834c3ea70ec4,10,V2C01575,1,"[3,5,6,8]",4,"[1,2,3,4]",False,"[""positive""]",20,9
22,2,2,[2],c2017b9edc99e18f8a626a426936fb04a99a68adc9a130b7b995f3c1c0a09003,10,V2C01576,1,"[3,5,6,8]",4,"[1,2,3,4]",False,"[""positive""]",20,9
22,2,2,[2],c645867b4748a75675c0ed8e47b97d9cec9ae16890ef1aeecc64cd50cce5c626,10,V2C01577,1,"[3,5,6,8]",4,"[1,2,3,4]",False,"[""positive""]",20,9
22,3,3,[3],e3ab9c0071b2d529a961b98b7f0f4c6b38358b8cb48e075f4f7b623187ec4a84,10,V2C01578,1,"[3,5,6,8]",4,"[1,2,3,4]",False,"[""positive""]",20,9
22,0,0,[0],ea66681bd3fa31c8e11d6ea78480e8270755413f76617e47632eef9ba03af4e2,10,V2C01579,1,"[3,5,6,8]",4,"[1,2,3,4]",False,"[""zero""]",20,9
23,4,4,[4],1194558619f192385a5065099f20de3e070365bbdd2b977abbbe7282dc1f06ec,10,V2C01580,1,"[3,5,6,9]",4,"[1,2,3,4]",False,"[""positive""]",40,17
23,3,3,[3],30df721d3ae609af9684e311a799e865d89af5cfe302c25d7e3460dbb23b90f1,10,V2C01581,1,"[3,5,6,9]",4,"[1,2,3,4]",False,"[""positive""]",40,17
23,3,3,[3],55d69ac372127fb459e51d632250130f1d18429c49b2331787e83ea66f72b8d2,10,V2C01582,1,"[3,5,6,9]",4,"[1,2,3,4]",False,"[""positive""]",40,17
23,2,2,[2],5fd7be436ed1681027aa8f4a5b24ed0c49cc9424ed2389bd79a07886d3e20f3c,10,V2C01583,1,"[3,5,6,9]",4,"[1,2,3,4]",False,"[""positive""]",40,17
23,1,1,[1],7664a14cb67c08a74ce4f9a0a091c138c675d4fe9d64de17cfdb17eb70c1940b,10,V2C01584,1,"[3,5,6,9]",4,"[1,2,3,4]",False,"[""positive""]",40,17
23,1,1,[1],89f82e06fac1887ab29373489601f45ed715711e6842dd53c6ee8b7bf30d89ba,10,V2C01585,1,"[3,5,6,9]",4,"[1,2,3,4]",False,"[""positive""]",40,17
23,1,1,[1],98479554a32873ac019916819a9d38c20b64d8cce47e9f4ced94137018508698,10,V2C01586,1,"[3,5,6,9]",4,"[1,2,3,4]",False,"[""positive""]",40,17
23,2,2,[2],bf96277ee91d1ba307c6ca5c6f8f56dfca550361283de79703ed834c3ea70ec4,10,V2C01587,1,"[3,5,6,9]",4,"[1,2,3,4]",False,"[""positive""]",40,17
23,3,3,[3],c2017b9edc99e18f8a626a426936fb04a99a68adc9a130b7b995f3c1c0a09003,10,V2C01588,1,"[3,5,6,9]",4,"[1,2,3,4]",False,"[""positive""]",40,17
23,3,3,[3],c289548e2cdd3d81f1baca3d4583d8291a994759b3ef3bd06c0b3cbd778789fd,10,V2C01589,1,"[3,5,6,9]",4,"[1,2,3,4]",False,"[""positive""]",40,17
23,4,4,[4],e08a293c90181ce6b7dad000d0efec39234c27b737b223a245c59cf2f7d7b922,10,V2C01590,1,"[3,5,6,9]",4,"[1,2,3,4]",False,"[""positive""]",40,17
23,3,3,[3],e3ab9c0071b2d529a961b98b7f0f4c6b38358b8cb48e075f4f7b623187ec4a84,10,V2C01591,1,"[3,5,6,9]",4,"[1,2,3,4]",False,"[""positive""]",40,17
23,2,2,[2],e76bab855a22e05b99823d80db54c301f022fe622f39099ee9545c7dd8fcc90c,10,V2C01592,1,"[3,5,6,9]",4,"[1,2,3,4]",False,"[""positive""]",40,17
23,0,0,[0],ea66681bd3fa31c8e11d6ea78480e8270755413f76617e47632eef9ba03af4e2,10,V2C01593,1,"[3,5,6,9]",4,"[1,2,3,4]",False,"[""zero""]",40,17
23,2,2,[2],f8978fbfe533a13cd556d5b074f1b016c3c59536cb5f35b0a8f50ef7f21890f9,10,V2C01594,1,"[3,5,6,9]",4,"[1,2,3,4]",False,"[""positive""]",40,17
23,4,4,[4],1194558619f192385a5065099f20de3e070365bbdd2b977abbbe7282dc1f06ec,10,V2C01595,1,"[3,5,7,8]",4,"[1,2,3,4]",False,"[""positive""]",40,17
23,1,1,[1],13a7fa93989872724a335aba7931269880fde46d3cecc5b0fa249548d3257d01,10,V2C01596,1,"[3,5,7,8]",4,"[1,2,3,4]",False,"[""positive""]",40,17
23,3,3,[3],252636a6a03b2c128f0f5fba77e6159c3373c121ae9d5ffc81d6596a01b85001,10,V2C01597,1,"[3,5,7,8]",4,"[1,2,3,4]",False,"[""positive""]",40,17
23,3,3,[3],30df721d3ae609af9684e311a799e865d89af5cfe302c25d7e3460dbb23b90f1,10,V2C01598,1,"[3,5,7,8]",4,"[1,2,3,4]",False,"[""positive""]",40,17
23,0,0,[0],613c0053c8434c4fbb2224231bcebc5c194e86e1dd23986bd3ca4590ee27b63c,10,V2C01599,1,"[3,5,7,8]",4,"[1,2,3,4]",False,"[""zero""]",40,17
23,0,0,[0],65448a3712e365b672836df59c3aa18934d863ddd8f161aea2af9a503d4eead3,10,V2C01600,1,"[3,5,7,8]",4,"[1,2,3,4]",False,"[""zero""]",40,17
23,2,2,[2],66634876a180202a1ec9a82837c788c7c964a7b57f65c0f90d77a9191cc37f25,10,V2C01601,1,"[3,5,7,8]",4,"[1,2,3,4]",False,"[""positive""]",40,17
23,1,1,[1],7664a14cb67c08a74ce4f9a0a091c138c675d4fe9d64de17cfdb17eb70c1940b,10,V2C01602,1,"[3,5,7,8]",4,"[1,2,3,4]",False,"[""positive""]",40,17
23,1,1,[1],89f82e06fac1887ab29373489601f45ed715711e6842dd53c6ee8b7bf30d89ba,10,V2C01603,1,"[3,5,7,8]",4,"[1,2,3,4]",False,"[""positive""]",40,17
23,1,1,[1],8a229cf8251284c9754bc9dd1187922dbc14d60bc0271ec7860828b78e342838,10,V2C01604,1,"[3,5,7,8]",4,"[1,2,3,4]",False,"[""positive""]",40,17
23,1,1,[1],bf96277ee91d1ba307c6ca5c6f8f56dfca550361283de79703ed834c3ea70ec4,10,V2C01605,1,"[3,5,7,8]",4,"[1,2,3,4]",False,"[""positive""]",40,17
23,3,3,[3],c2017b9edc99e18f8a626a426936fb04a99a68adc9a130b7b995f3c1c0a09003,10,V2C01606,1,"[3,5,7,8]",4,"[1,2,3,4]",False,"[""positive""]",40,17
23,2,2,[2],c645867b4748a75675c0ed8e47b97d9cec9ae16890ef1aeecc64cd50cce5c626,10,V2C01607,1,"[3,5,7,8]",4,"[1,2,3,4]",False,"[""positive""]",40,17
23,3,3,[3],e3ab9c0071b2d529a961b98b7f0f4c6b38358b8cb48e075f4f7b623187ec4a84,10,V2C01608,1,"[3,5,7,8]",4,"[1,2,3,4]",False,"[""positive""]",40,17
23,0,0,[0],ea66681bd3fa31c8e11d6ea78480e8270755413f76617e47632eef9ba03af4e2,10,V2C01609,1,"[3,5,7,8]",4,"[1,2,3,4]",False,"[""zero""]",40,17
24,5,5,[5],1194558619f192385a5065099f20de3e070365bbdd2b977abbbe7282dc1f06ec,10,V2C01610,1,"[3,5,7,9]",4,"[1,2,3,4]",False,"[""positive""]",5,2
24,4,4,[4],252636a6a03b2c128f0f5fba77e6159c3373c121ae9d5ffc81d6596a01b85001,10,V2C01611,1,"[3,5,7,9]",4,"[1,2,3,4]",False,"[""positive""]",5,2
24,3,3,[3],30df721d3ae609af9684e311a799e865d89af5cfe302c25d7e3460dbb23b90f1,10,V2C01612,1,"[3,5,7,9]",4,"[1,2,3,4]",False,"[""positive""]",5,2
24,4,4,[4],4db2fca57a0049c7c649f1a529f2c32ff5e8ab03f942dc9ca66c4904d97d8a9d,10,V2C01613,1,"[3,5,7,9]",4,"[1,2,3,4]",False,"[""positive""]",5,2
24,3,3,[3],66634876a180202a1ec9a82837c788c7c964a7b57f65c0f90d77a9191cc37f25,10,V2C01614,1,"[3,5,7,9]",4,"[1,2,3,4]",False,"[""positive""]",5,2
24,1,1,[1],7664a14cb67c08a74ce4f9a0a091c138c675d4fe9d64de17cfdb17eb70c1940b,10,V2C01615,1,"[3,5,7,9]",4,"[1,2,3,4]",False,"[""positive""]",5,2
24,1,1,[1],89f82e06fac1887ab29373489601f45ed715711e6842dd53c6ee8b7bf30d89ba,10,V2C01616,1,"[3,5,7,9]",4,"[1,2,3,4]",False,"[""positive""]",5,2
24,2,2,[2],bf96277ee91d1ba307c6ca5c6f8f56dfca550361283de79703ed834c3ea70ec4,10,V2C01617,1,"[3,5,7,9]",4,"[1,2,3,4]",False,"[""positive""]",5,2
24,3,3,[3],bfc94cf98b0ecc96b0682396db8424c6ac8854d0b1cdf86939ba5e6f10fea1d4,10,V2C01618,1,"[3,5,7,9]",4,"[1,2,3,4]",False,"[""positive""]",5,2
24,4,4,[4],c2017b9edc99e18f8a626a426936fb04a99a68adc9a130b7b995f3c1c0a09003,10,V2C01619,1,"[3,5,7,9]",4,"[1,2,3,4]",False,"[""positive""]",5,2
24,4,4,[4],e08a293c90181ce6b7dad000d0efec39234c27b737b223a245c59cf2f7d7b922,10,V2C01620,1,"[3,5,7,9]",4,"[1,2,3,4]",False,"[""positive""]",5,2
24,3,3,[3],e3ab9c0071b2d529a961b98b7f0f4c6b38358b8cb48e075f4f7b623187ec4a84,10,V2C01621,1,"[3,5,7,9]",4,"[1,2,3,4]",False,"[""positive""]",5,2
24,0,0,[0],ea66681bd3fa31c8e11d6ea78480e8270755413f76617e47632eef9ba03af4e2,10,V2C01622,1,"[3,5,7,9]",4,"[1,2,3,4]",False,"[""zero""]",5,2
24,2,2,[2],f8978fbfe533a13cd556d5b074f1b016c3c59536cb5f35b0a8f50ef7f21890f9,10,V2C01623,1,"[3,5,7,9]",4,"[1,2,3,4]",False,"[""positive""]",5,2
25,5,5,[5],1194558619f192385a5065099f20de3e070365bbdd2b977abbbe7282dc1f06ec,10,V2C01624,1,"[3,5,8,9]",4,"[1,2,3,4]",False,"[""positive""]",8,3
25,5,5,[5],127b8a694bb9478a6a4b599fc3da8c4b3de4ff8b907122bcbe96abdbbd43d15c,10,V2C01625,1,"[3,5,8,9]",4,"[1,2,3,4]",False,"[""positive""]",8,3
25,4,4,[4],252636a6a03b2c128f0f5fba77e6159c3373c121ae9d5ffc81d6596a01b85001,10,V2C01626,1,"[3,5,8,9]",4,"[1,2,3,4]",False,"[""positive""]",8,3
25,3,3,[3],30df721d3ae609af9684e311a799e865d89af5cfe302c25d7e3460dbb23b90f1,10,V2C01627,1,"[3,5,8,9]",4,"[1,2,3,4]",False,"[""positive""]",8,3
25,5,5,[5],4db2fca57a0049c7c649f1a529f2c32ff5e8ab03f942dc9ca66c4904d97d8a9d,10,V2C01628,1,"[3,5,8,9]",4,"[1,2,3,4]",False,"[""positive""]",8,3
25,3,3,[3],66634876a180202a1ec9a82837c788c7c964a7b57f65c0f90d77a9191cc37f25,10,V2C01629,1,"[3,5,8,9]",4,"[1,2,3,4]",False,"[""positive""]",8,3
25,1,1,[1],7664a14cb67c08a74ce4f9a0a091c138c675d4fe9d64de17cfdb17eb70c1940b,10,V2C01630,1,"[3,5,8,9]",4,"[1,2,3,4]",False,"[""positive""]",8,3
25,1,1,[1],89f82e06fac1887ab29373489601f45ed715711e6842dd53c6ee8b7bf30d89ba,10,V2C01631,1,"[3,5,8,9]",4,"[1,2,3,4]",False,"[""positive""]",8,3
25,1,1,[1],bf96277ee91d1ba307c6ca5c6f8f56dfca550361283de79703ed834c3ea70ec4,10,V2C01632,1,"[3,5,8,9]",4,"[1,2,3,4]",False,"[""positive""]",8,3
25,4,4,[4],bfc94cf98b0ecc96b0682396db8424c6ac8854d0b1cdf86939ba5e6f10fea1d4,10,V2C01633,1,"[3,5,8,9]",4,"[1,2,3,4]",False,"[""positive""]",8,3
25,4,4,[4],c2017b9edc99e18f8a626a426936fb04a99a68adc9a130b7b995f3c1c0a09003,10,V2C01634,1,"[3,5,8,9]",4,"[1,2,3,4]",False,"[""positive""]",8,3
25,4,4,[4],cfabcfab2a9d921b9f74e1a3fd350d64d5900a19d033982d77c60913aa7f2b7c,10,V2C01635,1,"[3,5,8,9]",4,"[1,2,3,4]",False,"[""positive""]",8,3
25,4,4,[4],e08a293c90181ce6b7dad000d0efec39234c27b737b223a245c59cf2f7d7b922,10,V2C01636,1,"[3,5,8,9]",4,"[1,2,3,4]",False,"[""positive""]",8,3
25,3,3,[3],e3ab9c0071b2d529a961b98b7f0f4c6b38358b8cb48e075f4f7b623187ec4a84,10,V2C01637,1,"[3,5,8,9]",4,"[1,2,3,4]",False,"[""positive""]",8,3
25,0,0,[0],ea66681bd3fa31c8e11d6ea78480e8270755413f76617e47632eef9ba03af4e2,10,V2C01638,1,"[3,5,8,9]",4,"[1,2,3,4]",False,"[""zero""]",8,3
25,2,2,[2],f8978fbfe533a13cd556d5b074f1b016c3c59536cb5f35b0a8f50ef7f21890f9,10,V2C01639,1,"[3,5,8,9]",4,"[1,2,3,4]",False,"[""positive""]",8,3
24,4,4,[4],1194558619f192385a5065099f20de3e070365bbdd2b977abbbe7282dc1f06ec,10,V2C01640,1,"[3,6,7,8]",4,"[1,2,3,4]",False,"[""positive""]",5,2
24,2,2,[2],13a7fa93989872724a335aba7931269880fde46d3cecc5b0fa249548d3257d01,10,V2C01641,1,"[3,6,7,8]",4,"[1,2,3,4]",False,"[""positive""]",5,2
24,4,4,[4],252636a6a03b2c128f0f5fba77e6159c3373c121ae9d5ffc81d6596a01b85001,10,V2C01642,1,"[3,6,7,8]",4,"[1,2,3,4]",False,"[""positive""]",5,2
24,3,3,[3],30df721d3ae609af9684e311a799e865d89af5cfe302c25d7e3460dbb23b90f1,10,V2C01643,1,"[3,6,7,8]",4,"[1,2,3,4]",False,"[""positive""]",5,2
24,0,0,[0],613c0053c8434c4fbb2224231bcebc5c194e86e1dd23986bd3ca4590ee27b63c,10,V2C01644,1,"[3,6,7,8]",4,"[1,2,3,4]",False,"[""zero""]",5,2
24,2,2,[2],66634876a180202a1ec9a82837c788c7c964a7b57f65c0f90d77a9191cc37f25,10,V2C01645,1,"[3,6,7,8]",4,"[1,2,3,4]",False,"[""positive""]",5,2
24,1,1,[1],8a229cf8251284c9754bc9dd1187922dbc14d60bc0271ec7860828b78e342838,10,V2C01646,1,"[3,6,7,8]",4,"[1,2,3,4]",False,"[""positive""]",5,2
24,1,1,[1],bf96277ee91d1ba307c6ca5c6f8f56dfca550361283de79703ed834c3ea70ec4,10,V2C01647,1,"[3,6,7,8]",4,"[1,2,3,4]",False,"[""positive""]",5,2
24,2,2,[2],c2017b9edc99e18f8a626a426936fb04a99a68adc9a130b7b995f3c1c0a09003,10,V2C01648,1,"[3,6,7,8]",4,"[1,2,3,4]",False,"[""positive""]",5,2
24,0,0,[0],ea66681bd3fa31c8e11d6ea78480e8270755413f76617e47632eef9ba03af4e2,10,V2C01649,1,"[3,6,7,8]",4,"[1,2,3,4]",False,"[""zero""]",5,2
25,5,5,[5],1194558619f192385a5065099f20de3e070365bbdd2b977abbbe7282dc1f06ec,10,V2C01650,1,"[3,6,7,9]",4,"[1,2,3,4]",False,"[""positive""]",8,3
25,5,5,[5],252636a6a03b2c128f0f5fba77e6159c3373c121ae9d5ffc81d6596a01b85001,10,V2C01651,1,"[3,6,7,9]",4,"[1,2,3,4]",False,"[""positive""]",8,3
25,3,3,[3],30df721d3ae609af9684e311a799e865d89af5cfe302c25d7e3460dbb23b90f1,10,V2C01652,1,"[3,6,7,9]",4,"[1,2,3,4]",False,"[""positive""]",8,3
25,4,4,[4],4db2fca57a0049c7c649f1a529f2c32ff5e8ab03f942dc9ca66c4904d97d8a9d,10,V2C01653,1,"[3,6,7,9]",4,"[1,2,3,4]",False,"[""positive""]",8,3
25,3,3,[3],66634876a180202a1ec9a82837c788c7c964a7b57f65c0f90d77a9191cc37f25,10,V2C01654,1,"[3,6,7,9]",4,"[1,2,3,4]",False,"[""positive""]",8,3
25,2,2,[2],bf96277ee91d1ba307c6ca5c6f8f56dfca550361283de79703ed834c3ea70ec4,10,V2C01655,1,"[3,6,7,9]",4,"[1,2,3,4]",False,"[""positive""]",8,3
25,2,2,[2],bfc94cf98b0ecc96b0682396db8424c6ac8854d0b1cdf86939ba5e6f10fea1d4,10,V2C01656,1,"[3,6,7,9]",4,"[1,2,3,4]",False,"[""positive""]",8,3
25,3,3,[3],c2017b9edc99e18f8a626a426936fb04a99a68adc9a130b7b995f3c1c0a09003,10,V2C01657,1,"[3,6,7,9]",4,"[1,2,3,4]",False,"[""positive""]",8,3
25,4,4,[4],e08a293c90181ce6b7dad000d0efec39234c27b737b223a245c59cf2f7d7b922,10,V2C01658,1,"[3,6,7,9]",4,"[1,2,3,4]",False,"[""positive""]",8,3
25,0,0,[0],ea66681bd3fa31c8e11d6ea78480e8270755413f76617e47632eef9ba03af4e2,10,V2C01659,1,"[3,6,7,9]",4,"[1,2,3,4]",False,"[""zero""]",8,3
25,1,1,[1],f8978fbfe533a13cd556d5b074f1b016c3c59536cb5f35b0a8f50ef7f21890f9,10,V2C01660,1,"[3,6,7,9]",4,"[1,2,3,4]",False,"[""positive""]",8,3
26,5,5,[5],1194558619f192385a5065099f20de3e070365bbdd2b977abbbe7282dc1f06ec,10,V2C01661,1,"[3,6,8,9]",4,"[1,2,3,4]",False,"[""positive""]",20,7
26,5,5,[5],127b8a694bb9478a6a4b599fc3da8c4b3de4ff8b907122bcbe96abdbbd43d15c,10,V2C01662,1,"[3,6,8,9]",4,"[1,2,3,4]",False,"[""positive""]",20,7
26,5,5,[5],252636a6a03b2c128f0f5fba77e6159c3373c121ae9d5ffc81d6596a01b85001,10,V2C01663,1,"[3,6,8,9]",4,"[1,2,3,4]",False,"[""positive""]",20,7
26,3,3,[3],30df721d3ae609af9684e311a799e865d89af5cfe302c25d7e3460dbb23b90f1,10,V2C01664,1,"[3,6,8,9]",4,"[1,2,3,4]",False,"[""positive""]",20,7
26,5,5,[5],4db2fca57a0049c7c649f1a529f2c32ff5e8ab03f942dc9ca66c4904d97d8a9d,10,V2C01665,1,"[3,6,8,9]",4,"[1,2,3,4]",False,"[""positive""]",20,7
26,3,3,[3],66634876a180202a1ec9a82837c788c7c964a7b57f65c0f90d77a9191cc37f25,10,V2C01666,1,"[3,6,8,9]",4,"[1,2,3,4]",False,"[""positive""]",20,7
26,1,1,[1],bf96277ee91d1ba307c6ca5c6f8f56dfca550361283de79703ed834c3ea70ec4,10,V2C01667,1,"[3,6,8,9]",4,"[1,2,3,4]",False,"[""positive""]",20,7
26,3,3,[3],bfc94cf98b0ecc96b0682396db8424c6ac8854d0b1cdf86939ba5e6f10fea1d4,10,V2C01668,1,"[3,6,8,9]",4,"[1,2,3,4]",False,"[""positive""]",20,7
26,3,3,[3],c2017b9edc99e18f8a626a426936fb04a99a68adc9a130b7b995f3c1c0a09003,10,V2C01669,1,"[3,6,8,9]",4,"[1,2,3,4]",False,"[""positive""]",20,7
26,4,4,[4],cfabcfab2a9d921b9f74e1a3fd350d64d5900a19d033982d77c60913aa7f2b7c,10,V2C01670,1,"[3,6,8,9]",4,"[1,2,3,4]",False,"[""positive""]",20,7
26,4,4,[4],e08a293c90181ce6b7dad000d0efec39234c27b737b223a245c59cf2f7d7b922,10,V2C01671,1,"[3,6,8,9]",4,"[1,2,3,4]",False,"[""positive""]",20,7
26,0,0,[0],ea66681bd3fa31c8e11d6ea78480e8270755413f76617e47632eef9ba03af4e2,10,V2C01672,1,"[3,6,8,9]",4,"[1,2,3,4]",False,"[""zero""]",20,7
26,1,1,[1],f8978fbfe533a13cd556d5b074f1b016c3c59536cb5f35b0a8f50ef7f21890f9,10,V2C01673,1,"[3,6,8,9]",4,"[1,2,3,4]",False,"[""positive""]",20,7
27,5,5,[5],1194558619f192385a5065099f20de3e070365bbdd2b977abbbe7282dc1f06ec,10,V2C01674,1,"[3,7,8,9]",4,"[1,2,3,4]",False,"[""positive""]",40,13
27,5,5,[5],127b8a694bb9478a6a4b599fc3da8c4b3de4ff8b907122bcbe96abdbbd43d15c,10,V2C01675,1,"[3,7,8,9]",4,"[1,2,3,4]",False,"[""positive""]",40,13
27,3,3,[3],30df721d3ae609af9684e311a799e865d89af5cfe302c25d7e3460dbb23b90f1,10,V2C01676,1,"[3,7,8,9]",4,"[1,2,3,4]",False,"[""positive""]",40,13
27,5,5,[5],4db2fca57a0049c7c649f1a529f2c32ff5e8ab03f942dc9ca66c4904d97d8a9d,10,V2C01677,1,"[3,7,8,9]",4,"[1,2,3,4]",False,"[""positive""]",40,13
27,5,5,[5],876c42f19d2f5282b7e0028ee06d3c8bc96c7fcdacbd8606157cf32e2951d3ac,10,V2C01678,1,"[3,7,8,9]",4,"[1,2,3,4]",False,"[""positive""]",40,13
27,1,1,[1],bf96277ee91d1ba307c6ca5c6f8f56dfca550361283de79703ed834c3ea70ec4,10,V2C01679,1,"[3,7,8,9]",4,"[1,2,3,4]",False,"[""positive""]",40,13
27,2,2,[2],bfc94cf98b0ecc96b0682396db8424c6ac8854d0b1cdf86939ba5e6f10fea1d4,10,V2C01680,1,"[3,7,8,9]",4,"[1,2,3,4]",False,"[""positive""]",40,13
27,4,4,[4],e08a293c90181ce6b7dad000d0efec39234c27b737b223a245c59cf2f7d7b922,10,V2C01681,1,"[3,7,8,9]",4,"[1,2,3,4]",False,"[""positive""]",40,13
27,0,0,[0],ea66681bd3fa31c8e11d6ea78480e8270755413f76617e47632eef9ba03af4e2,10,V2C01682,1,"[3,7,8,9]",4,"[1,2,3,4]",False,"[""zero""]",40,13
27,1,1,[1],f8978fbfe533a13cd556d5b074f1b016c3c59536cb5f35b0a8f50ef7f21890f9,10,V2C01683,1,"[3,7,8,9]",4,"[1,2,3,4]",False,"[""positive""]",40,13
22,2,2,[2],1194558619f192385a5065099f20de3e070365bbdd2b977abbbe7282dc1f06ec,10,V2C01684,1,"[4,5,6,7]",4,"[1,2,3,4]",False,"[""positive""]",20,9
22,0,0,[0],1370a33ffeeb731426b75a87da09c4cf2fe96b052b570b9b577f32d2d0dfca42,10,V2C01685,1,"[4,5,6,7]",4,"[1,2,3,4]",False,"[""zero""]",20,9
22,0,0,[0],551332a25907281b03b42ca753221eb302f5f3d64d96f2bdff44566b0e948f49,10,V2C01686,1,"[4,5,6,7]",4,"[1,2,3,4]",False,"[""zero""]",20,9
22,-1,-1,[-1],65448a3712e365b672836df59c3aa18934d863ddd8f161aea2af9a503d4eead3,10,V2C01687,1,"[4,5,6,7]",4,"[1,2,3,4]",False,"[""negative""]",20,9
22,1,1,[1],7664a14cb67c08a74ce4f9a0a091c138c675d4fe9d64de17cfdb17eb70c1940b,10,V2C01688,1,"[4,5,6,7]",4,"[1,2,3,4]",False,"[""positive""]",20,9
22,1,1,[1],89f82e06fac1887ab29373489601f45ed715711e6842dd53c6ee8b7bf30d89ba,10,V2C01689,1,"[4,5,6,7]",4,"[1,2,3,4]",False,"[""positive""]",20,9
22,1,1,[1],8f8c576db10424672de697236e76ce5f173f32b3a07d6f36799d65a3f2f5910f,10,V2C01690,1,"[4,5,6,7]",4,"[1,2,3,4]",False,"[""positive""]",20,9
22,-1,-1,[-1],92010ce82c663bcd166d0569ea5ce57e70e78672bcfdf41c73ed1191629d3a12,10,V2C01691,1,"[4,5,6,7]",4,"[1,2,3,4]",False,"[""negative""]",20,9
22,-1,-1,[-1],bcf25f4b825c43de64a95b9faa8b8be5f4fd8940c755106e59587b0966f67e3e,10,V2C01692,1,"[4,5,6,7]",4,"[1,2,3,4]",False,"[""negative""]",20,9
22,0,0,[0],c05f23394596ae9fa98df31ef87a596f92c6c6244caad6bfd01272cc5daa4d63,10,V2C01693,1,"[4,5,6,7]",4,"[1,2,3,4]",False,"[""zero""]",20,9
22,1,1,[1],c2017b9edc99e18f8a626a426936fb04a99a68adc9a130b7b995f3c1c0a09003,10,V2C01694,1,"[4,5,6,7]",4,"[1,2,3,4]",False,"[""positive""]",20,9
22,0,0,[0],c645867b4748a75675c0ed8e47b97d9cec9ae16890ef1aeecc64cd50cce5c626,10,V2C01695,1,"[4,5,6,7]",4,"[1,2,3,4]",False,"[""zero""]",20,9
22,2,2,[2],e3ab9c0071b2d529a961b98b7f0f4c6b38358b8cb48e075f4f7b623187ec4a84,10,V2C01696,1,"[4,5,6,7]",4,"[1,2,3,4]",False,"[""positive""]",20,9
22,0,0,[0],ea66681bd3fa31c8e11d6ea78480e8270755413f76617e47632eef9ba03af4e2,10,V2C01697,1,"[4,5,6,7]",4,"[1,2,3,4]",False,"[""zero""]",20,9
23,3,3,[3],1194558619f192385a5065099f20de3e070365bbdd2b977abbbe7282dc1f06ec,10,V2C01698,1,"[4,5,6,8]",4,"[1,2,3,4]",False,"[""positive""]",40,17
23,0,0,[0],119adc083a656da499bdae86dd8d80d329fbc7242a3b23faef48468c3e92809b,10,V2C01699,1,"[4,5,6,8]",4,"[1,2,3,4]",False,"[""zero""]",40,17
23,0,0,[0],65448a3712e365b672836df59c3aa18934d863ddd8f161aea2af9a503d4eead3,10,V2C01700,1,"[4,5,6,8]",4,"[1,2,3,4]",False,"[""zero""]",40,17
23,1,1,[1],7664a14cb67c08a74ce4f9a0a091c138c675d4fe9d64de17cfdb17eb70c1940b,10,V2C01701,1,"[4,5,6,8]",4,"[1,2,3,4]",False,"[""positive""]",40,17
23,1,1,[1],89f82e06fac1887ab29373489601f45ed715711e6842dd53c6ee8b7bf30d89ba,10,V2C01702,1,"[4,5,6,8]",4,"[1,2,3,4]",False,"[""positive""]",40,17
23,0,0,[0],bcf25f4b825c43de64a95b9faa8b8be5f4fd8940c755106e59587b0966f67e3e,10,V2C01703,1,"[4,5,6,8]",4,"[1,2,3,4]",False,"[""zero""]",40,17
23,1,1,[1],bf96277ee91d1ba307c6ca5c6f8f56dfca550361283de79703ed834c3ea70ec4,10,V2C01704,1,"[4,5,6,8]",4,"[1,2,3,4]",False,"[""positive""]",40,17
23,2,2,[2],c2017b9edc99e18f8a626a426936fb04a99a68adc9a130b7b995f3c1c0a09003,10,V2C01705,1,"[4,5,6,8]",4,"[1,2,3,4]",False,"[""positive""]",40,17
23,1,1,[1],c645867b4748a75675c0ed8e47b97d9cec9ae16890ef1aeecc64cd50cce5c626,10,V2C01706,1,"[4,5,6,8]",4,"[1,2,3,4]",False,"[""positive""]",40,17
23,2,2,[2],e3ab9c0071b2d529a961b98b7f0f4c6b38358b8cb48e075f4f7b623187ec4a84,10,V2C01707,1,"[4,5,6,8]",4,"[1,2,3,4]",False,"[""positive""]",40,17
23,0,0,[0],ea66681bd3fa31c8e11d6ea78480e8270755413f76617e47632eef9ba03af4e2,10,V2C01708,1,"[4,5,6,8]",4,"[1,2,3,4]",False,"[""zero""]",40,17
24,4,4,[4],1194558619f192385a5065099f20de3e070365bbdd2b977abbbe7282dc1f06ec,10,V2C01709,1,"[4,5,6,9]",4,"[1,2,3,4]",False,"[""positive""]",5,2
24,3,3,[3],55d69ac372127fb459e51d632250130f1d18429c49b2331787e83ea66f72b8d2,10,V2C01710,1,"[4,5,6,9]",4,"[1,2,3,4]",False,"[""positive""]",5,2
24,2,2,[2],5fd7be436ed1681027aa8f4a5b24ed0c49cc9424ed2389bd79a07886d3e20f3c,10,V2C01711,1,"[4,5,6,9]",4,"[1,2,3,4]",False,"[""positive""]",5,2
24,1,1,[1],7664a14cb67c08a74ce4f9a0a091c138c675d4fe9d64de17cfdb17eb70c1940b,10,V2C01712,1,"[4,5,6,9]",4,"[1,2,3,4]",False,"[""positive""]",5,2
24,1,1,[1],89f82e06fac1887ab29373489601f45ed715711e6842dd53c6ee8b7bf30d89ba,10,V2C01713,1,"[4,5,6,9]",4,"[1,2,3,4]",False,"[""positive""]",5,2
24,1,1,[1],98479554a32873ac019916819a9d38c20b64d8cce47e9f4ced94137018508698,10,V2C01714,1,"[4,5,6,9]",4,"[1,2,3,4]",False,"[""positive""]",5,2
24,2,2,[2],bf96277ee91d1ba307c6ca5c6f8f56dfca550361283de79703ed834c3ea70ec4,10,V2C01715,1,"[4,5,6,9]",4,"[1,2,3,4]",False,"[""positive""]",5,2
24,3,3,[3],c2017b9edc99e18f8a626a426936fb04a99a68adc9a130b7b995f3c1c0a09003,10,V2C01716,1,"[4,5,6,9]",4,"[1,2,3,4]",False,"[""positive""]",5,2
24,2,2,[2],e3ab9c0071b2d529a961b98b7f0f4c6b38358b8cb48e075f4f7b623187ec4a84,10,V2C01717,1,"[4,5,6,9]",4,"[1,2,3,4]",False,"[""positive""]",5,2
24,2,2,[2],e76bab855a22e05b99823d80db54c301f022fe622f39099ee9545c7dd8fcc90c,10,V2C01718,1,"[4,5,6,9]",4,"[1,2,3,4]",False,"[""positive""]",5,2
24,0,0,[0],ea66681bd3fa31c8e11d6ea78480e8270755413f76617e47632eef9ba03af4e2,10,V2C01719,1,"[4,5,6,9]",4,"[1,2,3,4]",False,"[""zero""]",5,2
24,2,2,[2],f8978fbfe533a13cd556d5b074f1b016c3c59536cb5f35b0a8f50ef7f21890f9,10,V2C01720,1,"[4,5,6,9]",4,"[1,2,3,4]",False,"[""positive""]",5,2
24,4,4,[4],1194558619f192385a5065099f20de3e070365bbdd2b977abbbe7282dc1f06ec,10,V2C01721,1,"[4,5,7,8]",4,"[1,2,3,4]",False,"[""positive""]",5,2
24,1,1,[1],13a7fa93989872724a335aba7931269880fde46d3cecc5b0fa249548d3257d01,10,V2C01722,1,"[4,5,7,8]",4,"[1,2,3,4]",False,"[""positive""]",5,2
24,3,3,[3],252636a6a03b2c128f0f5fba77e6159c3373c121ae9d5ffc81d6596a01b85001,10,V2C01723,1,"[4,5,7,8]",4,"[1,2,3,4]",False,"[""positive""]",5,2
24,0,0,[0],613c0053c8434c4fbb2224231bcebc5c194e86e1dd23986bd3ca4590ee27b63c,10,V2C01724,1,"[4,5,7,8]",4,"[1,2,3,4]",False,"[""zero""]",5,2
24,0,0,[0],65448a3712e365b672836df59c3aa18934d863ddd8f161aea2af9a503d4eead3,10,V2C01725,1,"[4,5,7,8]",4,"[1,2,3,4]",False,"[""zero""]",5,2
24,2,2,[2],66634876a180202a1ec9a82837c788c7c964a7b57f65c0f90d77a9191cc37f25,10,V2C01726,1,"[4,5,7,8]",4,"[1,2,3,4]",False,"[""positive""]",5,2
24,1,1,[1],7664a14cb67c08a74ce4f9a0a091c138c675d4fe9d64de17cfdb17eb70c1940b,10,V2C01727,1,"[4,5,7,8]",4,"[1,2,3,4]",False,"[""positive""]",5,2
24,1,1,[1],89f82e06fac1887ab29373489601f45ed715711e6842dd53c6ee8b7bf30d89ba,10,V2C01728,1,"[4,5,7,8]",4,"[1,2,3,4]",False,"[""positive""]",5,2
24,1,1,[1],8a229cf8251284c9754bc9dd1187922dbc14d60bc0271ec7860828b78e342838,10,V2C01729,1,"[4,5,7,8]",4,"[1,2,3,4]",False,"[""positive""]",5,2
24,1,1,[1],bf96277ee91d1ba307c6ca5c6f8f56dfca550361283de79703ed834c3ea70ec4,10,V2C01730,1,"[4,5,7,8]",4,"[1,2,3,4]",False,"[""positive""]",5,2
24,3,3,[3],c2017b9edc99e18f8a626a426936fb04a99a68adc9a130b7b995f3c1c0a09003,10,V2C01731,1,"[4,5,7,8]",4,"[1,2,3,4]",False,"[""positive""]",5,2
24,1,1,[1],c645867b4748a75675c0ed8e47b97d9cec9ae16890ef1aeecc64cd50cce5c626,10,V2C01732,1,"[4,5,7,8]",4,"[1,2,3,4]",False,"[""positive""]",5,2
24,2,2,[2],e3ab9c0071b2d529a961b98b7f0f4c6b38358b8cb48e075f4f7b623187ec4a84,10,V2C01733,1,"[4,5,7,8]",4,"[1,2,3,4]",False,"[""positive""]",5,2
24,0,0,[0],ea66681bd3fa31c8e11d6ea78480e8270755413f76617e47632eef9ba03af4e2,10,V2C01734,1,"[4,5,7,8]",4,"[1,2,3,4]",False,"[""zero""]",5,2
25,5,5,[5],1194558619f192385a5065099f20de3e070365bbdd2b977abbbe7282dc1f06ec,10,V2C01735,1,"[4,5,7,9]",4,"[1,2,3,4]",False,"[""positive""]",8,3
25,4,4,[4],252636a6a03b2c128f0f5fba77e6159c3373c121ae9d5ffc81d6596a01b85001,10,V2C01736,1,"[4,5,7,9]",4,"[1,2,3,4]",False,"[""positive""]",8,3
25,4,4,[4],4db2fca57a0049c7c649f1a529f2c32ff5e8ab03f942dc9ca66c4904d97d8a9d,10,V2C01737,1,"[4,5,7,9]",4,"[1,2,3,4]",False,"[""positive""]",8,3
25,3,3,[3],66634876a180202a1ec9a82837c788c7c964a7b57f65c0f90d77a9191cc37f25,10,V2C01738,1,"[4,5,7,9]",4,"[1,2,3,4]",False,"[""positive""]",8,3
25,1,1,[1],7664a14cb67c08a74ce4f9a0a091c138c675d4fe9d64de17cfdb17eb70c1940b,10,V2C01739,1,"[4,5,7,9]",4,"[1,2,3,4]",False,"[""positive""]",8,3
25,1,1,[1],89f82e06fac1887ab29373489601f45ed715711e6842dd53c6ee8b7bf30d89ba,10,V2C01740,1,"[4,5,7,9]",4,"[1,2,3,4]",False,"[""positive""]",8,3
25,2,2,[2],bf96277ee91d1ba307c6ca5c6f8f56dfca550361283de79703ed834c3ea70ec4,10,V2C01741,1,"[4,5,7,9]",4,"[1,2,3,4]",False,"[""positive""]",8,3
25,3,3,[3],bfc94cf98b0ecc96b0682396db8424c6ac8854d0b1cdf86939ba5e6f10fea1d4,10,V2C01742,1,"[4,5,7,9]",4,"[1,2,3,4]",False,"[""positive""]",8,3
25,4,4,[4],c2017b9edc99e18f8a626a426936fb04a99a68adc9a130b7b995f3c1c0a09003,10,V2C01743,1,"[4,5,7,9]",4,"[1,2,3,4]",False,"[""positive""]",8,3
25,2,2,[2],e3ab9c0071b2d529a961b98b7f0f4c6b38358b8cb48e075f4f7b623187ec4a84,10,V2C01744,1,"[4,5,7,9]",4,"[1,2,3,4]",False,"[""positive""]",8,3
25,0,0,[0],ea66681bd3fa31c8e11d6ea78480e8270755413f76617e47632eef9ba03af4e2,10,V2C01745,1,"[4,5,7,9]",4,"[1,2,3,4]",False,"[""zero""]",8,3
25,2,2,[2],f8978fbfe533a13cd556d5b074f1b016c3c59536cb5f35b0a8f50ef7f21890f9,10,V2C01746,1,"[4,5,7,9]",4,"[1,2,3,4]",False,"[""positive""]",8,3
26,5,5,[5],1194558619f192385a5065099f20de3e070365bbdd2b977abbbe7282dc1f06ec,10,V2C01747,1,"[4,5,8,9]",4,"[1,2,3,4]",False,"[""positive""]",20,7
26,4,4,[4],127b8a694bb9478a6a4b599fc3da8c4b3de4ff8b907122bcbe96abdbbd43d15c,10,V2C01748,1,"[4,5,8,9]",4,"[1,2,3,4]",False,"[""positive""]",20,7
26,4,4,[4],252636a6a03b2c128f0f5fba77e6159c3373c121ae9d5ffc81d6596a01b85001,10,V2C01749,1,"[4,5,8,9]",4,"[1,2,3,4]",False,"[""positive""]",20,7
26,5,5,[5],4db2fca57a0049c7c649f1a529f2c32ff5e8ab03f942dc9ca66c4904d97d8a9d,10,V2C01750,1,"[4,5,8,9]",4,"[1,2,3,4]",False,"[""positive""]",20,7
26,3,3,[3],66634876a180202a1ec9a82837c788c7c964a7b57f65c0f90d77a9191cc37f25,10,V2C01751,1,"[4,5,8,9]",4,"[1,2,3,4]",False,"[""positive""]",20,7
26,1,1,[1],7664a14cb67c08a74ce4f9a0a091c138c675d4fe9d64de17cfdb17eb70c1940b,10,V2C01752,1,"[4,5,8,9]",4,"[1,2,3,4]",False,"[""positive""]",20,7
26,1,1,[1],89f82e06fac1887ab29373489601f45ed715711e6842dd53c6ee8b7bf30d89ba,10,V2C01753,1,"[4,5,8,9]",4,"[1,2,3,4]",False,"[""positive""]",20,7
26,1,1,[1],bf96277ee91d1ba307c6ca5c6f8f56dfca550361283de79703ed834c3ea70ec4,10,V2C01754,1,"[4,5,8,9]",4,"[1,2,3,4]",False,"[""positive""]",20,7
26,4,4,[4],bfc94cf98b0ecc96b0682396db8424c6ac8854d0b1cdf86939ba5e6f10fea1d4,10,V2C01755,1,"[4,5,8,9]",4,"[1,2,3,4]",False,"[""positive""]",20,7
26,4,4,[4],c2017b9edc99e18f8a626a426936fb04a99a68adc9a130b7b995f3c1c0a09003,10,V2C01756,1,"[4,5,8,9]",4,"[1,2,3,4]",False,"[""positive""]",20,7
26,4,4,[4],cfabcfab2a9d921b9f74e1a3fd350d64d5900a19d033982d77c60913aa7f2b7c,10,V2C01757,1,"[4,5,8,9]",4,"[1,2,3,4]",False,"[""positive""]",20,7
26,2,2,[2],e3ab9c0071b2d529a961b98b7f0f4c6b38358b8cb48e075f4f7b623187ec4a84,10,V2C01758,1,"[4,5,8,9]",4,"[1,2,3,4]",False,"[""positive""]",20,7
26,0,0,[0],ea66681bd3fa31c8e11d6ea78480e8270755413f76617e47632eef9ba03af4e2,10,V2C01759,1,"[4,5,8,9]",4,"[1,2,3,4]",False,"[""zero""]",20,7
26,2,2,[2],f8978fbfe533a13cd556d5b074f1b016c3c59536cb5f35b0a8f50ef7f21890f9,10,V2C01760,1,"[4,5,8,9]",4,"[1,2,3,4]",False,"[""positive""]",20,7
25,4,4,[4],1194558619f192385a5065099f20de3e070365bbdd2b977abbbe7282dc1f06ec,10,V2C01761,1,"[4,6,7,8]",4,"[1,2,3,4]",False,"[""positive""]",8,3
25,2,2,[2],13a7fa93989872724a335aba7931269880fde46d3cecc5b0fa249548d3257d01,10,V2C01762,1,"[4,6,7,8]",4,"[1,2,3,4]",False,"[""positive""]",8,3
25,4,4,[4],252636a6a03b2c128f0f5fba77e6159c3373c121ae9d5ffc81d6596a01b85001,10,V2C01763,1,"[4,6,7,8]",4,"[1,2,3,4]",False,"[""positive""]",8,3
25,0,0,[0],613c0053c8434c4fbb2224231bcebc5c194e86e1dd23986bd3ca4590ee27b63c,10,V2C01764,1,"[4,6,7,8]",4,"[1,2,3,4]",False,"[""zero""]",8,3
25,2,2,[2],66634876a180202a1ec9a82837c788c7c964a7b57f65c0f90d77a9191cc37f25,10,V2C01765,1,"[4,6,7,8]",4,"[1,2,3,4]",False,"[""positive""]",8,3
25,1,1,[1],8a229cf8251284c9754bc9dd1187922dbc14d60bc0271ec7860828b78e342838,10,V2C01766,1,"[4,6,7,8]",4,"[1,2,3,4]",False,"[""positive""]",8,3
25,1,1,[1],bf96277ee91d1ba307c6ca5c6f8f56dfca550361283de79703ed834c3ea70ec4,10,V2C01767,1,"[4,6,7,8]",4,"[1,2,3,4]",False,"[""positive""]",8,3
25,2,2,[2],c2017b9edc99e18f8a626a426936fb04a99a68adc9a130b7b995f3c1c0a09003,10,V2C01768,1,"[4,6,7,8]",4,"[1,2,3,4]",False,"[""positive""]",8,3
25,0,0,[0],ea66681bd3fa31c8e11d6ea78480e8270755413f76617e47632eef9ba03af4e2,10,V2C01769,1,"[4,6,7,8]",4,"[1,2,3,4]",False,"[""zero""]",8,3
26,5,5,[5],1194558619f192385a5065099f20de3e070365bbdd2b977abbbe7282dc1f06ec,10,V2C01770,1,"[4,6,7,9]",4,"[1,2,3,4]",False,"[""positive""]",20,7
26,5,5,[5],252636a6a03b2c128f0f5fba77e6159c3373c121ae9d5ffc81d6596a01b85001,10,V2C01771,1,"[4,6,7,9]",4,"[1,2,3,4]",False,"[""positive""]",20,7
26,4,4,[4],4db2fca57a0049c7c649f1a529f2c32ff5e8ab03f942dc9ca66c4904d97d8a9d,10,V2C01772,1,"[4,6,7,9]",4,"[1,2,3,4]",False,"[""positive""]",20,7
26,3,3,[3],66634876a180202a1ec9a82837c788c7c964a7b57f65c0f90d77a9191cc37f25,10,V2C01773,1,"[4,6,7,9]",4,"[1,2,3,4]",False,"[""positive""]",20,7
26,2,2,[2],bf96277ee91d1ba307c6ca5c6f8f56dfca550361283de79703ed834c3ea70ec4,10,V2C01774,1,"[4,6,7,9]",4,"[1,2,3,4]",False,"[""positive""]",20,7
26,2,2,[2],bfc94cf98b0ecc96b0682396db8424c6ac8854d0b1cdf86939ba5e6f10fea1d4,10,V2C01775,1,"[4,6,7,9]",4,"[1,2,3,4]",False,"[""positive""]",20,7
26,3,3,[3],c2017b9edc99e18f8a626a426936fb04a99a68adc9a130b7b995f3c1c0a09003,10,V2C01776,1,"[4,6,7,9]",4,"[1,2,3,4]",False,"[""positive""]",20,7
26,0,0,[0],ea66681bd3fa31c8e11d6ea78480e8270755413f76617e47632eef9ba03af4e2,10,V2C01777,1,"[4,6,7,9]",4,"[1,2,3,4]",False,"[""zero""]",20,7
26,1,1,[1],f8978fbfe533a13cd556d5b074f1b016c3c59536cb5f35b0a8f50ef7f21890f9,10,V2C01778,1,"[4,6,7,9]",4,"[1,2,3,4]",False,"[""positive""]",20,7
27,5,5,[5],1194558619f192385a5065099f20de3e070365bbdd2b977abbbe7282dc1f06ec,10,V2C01779,1,"[4,6,8,9]",4,"[1,2,3,4]",False,"[""positive""]",40,13
27,4,4,[4],127b8a694bb9478a6a4b599fc3da8c4b3de4ff8b907122bcbe96abdbbd43d15c,10,V2C01780,1,"[4,6,8,9]",4,"[1,2,3,4]",False,"[""positive""]",40,13
27,5,5,[5],252636a6a03b2c128f0f5fba77e6159c3373c121ae9d5ffc81d6596a01b85001,10,V2C01781,1,"[4,6,8,9]",4,"[1,2,3,4]",False,"[""positive""]",40,13
27,5,5,[5],4db2fca57a0049c7c649f1a529f2c32ff5e8ab03f942dc9ca66c4904d97d8a9d,10,V2C01782,1,"[4,6,8,9]",4,"[1,2,3,4]",False,"[""positive""]",40,13
27,3,3,[3],66634876a180202a1ec9a82837c788c7c964a7b57f65c0f90d77a9191cc37f25,10,V2C01783,1,"[4,6,8,9]",4,"[1,2,3,4]",False,"[""positive""]",40,13
27,1,1,[1],bf96277ee91d1ba307c6ca5c6f8f56dfca550361283de79703ed834c3ea70ec4,10,V2C01784,1,"[4,6,8,9]",4,"[1,2,3,4]",False,"[""positive""]",40,13
27,3,3,[3],bfc94cf98b0ecc96b0682396db8424c6ac8854d0b1cdf86939ba5e6f10fea1d4,10,V2C01785,1,"[4,6,8,9]",4,"[1,2,3,4]",False,"[""positive""]",40,13
27,3,3,[3],c2017b9edc99e18f8a626a426936fb04a99a68adc9a130b7b995f3c1c0a09003,10,V2C01786,1,"[4,6,8,9]",4,"[1,2,3,4]",False,"[""positive""]",40,13
27,4,4,[4],cfabcfab2a9d921b9f74e1a3fd350d64d5900a19d033982d77c60913aa7f2b7c,10,V2C01787,1,"[4,6,8,9]",4,"[1,2,3,4]",False,"[""positive""]",40,13
27,0,0,[0],ea66681bd3fa31c8e11d6ea78480e8270755413f76617e47632eef9ba03af4e2,10,V2C01788,1,"[4,6,8,9]",4,"[1,2,3,4]",False,"[""zero""]",40,13
27,1,1,[1],f8978fbfe533a13cd556d5b074f1b016c3c59536cb5f35b0a8f50ef7f21890f9,10,V2C01789,1,"[4,6,8,9]",4,"[1,2,3,4]",False,"[""positive""]",40,13
28,5,5,[5],1194558619f192385a5065099f20de3e070365bbdd2b977abbbe7282dc1f06ec,10,V2C01790,1,"[4,7,8,9]",4,"[1,2,3,4]",False,"[""positive""]",10,3
28,4,4,[4],127b8a694bb9478a6a4b599fc3da8c4b3de4ff8b907122bcbe96abdbbd43d15c,10,V2C01791,1,"[4,7,8,9]",4,"[1,2,3,4]",False,"[""positive""]",10,3
28,5,5,[5],4db2fca57a0049c7c649f1a529f2c32ff5e8ab03f942dc9ca66c4904d97d8a9d,10,V2C01792,1,"[4,7,8,9]",4,"[1,2,3,4]",False,"[""positive""]",10,3
28,5,5,[5],876c42f19d2f5282b7e0028ee06d3c8bc96c7fcdacbd8606157cf32e2951d3ac,10,V2C01793,1,"[4,7,8,9]",4,"[1,2,3,4]",False,"[""positive""]",10,3
28,1,1,[1],bf96277ee91d1ba307c6ca5c6f8f56dfca550361283de79703ed834c3ea70ec4,10,V2C01794,1,"[4,7,8,9]",4,"[1,2,3,4]",False,"[""positive""]",10,3
28,2,2,[2],bfc94cf98b0ecc96b0682396db8424c6ac8854d0b1cdf86939ba5e6f10fea1d4,10,V2C01795,1,"[4,7,8,9]",4,"[1,2,3,4]",False,"[""positive""]",10,3
28,0,0,[0],ea66681bd3fa31c8e11d6ea78480e8270755413f76617e47632eef9ba03af4e2,10,V2C01796,1,"[4,7,8,9]",4,"[1,2,3,4]",False,"[""zero""]",10,3
28,1,1,[1],f8978fbfe533a13cd556d5b074f1b016c3c59536cb5f35b0a8f50ef7f21890f9,10,V2C01797,1,"[4,7,8,9]",4,"[1,2,3,4]",False,"[""positive""]",10,3
26,1,1,[1],13a7fa93989872724a335aba7931269880fde46d3cecc5b0fa249548d3257d01,10,V2C01798,1,"[5,6,7,8]",4,"[1,2,3,4]",False,"[""positive""]",20,7
26,3,3,[3],252636a6a03b2c128f0f5fba77e6159c3373c121ae9d5ffc81d6596a01b85001,10,V2C01799,1,"[5,6,7,8]",4,"[1,2,3,4]",False,"[""positive""]",20,7
26,0,0,[0],613c0053c8434c4fbb2224231bcebc5c194e86e1dd23986bd3ca4590ee27b63c,10,V2C01800,1,"[5,6,7,8]",4,"[1,2,3,4]",False,"[""zero""]",20,7
26,2,2,[2],66634876a180202a1ec9a82837c788c7c964a7b57f65c0f90d77a9191cc37f25,10,V2C01801,1,"[5,6,7,8]",4,"[1,2,3,4]",False,"[""positive""]",20,7
26,0,0,[0],8a229cf8251284c9754bc9dd1187922dbc14d60bc0271ec7860828b78e342838,10,V2C01802,1,"[5,6,7,8]",4,"[1,2,3,4]",False,"[""zero""]",20,7
26,1,1,[1],bf96277ee91d1ba307c6ca5c6f8f56dfca550361283de79703ed834c3ea70ec4,10,V2C01803,1,"[5,6,7,8]",4,"[1,2,3,4]",False,"[""positive""]",20,7
26,2,2,[2],c2017b9edc99e18f8a626a426936fb04a99a68adc9a130b7b995f3c1c0a09003,10,V2C01804,1,"[5,6,7,8]",4,"[1,2,3,4]",False,"[""positive""]",20,7
26,0,0,[0],ea66681bd3fa31c8e11d6ea78480e8270755413f76617e47632eef9ba03af4e2,10,V2C01805,1,"[5,6,7,8]",4,"[1,2,3,4]",False,"[""zero""]",20,7
27,4,4,[4],252636a6a03b2c128f0f5fba77e6159c3373c121ae9d5ffc81d6596a01b85001,10,V2C01806,1,"[5,6,7,9]",4,"[1,2,3,4]",False,"[""positive""]",40,13
27,3,3,[3],66634876a180202a1ec9a82837c788c7c964a7b57f65c0f90d77a9191cc37f25,10,V2C01807,1,"[5,6,7,9]",4,"[1,2,3,4]",False,"[""positive""]",40,13
27,2,2,[2],bf96277ee91d1ba307c6ca5c6f8f56dfca550361283de79703ed834c3ea70ec4,10,V2C01808,1,"[5,6,7,9]",4,"[1,2,3,4]",False,"[""positive""]",40,13
27,2,2,[2],bfc94cf98b0ecc96b0682396db8424c6ac8854d0b1cdf86939ba5e6f10fea1d4,10,V2C01809,1,"[5,6,7,9]",4,"[1,2,3,4]",False,"[""positive""]",40,13
27,3,3,[3],c2017b9edc99e18f8a626a426936fb04a99a68adc9a130b7b995f3c1c0a09003,10,V2C01810,1,"[5,6,7,9]",4,"[1,2,3,4]",False,"[""positive""]",40,13
27,0,0,[0],ea66681bd3fa31c8e11d6ea78480e8270755413f76617e47632eef9ba03af4e2,10,V2C01811,1,"[5,6,7,9]",4,"[1,2,3,4]",False,"[""zero""]",40,13
27,1,1,[1],f8978fbfe533a13cd556d5b074f1b016c3c59536cb5f35b0a8f50ef7f21890f9,10,V2C01812,1,"[5,6,7,9]",4,"[1,2,3,4]",False,"[""positive""]",40,13
28,3,3,[3],127b8a694bb9478a6a4b599fc3da8c4b3de4ff8b907122bcbe96abdbbd43d15c,10,V2C01813,1,"[5,6,8,9]",4,"[1,2,3,4]",False,"[""positive""]",10,3
28,4,4,[4],252636a6a03b2c128f0f5fba77e6159c3373c121ae9d5ffc81d6596a01b85001,10,V2C01814,1,"[5,6,8,9]",4,"[1,2,3,4]",False,"[""positive""]",10,3
28,3,3,[3],66634876a180202a1ec9a82837c788c7c964a7b57f65c0f90d77a9191cc37f25,10,V2C01815,1,"[5,6,8,9]",4,"[1,2,3,4]",False,"[""positive""]",10,3
28,1,1,[1],bf96277ee91d1ba307c6ca5c6f8f56dfca550361283de79703ed834c3ea70ec4,10,V2C01816,1,"[5,6,8,9]",4,"[1,2,3,4]",False,"[""positive""]",10,3
28,3,3,[3],bfc94cf98b0ecc96b0682396db8424c6ac8854d0b1cdf86939ba5e6f10fea1d4,10,V2C01817,1,"[5,6,8,9]",4,"[1,2,3,4]",False,"[""positive""]",10,3
28,3,3,[3],c2017b9edc99e18f8a626a426936fb04a99a68adc9a130b7b995f3c1c0a09003,10,V2C01818,1,"[5,6,8,9]",4,"[1,2,3,4]",False,"[""positive""]",10,3
28,3,3,[3],cfabcfab2a9d921b9f74e1a3fd350d64d5900a19d033982d77c60913aa7f2b7c,10,V2C01819,1,"[5,6,8,9]",4,"[1,2,3,4]",False,"[""positive""]",10,3
28,0,0,[0],ea66681bd3fa31c8e11d6ea78480e8270755413f76617e47632eef9ba03af4e2,10,V2C01820,1,"[5,6,8,9]",4,"[1,2,3,4]",False,"[""zero""]",10,3
28,1,1,[1],f8978fbfe533a13cd556d5b074f1b016c3c59536cb5f35b0a8f50ef7f21890f9,10,V2C01821,1,"[5,6,8,9]",4,"[1,2,3,4]",False,"[""positive""]",10,3
29,3,3,[3],127b8a694bb9478a6a4b599fc3da8c4b3de4ff8b907122bcbe96abdbbd43d15c,10,V2C01822,1,"[5,7,8,9]",4,"[1,2,3,4]",False,"[""positive""]",40,11
29,4,4,[4],876c42f19d2f5282b7e0028ee06d3c8bc96c7fcdacbd8606157cf32e2951d3ac,10,V2C01823,1,"[5,7,8,9]",4,"[1,2,3,4]",False,"[""positive""]",40,11
29,1,1,[1],bf96277ee91d1ba307c6ca5c6f8f56dfca550361283de79703ed834c3ea70ec4,10,V2C01824,1,"[5,7,8,9]",4,"[1,2,3,4]",False,"[""positive""]",40,11
29,2,2,[2],bfc94cf98b0ecc96b0682396db8424c6ac8854d0b1cdf86939ba5e6f10fea1d4,10,V2C01825,1,"[5,7,8,9]",4,"[1,2,3,4]",False,"[""positive""]",40,11
29,0,0,[0],ea66681bd3fa31c8e11d6ea78480e8270755413f76617e47632eef9ba03af4e2,10,V2C01826,1,"[5,7,8,9]",4,"[1,2,3,4]",False,"[""zero""]",40,11
29,1,1,[1],f8978fbfe533a13cd556d5b074f1b016c3c59536cb5f35b0a8f50ef7f21890f9,10,V2C01827,1,"[5,7,8,9]",4,"[1,2,3,4]",False,"[""positive""]",40,11
30,2,2,[2],127b8a694bb9478a6a4b599fc3da8c4b3de4ff8b907122bcbe96abdbbd43d15c,10,V2C01828,1,"[6,7,8,9]",4,"[1,2,3,4]",False,"[""positive""]",4,1
30,3,3,[3],876c42f19d2f5282b7e0028ee06d3c8bc96c7fcdacbd8606157cf32e2951d3ac,10,V2C01829,1,"[6,7,8,9]",4,"[1,2,3,4]",False,"[""positive""]",4,1
30,1,1,[1],bf96277ee91d1ba307c6ca5c6f8f56dfca550361283de79703ed834c3ea70ec4,10,V2C01830,1,"[6,7,8,9]",4,"[1,2,3,4]",False,"[""positive""]",4,1
30,2,2,[2],bfc94cf98b0ecc96b0682396db8424c6ac8854d0b1cdf86939ba5e6f10fea1d4,10,V2C01831,1,"[6,7,8,9]",4,"[1,2,3,4]",False,"[""positive""]",4,1
30,0,0,[0],ea66681bd3fa31c8e11d6ea78480e8270755413f76617e47632eef9ba03af4e2,10,V2C01832,1,"[6,7,8,9]",4,"[1,2,3,4]",False,"[""zero""]",4,1
30,1,1,[1],f8978fbfe533a13cd556d5b074f1b016c3c59536cb5f35b0a8f50ef7f21890f9,10,V2C01833,1,"[6,7,8,9]",4,"[1,2,3,4]",False,"[""positive""]",4,1
