"EDD_prefix_t","I_forward","I_reverse","SPT_C_a","SPT_C_b","a_p_rank","b_p_rank","class_id","d_H","d_L","observed_delta_difference","panel","predicted_delta_difference","prediction_category","prediction_magnitude","prediction_matches"
"0","B_o001_r00451","B_o001_r00453","7","14","3","4","WP09C00217","3","1","3","B","3","positive","3","True"
"0","B_o001_r00434","B_o001_r00440","3","7","2","3","WP09C00218","3","1","2","B","2","positive","2","True"
"0","B_o001_r00469","B_o001_r00471","7","14","3","4","WP09C00223","3","1","3","B","3","positive","3","True"
"1","B_o001_r00379","B_o001_r00381","7","14","3","4","WP09C00227","5","3","3","B","3","positive","3","True"
"0","B_o001_r00379","B_o001_r00403","1","7","1","3","WP09C00227","3","1","1","B","1","positive","1","True"
"0","B_o001_r00381","B_o001_r00405","1","14","1","4","WP09C00227","3","1","4","B","4","positive","4","True"
"0","B_o001_r00458","B_o001_r00464","3","7","2","3","WP09C00230","3","1","2","B","2","positive","2","True"
"1","B_o001_r00373","B_o001_r00375","7","14","3","4","WP09C00231","5","3","3","B","3","positive","3","True"
"0","B_o001_r00373","B_o001_r00397","1","7","1","3","WP09C00231","3","1","1","B","1","positive","1","True"
"0","B_o001_r00375","B_o001_r00399","1","14","1","4","WP09C00231","3","1","4","B","4","positive","4","True"
"0","B_o001_r00374","B_o001_r00398","1","7","1","3","WP09C00233","3","1","1","B","1","positive","1","True"
"1","B_o001_r00365","B_o001_r00371","3","14","2","4","WP09C00234","5","3","3","B","3","positive","3","True"
"0","B_o001_r00371","B_o001_r00395","1","14","1","4","WP09C00234","3","1","4","B","4","positive","4","True"
"0","B_o001_r00421","B_o001_r00423","7","14","3","4","WP09C00237","3","1","3","B","3","positive","3","True"
"3","B_o001_r00385","B_o001_r00387","7","14","3","4","WP09C00241","7","5","3","B","3","positive","3","True"
"2","B_o001_r00385","B_o001_r00409","1","7","1","3","WP09C00241","5","3","1","B","1","positive","1","True"
"2","B_o001_r00387","B_o001_r00411","1","14","1","4","WP09C00241","5","3","4","B","4","positive","4","True"
"2","B_o001_r00457","B_o001_r00459","7","14","3","4","WP09C00243","5","3","3","B","3","positive","3","True"
"0","B_o001_r00457","B_o001_r00463","3","7","2","3","WP09C00243","3","1","2","B","2","positive","2","True"
"0","B_o001_r00459","B_o001_r00465","3","14","2","4","WP09C00243","3","1","5","B","5","positive","5","True"
"2","B_o001_r00389","B_o001_r00413","1","14","1","4","WP09C00247","5","3","4","B","4","positive","4","True"
"0","B_o001_r00377","B_o001_r00401","1","14","1","4","WP09C00248","3","1","4","B","4","positive","4","True"
"0","B_o001_r00380","B_o001_r00404","1","7","1","3","WP09C00249","3","1","1","B","1","positive","1","True"
"2","B_o001_r00433","B_o001_r00435","7","14","3","4","WP09C00254","5","3","3","B","3","positive","3","True"
"0","B_o001_r00433","B_o001_r00439","3","7","2","3","WP09C00254","3","1","2","B","2","positive","2","True"
"0","B_o001_r00435","B_o001_r00441","3","14","2","4","WP09C00254","3","1","5","B","5","positive","5","True"
"0","B_o001_r00445","B_o001_r00447","7","14","3","4","WP09C00256","3","1","3","B","3","positive","3","True"
"2","B_o001_r00386","B_o001_r00410","1","7","1","3","WP09C00257","5","3","1","B","1","positive","1","True"
"0","B_o001_r00427","B_o001_r00429","7","14","3","4","WP09C00262","3","1","3","B","3","positive","3","True"
"1","B_o001_r00363","B_o001_r00369","3","14","2","4","WP09C00271","5","3","3","B","3","positive","3","True"
"0","B_o001_r00369","B_o001_r00393","1","14","1","4","WP09C00271","3","1","4","B","4","positive","4","True"
"0","B_o002_r00571","B_o002_r00573","7","14","3","4","WP09C00273","3","1","3","B","3","positive","3","True"
"0","B_o002_r00554","B_o002_r00560","3","7","2","3","WP09C00275","3","1","2","B","2","positive","2","True"
"1","B_o002_r00485","B_o002_r00491","3","14","2","4","WP09C00278","5","3","3","B","3","positive","3","True"
"0","B_o002_r00491","B_o002_r00515","1","14","1","4","WP09C00278","3","1","4","B","4","positive","4","True"
"0","B_o002_r00589","B_o002_r00591","7","14","3","4","WP09C00280","3","1","3","B","3","positive","3","True"
"1","B_o002_r00499","B_o002_r00501","7","14","3","4","WP09C00283","5","3","3","B","3","positive","3","True"
"0","B_o002_r00499","B_o002_r00523","1","7","1","3","WP09C00283","3","1","1","B","1","positive","1","True"
"0","B_o002_r00501","B_o002_r00525","1","14","1","4","WP09C00283","3","1","4","B","4","positive","4","True"
"0","B_o002_r00578","B_o002_r00584","3","7","2","3","WP09C00286","3","1","2","B","2","positive","2","True"
"1","B_o002_r00493","B_o002_r00495","7","14","3","4","WP09C00287","5","3","3","B","3","positive","3","True"
"0","B_o002_r00493","B_o002_r00517","1","7","1","3","WP09C00287","3","1","1","B","1","positive","1","True"
"0","B_o002_r00495","B_o002_r00519","1","14","1","4","WP09C00287","3","1","4","B","4","positive","4","True"
"0","B_o002_r00494","B_o002_r00518","1","7","1","3","WP09C00289","3","1","1","B","1","positive","1","True"
"0","B_o002_r00541","B_o002_r00543","7","14","3","4","WP09C00291","3","1","3","B","3","positive","3","True"
"3","B_o002_r00505","B_o002_r00507","7","14","3","4","WP09C00293","7","5","3","B","3","positive","3","True"
"2","B_o002_r00505","B_o002_r00529","1","7","1","3","WP09C00293","5","3","1","B","1","positive","1","True"
"2","B_o002_r00507","B_o002_r00531","1","14","1","4","WP09C00293","5","3","4","B","4","positive","4","True"
"2","B_o002_r00577","B_o002_r00579","7","14","3","4","WP09C00295","5","3","3","B","3","positive","3","True"
"0","B_o002_r00577","B_o002_r00583","3","7","2","3","WP09C00295","3","1","2","B","2","positive","2","True"
"0","B_o002_r00579","B_o002_r00585","3","14","2","4","WP09C00295","3","1","5","B","5","positive","5","True"
"0","B_o002_r00497","B_o002_r00521","1","14","1","4","WP09C00299","3","1","4","B","4","positive","4","True"
"0","B_o002_r00500","B_o002_r00524","1","7","1","3","WP09C00300","3","1","1","B","1","positive","1","True"
"2","B_o002_r00553","B_o002_r00555","7","14","3","4","WP09C00307","5","3","3","B","3","positive","3","True"
"0","B_o002_r00553","B_o002_r00559","3","7","2","3","WP09C00307","3","1","2","B","2","positive","2","True"
"0","B_o002_r00555","B_o002_r00561","3","14","2","4","WP09C00307","3","1","5","B","5","positive","5","True"
"0","B_o002_r00565","B_o002_r00567","7","14","3","4","WP09C00309","3","1","3","B","3","positive","3","True"
"2","B_o002_r00506","B_o002_r00530","1","7","1","3","WP09C00310","5","3","1","B","1","positive","1","True"
"0","B_o002_r00547","B_o002_r00549","7","14","3","4","WP09C00315","3","1","3","B","3","positive","3","True"
"2","B_o002_r00509","B_o002_r00533","1","14","1","4","WP09C00321","5","3","4","B","4","positive","4","True"
"1","B_o002_r00483","B_o002_r00489","3","14","2","4","WP09C00326","5","3","3","B","3","positive","3","True"
"0","B_o002_r00489","B_o002_r00513","1","14","1","4","WP09C00326","3","1","4","B","4","positive","4","True"
"0","B_o003_r00667","B_o003_r00669","7","14","3","4","WP09C00328","3","1","3","B","3","positive","3","True"
"0","B_o003_r00674","B_o003_r00680","3","7","2","3","WP09C00331","3","1","2","B","2","positive","2","True"
"1","B_o003_r00605","B_o003_r00611","3","14","2","4","WP09C00333","5","3","3","B","3","positive","3","True"
"0","B_o003_r00611","B_o003_r00635","1","14","1","4","WP09C00333","3","1","4","B","4","positive","4","True"
"1","B_o003_r00613","B_o003_r00615","7","14","3","4","WP09C00342","5","3","3","B","3","positive","3","True"
"0","B_o003_r00613","B_o003_r00637","1","7","1","3","WP09C00342","3","1","1","B","1","positive","1","True"
"0","B_o003_r00615","B_o003_r00639","1","14","1","4","WP09C00342","3","1","4","B","4","positive","4","True"
"0","B_o003_r00614","B_o003_r00638","1","7","1","3","WP09C00344","3","1","1","B","1","positive","1","True"
"0","B_o003_r00661","B_o003_r00663","7","14","3","4","WP09C00347","3","1","3","B","3","positive","3","True"
"3","B_o003_r00625","B_o003_r00627","7","14","3","4","WP09C00348","7","5","3","B","3","positive","3","True"
"2","B_o003_r00625","B_o003_r00649","1","7","1","3","WP09C00348","5","3","1","B","1","positive","1","True"
"2","B_o003_r00627","B_o003_r00651","1","14","1","4","WP09C00348","5","3","4","B","4","positive","4","True"
"0","B_o003_r00691","B_o003_r00693","7","14","3","4","WP09C00351","3","1","3","B","3","positive","3","True"
"0","B_o003_r00620","B_o003_r00644","1","7","1","3","WP09C00354","3","1","1","B","1","positive","1","True"
"0","B_o003_r00617","B_o003_r00641","1","14","1","4","WP09C00356","3","1","4","B","4","positive","4","True"
"1","B_o003_r00619","B_o003_r00621","7","14","3","4","WP09C00363","5","3","3","B","3","positive","3","True"
"0","B_o003_r00619","B_o003_r00643","1","7","1","3","WP09C00363","3","1","1","B","1","positive","1","True"
"0","B_o003_r00621","B_o003_r00645","1","14","1","4","WP09C00363","3","1","4","B","4","positive","4","True"
"0","B_o003_r00623","B_o003_r00647","1","14","1","4","WP09C00365","3","1","4","B","4","positive","4","True"
"2","B_o003_r00673","B_o003_r00675","7","14","3","4","WP09C00366","5","3","3","B","3","positive","3","True"
"0","B_o003_r00673","B_o003_r00679","3","7","2","3","WP09C00366","3","1","2","B","2","positive","2","True"
"0","B_o003_r00675","B_o003_r00681","3","14","2","4","WP09C00366","3","1","5","B","5","positive","5","True"
"0","B_o003_r00685","B_o003_r00687","7","14","3","4","WP09C00367","3","1","3","B","3","positive","3","True"
"2","B_o003_r00626","B_o003_r00650","1","7","1","3","WP09C00368","5","3","1","B","1","positive","1","True"
"2","B_o003_r00629","B_o003_r00653","1","14","1","4","WP09C00374","5","3","4","B","4","positive","4","True"
"1","B_o003_r00603","B_o003_r00609","3","14","2","4","WP09C00379","5","3","3","B","3","positive","3","True"
"0","B_o003_r00609","B_o003_r00633","1","14","1","4","WP09C00379","3","1","4","B","4","positive","4","True"
"0","B_o004_r00787","B_o004_r00789","7","14","3","4","WP09C00382","3","1","3","B","3","positive","3","True"
"0","B_o004_r00829","B_o004_r00831","7","14","3","4","WP09C00384","3","1","3","B","3","positive","3","True"
"0","B_o004_r00794","B_o004_r00800","3","7","2","3","WP09C00386","3","1","2","B","2","positive","2","True"
"1","B_o004_r00725","B_o004_r00731","3","14","2","4","WP09C00391","5","3","3","B","3","positive","3","True"
"0","B_o004_r00731","B_o004_r00755","1","14","1","4","WP09C00391","3","1","4","B","4","positive","4","True"
"0","B_o004_r00835","B_o004_r00837","7","14","3","4","WP09C00392","3","1","3","B","3","positive","3","True"
"0","B_o004_r00821","B_o004_r00827","3","14","2","4","WP09C00395","3","1","5","B","5","positive","5","True"
"1","B_o004_r00733","B_o004_r00735","7","14","3","4","WP09C00403","5","3","3","B","3","positive","3","True"
"0","B_o004_r00733","B_o004_r00757","1","7","1","3","WP09C00403","3","1","1","B","1","positive","1","True"
"0","B_o004_r00735","B_o004_r00759","1","14","1","4","WP09C00403","3","1","4","B","4","positive","4","True"
"0","B_o004_r00734","B_o004_r00758","1","7","1","3","WP09C00406","3","1","1","B","1","positive","1","True"
"0","B_o004_r00781","B_o004_r00783","7","14","3","4","WP09C00410","3","1","3","B","3","positive","3","True"
"2","B_o004_r00747","B_o004_r00771","1","14","1","4","WP09C00412","5","3","4","B","4","positive","4","True"
"0","B_o004_r00811","B_o004_r00813","7","14","3","4","WP09C00415","3","1","3","B","3","positive","3","True"
"0","B_o004_r00740","B_o004_r00764","1","7","1","3","WP09C00419","3","1","1","B","1","positive","1","True"
"0","B_o004_r00737","B_o004_r00761","1","14","1","4","WP09C00422","3","1","4","B","4","positive","4","True"
"1","B_o004_r00739","B_o004_r00741","7","14","3","4","WP09C00429","5","3","3","B","3","positive","3","True"
"0","B_o004_r00739","B_o004_r00763","1","7","1","3","WP09C00429","3","1","1","B","1","positive","1","True"
"0","B_o004_r00741","B_o004_r00765","1","14","1","4","WP09C00429","3","1","4","B","4","positive","4","True"
"0","B_o004_r00743","B_o004_r00767","1","14","1","4","WP09C00431","3","1","4","B","4","positive","4","True"
"2","B_o004_r00793","B_o004_r00795","7","14","3","4","WP09C00432","5","3","3","B","3","positive","3","True"
"0","B_o004_r00793","B_o004_r00799","3","7","2","3","WP09C00432","3","1","2","B","2","positive","2","True"
"0","B_o004_r00795","B_o004_r00801","3","14","2","4","WP09C00432","3","1","5","B","5","positive","5","True"
"0","B_o004_r00805","B_o004_r00807","7","14","3","4","WP09C00433","3","1","3","B","3","positive","3","True"
"2","B_o004_r00746","B_o004_r00770","1","7","1","3","WP09C00434","5","3","1","B","1","positive","1","True"
"2","B_o004_r00749","B_o004_r00773","1","14","1","4","WP09C00442","5","3","4","B","4","positive","4","True"
"2","B_o004_r00817","B_o004_r00819","7","14","3","4","WP09C00443","5","3","3","B","3","positive","3","True"
"0","B_o004_r00817","B_o004_r00823","3","7","2","3","WP09C00443","3","1","2","B","2","positive","2","True"
"0","B_o004_r00819","B_o004_r00825","3","14","2","4","WP09C00443","3","1","5","B","5","positive","5","True"
"0","B_o004_r00818","B_o004_r00824","3","7","2","3","WP09C00446","3","1","2","B","2","positive","2","True"
"1","B_o004_r00723","B_o004_r00729","3","14","2","4","WP09C00450","5","3","3","B","3","positive","3","True"
"0","B_o004_r00729","B_o004_r00753","1","14","1","4","WP09C00450","3","1","4","B","4","positive","4","True"
"0","B_o005_r00907","B_o005_r00909","7","14","3","4","WP09C00453","3","1","3","B","3","positive","3","True"
"0","B_o005_r00949","B_o005_r00951","7","14","3","4","WP09C00455","3","1","3","B","3","positive","3","True"
"0","B_o005_r00914","B_o005_r00920","3","7","2","3","WP09C00457","3","1","2","B","2","positive","2","True"
"1","B_o005_r00845","B_o005_r00851","3","14","2","4","WP09C00462","5","3","3","B","3","positive","3","True"
"0","B_o005_r00851","B_o005_r00875","1","14","1","4","WP09C00462","3","1","4","B","4","positive","4","True"
"0","B_o005_r00955","B_o005_r00957","7","14","3","4","WP09C00463","3","1","3","B","3","positive","3","True"
"0","B_o005_r00941","B_o005_r00947","3","14","2","4","WP09C00466","3","1","5","B","5","positive","5","True"
"1","B_o005_r00853","B_o005_r00855","7","14","3","4","WP09C00474","5","3","3","B","3","positive","3","True"
"0","B_o005_r00853","B_o005_r00877","1","7","1","3","WP09C00474","3","1","1","B","1","positive","1","True"
"0","B_o005_r00855","B_o005_r00879","1","14","1","4","WP09C00474","3","1","4","B","4","positive","4","True"
"0","B_o005_r00854","B_o005_r00878","1","7","1","3","WP09C00477","3","1","1","B","1","positive","1","True"
"0","B_o005_r00901","B_o005_r00903","7","14","3","4","WP09C00481","3","1","3","B","3","positive","3","True"
"2","B_o005_r00867","B_o005_r00891","1","14","1","4","WP09C00483","5","3","4","B","4","positive","4","True"
"0","B_o005_r00931","B_o005_r00933","7","14","3","4","WP09C00486","3","1","3","B","3","positive","3","True"
"0","B_o005_r00860","B_o005_r00884","1","7","1","3","WP09C00490","3","1","1","B","1","positive","1","True"
"0","B_o005_r00857","B_o005_r00881","1","14","1","4","WP09C00493","3","1","4","B","4","positive","4","True"
"1","B_o005_r00859","B_o005_r00861","7","14","3","4","WP09C00500","5","3","3","B","3","positive","3","True"
"0","B_o005_r00859","B_o005_r00883","1","7","1","3","WP09C00500","3","1","1","B","1","positive","1","True"
"0","B_o005_r00861","B_o005_r00885","1","14","1","4","WP09C00500","3","1","4","B","4","positive","4","True"
"0","B_o005_r00863","B_o005_r00887","1","14","1","4","WP09C00502","3","1","4","B","4","positive","4","True"
"2","B_o005_r00913","B_o005_r00915","7","14","3","4","WP09C00503","5","3","3","B","3","positive","3","True"
"0","B_o005_r00913","B_o005_r00919","3","7","2","3","WP09C00503","3","1","2","B","2","positive","2","True"
"0","B_o005_r00915","B_o005_r00921","3","14","2","4","WP09C00503","3","1","5","B","5","positive","5","True"
"0","B_o005_r00925","B_o005_r00927","7","14","3","4","WP09C00504","3","1","3","B","3","positive","3","True"
"2","B_o005_r00866","B_o005_r00890","1","7","1","3","WP09C00505","5","3","1","B","1","positive","1","True"
"2","B_o005_r00869","B_o005_r00893","1","14","1","4","WP09C00513","5","3","4","B","4","positive","4","True"
"2","B_o005_r00937","B_o005_r00939","7","14","3","4","WP09C00514","5","3","3","B","3","positive","3","True"
"0","B_o005_r00937","B_o005_r00943","3","7","2","3","WP09C00514","3","1","2","B","2","positive","2","True"
"0","B_o005_r00939","B_o005_r00945","3","14","2","4","WP09C00514","3","1","5","B","5","positive","5","True"
"0","B_o005_r00938","B_o005_r00944","3","7","2","3","WP09C00517","3","1","2","B","2","positive","2","True"
"1","B_o005_r00843","B_o005_r00849","3","14","2","4","WP09C00521","5","3","3","B","3","positive","3","True"
"0","B_o005_r00849","B_o005_r00873","1","14","1","4","WP09C00521","3","1","4","B","4","positive","4","True"
"0","B_o006_r01051","B_o006_r01053","7","14","3","4","WP09C00522","3","1","3","B","3","positive","3","True"
"0","B_o006_r01034","B_o006_r01040","3","7","2","3","WP09C00523","3","1","2","B","2","positive","2","True"
"1","B_o006_r00965","B_o006_r00971","3","14","2","4","WP09C00526","5","3","3","B","3","positive","3","True"
"0","B_o006_r00971","B_o006_r00995","1","14","1","4","WP09C00526","3","1","4","B","4","positive","4","True"
"0","B_o006_r01069","B_o006_r01071","7","14","3","4","WP09C00528","3","1","3","B","3","positive","3","True"
"1","B_o006_r00979","B_o006_r00981","7","14","3","4","WP09C00531","5","3","3","B","3","positive","3","True"
"0","B_o006_r00979","B_o006_r01003","1","7","1","3","WP09C00531","3","1","1","B","1","positive","1","True"
"0","B_o006_r00981","B_o006_r01005","1","14","1","4","WP09C00531","3","1","4","B","4","positive","4","True"
"0","B_o006_r01058","B_o006_r01064","3","7","2","3","WP09C00533","3","1","2","B","2","positive","2","True"
"1","B_o006_r00973","B_o006_r00975","7","14","3","4","WP09C00534","5","3","3","B","3","positive","3","True"
"0","B_o006_r00973","B_o006_r00997","1","7","1","3","WP09C00534","3","1","1","B","1","positive","1","True"
"0","B_o006_r00975","B_o006_r00999","1","14","1","4","WP09C00534","3","1","4","B","4","positive","4","True"
"0","B_o006_r00974","B_o006_r00998","1","7","1","3","WP09C00536","3","1","1","B","1","positive","1","True"
"1","B_o006_r00963","B_o006_r00969","3","14","2","4","WP09C00537","5","3","3","B","3","positive","3","True"
"0","B_o006_r00969","B_o006_r00993","1","14","1","4","WP09C00537","3","1","4","B","4","positive","4","True"
"0","B_o006_r01021","B_o006_r01023","7","14","3","4","WP09C00539","3","1","3","B","3","positive","3","True"
"3","B_o006_r00985","B_o006_r00987","7","14","3","4","WP09C00541","9","5","1","B","1","positive","1","True"
"2","B_o006_r00985","B_o006_r01009","1","7","1","3","WP09C00541","5","3","1","B","1","positive","1","True"
"2","B_o006_r00987","B_o006_r01011","1","14","1","4","WP09C00541","5","3","4","B","4","positive","4","True"
"2","B_o006_r01057","B_o006_r01059","7","14","3","4","WP09C00543","5","3","3","B","3","positive","3","True"
"0","B_o006_r01057","B_o006_r01063","3","7","2","3","WP09C00543","3","1","2","B","2","positive","2","True"
"0","B_o006_r01059","B_o006_r01065","3","14","2","4","WP09C00543","3","1","5","B","5","positive","5","True"
"0","B_o006_r00980","B_o006_r01004","1","7","1","3","WP09C00550","3","1","1","B","1","positive","1","True"
"0","B_o006_r00977","B_o006_r01001","1","14","1","4","WP09C00555","3","1","4","B","4","positive","4","True"
"2","B_o006_r01033","B_o006_r01035","7","14","3","4","WP09C00560","5","3","3","B","3","positive","3","True"
"0","B_o006_r01033","B_o006_r01039","3","7","2","3","WP09C00560","3","1","2","B","2","positive","2","True"
"0","B_o006_r01035","B_o006_r01041","3","14","2","4","WP09C00560","3","1","5","B","5","positive","5","True"
"0","B_o006_r01045","B_o006_r01047","7","14","3","4","WP09C00563","3","1","3","B","3","positive","3","True"
"2","B_o006_r00986","B_o006_r01010","1","7","1","3","WP09C00564","5","3","1","B","1","positive","1","True"
"0","B_o006_r00983","B_o006_r01007","1","14","1","4","WP09C00565","3","1","4","B","4","positive","4","True"
"0","B_o006_r01027","B_o006_r01029","7","14","3","4","WP09C00569","3","1","3","B","3","positive","3","True"
"2","B_o006_r00989","B_o006_r01013","1","14","1","4","WP09C00575","5","3","4","B","4","positive","4","True"
"0","B_o007_r01147","B_o007_r01149","7","14","3","4","WP09C00580","3","1","3","B","3","positive","3","True"
"0","B_o007_r01154","B_o007_r01160","3","7","2","3","WP09C00581","3","1","2","B","2","positive","2","True"
"1","B_o007_r01085","B_o007_r01091","3","14","2","4","WP09C00583","5","3","3","B","3","positive","3","True"
"0","B_o007_r01091","B_o007_r01115","1","14","1","4","WP09C00583","3","1","4","B","4","positive","4","True"
"1","B_o007_r01093","B_o007_r01095","7","14","3","4","WP09C00590","5","3","3","B","3","positive","3","True"
"0","B_o007_r01093","B_o007_r01117","1","7","1","3","WP09C00590","3","1","1","B","1","positive","1","True"
"0","B_o007_r01095","B_o007_r01119","1","14","1","4","WP09C00590","3","1","4","B","4","positive","4","True"
"0","B_o007_r01094","B_o007_r01118","1","7","1","3","WP09C00592","3","1","1","B","1","positive","1","True"
"1","B_o007_r01083","B_o007_r01089","3","14","2","4","WP09C00593","5","3","3","B","3","positive","3","True"
"0","B_o007_r01089","B_o007_r01113","1","14","1","4","WP09C00593","3","1","4","B","4","positive","4","True"
"0","B_o007_r01141","B_o007_r01143","7","14","3","4","WP09C00595","3","1","3","B","3","positive","3","True"
"3","B_o007_r01105","B_o007_r01107","7","14","3","4","WP09C00596","9","5","1","B","1","positive","1","True"
"2","B_o007_r01105","B_o007_r01129","1","7","1","3","WP09C00596","5","3","1","B","1","positive","1","True"
"2","B_o007_r01107","B_o007_r01131","1","14","1","4","WP09C00596","5","3","4","B","4","positive","4","True"
"0","B_o007_r01171","B_o007_r01173","7","14","3","4","WP09C00600","3","1","3","B","3","positive","3","True"
"0","B_o007_r01103","B_o007_r01127","1","14","1","4","WP09C00603","3","1","4","B","4","positive","4","True"
"0","B_o007_r01100","B_o007_r01124","1","7","1","3","WP09C00605","3","1","1","B","1","positive","1","True"
"0","B_o007_r01097","B_o007_r01121","1","14","1","4","WP09C00611","3","1","4","B","4","positive","4","True"
"1","B_o007_r01099","B_o007_r01101","7","14","3","4","WP09C00615","5","3","3","B","3","positive","3","True"
"0","B_o007_r01099","B_o007_r01123","1","7","1","3","WP09C00615","3","1","1","B","1","positive","1","True"
"0","B_o007_r01101","B_o007_r01125","1","14","1","4","WP09C00615","3","1","4","B","4","positive","4","True"
"2","B_o007_r01153","B_o007_r01155","7","14","3","4","WP09C00617","5","3","3","B","3","positive","3","True"
"0","B_o007_r01153","B_o007_r01159","3","7","2","3","WP09C00617","3","1","2","B","2","positive","2","True"
"0","B_o007_r01155","B_o007_r01161","3","14","2","4","WP09C00617","3","1","5","B","5","positive","5","True"
"0","B_o007_r01165","B_o007_r01167","7","14","3","4","WP09C00618","3","1","3","B","3","positive","3","True"
"2","B_o007_r01106","B_o007_r01130","1","7","1","3","WP09C00619","5","3","1","B","1","positive","1","True"
"2","B_o007_r01109","B_o007_r01133","1","14","1","4","WP09C00624","5","3","4","B","4","positive","4","True"
"0","B_o008_r01267","B_o008_r01269","7","14","3","4","WP09C00632","3","1","3","B","3","positive","3","True"
"0","B_o008_r01309","B_o008_r01311","7","14","3","4","WP09C00633","3","1","3","B","3","positive","3","True"
"0","B_o008_r01274","B_o008_r01280","3","7","2","3","WP09C00634","3","1","2","B","2","positive","2","True"
"1","B_o008_r01205","B_o008_r01211","3","14","2","4","WP09C00638","5","3","3","B","3","positive","3","True"
"0","B_o008_r01211","B_o008_r01235","1","14","1","4","WP09C00638","3","1","4","B","4","positive","4","True"
"0","B_o008_r01315","B_o008_r01317","7","14","3","4","WP09C00639","3","1","3","B","3","positive","3","True"
"1","B_o008_r01213","B_o008_r01215","7","14","3","4","WP09C00646","5","3","3","B","3","positive","3","True"
"0","B_o008_r01213","B_o008_r01237","1","7","1","3","WP09C00646","3","1","1","B","1","positive","1","True"
"0","B_o008_r01215","B_o008_r01239","1","14","1","4","WP09C00646","3","1","4","B","4","positive","4","True"
"0","B_o008_r01214","B_o008_r01238","1","7","1","3","WP09C00648","3","1","1","B","1","positive","1","True"
"1","B_o008_r01203","B_o008_r01209","3","14","2","4","WP09C00649","5","3","3","B","3","positive","3","True"
"0","B_o008_r01209","B_o008_r01233","1","14","1","4","WP09C00649","3","1","4","B","4","positive","4","True"
"0","B_o008_r01261","B_o008_r01263","7","14","3","4","WP09C00652","3","1","3","B","3","positive","3","True"
"2","B_o008_r01227","B_o008_r01251","1","14","1","4","WP09C00654","5","3","4","B","4","positive","4","True"
"0","B_o008_r01291","B_o008_r01293","7","14","3","4","WP09C00658","3","1","3","B","3","positive","3","True"
"0","B_o008_r01223","B_o008_r01247","1","14","1","4","WP09C00662","3","1","4","B","4","positive","4","True"
"0","B_o008_r01220","B_o008_r01244","1","7","1","3","WP09C00664","3","1","1","B","1","positive","1","True"
"0","B_o008_r01217","B_o008_r01241","1","14","1","4","WP09C00670","3","1","4","B","4","positive","4","True"
"1","B_o008_r01219","B_o008_r01221","7","14","3","4","WP09C00674","5","3","3","B","3","positive","3","True"
"0","B_o008_r01219","B_o008_r01243","1","7","1","3","WP09C00674","3","1","1","B","1","positive","1","True"
"0","B_o008_r01221","B_o008_r01245","1","14","1","4","WP09C00674","3","1","4","B","4","positive","4","True"
"2","B_o008_r01273","B_o008_r01275","7","14","3","4","WP09C00676","5","3","3","B","3","positive","3","True"
"0","B_o008_r01273","B_o008_r01279","3","7","2","3","WP09C00676","3","1","2","B","2","positive","2","True"
"0","B_o008_r01275","B_o008_r01281","3","14","2","4","WP09C00676","3","1","5","B","5","positive","5","True"
"0","B_o008_r01285","B_o008_r01287","7","14","3","4","WP09C00677","3","1","3","B","3","positive","3","True"
"2","B_o008_r01226","B_o008_r01250","1","7","1","3","WP09C00678","5","3","1","B","1","positive","1","True"
"2","B_o008_r01229","B_o008_r01253","1","14","1","4","WP09C00685","5","3","4","B","4","positive","4","True"
"2","B_o008_r01297","B_o008_r01299","7","14","3","4","WP09C00686","5","3","3","B","3","positive","3","True"
"0","B_o008_r01297","B_o008_r01303","3","7","2","3","WP09C00686","3","1","2","B","2","positive","2","True"
"0","B_o008_r01299","B_o008_r01305","3","14","2","4","WP09C00686","3","1","5","B","5","positive","5","True"
"0","B_o008_r01298","B_o008_r01304","3","7","2","3","WP09C00689","3","1","2","B","2","positive","2","True"
"0","B_o009_r01387","B_o009_r01389","7","14","3","4","WP09C00696","3","1","3","B","3","positive","3","True"
"0","B_o009_r01429","B_o009_r01431","7","14","3","4","WP09C00697","3","1","3","B","3","positive","3","True"
"0","B_o009_r01394","B_o009_r01400","3","7","2","3","WP09C00698","3","1","2","B","2","positive","2","True"
"1","B_o009_r01325","B_o009_r01331","3","14","2","4","WP09C00702","5","3","3","B","3","positive","3","True"
"0","B_o009_r01331","B_o009_r01355","1","14","1","4","WP09C00702","3","1","4","B","4","positive","4","True"
"0","B_o009_r01435","B_o009_r01437","7","14","3","4","WP09C00703","3","1","3","B","3","positive","3","True"
"1","B_o009_r01333","B_o009_r01335","7","14","3","4","WP09C00710","5","3","3","B","3","positive","3","True"
"0","B_o009_r01333","B_o009_r01357","1","7","1","3","WP09C00710","3","1","1","B","1","positive","1","True"
"0","B_o009_r01335","B_o009_r01359","1","14","1","4","WP09C00710","3","1","4","B","4","positive","4","True"
"0","B_o009_r01334","B_o009_r01358","1","7","1","3","WP09C00712","3","1","1","B","1","positive","1","True"
"1","B_o009_r01323","B_o009_r01329","3","14","2","4","WP09C00713","5","3","3","B","3","positive","3","True"
"0","B_o009_r01329","B_o009_r01353","1","14","1","4","WP09C00713","3","1","4","B","4","positive","4","True"
"0","B_o009_r01381","B_o009_r01383","7","14","3","4","WP09C00716","3","1","3","B","3","positive","3","True"
"2","B_o009_r01347","B_o009_r01371","1","14","1","4","WP09C00718","5","3","4","B","4","positive","4","True"
"0","B_o009_r01411","B_o009_r01413","7","14","3","4","WP09C00722","3","1","3","B","3","positive","3","True"
"0","B_o009_r01343","B_o009_r01367","1","14","1","4","WP09C00726","3","1","4","B","4","positive","4","True"
"0","B_o009_r01340","B_o009_r01364","1","7","1","3","WP09C00728","3","1","1","B","1","positive","1","True"
"0","B_o009_r01337","B_o009_r01361","1","14","1","4","WP09C00734","3","1","4","B","4","positive","4","True"
"1","B_o009_r01339","B_o009_r01341","7","14","3","4","WP09C00738","5","3","3","B","3","positive","3","True"
"0","B_o009_r01339","B_o009_r01363","1","7","1","3","WP09C00738","3","1","1","B","1","positive","1","True"
"0","B_o009_r01341","B_o009_r01365","1","14","1","4","WP09C00738","3","1","4","B","4","positive","4","True"
"2","B_o009_r01393","B_o009_r01395","7","14","3","4","WP09C00740","5","3","3","B","3","positive","3","True"
"0","B_o009_r01393","B_o009_r01399","3","7","2","3","WP09C00740","3","1","2","B","2","positive","2","True"
"0","B_o009_r01395","B_o009_r01401","3","14","2","4","WP09C00740","3","1","5","B","5","positive","5","True"
"0","B_o009_r01405","B_o009_r01407","7","14","3","4","WP09C00741","3","1","3","B","3","positive","3","True"
"2","B_o009_r01346","B_o009_r01370","1","7","1","3","WP09C00742","5","3","1","B","1","positive","1","True"
"2","B_o009_r01349","B_o009_r01373","1","14","1","4","WP09C00749","5","3","4","B","4","positive","4","True"
"2","B_o009_r01417","B_o009_r01419","7","14","3","4","WP09C00750","5","3","3","B","3","positive","3","True"
"0","B_o009_r01417","B_o009_r01423","3","7","2","3","WP09C00750","3","1","2","B","2","positive","2","True"
"0","B_o009_r01419","B_o009_r01425","3","14","2","4","WP09C00750","3","1","5","B","5","positive","5","True"
"0","B_o009_r01418","B_o009_r01424","3","7","2","3","WP09C00753","3","1","2","B","2","positive","2","True"
"0","B_o010_r01507","B_o010_r01509","7","14","3","4","WP09C00759","3","1","3","B","3","positive","3","True"
"0","B_o010_r01514","B_o010_r01520","3","7","2","3","WP09C00760","3","1","2","B","2","positive","2","True"
"1","B_o010_r01445","B_o010_r01451","3","14","2","4","WP09C00763","5","3","3","B","3","positive","3","True"
"0","B_o010_r01451","B_o010_r01475","1","14","1","4","WP09C00763","3","1","4","B","4","positive","4","True"
"1","B_o010_r01443","B_o010_r01449","3","14","2","4","WP09C00770","5","3","3","B","3","positive","3","True"
"0","B_o010_r01449","B_o010_r01473","1","14","1","4","WP09C00770","3","1","4","B","4","positive","4","True"
"1","B_o010_r01453","B_o010_r01455","7","14","3","4","WP09C00771","5","3","3","B","3","positive","3","True"
"0","B_o010_r01453","B_o010_r01477","1","7","1","3","WP09C00771","3","1","1","B","1","positive","1","True"
"0","B_o010_r01455","B_o010_r01479","1","14","1","4","WP09C00771","3","1","4","B","4","positive","4","True"
"0","B_o010_r01454","B_o010_r01478","1","7","1","3","WP09C00773","3","1","1","B","1","positive","1","True"
"0","B_o010_r01501","B_o010_r01503","7","14","3","4","WP09C00776","3","1","3","B","3","positive","3","True"
"2","B_o010_r01465","B_o010_r01489","1","7","1","3","WP09C00777","5","3","1","B","1","positive","1","True"
"2","B_o010_r01467","B_o010_r01491","1","14","1","4","WP09C00782","5","3","4","B","4","positive","4","True"
"0","B_o010_r01460","B_o010_r01484","1","7","1","3","WP09C00787","3","1","1","B","1","positive","1","True"
"0","B_o010_r01517","B_o010_r01523","3","14","2","4","WP09C00788","3","1","5","B","5","positive","5","True"
"0","B_o010_r01457","B_o010_r01481","1","14","1","4","WP09C00793","3","1","4","B","4","positive","4","True"
"1","B_o010_r01459","B_o010_r01461","7","14","3","4","WP09C00797","5","3","3","B","3","positive","3","True"
"0","B_o010_r01459","B_o010_r01483","1","7","1","3","WP09C00797","3","1","1","B","1","positive","1","True"
"0","B_o010_r01461","B_o010_r01485","1","14","1","4","WP09C00797","3","1","4","B","4","positive","4","True"
"2","B_o010_r01513","B_o010_r01515","7","14","3","4","WP09C00799","5","3","3","B","3","positive","3","True"
"0","B_o010_r01513","B_o010_r01519","3","7","2","3","WP09C00799","3","1","2","B","2","positive","2","True"
"0","B_o010_r01515","B_o010_r01521","3","14","2","4","WP09C00799","3","1","5","B","5","positive","5","True"
"0","B_o010_r01525","B_o010_r01527","7","14","3","4","WP09C00800","3","1","3","B","3","positive","3","True"
"2","B_o010_r01466","B_o010_r01490","1","7","1","3","WP09C00801","5","3","1","B","1","positive","1","True"
"0","B_o010_r01463","B_o010_r01487","1","14","1","4","WP09C00806","3","1","4","B","4","positive","4","True"
"2","B_o010_r01469","B_o010_r01493","1","14","1","4","WP09C00807","5","3","4","B","4","positive","4","True"
"0","B_o011_r01627","B_o011_r01629","7","14","3","4","WP09C00814","3","1","3","B","3","positive","3","True"
"0","B_o011_r01669","B_o011_r01671","7","14","3","4","WP09C00815","3","1","3","B","3","positive","3","True"
"0","B_o011_r01634","B_o011_r01640","3","7","2","3","WP09C00816","3","1","2","B","2","positive","2","True"
"1","B_o011_r01565","B_o011_r01571","3","14","2","4","WP09C00821","5","3","3","B","3","positive","3","True"
"0","B_o011_r01571","B_o011_r01595","1","14","1","4","WP09C00821","3","1","4","B","4","positive","4","True"
"0","B_o011_r01569","B_o011_r01593","1","14","1","4","WP09C00827","3","1","4","B","4","positive","4","True"
"1","B_o011_r01573","B_o011_r01575","7","14","3","4","WP09C00830","5","3","3","B","3","positive","3","True"
"0","B_o011_r01573","B_o011_r01597","1","7","1","3","WP09C00830","3","1","1","B","1","positive","1","True"
"0","B_o011_r01575","B_o011_r01599","1","14","1","4","WP09C00830","3","1","4","B","4","positive","4","True"
"0","B_o011_r01574","B_o011_r01598","1","7","1","3","WP09C00833","3","1","1","B","1","positive","1","True"
"0","B_o011_r01621","B_o011_r01623","7","14","3","4","WP09C00836","3","1","3","B","3","positive","3","True"
"0","B_o011_r01580","B_o011_r01604","1","7","1","3","WP09C00848","3","1","1","B","1","positive","1","True"
"0","B_o011_r01637","B_o011_r01643","3","14","2","4","WP09C00849","3","1","5","B","5","positive","5","True"
"0","B_o011_r01577","B_o011_r01601","1","14","1","4","WP09C00854","3","1","4","B","4","positive","4","True"
"1","B_o011_r01579","B_o011_r01581","7","14","3","4","WP09C00859","5","3","3","B","3","positive","3","True"
"0","B_o011_r01579","B_o011_r01603","1","7","1","3","WP09C00859","3","1","1","B","1","positive","1","True"
"0","B_o011_r01581","B_o011_r01605","1","14","1","4","WP09C00859","3","1","4","B","4","positive","4","True"
"0","B_o011_r01661","B_o011_r01667","3","14","2","4","WP09C00861","3","1","5","B","5","positive","5","True"
"2","B_o011_r01633","B_o011_r01635","7","14","3","4","WP09C00862","5","3","3","B","3","positive","3","True"
"0","B_o011_r01633","B_o011_r01639","3","7","2","3","WP09C00862","3","1","2","B","2","positive","2","True"
"0","B_o011_r01635","B_o011_r01641","3","14","2","4","WP09C00862","3","1","5","B","5","positive","5","True"
"0","B_o011_r01645","B_o011_r01647","7","14","3","4","WP09C00863","3","1","3","B","3","positive","3","True"
"2","B_o011_r01586","B_o011_r01610","1","7","1","3","WP09C00864","5","3","1","B","1","positive","1","True"
"0","B_o011_r01583","B_o011_r01607","1","14","1","4","WP09C00871","3","1","4","B","4","positive","4","True"
"2","B_o011_r01589","B_o011_r01613","1","14","1","4","WP09C00872","5","3","4","B","4","positive","4","True"
"2","B_o011_r01657","B_o011_r01659","7","14","3","4","WP09C00873","5","3","3","B","3","positive","3","True"
"0","B_o011_r01657","B_o011_r01663","3","7","2","3","WP09C00873","3","1","2","B","2","positive","2","True"
"0","B_o011_r01659","B_o011_r01665","3","14","2","4","WP09C00873","3","1","5","B","5","positive","5","True"
"0","B_o011_r01658","B_o011_r01664","3","7","2","3","WP09C00877","3","1","2","B","2","positive","2","True"
"0","B_o012_r01747","B_o012_r01749","7","14","3","4","WP09C00883","3","1","3","B","3","positive","3","True"
"0","B_o012_r01789","B_o012_r01791","7","14","3","4","WP09C00884","3","1","3","B","3","positive","3","True"
"0","B_o012_r01754","B_o012_r01760","3","7","2","3","WP09C00885","3","1","2","B","2","positive","2","True"
"1","B_o012_r01685","B_o012_r01691","3","14","2","4","WP09C00890","5","3","3","B","3","positive","3","True"
"0","B_o012_r01691","B_o012_r01715","1","14","1","4","WP09C00890","3","1","4","B","4","positive","4","True"
"0","B_o012_r01689","B_o012_r01713","1","14","1","4","WP09C00896","3","1","4","B","4","positive","4","True"
"1","B_o012_r01693","B_o012_r01695","7","14","3","4","WP09C00899","5","3","3","B","3","positive","3","True"
"0","B_o012_r01693","B_o012_r01717","1","7","1","3","WP09C00899","3","1","1","B","1","positive","1","True"
"0","B_o012_r01695","B_o012_r01719","1","14","1","4","WP09C00899","3","1","4","B","4","positive","4","True"
"0","B_o012_r01694","B_o012_r01718","1","7","1","3","WP09C00902","3","1","1","B","1","positive","1","True"
"0","B_o012_r01741","B_o012_r01743","7","14","3","4","WP09C00905","3","1","3","B","3","positive","3","True"
"0","B_o012_r01700","B_o012_r01724","1","7","1","3","WP09C00917","3","1","1","B","1","positive","1","True"
"0","B_o012_r01757","B_o012_r01763","3","14","2","4","WP09C00918","3","1","5","B","5","positive","5","True"
"0","B_o012_r01697","B_o012_r01721","1","14","1","4","WP09C00923","3","1","4","B","4","positive","4","True"
"1","B_o012_r01699","B_o012_r01701","7","14","3","4","WP09C00928","5","3","3","B","3","positive","3","True"
"0","B_o012_r01699","B_o012_r01723","1","7","1","3","WP09C00928","3","1","1","B","1","positive","1","True"
"0","B_o012_r01701","B_o012_r01725","1","14","1","4","WP09C00928","3","1","4","B","4","positive","4","True"
"0","B_o012_r01781","B_o012_r01787","3","14","2","4","WP09C00930","3","1","5","B","5","positive","5","True"
"2","B_o012_r01753","B_o012_r01755","7","14","3","4","WP09C00931","5","3","3","B","3","positive","3","True"
"0","B_o012_r01753","B_o012_r01759","3","7","2","3","WP09C00931","3","1","2","B","2","positive","2","True"
"0","B_o012_r01755","B_o012_r01761","3","14","2","4","WP09C00931","3","1","5","B","5","positive","5","True"
"0","B_o012_r01765","B_o012_r01767","7","14","3","4","WP09C00932","3","1","3","B","3","positive","3","True"
"2","B_o012_r01706","B_o012_r01730","1","7","1","3","WP09C00933","5","3","1","B","1","positive","1","True"
"0","B_o012_r01703","B_o012_r01727","1","14","1","4","WP09C00940","3","1","4","B","4","positive","4","True"
"2","B_o012_r01709","B_o012_r01733","1","14","1","4","WP09C00941","5","3","4","B","4","positive","4","True"
"2","B_o012_r01777","B_o012_r01779","7","14","3","4","WP09C00942","5","3","3","B","3","positive","3","True"
"0","B_o012_r01777","B_o012_r01783","3","7","2","3","WP09C00942","3","1","2","B","2","positive","2","True"
"0","B_o012_r01779","B_o012_r01785","3","14","2","4","WP09C00942","3","1","5","B","5","positive","5","True"
"0","B_o012_r01778","B_o012_r01784","3","7","2","3","WP09C00946","3","1","2","B","2","positive","2","True"
"0","B_o013_r01867","B_o013_r01869","7","14","3","4","WP09C00952","3","1","3","B","3","positive","3","True"
"0","B_o013_r01909","B_o013_r01911","7","14","3","4","WP09C00953","3","1","3","B","3","positive","3","True"
"0","B_o013_r01874","B_o013_r01880","3","7","2","3","WP09C00954","3","1","2","B","2","positive","2","True"
"1","B_o013_r01805","B_o013_r01811","3","14","2","4","WP09C00960","5","3","3","B","3","positive","3","True"
"0","B_o013_r01811","B_o013_r01835","1","14","1","4","WP09C00960","3","1","4","B","4","positive","4","True"
"0","B_o013_r01809","B_o013_r01833","1","14","1","4","WP09C00968","3","1","4","B","4","positive","4","True"
"0","B_o013_r01814","B_o013_r01838","1","7","1","3","WP09C00973","3","1","1","B","1","positive","1","True"
"0","B_o013_r01891","B_o013_r01893","7","14","3","4","WP09C00989","3","1","3","B","3","positive","3","True"
"0","B_o013_r01820","B_o013_r01844","1","7","1","3","WP09C00991","3","1","1","B","1","positive","1","True"
"0","B_o013_r01877","B_o013_r01883","3","14","2","4","WP09C00992","3","1","5","B","5","positive","5","True"
"0","B_o013_r01817","B_o013_r01841","1","14","1","4","WP09C00999","3","1","4","B","4","positive","4","True"
"1","B_o013_r01819","B_o013_r01821","7","14","3","4","WP09C01004","5","3","3","B","3","positive","3","True"
"0","B_o013_r01819","B_o013_r01843","1","7","1","3","WP09C01004","3","1","1","B","1","positive","1","True"
"0","B_o013_r01821","B_o013_r01845","1","14","1","4","WP09C01004","3","1","4","B","4","positive","4","True"
"0","B_o013_r01901","B_o013_r01907","3","14","2","4","WP09C01006","3","1","5","B","5","positive","5","True"
"0","B_o013_r01915","B_o013_r01917","7","14","3","4","WP09C01007","3","1","3","B","3","positive","3","True"
"2","B_o013_r01826","B_o013_r01850","1","7","1","3","WP09C01008","5","3","1","B","1","positive","1","True"
"0","B_o013_r01861","B_o013_r01863","7","14","3","4","WP09C01015","3","1","3","B","3","positive","3","True"
"0","B_o013_r01823","B_o013_r01847","1","14","1","4","WP09C01017","3","1","4","B","4","positive","4","True"
"2","B_o013_r01829","B_o013_r01853","1","14","1","4","WP09C01018","5","3","4","B","4","positive","4","True"
"2","B_o013_r01897","B_o013_r01899","7","14","3","4","WP09C01019","5","3","3","B","3","positive","3","True"
"0","B_o013_r01897","B_o013_r01903","3","7","2","3","WP09C01019","3","1","2","B","2","positive","2","True"
"0","B_o013_r01899","B_o013_r01905","3","14","2","4","WP09C01019","3","1","5","B","5","positive","5","True"
"0","B_o013_r01898","B_o013_r01904","3","7","2","3","WP09C01023","3","1","2","B","2","positive","2","True"
"0","B_o013_r01815","B_o013_r01839","1","14","1","4","WP09C01026","3","1","4","B","4","positive","4","True"
"0","B_o014_r01987","B_o014_r01989","7","14","3","4","WP09C01030","3","1","3","B","3","positive","3","True"
"0","B_o014_r02029","B_o014_r02031","7","14","3","4","WP09C01031","3","1","3","B","3","positive","3","True"
"0","B_o014_r01994","B_o014_r02000","3","7","2","3","WP09C01032","3","1","2","B","2","positive","2","True"
"1","B_o014_r01925","B_o014_r01931","3","14","2","4","WP09C01038","5","3","3","B","3","positive","3","True"
"0","B_o014_r01931","B_o014_r01955","1","14","1","4","WP09C01038","3","1","4","B","4","positive","4","True"
"0","B_o014_r01929","B_o014_r01953","1","14","1","4","WP09C01046","3","1","4","B","4","positive","4","True"
"0","B_o014_r01934","B_o014_r01958","1","7","1","3","WP09C01051","3","1","1","B","1","positive","1","True"
"0","B_o014_r02011","B_o014_r02013","7","14","3","4","WP09C01067","3","1","3","B","3","positive","3","True"
"0","B_o014_r01940","B_o014_r01964","1","7","1","3","WP09C01069","3","1","1","B","1","positive","1","True"
"0","B_o014_r01997","B_o014_r02003","3","14","2","4","WP09C01070","3","1","5","B","5","positive","5","True"
"0","B_o014_r01937","B_o014_r01961","1","14","1","4","WP09C01077","3","1","4","B","4","positive","4","True"
"1","B_o014_r01939","B_o014_r01941","7","14","3","4","WP09C01082","5","3","3","B","3","positive","3","True"
"0","B_o014_r01939","B_o014_r01963","1","7","1","3","WP09C01082","3","1","1","B","1","positive","1","True"
"0","B_o014_r01941","B_o014_r01965","1","14","1","4","WP09C01082","3","1","4","B","4","positive","4","True"
"0","B_o014_r02021","B_o014_r02027","3","14","2","4","WP09C01084","3","1","5","B","5","positive","5","True"
"0","B_o014_r02035","B_o014_r02037","7","14","3","4","WP09C01085","3","1","3","B","3","positive","3","True"
"2","B_o014_r01946","B_o014_r01970","1","7","1","3","WP09C01086","5","3","1","B","1","positive","1","True"
"0","B_o014_r01981","B_o014_r01983","7","14","3","4","WP09C01093","3","1","3","B","3","positive","3","True"
"0","B_o014_r01943","B_o014_r01967","1","14","1","4","WP09C01095","3","1","4","B","4","positive","4","True"
"2","B_o014_r01949","B_o014_r01973","1","14","1","4","WP09C01096","5","3","4","B","4","positive","4","True"
"2","B_o014_r02017","B_o014_r02019","7","14","3","4","WP09C01097","5","3","3","B","3","positive","3","True"
"0","B_o014_r02017","B_o014_r02023","3","7","2","3","WP09C01097","3","1","2","B","2","positive","2","True"
"0","B_o014_r02019","B_o014_r02025","3","14","2","4","WP09C01097","3","1","5","B","5","positive","5","True"
"0","B_o014_r02018","B_o014_r02024","3","7","2","3","WP09C01101","3","1","2","B","2","positive","2","True"
"0","B_o014_r01935","B_o014_r01959","1","14","1","4","WP09C01104","3","1","4","B","4","positive","4","True"
"0","B_o015_r02107","B_o015_r02109","7","14","3","4","WP09C01107","3","1","3","B","3","positive","3","True"
"0","B_o015_r02149","B_o015_r02151","7","14","3","4","WP09C01109","3","1","3","B","3","positive","3","True"
"0","B_o015_r02114","B_o015_r02120","3","7","2","3","WP09C01110","3","1","2","B","2","positive","2","True"
"2","B_o015_r02113","B_o015_r02115","7","14","3","4","WP09C01114","5","3","3","B","3","positive","3","True"
"0","B_o015_r02113","B_o015_r02119","3","7","2","3","WP09C01114","3","1","2","B","2","positive","2","True"
"0","B_o015_r02115","B_o015_r02121","3","14","2","4","WP09C01114","3","1","5","B","5","positive","5","True"
"1","B_o015_r02045","B_o015_r02051","3","14","2","4","WP09C01115","5","3","3","B","3","positive","3","True"
"0","B_o015_r02051","B_o015_r02075","1","14","1","4","WP09C01115","3","1","4","B","4","positive","4","True"
"0","B_o015_r02049","B_o015_r02073","1","14","1","4","WP09C01121","3","1","4","B","4","positive","4","True"
"0","B_o015_r02054","B_o015_r02078","1","7","1","3","WP09C01124","3","1","1","B","1","positive","1","True"
"0","B_o015_r02131","B_o015_r02133","7","14","3","4","WP09C01133","3","1","3","B","3","positive","3","True"
"0","B_o015_r02117","B_o015_r02123","3","14","2","4","WP09C01135","3","1","5","B","5","positive","5","True"
"0","B_o015_r02057","B_o015_r02081","1","14","1","4","WP09C01139","3","1","4","B","4","positive","4","True"
"1","B_o015_r02059","B_o015_r02061","7","14","3","4","WP09C01142","5","3","3","B","3","positive","3","True"
"0","B_o015_r02059","B_o015_r02083","1","7","1","3","WP09C01142","3","1","1","B","1","positive","1","True"
"0","B_o015_r02061","B_o015_r02085","1","14","1","4","WP09C01142","3","1","4","B","4","positive","4","True"
"0","B_o015_r02125","B_o015_r02127","7","14","3","4","WP09C01144","3","1","3","B","3","positive","3","True"
"2","B_o015_r02066","B_o015_r02090","1","7","1","3","WP09C01148","5","3","1","B","1","positive","1","True"
"0","B_o015_r02101","B_o015_r02103","7","14","3","4","WP09C01153","3","1","3","B","3","positive","3","True"
"2","B_o015_r02069","B_o015_r02093","1","14","1","4","WP09C01155","5","3","4","B","4","positive","4","True"
"2","B_o015_r02137","B_o015_r02139","7","14","3","4","WP09C01157","5","3","3","B","3","positive","3","True"
"0","B_o015_r02137","B_o015_r02143","3","7","2","3","WP09C01157","3","1","2","B","2","positive","2","True"
"0","B_o015_r02139","B_o015_r02145","3","14","2","4","WP09C01157","3","1","5","B","5","positive","5","True"
"0","B_o015_r02055","B_o015_r02079","1","14","1","4","WP09C01158","3","1","4","B","4","positive","4","True"
"0","B_o016_r02251","B_o016_r02253","7","14","3","4","WP09C01162","3","1","3","B","3","positive","3","True"
"0","B_o016_r02234","B_o016_r02240","3","7","2","3","WP09C01164","3","1","2","B","2","positive","2","True"
"0","B_o016_r02168","B_o016_r02192","1","7","1","3","WP09C01166","3","1","1","B","1","positive","1","True"
"1","B_o016_r02165","B_o016_r02171","3","14","2","4","WP09C01168","7","3","1","B","1","positive","1","True"
"0","B_o016_r02171","B_o016_r02195","1","14","1","4","WP09C01168","3","1","4","B","4","positive","4","True"
"0","B_o016_r02179","B_o016_r02203","1","7","1","3","WP09C01172","3","1","1","B","1","positive","1","True"
"0","B_o016_r02258","B_o016_r02264","3","7","2","3","WP09C01173","3","1","2","B","2","positive","2","True"
"5","B_o016_r02167","B_o016_r02173","3","14","2","4","WP09C01174","9","7","3","B","3","positive","3","True"
"0","B_o016_r02167","B_o016_r02191","1","7","1","3","WP09C01174","3","1","1","B","1","positive","1","True"
"0","B_o016_r02173","B_o016_r02197","1","7","1","3","WP09C01174","3","1","1","B","1","positive","1","True"
"5","B_o016_r02191","B_o016_r02197","3","14","2","4","WP09C01174","9","7","3","B","3","positive","3","True"
"0","B_o016_r02174","B_o016_r02198","1","7","1","3","WP09C01175","3","1","1","B","1","positive","1","True"
"1","B_o016_r02163","B_o016_r02169","3","14","2","4","WP09C01176","7","3","1","B","1","positive","1","True"
"0","B_o016_r02169","B_o016_r02193","1","14","1","4","WP09C01176","3","1","4","B","4","positive","4","True"
"0","B_o016_r02221","B_o016_r02223","7","14","3","4","WP09C01178","3","1","3","B","3","positive","3","True"
"3","B_o016_r02185","B_o016_r02187","7","14","3","4","WP09C01180","9","7","1","B","1","positive","1","True"
"2","B_o016_r02187","B_o016_r02211","1","14","1","4","WP09C01180","7","3","2","B","2","positive","2","True"
"0","B_o016_r02257","B_o016_r02263","3","7","2","3","WP09C01181","3","1","2","B","2","positive","2","True"
"0","B_o016_r02210","B_o016_r02216","3","7","2","3","WP09C01185","3","1","2","B","2","positive","2","True"
"0","B_o016_r02180","B_o016_r02204","1","7","1","3","WP09C01187","3","1","1","B","1","positive","1","True"
"0","B_o016_r02177","B_o016_r02201","1","14","1","4","WP09C01191","3","1","4","B","4","positive","4","True"
"0","B_o016_r02209","B_o016_r02215","3","7","2","3","WP09C01194","3","1","2","B","2","positive","2","True"
"6","B_o016_r02209","B_o016_r02233","1","14","1","4","WP09C01194","9","7","4","B","4","positive","4","True"
"6","B_o016_r02215","B_o016_r02239","1","14","1","4","WP09C01194","9","7","4","B","4","positive","4","True"
"0","B_o016_r02233","B_o016_r02239","3","7","2","3","WP09C01194","3","1","2","B","2","positive","2","True"
"0","B_o016_r02183","B_o016_r02207","1","14","1","4","WP09C01199","3","1","4","B","4","positive","4","True"
"0","B_o016_r02227","B_o016_r02229","7","14","3","4","WP09C01201","3","1","3","B","3","positive","3","True"
"2","B_o016_r02189","B_o016_r02213","1","14","1","4","WP09C01205","7","3","2","B","2","positive","2","True"
"0","B_o017_r02347","B_o017_r02349","7","14","3","4","WP09C01208","3","1","3","B","3","positive","3","True"
"0","B_o017_r02354","B_o017_r02360","3","7","2","3","WP09C01209","3","1","2","B","2","positive","2","True"
"0","B_o017_r02288","B_o017_r02312","1","7","1","3","WP09C01211","3","1","1","B","1","positive","1","True"
"1","B_o017_r02285","B_o017_r02291","3","14","2","4","WP09C01212","7","3","1","B","1","positive","1","True"
"0","B_o017_r02291","B_o017_r02315","1","14","1","4","WP09C01212","3","1","4","B","4","positive","4","True"
"5","B_o017_r02287","B_o017_r02293","3","14","2","4","WP09C01219","9","7","3","B","3","positive","3","True"
"0","B_o017_r02287","B_o017_r02311","1","7","1","3","WP09C01219","3","1","1","B","1","positive","1","True"
"0","B_o017_r02293","B_o017_r02317","1","7","1","3","WP09C01219","3","1","1","B","1","positive","1","True"
"5","B_o017_r02311","B_o017_r02317","3","14","2","4","WP09C01219","9","7","3","B","3","positive","3","True"
"0","B_o017_r02294","B_o017_r02318","1","7","1","3","WP09C01220","3","1","1","B","1","positive","1","True"
"1","B_o017_r02283","B_o017_r02289","3","14","2","4","WP09C01221","7","3","1","B","1","positive","1","True"
"0","B_o017_r02289","B_o017_r02313","1","14","1","4","WP09C01221","3","1","4","B","4","positive","4","True"
"0","B_o017_r02341","B_o017_r02343","7","14","3","4","WP09C01223","3","1","3","B","3","positive","3","True"
"3","B_o017_r02305","B_o017_r02307","7","14","3","4","WP09C01224","9","7","1","B","1","positive","1","True"
"2","B_o017_r02307","B_o017_r02331","1","14","1","4","WP09C01224","7","3","2","B","2","positive","2","True"
"0","B_o017_r02371","B_o017_r02373","7","14","3","4","WP09C01228","3","1","3","B","3","positive","3","True"
"0","B_o017_r02303","B_o017_r02327","1","14","1","4","WP09C01230","3","1","4","B","4","positive","4","True"
"0","B_o017_r02300","B_o017_r02324","1","7","1","3","WP09C01231","3","1","1","B","1","positive","1","True"
"0","B_o017_r02330","B_o017_r02336","3","7","2","3","WP09C01232","3","1","2","B","2","positive","2","True"
"0","B_o017_r02297","B_o017_r02321","1","14","1","4","WP09C01238","3","1","4","B","4","positive","4","True"
"1","B_o017_r02299","B_o017_r02301","7","14","3","4","WP09C01242","7","3","3","B","3","positive","3","True"
"0","B_o017_r02299","B_o017_r02323","1","7","1","3","WP09C01242","3","1","1","B","1","positive","1","True"
"0","B_o017_r02301","B_o017_r02325","1","14","1","4","WP09C01242","3","1","4","B","4","positive","4","True"
"0","B_o017_r02329","B_o017_r02335","3","7","2","3","WP09C01244","3","1","2","B","2","positive","2","True"
"6","B_o017_r02329","B_o017_r02353","1","14","1","4","WP09C01244","9","7","4","B","4","positive","4","True"
"6","B_o017_r02335","B_o017_r02359","1","14","1","4","WP09C01244","9","7","4","B","4","positive","4","True"
"0","B_o017_r02353","B_o017_r02359","3","7","2","3","WP09C01244","3","1","2","B","2","positive","2","True"
"2","B_o017_r02309","B_o017_r02333","1","14","1","4","WP09C01250","7","3","2","B","2","positive","2","True"
"0","B_o018_r02467","B_o018_r02469","7","14","3","4","WP09C01255","3","1","3","B","3","positive","3","True"
"0","B_o018_r02509","B_o018_r02511","7","14","3","4","WP09C01256","3","1","3","B","3","positive","3","True"
"0","B_o018_r02474","B_o018_r02480","3","7","2","3","WP09C01257","3","1","2","B","2","positive","2","True"
"0","B_o018_r02408","B_o018_r02432","1","7","1","3","WP09C01261","3","1","1","B","1","positive","1","True"
"1","B_o018_r02405","B_o018_r02411","3","14","2","4","WP09C01262","7","3","1","B","1","positive","1","True"
"0","B_o018_r02411","B_o018_r02435","1","14","1","4","WP09C01262","3","1","4","B","4","positive","4","True"
"0","B_o018_r02515","B_o018_r02517","7","14","3","4","WP09C01264","3","1","3","B","3","positive","3","True"
"0","B_o018_r02413","B_o018_r02437","1","7","1","3","WP09C01271","3","1","1","B","1","positive","1","True"
"5","B_o018_r02431","B_o018_r02437","3","14","2","4","WP09C01271","9","7","3","B","3","positive","3","True"
"0","B_o018_r02414","B_o018_r02438","1","7","1","3","WP09C01272","3","1","1","B","1","positive","1","True"
"1","B_o018_r02403","B_o018_r02409","3","14","2","4","WP09C01273","7","3","1","B","1","positive","1","True"
"0","B_o018_r02409","B_o018_r02433","1","14","1","4","WP09C01273","3","1","4","B","4","positive","4","True"
"0","B_o018_r02461","B_o018_r02463","7","14","3","4","WP09C01276","3","1","3","B","3","positive","3","True"
"2","B_o018_r02427","B_o018_r02451","1","14","1","4","WP09C01277","7","3","2","B","2","positive","2","True"
"0","B_o018_r02491","B_o018_r02493","7","14","3","4","WP09C01281","3","1","3","B","3","positive","3","True"
"0","B_o018_r02423","B_o018_r02447","1","14","1","4","WP09C01284","3","1","4","B","4","positive","4","True"
"0","B_o018_r02420","B_o018_r02444","1","7","1","3","WP09C01285","3","1","1","B","1","positive","1","True"
"0","B_o018_r02450","B_o018_r02456","3","7","2","3","WP09C01286","3","1","2","B","2","positive","2","True"
"0","B_o018_r02417","B_o018_r02441","1","14","1","4","WP09C01292","3","1","4","B","4","positive","4","True"
"1","B_o018_r02419","B_o018_r02421","7","14","3","4","WP09C01296","7","3","3","B","3","positive","3","True"
"0","B_o018_r02419","B_o018_r02443","1","7","1","3","WP09C01296","3","1","1","B","1","positive","1","True"
"0","B_o018_r02421","B_o018_r02445","1","14","1","4","WP09C01296","3","1","4","B","4","positive","4","True"
"6","B_o018_r02455","B_o018_r02479","1","14","1","4","WP09C01298","9","7","4","B","4","positive","4","True"
"0","B_o018_r02473","B_o018_r02479","3","7","2","3","WP09C01298","3","1","2","B","2","positive","2","True"
"2","B_o018_r02429","B_o018_r02453","1","14","1","4","WP09C01306","7","3","2","B","2","positive","2","True"
"2","B_o018_r02497","B_o018_r02499","7","14","3","4","WP09C01307","7","3","3","B","3","positive","3","True"
"0","B_o018_r02497","B_o018_r02503","3","7","2","3","WP09C01307","3","1","2","B","2","positive","2","True"
"0","B_o018_r02499","B_o018_r02505","3","14","2","4","WP09C01307","3","1","5","B","5","positive","5","True"
"0","B_o018_r02498","B_o018_r02504","3","7","2","3","WP09C01310","3","1","2","B","2","positive","2","True"
"0","B_o019_r02587","B_o019_r02589","7","14","3","4","WP09C01314","3","1","3","B","3","positive","3","True"
"0","B_o019_r02629","B_o019_r02631","7","14","3","4","WP09C01315","3","1","3","B","3","positive","3","True"
"0","B_o019_r02594","B_o019_r02600","3","7","2","3","WP09C01316","3","1","2","B","2","positive","2","True"
"0","B_o019_r02528","B_o019_r02552","1","7","1","3","WP09C01320","3","1","1","B","1","positive","1","True"
"1","B_o019_r02525","B_o019_r02531","3","14","2","4","WP09C01321","7","3","1","B","1","positive","1","True"
"0","B_o019_r02531","B_o019_r02555","1","14","1","4","WP09C01321","3","1","4","B","4","positive","4","True"
"0","B_o019_r02635","B_o019_r02637","7","14","3","4","WP09C01323","3","1","3","B","3","positive","3","True"
"0","B_o019_r02533","B_o019_r02557","1","7","1","3","WP09C01330","3","1","1","B","1","positive","1","True"
"5","B_o019_r02551","B_o019_r02557","3","14","2","4","WP09C01330","9","7","3","B","3","positive","3","True"
"0","B_o019_r02534","B_o019_r02558","1","7","1","3","WP09C01331","3","1","1","B","1","positive","1","True"
"1","B_o019_r02523","B_o019_r02529","3","14","2","4","WP09C01332","7","3","1","B","1","positive","1","True"
"0","B_o019_r02529","B_o019_r02553","1","14","1","4","WP09C01332","3","1","4","B","4","positive","4","True"
"0","B_o019_r02581","B_o019_r02583","7","14","3","4","WP09C01335","3","1","3","B","3","positive","3","True"
"2","B_o019_r02547","B_o019_r02571","1","14","1","4","WP09C01336","7","3","2","B","2","positive","2","True"
"0","B_o019_r02611","B_o019_r02613","7","14","3","4","WP09C01340","3","1","3","B","3","positive","3","True"
"0","B_o019_r02543","B_o019_r02567","1","14","1","4","WP09C01343","3","1","4","B","4","positive","4","True"
"0","B_o019_r02540","B_o019_r02564","1","7","1","3","WP09C01344","3","1","1","B","1","positive","1","True"
"0","B_o019_r02570","B_o019_r02576","3","7","2","3","WP09C01345","3","1","2","B","2","positive","2","True"
"0","B_o019_r02537","B_o019_r02561","1","14","1","4","WP09C01351","3","1","4","B","4","positive","4","True"
"1","B_o019_r02539","B_o019_r02541","7","14","3","4","WP09C01355","7","3","3","B","3","positive","3","True"
"0","B_o019_r02539","B_o019_r02563","1","7","1","3","WP09C01355","3","1","1","B","1","positive","1","True"
"0","B_o019_r02541","B_o019_r02565","1","14","1","4","WP09C01355","3","1","4","B","4","positive","4","True"
"6","B_o019_r02575","B_o019_r02599","1","14","1","4","WP09C01357","9","7","4","B","4","positive","4","True"
"0","B_o019_r02593","B_o019_r02599","3","7","2","3","WP09C01357","3","1","2","B","2","positive","2","True"
"2","B_o019_r02549","B_o019_r02573","1","14","1","4","WP09C01365","7","3","2","B","2","positive","2","True"
"2","B_o019_r02617","B_o019_r02619","7","14","3","4","WP09C01366","7","3","3","B","3","positive","3","True"
"0","B_o019_r02617","B_o019_r02623","3","7","2","3","WP09C01366","3","1","2","B","2","positive","2","True"
"0","B_o019_r02619","B_o019_r02625","3","14","2","4","WP09C01366","3","1","5","B","5","positive","5","True"
"0","B_o019_r02618","B_o019_r02624","3","7","2","3","WP09C01369","3","1","2","B","2","positive","2","True"
"0","B_o020_r02707","B_o020_r02709","7","14","3","4","WP09C01373","3","1","3","B","3","positive","3","True"
"0","B_o020_r02714","B_o020_r02720","3","7","2","3","WP09C01374","3","1","2","B","2","positive","2","True"
"0","B_o020_r02648","B_o020_r02672","1","7","1","3","WP09C01377","3","1","1","B","1","positive","1","True"
"1","B_o020_r02645","B_o020_r02651","3","14","2","4","WP09C01378","7","3","1","B","1","positive","1","True"
"0","B_o020_r02651","B_o020_r02675","1","14","1","4","WP09C01378","3","1","4","B","4","positive","4","True"
"1","B_o020_r02643","B_o020_r02649","3","14","2","4","WP09C01383","7","3","1","B","1","positive","1","True"
"0","B_o020_r02649","B_o020_r02673","1","14","1","4","WP09C01383","3","1","4","B","4","positive","4","True"
"5","B_o020_r02647","B_o020_r02653","3","14","2","4","WP09C01384","11","7","1","B","1","positive","1","True"
"0","B_o020_r02647","B_o020_r02671","1","7","1","3","WP09C01384","3","1","1","B","1","positive","1","True"
"0","B_o020_r02653","B_o020_r02677","1","7","1","3","WP09C01384","3","1","1","B","1","positive","1","True"
"5","B_o020_r02671","B_o020_r02677","3","14","2","4","WP09C01384","11","7","1","B","1","positive","1","True"
"0","B_o020_r02654","B_o020_r02678","1","7","1","3","WP09C01385","3","1","1","B","1","positive","1","True"
"0","B_o020_r02701","B_o020_r02703","7","14","3","4","WP09C01388","3","1","3","B","3","positive","3","True"
"2","B_o020_r02667","B_o020_r02691","1","14","1","4","WP09C01394","7","3","2","B","2","positive","2","True"
"0","B_o020_r02660","B_o020_r02684","1","7","1","3","WP09C01396","3","1","1","B","1","positive","1","True"
"0","B_o020_r02717","B_o020_r02723","3","14","2","4","WP09C01397","3","1","5","B","5","positive","5","True"
"0","B_o020_r02690","B_o020_r02696","3","7","2","3","WP09C01399","3","1","2","B","2","positive","2","True"
"0","B_o020_r02657","B_o020_r02681","1","14","1","4","WP09C01404","3","1","4","B","4","positive","4","True"
"1","B_o020_r02659","B_o020_r02661","7","14","3","4","WP09C01407","7","3","3","B","3","positive","3","True"
"0","B_o020_r02659","B_o020_r02683","1","7","1","3","WP09C01407","3","1","1","B","1","positive","1","True"
"0","B_o020_r02661","B_o020_r02685","1","14","1","4","WP09C01407","3","1","4","B","4","positive","4","True"
"0","B_o020_r02689","B_o020_r02695","3","7","2","3","WP09C01409","3","1","2","B","2","positive","2","True"
"6","B_o020_r02689","B_o020_r02713","1","14","1","4","WP09C01409","11","7","2","B","2","positive","2","True"
"6","B_o020_r02695","B_o020_r02719","1","14","1","4","WP09C01409","11","7","2","B","2","positive","2","True"
"0","B_o020_r02713","B_o020_r02719","3","7","2","3","WP09C01409","3","1","2","B","2","positive","2","True"
"0","B_o020_r02663","B_o020_r02687","1","14","1","4","WP09C01415","3","1","4","B","4","positive","4","True"
"2","B_o020_r02669","B_o020_r02693","1","14","1","4","WP09C01416","7","3","2","B","2","positive","2","True"
"0","B_o021_r02827","B_o021_r02829","7","14","3","4","WP09C01423","3","1","3","B","3","positive","3","True"
"0","B_o021_r02869","B_o021_r02871","7","14","3","4","WP09C01424","3","1","3","B","3","positive","3","True"
"0","B_o021_r02834","B_o021_r02840","3","7","2","3","WP09C01425","3","1","2","B","2","positive","2","True"
"0","B_o021_r02768","B_o021_r02792","1","7","1","3","WP09C01430","3","1","1","B","1","positive","1","True"
"1","B_o021_r02765","B_o021_r02771","3","14","2","4","WP09C01431","7","3","1","B","1","positive","1","True"
"0","B_o021_r02771","B_o021_r02795","1","14","1","4","WP09C01431","3","1","4","B","4","positive","4","True"
"0","B_o021_r02769","B_o021_r02793","1","14","1","4","WP09C01436","3","1","4","B","4","positive","4","True"
"0","B_o021_r02773","B_o021_r02797","1","7","1","3","WP09C01439","3","1","1","B","1","positive","1","True"
"5","B_o021_r02791","B_o021_r02797","3","14","2","4","WP09C01439","11","7","1","B","1","positive","1","True"
"0","B_o021_r02774","B_o021_r02798","1","7","1","3","WP09C01440","3","1","1","B","1","positive","1","True"
"0","B_o021_r02821","B_o021_r02823","7","14","3","4","WP09C01443","3","1","3","B","3","positive","3","True"
"0","B_o021_r02780","B_o021_r02804","1","7","1","3","WP09C01450","3","1","1","B","1","positive","1","True"
"0","B_o021_r02837","B_o021_r02843","3","14","2","4","WP09C01451","3","1","5","B","5","positive","5","True"
"0","B_o021_r02810","B_o021_r02816","3","7","2","3","WP09C01453","3","1","2","B","2","positive","2","True"
"0","B_o021_r02777","B_o021_r02801","1","14","1","4","WP09C01458","3","1","4","B","4","positive","4","True"
"1","B_o021_r02779","B_o021_r02781","7","14","3","4","WP09C01462","7","3","3","B","3","positive","3","True"
"0","B_o021_r02779","B_o021_r02803","1","7","1","3","WP09C01462","3","1","1","B","1","positive","1","True"
"0","B_o021_r02781","B_o021_r02805","1","14","1","4","WP09C01462","3","1","4","B","4","positive","4","True"
"0","B_o021_r02861","B_o021_r02867","3","14","2","4","WP09C01464","3","1","5","B","5","positive","5","True"
"6","B_o021_r02815","B_o021_r02839","1","14","1","4","WP09C01465","11","7","2","B","2","positive","2","True"
"0","B_o021_r02833","B_o021_r02839","3","7","2","3","WP09C01465","3","1","2","B","2","positive","2","True"
"0","B_o021_r02783","B_o021_r02807","1","14","1","4","WP09C01474","3","1","4","B","4","positive","4","True"
"2","B_o021_r02789","B_o021_r02813","1","14","1","4","WP09C01476","7","3","2","B","2","positive","2","True"
"2","B_o021_r02857","B_o021_r02859","7","14","3","4","WP09C01477","7","3","3","B","3","positive","3","True"
"0","B_o021_r02857","B_o021_r02863","3","7","2","3","WP09C01477","3","1","2","B","2","positive","2","True"
"0","B_o021_r02859","B_o021_r02865","3","14","2","4","WP09C01477","3","1","5","B","5","positive","5","True"
"0","B_o021_r02858","B_o021_r02864","3","7","2","3","WP09C01482","3","1","2","B","2","positive","2","True"
"0","B_o022_r02947","B_o022_r02949","7","14","3","4","WP09C01488","3","1","3","B","3","positive","3","True"
"0","B_o022_r02989","B_o022_r02991","7","14","3","4","WP09C01489","3","1","3","B","3","positive","3","True"
"0","B_o022_r02954","B_o022_r02960","3","7","2","3","WP09C01490","3","1","2","B","2","positive","2","True"
"0","B_o022_r02888","B_o022_r02912","1","7","1","3","WP09C01495","3","1","1","B","1","positive","1","True"
"1","B_o022_r02885","B_o022_r02891","3","14","2","4","WP09C01496","7","3","1","B","1","positive","1","True"
"0","B_o022_r02891","B_o022_r02915","1","14","1","4","WP09C01496","3","1","4","B","4","positive","4","True"
"0","B_o022_r02889","B_o022_r02913","1","14","1","4","WP09C01501","3","1","4","B","4","positive","4","True"
"0","B_o022_r02893","B_o022_r02917","1","7","1","3","WP09C01504","3","1","1","B","1","positive","1","True"
"5","B_o022_r02911","B_o022_r02917","3","14","2","4","WP09C01504","11","7","1","B","1","positive","1","True"
"0","B_o022_r02894","B_o022_r02918","1","7","1","3","WP09C01505","3","1","1","B","1","positive","1","True"
"0","B_o022_r02941","B_o022_r02943","7","14","3","4","WP09C01508","3","1","3","B","3","positive","3","True"
"0","B_o022_r02900","B_o022_r02924","1","7","1","3","WP09C01515","3","1","1","B","1","positive","1","True"
"0","B_o022_r02957","B_o022_r02963","3","14","2","4","WP09C01516","3","1","5","B","5","positive","5","True"
"0","B_o022_r02930","B_o022_r02936","3","7","2","3","WP09C01518","3","1","2","B","2","positive","2","True"
"0","B_o022_r02897","B_o022_r02921","1","14","1","4","WP09C01523","3","1","4","B","4","positive","4","True"
"1","B_o022_r02899","B_o022_r02901","7","14","3","4","WP09C01527","7","3","3","B","3","positive","3","True"
"0","B_o022_r02899","B_o022_r02923","1","7","1","3","WP09C01527","3","1","1","B","1","positive","1","True"
"0","B_o022_r02901","B_o022_r02925","1","14","1","4","WP09C01527","3","1","4","B","4","positive","4","True"
"0","B_o022_r02981","B_o022_r02987","3","14","2","4","WP09C01529","3","1","5","B","5","positive","5","True"
"6","B_o022_r02935","B_o022_r02959","1","14","1","4","WP09C01530","11","7","2","B","2","positive","2","True"
"0","B_o022_r02953","B_o022_r02959","3","7","2","3","WP09C01530","3","1","2","B","2","positive","2","True"
"0","B_o022_r02903","B_o022_r02927","1","14","1","4","WP09C01539","3","1","4","B","4","positive","4","True"
"2","B_o022_r02909","B_o022_r02933","1","14","1","4","WP09C01541","7","3","2","B","2","positive","2","True"
"2","B_o022_r02977","B_o022_r02979","7","14","3","4","WP09C01542","7","3","3","B","3","positive","3","True"
"0","B_o022_r02977","B_o022_r02983","3","7","2","3","WP09C01542","3","1","2","B","2","positive","2","True"
"0","B_o022_r02979","B_o022_r02985","3","14","2","4","WP09C01542","3","1","5","B","5","positive","5","True"
"0","B_o022_r02978","B_o022_r02984","3","7","2","3","WP09C01547","3","1","2","B","2","positive","2","True"
"0","B_o023_r03067","B_o023_r03069","7","14","3","4","WP09C01553","3","1","3","B","3","positive","3","True"
"0","B_o023_r03109","B_o023_r03111","7","14","3","4","WP09C01554","3","1","3","B","3","positive","3","True"
"0","B_o023_r03074","B_o023_r03080","3","7","2","3","WP09C01555","3","1","2","B","2","positive","2","True"
"0","B_o023_r03008","B_o023_r03032","1","7","1","3","WP09C01561","3","1","1","B","1","positive","1","True"
"1","B_o023_r03005","B_o023_r03011","3","14","2","4","WP09C01563","7","3","1","B","1","positive","1","True"
"0","B_o023_r03011","B_o023_r03035","1","14","1","4","WP09C01563","3","1","4","B","4","positive","4","True"
"0","B_o023_r03009","B_o023_r03033","1","14","1","4","WP09C01571","3","1","4","B","4","positive","4","True"
"0","B_o023_r03014","B_o023_r03038","1","7","1","3","WP09C01576","3","1","1","B","1","positive","1","True"
"0","B_o023_r03091","B_o023_r03093","7","14","3","4","WP09C01585","3","1","3","B","3","positive","3","True"
"0","B_o023_r03020","B_o023_r03044","1","7","1","3","WP09C01586","3","1","1","B","1","positive","1","True"
"0","B_o023_r03077","B_o023_r03083","3","14","2","4","WP09C01587","3","1","5","B","5","positive","5","True"
"0","B_o023_r03050","B_o023_r03056","3","7","2","3","WP09C01589","3","1","2","B","2","positive","2","True"
"0","B_o023_r03017","B_o023_r03041","1","14","1","4","WP09C01595","3","1","4","B","4","positive","4","True"
"1","B_o023_r03019","B_o023_r03021","7","14","3","4","WP09C01599","7","3","3","B","3","positive","3","True"
"0","B_o023_r03019","B_o023_r03043","1","7","1","3","WP09C01599","3","1","1","B","1","positive","1","True"
"0","B_o023_r03021","B_o023_r03045","1","14","1","4","WP09C01599","3","1","4","B","4","positive","4","True"
"0","B_o023_r03101","B_o023_r03107","3","14","2","4","WP09C01601","3","1","5","B","5","positive","5","True"
"0","B_o023_r03115","B_o023_r03117","7","14","3","4","WP09C01603","3","1","3","B","3","positive","3","True"
"0","B_o023_r03061","B_o023_r03063","7","14","3","4","WP09C01612","3","1","3","B","3","positive","3","True"
"0","B_o023_r03023","B_o023_r03047","1","14","1","4","WP09C01615","3","1","4","B","4","positive","4","True"
"2","B_o023_r03029","B_o023_r03053","1","14","1","4","WP09C01617","7","3","2","B","2","positive","2","True"
"2","B_o023_r03097","B_o023_r03099","7","14","3","4","WP09C01618","7","3","3","B","3","positive","3","True"
"0","B_o023_r03097","B_o023_r03103","3","7","2","3","WP09C01618","3","1","2","B","2","positive","2","True"
"0","B_o023_r03099","B_o023_r03105","3","14","2","4","WP09C01618","3","1","5","B","5","positive","5","True"
"0","B_o023_r03098","B_o023_r03104","3","7","2","3","WP09C01623","3","1","2","B","2","positive","2","True"
"0","B_o023_r03015","B_o023_r03039","1","14","1","4","WP09C01626","3","1","4","B","4","positive","4","True"
"0","B_o024_r03187","B_o024_r03189","7","14","3","4","WP09C01630","3","1","3","B","3","positive","3","True"
"0","B_o024_r03229","B_o024_r03231","7","14","3","4","WP09C01631","3","1","3","B","3","positive","3","True"
"0","B_o024_r03194","B_o024_r03200","3","7","2","3","WP09C01632","3","1","2","B","2","positive","2","True"
"0","B_o024_r03128","B_o024_r03152","1","7","1","3","WP09C01638","3","1","1","B","1","positive","1","True"
"1","B_o024_r03125","B_o024_r03131","3","14","2","4","WP09C01640","7","3","1","B","1","positive","1","True"
"0","B_o024_r03131","B_o024_r03155","1","14","1","4","WP09C01640","3","1","4","B","4","positive","4","True"
"0","B_o024_r03129","B_o024_r03153","1","14","1","4","WP09C01648","3","1","4","B","4","positive","4","True"
"0","B_o024_r03134","B_o024_r03158","1","7","1","3","WP09C01653","3","1","1","B","1","positive","1","True"
"0","B_o024_r03211","B_o024_r03213","7","14","3","4","WP09C01662","3","1","3","B","3","positive","3","True"
"0","B_o024_r03140","B_o024_r03164","1","7","1","3","WP09C01663","3","1","1","B","1","positive","1","True"
"0","B_o024_r03197","B_o024_r03203","3","14","2","4","WP09C01664","3","1","5","B","5","positive","5","True"
"0","B_o024_r03170","B_o024_r03176","3","7","2","3","WP09C01666","3","1","2","B","2","positive","2","True"
"0","B_o024_r03137","B_o024_r03161","1","14","1","4","WP09C01672","3","1","4","B","4","positive","4","True"
"1","B_o024_r03139","B_o024_r03141","7","14","3","4","WP09C01676","7","3","3","B","3","positive","3","True"
"0","B_o024_r03139","B_o024_r03163","1","7","1","3","WP09C01676","3","1","1","B","1","positive","1","True"
"0","B_o024_r03141","B_o024_r03165","1","14","1","4","WP09C01676","3","1","4","B","4","positive","4","True"
"0","B_o024_r03221","B_o024_r03227","3","14","2","4","WP09C01678","3","1","5","B","5","positive","5","True"
"0","B_o024_r03235","B_o024_r03237","7","14","3","4","WP09C01680","3","1","3","B","3","positive","3","True"
"0","B_o024_r03181","B_o024_r03183","7","14","3","4","WP09C01689","3","1","3","B","3","positive","3","True"
"0","B_o024_r03143","B_o024_r03167","1","14","1","4","WP09C01692","3","1","4","B","4","positive","4","True"
"2","B_o024_r03149","B_o024_r03173","1","14","1","4","WP09C01694","7","3","2","B","2","positive","2","True"
"2","B_o024_r03217","B_o024_r03219","7","14","3","4","WP09C01695","7","3","3","B","3","positive","3","True"
"0","B_o024_r03217","B_o024_r03223","3","7","2","3","WP09C01695","3","1","2","B","2","positive","2","True"
"0","B_o024_r03219","B_o024_r03225","3","14","2","4","WP09C01695","3","1","5","B","5","positive","5","True"
"0","B_o024_r03218","B_o024_r03224","3","7","2","3","WP09C01700","3","1","2","B","2","positive","2","True"
"0","B_o024_r03135","B_o024_r03159","1","14","1","4","WP09C01703","3","1","4","B","4","positive","4","True"
"0","B_o025_r03307","B_o025_r03309","7","14","3","4","WP09C01706","3","1","3","B","3","positive","3","True"
"0","B_o025_r03349","B_o025_r03351","7","14","3","4","WP09C01708","3","1","3","B","3","positive","3","True"
"0","B_o025_r03314","B_o025_r03320","3","7","2","3","WP09C01709","3","1","2","B","2","positive","2","True"
"0","B_o025_r03315","B_o025_r03321","3","14","2","4","WP09C01713","3","1","5","B","5","positive","5","True"
"0","B_o025_r03248","B_o025_r03272","1","7","1","3","WP09C01714","3","1","1","B","1","positive","1","True"
"1","B_o025_r03245","B_o025_r03251","3","14","2","4","WP09C01716","7","3","1","B","1","positive","1","True"
"0","B_o025_r03251","B_o025_r03275","1","14","1","4","WP09C01716","3","1","4","B","4","positive","4","True"
"0","B_o025_r03249","B_o025_r03273","1","14","1","4","WP09C01721","3","1","4","B","4","positive","4","True"
"0","B_o025_r03254","B_o025_r03278","1","7","1","3","WP09C01724","3","1","1","B","1","positive","1","True"
"0","B_o025_r03331","B_o025_r03333","7","14","3","4","WP09C01729","3","1","3","B","3","positive","3","True"
"0","B_o025_r03317","B_o025_r03323","3","14","2","4","WP09C01730","3","1","5","B","5","positive","5","True"
"0","B_o025_r03290","B_o025_r03296","3","7","2","3","WP09C01731","3","1","2","B","2","positive","2","True"
"0","B_o025_r03257","B_o025_r03281","1","14","1","4","WP09C01735","3","1","4","B","4","positive","4","True"
"1","B_o025_r03259","B_o025_r03261","7","14","3","4","WP09C01737","7","3","3","B","3","positive","3","True"
"0","B_o025_r03259","B_o025_r03283","1","7","1","3","WP09C01737","3","1","1","B","1","positive","1","True"
"0","B_o025_r03261","B_o025_r03285","1","14","1","4","WP09C01737","3","1","4","B","4","positive","4","True"
"0","B_o025_r03325","B_o025_r03327","7","14","3","4","WP09C01739","3","1","3","B","3","positive","3","True"
"0","B_o025_r03301","B_o025_r03303","7","14","3","4","WP09C01751","3","1","3","B","3","positive","3","True"
"2","B_o025_r03269","B_o025_r03293","1","14","1","4","WP09C01754","7","3","2","B","2","positive","2","True"
"2","B_o025_r03337","B_o025_r03339","7","14","3","4","WP09C01756","7","3","3","B","3","positive","3","True"
"0","B_o025_r03337","B_o025_r03343","3","7","2","3","WP09C01756","3","1","2","B","2","positive","2","True"
"0","B_o025_r03339","B_o025_r03345","3","14","2","4","WP09C01756","3","1","5","B","5","positive","5","True"
"0","B_o025_r03255","B_o025_r03279","1","14","1","4","WP09C01757","3","1","4","B","4","positive","4","True"
"0","B_o026_r03375","B_o026_r03399","1","14","1","4","WP09C01760","3","1","4","B","4","positive","4","True"
"0","B_o026_r03427","B_o026_r03429","7","14","3","4","WP09C01761","3","1","3","B","3","positive","3","True"
"0","B_o026_r03434","B_o026_r03440","3","7","2","3","WP09C01762","3","1","2","B","2","positive","2","True"
"0","B_o026_r03368","B_o026_r03392","1","7","1","3","WP09C01765","3","1","1","B","1","positive","1","True"
"0","B_o026_r03369","B_o026_r03393","1","14","1","4","WP09C01767","3","1","4","B","4","positive","4","True"
"5","B_o026_r03367","B_o026_r03373","3","14","2","4","WP09C01773","11","9","1","B","1","positive","1","True"
"0","B_o026_r03367","B_o026_r03391","1","7","1","3","WP09C01773","3","1","1","B","1","positive","1","True"
"0","B_o026_r03373","B_o026_r03397","1","7","1","3","WP09C01773","3","1","1","B","1","positive","1","True"
"5","B_o026_r03391","B_o026_r03397","3","14","2","4","WP09C01773","11","9","1","B","1","positive","1","True"
"0","B_o026_r03374","B_o026_r03398","1","7","1","3","WP09C01774","3","1","1","B","1","positive","1","True"
"0","B_o026_r03421","B_o026_r03423","7","14","3","4","WP09C01778","3","1","3","B","3","positive","3","True"
"0","B_o026_r03380","B_o026_r03404","1","7","1","3","WP09C01786","3","1","1","B","1","positive","1","True"
"0","B_o026_r03437","B_o026_r03443","3","14","2","4","WP09C01787","3","1","5","B","5","positive","5","True"
"0","B_o026_r03410","B_o026_r03416","3","7","2","3","WP09C01788","3","1","2","B","2","positive","2","True"
"0","B_o026_r03377","B_o026_r03401","1","14","1","4","WP09C01792","3","1","4","B","4","positive","4","True"
"0","B_o026_r03381","B_o026_r03405","1","14","1","4","WP09C01793","3","1","4","B","4","positive","4","True"
"0","B_o026_r03379","B_o026_r03403","1","7","1","3","WP09C01796","3","1","1","B","1","positive","1","True"
"0","B_o026_r03371","B_o026_r03395","1","14","1","4","WP09C01797","3","1","4","B","4","positive","4","True"
"0","B_o026_r03409","B_o026_r03415","3","7","2","3","WP09C01798","3","1","2","B","2","positive","2","True"
"6","B_o026_r03409","B_o026_r03433","1","14","1","4","WP09C01798","11","9","2","B","2","positive","2","True"
"6","B_o026_r03415","B_o026_r03439","1","14","1","4","WP09C01798","11","9","2","B","2","positive","2","True"
"0","B_o026_r03433","B_o026_r03439","3","7","2","3","WP09C01798","3","1","2","B","2","positive","2","True"
"0","B_o026_r03383","B_o026_r03407","1","14","1","4","WP09C01804","3","1","4","B","4","positive","4","True"
"0","B_o027_r03495","B_o027_r03519","1","14","1","4","WP09C01814","3","1","4","B","4","positive","4","True"
"0","B_o027_r03547","B_o027_r03549","7","14","3","4","WP09C01815","3","1","3","B","3","positive","3","True"
"0","B_o027_r03589","B_o027_r03591","7","14","3","4","WP09C01816","3","1","3","B","3","positive","3","True"
"0","B_o027_r03554","B_o027_r03560","3","7","2","3","WP09C01817","3","1","2","B","2","positive","2","True"
"0","B_o027_r03488","B_o027_r03512","1","7","1","3","WP09C01823","3","1","1","B","1","positive","1","True"
"0","B_o027_r03493","B_o027_r03517","1","7","1","3","WP09C01832","3","1","1","B","1","positive","1","True"
"5","B_o027_r03511","B_o027_r03517","3","14","2","4","WP09C01832","11","9","1","B","1","positive","1","True"
"0","B_o027_r03494","B_o027_r03518","1","7","1","3","WP09C01833","3","1","1","B","1","positive","1","True"
"0","B_o027_r03541","B_o027_r03543","7","14","3","4","WP09C01837","3","1","3","B","3","positive","3","True"
"0","B_o027_r03500","B_o027_r03524","1","7","1","3","WP09C01844","3","1","1","B","1","positive","1","True"
"0","B_o027_r03557","B_o027_r03563","3","14","2","4","WP09C01845","3","1","5","B","5","positive","5","True"
"0","B_o027_r03530","B_o027_r03536","3","7","2","3","WP09C01846","3","1","2","B","2","positive","2","True"
"0","B_o027_r03497","B_o027_r03521","1","14","1","4","WP09C01850","3","1","4","B","4","positive","4","True"
"0","B_o027_r03501","B_o027_r03525","1","14","1","4","WP09C01852","3","1","4","B","4","positive","4","True"
"0","B_o027_r03499","B_o027_r03523","1","7","1","3","WP09C01855","3","1","1","B","1","positive","1","True"
"0","B_o027_r03581","B_o027_r03587","3","14","2","4","WP09C01856","3","1","5","B","5","positive","5","True"
"0","B_o027_r03491","B_o027_r03515","1","14","1","4","WP09C01857","3","1","4","B","4","positive","4","True"
"6","B_o027_r03535","B_o027_r03559","1","14","1","4","WP09C01858","11","9","2","B","2","positive","2","True"
"0","B_o027_r03553","B_o027_r03559","3","7","2","3","WP09C01858","3","1","2","B","2","positive","2","True"
"0","B_o027_r03503","B_o027_r03527","1","14","1","4","WP09C01867","3","1","4","B","4","positive","4","True"
"0","B_o027_r03577","B_o027_r03583","3","7","2","3","WP09C01871","3","1","2","B","2","positive","2","True"
"0","B_o027_r03578","B_o027_r03584","3","7","2","3","WP09C01876","3","1","2","B","2","positive","2","True"
"0","B_o028_r03615","B_o028_r03639","1","14","1","4","WP09C01882","3","1","4","B","4","positive","4","True"
"0","B_o028_r03667","B_o028_r03669","7","14","3","4","WP09C01883","3","1","3","B","3","positive","3","True"
"0","B_o028_r03709","B_o028_r03711","7","14","3","4","WP09C01884","3","1","3","B","3","positive","3","True"
"0","B_o028_r03674","B_o028_r03680","3","7","2","3","WP09C01885","3","1","2","B","2","positive","2","True"
"0","B_o028_r03608","B_o028_r03632","1","7","1","3","WP09C01891","3","1","1","B","1","positive","1","True"
"0","B_o028_r03613","B_o028_r03637","1","7","1","3","WP09C01900","3","1","1","B","1","positive","1","True"
"5","B_o028_r03631","B_o028_r03637","3","14","2","4","WP09C01900","11","9","1","B","1","positive","1","True"
"0","B_o028_r03614","B_o028_r03638","1","7","1","3","WP09C01901","3","1","1","B","1","positive","1","True"
"0","B_o028_r03661","B_o028_r03663","7","14","3","4","WP09C01905","3","1","3","B","3","positive","3","True"
"0","B_o028_r03620","B_o028_r03644","1","7","1","3","WP09C01912","3","1","1","B","1","positive","1","True"
"0","B_o028_r03677","B_o028_r03683","3","14","2","4","WP09C01913","3","1","5","B","5","positive","5","True"
"0","B_o028_r03650","B_o028_r03656","3","7","2","3","WP09C01914","3","1","2","B","2","positive","2","True"
"0","B_o028_r03617","B_o028_r03641","1","14","1","4","WP09C01918","3","1","4","B","4","positive","4","True"
"0","B_o028_r03621","B_o028_r03645","1","14","1","4","WP09C01920","3","1","4","B","4","positive","4","True"
"0","B_o028_r03619","B_o028_r03643","1","7","1","3","WP09C01923","3","1","1","B","1","positive","1","True"
"0","B_o028_r03701","B_o028_r03707","3","14","2","4","WP09C01924","3","1","5","B","5","positive","5","True"
"0","B_o028_r03611","B_o028_r03635","1","14","1","4","WP09C01925","3","1","4","B","4","positive","4","True"
"6","B_o028_r03655","B_o028_r03679","1","14","1","4","WP09C01926","11","9","2","B","2","positive","2","True"
"0","B_o028_r03673","B_o028_r03679","3","7","2","3","WP09C01926","3","1","2","B","2","positive","2","True"
"0","B_o028_r03623","B_o028_r03647","1","14","1","4","WP09C01935","3","1","4","B","4","positive","4","True"
"0","B_o028_r03697","B_o028_r03703","3","7","2","3","WP09C01939","3","1","2","B","2","positive","2","True"
"0","B_o028_r03698","B_o028_r03704","3","7","2","3","WP09C01944","3","1","2","B","2","positive","2","True"
"0","B_o029_r03787","B_o029_r03789","7","14","3","4","WP09C01950","3","1","3","B","3","positive","3","True"
"0","B_o029_r03829","B_o029_r03831","7","14","3","4","WP09C01951","3","1","3","B","3","positive","3","True"
"0","B_o029_r03794","B_o029_r03800","3","7","2","3","WP09C01952","3","1","2","B","2","positive","2","True"
"0","B_o029_r03728","B_o029_r03752","1","7","1","3","WP09C01959","3","1","1","B","1","positive","1","True"
"0","B_o029_r03734","B_o029_r03758","1","7","1","3","WP09C01972","3","1","1","B","1","positive","1","True"
"0","B_o029_r03811","B_o029_r03813","7","14","3","4","WP09C01983","3","1","3","B","3","positive","3","True"
"0","B_o029_r03740","B_o029_r03764","1","7","1","3","WP09C01984","3","1","1","B","1","positive","1","True"
"0","B_o029_r03797","B_o029_r03803","3","14","2","4","WP09C01985","3","1","5","B","5","positive","5","True"
"0","B_o029_r03770","B_o029_r03776","3","7","2","3","WP09C01986","3","1","2","B","2","positive","2","True"
"0","B_o029_r03737","B_o029_r03761","1","14","1","4","WP09C01991","3","1","4","B","4","positive","4","True"
"0","B_o029_r03741","B_o029_r03765","1","14","1","4","WP09C01993","3","1","4","B","4","positive","4","True"
"0","B_o029_r03739","B_o029_r03763","1","7","1","3","WP09C01996","3","1","1","B","1","positive","1","True"
"0","B_o029_r03821","B_o029_r03827","3","14","2","4","WP09C01997","3","1","5","B","5","positive","5","True"
"0","B_o029_r03731","B_o029_r03755","1","14","1","4","WP09C01998","3","1","4","B","4","positive","4","True"
"0","B_o029_r03835","B_o029_r03837","7","14","3","4","WP09C02000","3","1","3","B","3","positive","3","True"
"0","B_o029_r03781","B_o029_r03783","7","14","3","4","WP09C02011","3","1","3","B","3","positive","3","True"
"0","B_o029_r03743","B_o029_r03767","1","14","1","4","WP09C02015","3","1","4","B","4","positive","4","True"
"0","B_o029_r03817","B_o029_r03823","3","7","2","3","WP09C02019","3","1","2","B","2","positive","2","True"
"0","B_o029_r03818","B_o029_r03824","3","7","2","3","WP09C02024","3","1","2","B","2","positive","2","True"
"0","B_o030_r03907","B_o030_r03909","7","14","3","4","WP09C02031","3","1","3","B","3","positive","3","True"
"0","B_o030_r03949","B_o030_r03951","7","14","3","4","WP09C02032","3","1","3","B","3","positive","3","True"
"0","B_o030_r03914","B_o030_r03920","3","7","2","3","WP09C02033","3","1","2","B","2","positive","2","True"
"0","B_o030_r03848","B_o030_r03872","1","7","1","3","WP09C02040","3","1","1","B","1","positive","1","True"
"0","B_o030_r03854","B_o030_r03878","1","7","1","3","WP09C02053","3","1","1","B","1","positive","1","True"
"0","B_o030_r03931","B_o030_r03933","7","14","3","4","WP09C02064","3","1","3","B","3","positive","3","True"
"0","B_o030_r03860","B_o030_r03884","1","7","1","3","WP09C02065","3","1","1","B","1","positive","1","True"
"0","B_o030_r03917","B_o030_r03923","3","14","2","4","WP09C02066","3","1","5","B","5","positive","5","True"
"0","B_o030_r03890","B_o030_r03896","3","7","2","3","WP09C02067","3","1","2","B","2","positive","2","True"
"0","B_o030_r03857","B_o030_r03881","1","14","1","4","WP09C02072","3","1","4","B","4","positive","4","True"
"0","B_o030_r03861","B_o030_r03885","1","14","1","4","WP09C02074","3","1","4","B","4","positive","4","True"
"0","B_o030_r03859","B_o030_r03883","1","7","1","3","WP09C02077","3","1","1","B","1","positive","1","True"
"0","B_o030_r03941","B_o030_r03947","3","14","2","4","WP09C02078","3","1","5","B","5","positive","5","True"
"0","B_o030_r03851","B_o030_r03875","1","14","1","4","WP09C02079","3","1","4","B","4","positive","4","True"
"0","B_o030_r03955","B_o030_r03957","7","14","3","4","WP09C02081","3","1","3","B","3","positive","3","True"
"0","B_o030_r03901","B_o030_r03903","7","14","3","4","WP09C02092","3","1","3","B","3","positive","3","True"
"0","B_o030_r03863","B_o030_r03887","1","14","1","4","WP09C02096","3","1","4","B","4","positive","4","True"
"0","B_o030_r03937","B_o030_r03943","3","7","2","3","WP09C02100","3","1","2","B","2","positive","2","True"
"0","B_o030_r03938","B_o030_r03944","3","7","2","3","WP09C02105","3","1","2","B","2","positive","2","True"
"0","B_o031_r04027","B_o031_r04029","7","14","3","4","WP09C02111","3","1","3","B","3","positive","3","True"
"0","B_o031_r04069","B_o031_r04071","7","14","3","4","WP09C02113","3","1","3","B","3","positive","3","True"
"0","B_o031_r04034","B_o031_r04040","3","7","2","3","WP09C02114","3","1","2","B","2","positive","2","True"
"0","B_o031_r03968","B_o031_r03992","1","7","1","3","WP09C02119","3","1","1","B","1","positive","1","True"
"0","B_o031_r03974","B_o031_r03998","1","7","1","3","WP09C02129","3","1","1","B","1","positive","1","True"
"0","B_o031_r04051","B_o031_r04053","7","14","3","4","WP09C02134","3","1","3","B","3","positive","3","True"
"0","B_o031_r04037","B_o031_r04043","3","14","2","4","WP09C02135","3","1","5","B","5","positive","5","True"
"0","B_o031_r04010","B_o031_r04016","3","7","2","3","WP09C02136","3","1","2","B","2","positive","2","True"
"0","B_o031_r03977","B_o031_r04001","1","14","1","4","WP09C02139","3","1","4","B","4","positive","4","True"
"0","B_o031_r03981","B_o031_r04005","1","14","1","4","WP09C02141","3","1","4","B","4","positive","4","True"
"0","B_o031_r03979","B_o031_r04003","1","7","1","3","WP09C02142","3","1","1","B","1","positive","1","True"
"0","B_o031_r04045","B_o031_r04047","7","14","3","4","WP09C02143","3","1","3","B","3","positive","3","True"
"0","B_o031_r03971","B_o031_r03995","1","14","1","4","WP09C02145","3","1","4","B","4","positive","4","True"
"0","B_o031_r04021","B_o031_r04023","7","14","3","4","WP09C02159","3","1","3","B","3","positive","3","True"
"0","B_o031_r04057","B_o031_r04063","3","7","2","3","WP09C02164","3","1","2","B","2","positive","2","True"
"0","B_o032_r04154","B_o032_r04160","3","7","2","3","WP09C02171","3","1","2","B","2","positive","2","True"
"0","B_o032_r04088","B_o032_r04112","1","7","1","3","WP09C02177","3","1","1","B","1","positive","1","True"
"0","B_o032_r04133","B_o032_r04139","3","14","2","4","WP09C02185","3","1","5","B","5","positive","5","True"
"0","B_o032_r04094","B_o032_r04118","1","7","1","3","WP09C02190","3","1","1","B","1","positive","1","True"
"0","B_o032_r04171","B_o032_r04173","7","14","3","4","WP09C02199","3","1","3","B","3","positive","3","True"
"0","B_o032_r04100","B_o032_r04124","1","7","1","3","WP09C02200","3","1","1","B","1","positive","1","True"
"0","B_o032_r04157","B_o032_r04163","3","14","2","4","WP09C02201","3","1","5","B","5","positive","5","True"
"0","B_o032_r04130","B_o032_r04136","3","7","2","3","WP09C02202","3","1","2","B","2","positive","2","True"
"0","B_o032_r04097","B_o032_r04121","1","14","1","4","WP09C02206","3","1","4","B","4","positive","4","True"
"0","B_o032_r04179","B_o032_r04185","3","14","2","4","WP09C02208","3","1","5","B","5","positive","5","True"
"0","B_o032_r04099","B_o032_r04123","1","7","1","3","WP09C02211","3","1","1","B","1","positive","1","True"
"0","B_o032_r04101","B_o032_r04125","1","14","1","4","WP09C02212","3","1","4","B","4","positive","4","True"
"0","B_o032_r04181","B_o032_r04187","3","14","2","4","WP09C02213","3","1","5","B","5","positive","5","True"
"0","B_o032_r04091","B_o032_r04115","1","14","1","4","WP09C02214","3","1","4","B","4","positive","4","True"
"0","B_o032_r04195","B_o032_r04197","7","14","3","4","WP09C02216","3","1","3","B","3","positive","3","True"
"0","B_o032_r04103","B_o032_r04127","1","14","1","4","WP09C02227","3","1","4","B","4","positive","4","True"
"0","B_o032_r04177","B_o032_r04183","3","7","2","3","WP09C02233","3","1","2","B","2","positive","2","True"
"0","B_o032_r04178","B_o032_r04184","3","7","2","3","WP09C02238","3","1","2","B","2","positive","2","True"
"0","B_o033_r04274","B_o033_r04280","3","7","2","3","WP09C02247","3","1","2","B","2","positive","2","True"
"0","B_o033_r04208","B_o033_r04232","1","7","1","3","WP09C02253","3","1","1","B","1","positive","1","True"
"0","B_o033_r04253","B_o033_r04259","3","14","2","4","WP09C02261","3","1","5","B","5","positive","5","True"
"0","B_o033_r04214","B_o033_r04238","1","7","1","3","WP09C02266","3","1","1","B","1","positive","1","True"
"0","B_o033_r04291","B_o033_r04293","7","14","3","4","WP09C02275","3","1","3","B","3","positive","3","True"
"0","B_o033_r04220","B_o033_r04244","1","7","1","3","WP09C02276","3","1","1","B","1","positive","1","True"
"0","B_o033_r04277","B_o033_r04283","3","14","2","4","WP09C02277","3","1","5","B","5","positive","5","True"
"0","B_o033_r04250","B_o033_r04256","3","7","2","3","WP09C02278","3","1","2","B","2","positive","2","True"
"0","B_o033_r04217","B_o033_r04241","1","14","1","4","WP09C02282","3","1","4","B","4","positive","4","True"
"0","B_o033_r04299","B_o033_r04305","3","14","2","4","WP09C02284","3","1","5","B","5","positive","5","True"
"0","B_o033_r04219","B_o033_r04243","1","7","1","3","WP09C02287","3","1","1","B","1","positive","1","True"
"0","B_o033_r04221","B_o033_r04245","1","14","1","4","WP09C02288","3","1","4","B","4","positive","4","True"
"0","B_o033_r04301","B_o033_r04307","3","14","2","4","WP09C02289","3","1","5","B","5","positive","5","True"
"0","B_o033_r04211","B_o033_r04235","1","14","1","4","WP09C02290","3","1","4","B","4","positive","4","True"
"0","B_o033_r04315","B_o033_r04317","7","14","3","4","WP09C02292","3","1","3","B","3","positive","3","True"
"0","B_o033_r04223","B_o033_r04247","1","14","1","4","WP09C02303","3","1","4","B","4","positive","4","True"
"0","B_o033_r04297","B_o033_r04303","3","7","2","3","WP09C02309","3","1","2","B","2","positive","2","True"
"0","B_o033_r04298","B_o033_r04304","3","7","2","3","WP09C02314","3","1","2","B","2","positive","2","True"
"0","B_o034_r04394","B_o034_r04400","3","7","2","3","WP09C02323","3","1","2","B","2","positive","2","True"
"0","B_o034_r04328","B_o034_r04352","1","7","1","3","WP09C02327","3","1","1","B","1","positive","1","True"
"0","B_o034_r04373","B_o034_r04379","3","14","2","4","WP09C02333","3","1","5","B","5","positive","5","True"
"0","B_o034_r04334","B_o034_r04358","1","7","1","3","WP09C02337","3","1","1","B","1","positive","1","True"
"0","B_o034_r04411","B_o034_r04413","7","14","3","4","WP09C02341","3","1","3","B","3","positive","3","True"
"0","B_o034_r04397","B_o034_r04403","3","14","2","4","WP09C02342","3","1","5","B","5","positive","5","True"
"0","B_o034_r04370","B_o034_r04376","3","7","2","3","WP09C02343","3","1","2","B","2","positive","2","True"
"0","B_o034_r04337","B_o034_r04361","1","14","1","4","WP09C02345","3","1","4","B","4","positive","4","True"
"0","B_o034_r04419","B_o034_r04425","3","14","2","4","WP09C02347","3","1","5","B","5","positive","5","True"
"0","B_o034_r04339","B_o034_r04363","1","7","1","3","WP09C02348","3","1","1","B","1","positive","1","True"
"0","B_o034_r04341","B_o034_r04365","1","14","1","4","WP09C02349","3","1","4","B","4","positive","4","True"
"0","B_o034_r04331","B_o034_r04355","1","14","1","4","WP09C02351","3","1","4","B","4","positive","4","True"
"0","B_o034_r04417","B_o034_r04423","3","7","2","3","WP09C02369","3","1","2","B","2","positive","2","True"
"0","B_o035_r04514","B_o035_r04520","3","7","2","3","WP09C02379","3","1","2","B","2","positive","2","True"
"0","B_o035_r04448","B_o035_r04472","1","7","1","3","WP09C02383","3","1","1","B","1","positive","1","True"
"0","B_o035_r04501","B_o035_r04503","7","14","3","4","WP09C02389","3","1","3","B","3","positive","3","True"
"0","B_o035_r04493","B_o035_r04499","3","14","2","4","WP09C02390","3","1","5","B","5","positive","5","True"
"0","B_o035_r04454","B_o035_r04478","1","7","1","3","WP09C02395","3","1","1","B","1","positive","1","True"
"0","B_o035_r04507","B_o035_r04509","7","14","3","4","WP09C02401","3","1","3","B","3","positive","3","True"
"0","B_o035_r04531","B_o035_r04533","7","14","3","4","WP09C02402","3","1","3","B","3","positive","3","True"
"0","B_o035_r04525","B_o035_r04527","7","14","3","4","WP09C02403","3","1","3","B","3","positive","3","True"
"0","B_o035_r04517","B_o035_r04523","3","14","2","4","WP09C02404","3","1","5","B","5","positive","5","True"
"0","B_o035_r04490","B_o035_r04496","3","7","2","3","WP09C02406","3","1","2","B","2","positive","2","True"
"0","B_o035_r04457","B_o035_r04481","1","14","1","4","WP09C02407","3","1","4","B","4","positive","4","True"
"0","B_o035_r04539","B_o035_r04545","3","14","2","4","WP09C02409","3","1","5","B","5","positive","5","True"
"0","B_o035_r04459","B_o035_r04483","1","7","1","3","WP09C02410","3","1","1","B","1","positive","1","True"
"0","B_o035_r04461","B_o035_r04485","1","14","1","4","WP09C02411","3","1","4","B","4","positive","4","True"
"0","B_o035_r04451","B_o035_r04475","1","14","1","4","WP09C02412","3","1","4","B","4","positive","4","True"
"0","B_o035_r04549","B_o035_r04551","7","14","3","4","WP09C02416","3","1","3","B","3","positive","3","True"
"0","B_o035_r04537","B_o035_r04543","3","7","2","3","WP09C02430","3","1","2","B","2","positive","2","True"
"1","B_o036_r04565","B_o036_r04571","3","14","2","4","WP09C02448","7","5","1","B","1","positive","1","True"
"0","B_o036_r04571","B_o036_r04595","1","14","1","4","WP09C02448","5","1","2","B","2","positive","2","True"
"5","B_o036_r04567","B_o036_r04573","3","14","2","4","WP09C02454","9","7","3","B","3","positive","3","True"
"1","B_o036_r04563","B_o036_r04569","3","14","2","4","WP09C02456","7","5","1","B","1","positive","1","True"
"0","B_o036_r04569","B_o036_r04593","1","14","1","4","WP09C02456","5","1","2","B","2","positive","2","True"
"5","B_o036_r04591","B_o036_r04597","3","14","2","4","WP09C02458","9","7","3","B","3","positive","3","True"
"4","B_o036_r04597","B_o036_r04621","1","14","1","4","WP09C02458","7","5","4","B","4","positive","4","True"
"3","B_o036_r04585","B_o036_r04587","7","14","3","4","WP09C02460","9","7","1","B","1","positive","1","True"
"2","B_o036_r04587","B_o036_r04611","1","14","1","4","WP09C02460","7","5","2","B","2","positive","2","True"
"0","B_o036_r04577","B_o036_r04601","1","14","1","4","WP09C02470","5","1","2","B","2","positive","2","True"
"6","B_o036_r04609","B_o036_r04633","1","14","1","4","WP09C02474","9","7","4","B","4","positive","4","True"
"6","B_o036_r04615","B_o036_r04639","1","14","1","4","WP09C02477","9","7","4","B","4","positive","4","True"
"0","B_o036_r04583","B_o036_r04607","1","14","1","4","WP09C02480","5","1","2","B","2","positive","2","True"
"4","B_o036_r04603","B_o036_r04627","1","14","1","4","WP09C02481","7","5","4","B","4","positive","4","True"
"2","B_o036_r04589","B_o036_r04613","1","14","1","4","WP09C02486","7","5","2","B","2","positive","2","True"
"4","B_o037_r04723","B_o037_r04747","1","14","1","4","WP09C02491","7","5","4","B","4","positive","4","True"
"1","B_o037_r04685","B_o037_r04691","3","14","2","4","WP09C02496","7","5","1","B","1","positive","1","True"
"0","B_o037_r04691","B_o037_r04715","1","14","1","4","WP09C02496","5","1","2","B","2","positive","2","True"
"5","B_o037_r04687","B_o037_r04693","3","14","2","4","WP09C02502","9","7","3","B","3","positive","3","True"
"1","B_o037_r04683","B_o037_r04689","3","14","2","4","WP09C02504","7","5","1","B","1","positive","1","True"
"0","B_o037_r04689","B_o037_r04713","1","14","1","4","WP09C02504","5","1","2","B","2","positive","2","True"
"5","B_o037_r04711","B_o037_r04717","3","14","2","4","WP09C02506","9","7","3","B","3","positive","3","True"
"4","B_o037_r04717","B_o037_r04741","1","14","1","4","WP09C02506","7","5","4","B","4","positive","4","True"
"3","B_o037_r04705","B_o037_r04707","7","14","3","4","WP09C02507","9","7","1","B","1","positive","1","True"
"2","B_o037_r04707","B_o037_r04731","1","14","1","4","WP09C02507","7","5","2","B","2","positive","2","True"
"0","B_o037_r04703","B_o037_r04727","1","14","1","4","WP09C02513","5","1","2","B","2","positive","2","True"
"0","B_o037_r04697","B_o037_r04721","1","14","1","4","WP09C02521","5","1","2","B","2","positive","2","True"
"1","B_o037_r04699","B_o037_r04701","7","14","3","4","WP09C02525","7","5","3","B","3","positive","3","True"
"0","B_o037_r04701","B_o037_r04725","1","14","1","4","WP09C02525","5","1","2","B","2","positive","2","True"
"6","B_o037_r04729","B_o037_r04753","1","14","1","4","WP09C02528","9","7","4","B","4","positive","4","True"
"6","B_o037_r04735","B_o037_r04759","1","14","1","4","WP09C02529","9","7","4","B","4","positive","4","True"
"2","B_o037_r04709","B_o037_r04733","1","14","1","4","WP09C02535","7","5","2","B","2","positive","2","True"
"4","B_o038_r04843","B_o038_r04867","1","14","1","4","WP09C02541","7","5","4","B","4","positive","4","True"
"4","B_o038_r04903","B_o038_r04909","3","14","2","4","WP09C02542","7","5","3","B","3","positive","3","True"
"0","B_o038_r04909","B_o038_r04911","7","14","3","4","WP09C02542","5","1","3","B","3","positive","3","True"
"1","B_o038_r04805","B_o038_r04811","3","14","2","4","WP09C02549","7","5","1","B","1","positive","1","True"
"0","B_o038_r04811","B_o038_r04835","1","14","1","4","WP09C02549","5","1","2","B","2","positive","2","True"
"0","B_o038_r04915","B_o038_r04917","7","14","3","4","WP09C02551","5","1","3","B","3","positive","3","True"
"1","B_o038_r04803","B_o038_r04809","3","14","2","4","WP09C02560","7","5","1","B","1","positive","1","True"
"0","B_o038_r04809","B_o038_r04833","1","14","1","4","WP09C02560","5","1","2","B","2","positive","2","True"
"4","B_o038_r04837","B_o038_r04861","1","14","1","4","WP09C02563","7","5","4","B","4","positive","4","True"
"2","B_o038_r04827","B_o038_r04851","1","14","1","4","WP09C02564","7","5","2","B","2","positive","2","True"
"0","B_o038_r04823","B_o038_r04847","1","14","1","4","WP09C02571","5","1","2","B","2","positive","2","True"
"0","B_o038_r04817","B_o038_r04841","1","14","1","4","WP09C02579","5","1","2","B","2","positive","2","True"
"1","B_o038_r04819","B_o038_r04821","7","14","3","4","WP09C02583","7","5","3","B","3","positive","3","True"
"0","B_o038_r04821","B_o038_r04845","1","14","1","4","WP09C02583","5","1","2","B","2","positive","2","True"
"2","B_o038_r04829","B_o038_r04853","1","14","1","4","WP09C02597","7","5","2","B","2","positive","2","True"
"2","B_o038_r04897","B_o038_r04899","7","14","3","4","WP09C02598","7","5","3","B","3","positive","3","True"
"0","B_o038_r04899","B_o038_r04905","3","14","2","4","WP09C02598","5","1","3","B","3","positive","3","True"
"4","B_o039_r04963","B_o039_r04987","1","14","1","4","WP09C02606","7","5","4","B","4","positive","4","True"
"4","B_o039_r05023","B_o039_r05029","3","14","2","4","WP09C02607","7","5","3","B","3","positive","3","True"
"0","B_o039_r05029","B_o039_r05031","7","14","3","4","WP09C02607","5","1","3","B","3","positive","3","True"
"1","B_o039_r04925","B_o039_r04931","3","14","2","4","WP09C02614","7","5","1","B","1","positive","1","True"
"0","B_o039_r04931","B_o039_r04955","1","14","1","4","WP09C02614","5","1","2","B","2","positive","2","True"
"0","B_o039_r05035","B_o039_r05037","7","14","3","4","WP09C02616","5","1","3","B","3","positive","3","True"
"1","B_o039_r04923","B_o039_r04929","3","14","2","4","WP09C02625","7","5","1","B","1","positive","1","True"
"0","B_o039_r04929","B_o039_r04953","1","14","1","4","WP09C02625","5","1","2","B","2","positive","2","True"
"4","B_o039_r04957","B_o039_r04981","1","14","1","4","WP09C02628","7","5","4","B","4","positive","4","True"
"2","B_o039_r04947","B_o039_r04971","1","14","1","4","WP09C02629","7","5","2","B","2","positive","2","True"
"0","B_o039_r04943","B_o039_r04967","1","14","1","4","WP09C02636","5","1","2","B","2","positive","2","True"
"0","B_o039_r04937","B_o039_r04961","1","14","1","4","WP09C02644","5","1","2","B","2","positive","2","True"
"1","B_o039_r04939","B_o039_r04941","7","14","3","4","WP09C02648","7","5","3","B","3","positive","3","True"
"0","B_o039_r04941","B_o039_r04965","1","14","1","4","WP09C02648","5","1","2","B","2","positive","2","True"
"2","B_o039_r04949","B_o039_r04973","1","14","1","4","WP09C02662","7","5","2","B","2","positive","2","True"
"2","B_o039_r05017","B_o039_r05019","7","14","3","4","WP09C02663","7","5","3","B","3","positive","3","True"
"0","B_o039_r05019","B_o039_r05025","3","14","2","4","WP09C02663","5","1","3","B","3","positive","3","True"
"4","B_o040_r05083","B_o040_r05107","1","14","1","4","WP09C02671","7","5","4","B","4","positive","4","True"
"1","B_o040_r05045","B_o040_r05051","3","14","2","4","WP09C02677","7","5","1","B","1","positive","1","True"
"0","B_o040_r05051","B_o040_r05075","1","14","1","4","WP09C02677","5","1","2","B","2","positive","2","True"
"1","B_o040_r05043","B_o040_r05049","3","14","2","4","WP09C02682","7","5","1","B","1","positive","1","True"
"0","B_o040_r05049","B_o040_r05073","1","14","1","4","WP09C02682","5","1","2","B","2","positive","2","True"
"5","B_o040_r05047","B_o040_r05053","3","14","2","4","WP09C02683","11","7","1","B","1","positive","1","True"
"5","B_o040_r05071","B_o040_r05077","3","14","2","4","WP09C02687","11","7","1","B","1","positive","1","True"
"4","B_o040_r05077","B_o040_r05101","1","14","1","4","WP09C02687","7","5","4","B","4","positive","4","True"
"2","B_o040_r05067","B_o040_r05091","1","14","1","4","WP09C02693","7","5","2","B","2","positive","2","True"
"0","B_o040_r05117","B_o040_r05123","3","14","2","4","WP09C02696","5","1","3","B","3","positive","3","True"
"0","B_o040_r05057","B_o040_r05081","1","14","1","4","WP09C02703","5","1","2","B","2","positive","2","True"
"1","B_o040_r05059","B_o040_r05061","7","14","3","4","WP09C02706","7","5","3","B","3","positive","3","True"
"0","B_o040_r05061","B_o040_r05085","1","14","1","4","WP09C02706","5","1","2","B","2","positive","2","True"
"6","B_o040_r05089","B_o040_r05113","1","14","1","4","WP09C02709","11","7","2","B","2","positive","2","True"
"6","B_o040_r05095","B_o040_r05119","1","14","1","4","WP09C02710","11","7","2","B","2","positive","2","True"
"0","B_o040_r05063","B_o040_r05087","1","14","1","4","WP09C02716","5","1","2","B","2","positive","2","True"
"2","B_o040_r05069","B_o040_r05093","1","14","1","4","WP09C02717","7","5","2","B","2","positive","2","True"
"4","B_o041_r05203","B_o041_r05227","1","14","1","4","WP09C02725","7","5","4","B","4","positive","4","True"
"4","B_o041_r05263","B_o041_r05269","3","14","2","4","WP09C02726","7","5","3","B","3","positive","3","True"
"0","B_o041_r05269","B_o041_r05271","7","14","3","4","WP09C02726","5","1","3","B","3","positive","3","True"
"1","B_o041_r05165","B_o041_r05171","3","14","2","4","WP09C02734","7","5","1","B","1","positive","1","True"
"0","B_o041_r05171","B_o041_r05195","1","14","1","4","WP09C02734","5","1","2","B","2","positive","2","True"
"0","B_o041_r05169","B_o041_r05193","1","14","1","4","WP09C02740","5","1","2","B","2","positive","2","True"
"4","B_o041_r05197","B_o041_r05221","1","14","1","4","WP09C02747","7","5","4","B","4","positive","4","True"
"0","B_o041_r05237","B_o041_r05243","3","14","2","4","WP09C02755","5","1","3","B","3","positive","3","True"
"0","B_o041_r05177","B_o041_r05201","1","14","1","4","WP09C02762","5","1","2","B","2","positive","2","True"
"1","B_o041_r05179","B_o041_r05181","7","14","3","4","WP09C02766","7","5","3","B","3","positive","3","True"
"0","B_o041_r05181","B_o041_r05205","1","14","1","4","WP09C02766","5","1","2","B","2","positive","2","True"
"0","B_o041_r05261","B_o041_r05267","3","14","2","4","WP09C02770","5","1","3","B","3","positive","3","True"
"0","B_o041_r05183","B_o041_r05207","1","14","1","4","WP09C02782","5","1","2","B","2","positive","2","True"
"2","B_o041_r05189","B_o041_r05213","1","14","1","4","WP09C02784","7","5","2","B","2","positive","2","True"
"2","B_o041_r05257","B_o041_r05259","7","14","3","4","WP09C02785","7","5","3","B","3","positive","3","True"
"0","B_o041_r05259","B_o041_r05265","3","14","2","4","WP09C02785","5","1","3","B","3","positive","3","True"
"4","B_o042_r05323","B_o042_r05347","1","14","1","4","WP09C02797","7","5","4","B","4","positive","4","True"
"4","B_o042_r05383","B_o042_r05389","3","14","2","4","WP09C02798","7","5","3","B","3","positive","3","True"
"0","B_o042_r05389","B_o042_r05391","7","14","3","4","WP09C02798","5","1","3","B","3","positive","3","True"
"1","B_o042_r05285","B_o042_r05291","3","14","2","4","WP09C02806","7","5","1","B","1","positive","1","True"
"0","B_o042_r05291","B_o042_r05315","1","14","1","4","WP09C02806","5","1","2","B","2","positive","2","True"
"0","B_o042_r05289","B_o042_r05313","1","14","1","4","WP09C02812","5","1","2","B","2","positive","2","True"
"4","B_o042_r05317","B_o042_r05341","1","14","1","4","WP09C02819","7","5","4","B","4","positive","4","True"
"0","B_o042_r05357","B_o042_r05363","3","14","2","4","WP09C02827","5","1","3","B","3","positive","3","True"
"0","B_o042_r05297","B_o042_r05321","1","14","1","4","WP09C02834","5","1","2","B","2","positive","2","True"
"1","B_o042_r05299","B_o042_r05301","7","14","3","4","WP09C02838","7","5","3","B","3","positive","3","True"
"0","B_o042_r05301","B_o042_r05325","1","14","1","4","WP09C02838","5","1","2","B","2","positive","2","True"
"0","B_o042_r05381","B_o042_r05387","3","14","2","4","WP09C02842","5","1","3","B","3","positive","3","True"
"0","B_o042_r05303","B_o042_r05327","1","14","1","4","WP09C02854","5","1","2","B","2","positive","2","True"
"2","B_o042_r05309","B_o042_r05333","1","14","1","4","WP09C02856","7","5","2","B","2","positive","2","True"
"2","B_o042_r05377","B_o042_r05379","7","14","3","4","WP09C02857","7","5","3","B","3","positive","3","True"
"0","B_o042_r05379","B_o042_r05385","3","14","2","4","WP09C02857","5","1","3","B","3","positive","3","True"
"4","B_o043_r05443","B_o043_r05467","1","14","1","4","WP09C02869","7","5","4","B","4","positive","4","True"
"4","B_o043_r05503","B_o043_r05509","3","14","2","4","WP09C02870","7","5","3","B","3","positive","3","True"
"0","B_o043_r05509","B_o043_r05511","7","14","3","4","WP09C02870","5","1","3","B","3","positive","3","True"
"1","B_o043_r05405","B_o043_r05411","3","14","2","4","WP09C02880","7","5","1","B","1","positive","1","True"
"0","B_o043_r05411","B_o043_r05435","1","14","1","4","WP09C02880","5","1","2","B","2","positive","2","True"
"0","B_o043_r05409","B_o043_r05433","1","14","1","4","WP09C02890","5","1","2","B","2","positive","2","True"
"0","B_o043_r05491","B_o043_r05493","7","14","3","4","WP09C02903","5","1","3","B","3","positive","3","True"
"0","B_o043_r05477","B_o043_r05483","3","14","2","4","WP09C02905","5","1","3","B","3","positive","3","True"
"0","B_o043_r05417","B_o043_r05441","1","14","1","4","WP09C02913","5","1","2","B","2","positive","2","True"
"1","B_o043_r05419","B_o043_r05421","7","14","3","4","WP09C02917","7","5","3","B","3","positive","3","True"
"0","B_o043_r05421","B_o043_r05445","1","14","1","4","WP09C02917","5","1","2","B","2","positive","2","True"
"0","B_o043_r05501","B_o043_r05507","3","14","2","4","WP09C02921","5","1","3","B","3","positive","3","True"
"0","B_o043_r05515","B_o043_r05517","7","14","3","4","WP09C02922","5","1","3","B","3","positive","3","True"
"0","B_o043_r05423","B_o043_r05447","1","14","1","4","WP09C02935","5","1","2","B","2","positive","2","True"
"2","B_o043_r05429","B_o043_r05453","1","14","1","4","WP09C02937","7","5","2","B","2","positive","2","True"
"2","B_o043_r05497","B_o043_r05499","7","14","3","4","WP09C02938","7","5","3","B","3","positive","3","True"
"0","B_o043_r05499","B_o043_r05505","3","14","2","4","WP09C02938","5","1","3","B","3","positive","3","True"
"0","B_o043_r05415","B_o043_r05439","1","14","1","4","WP09C02946","5","1","2","B","2","positive","2","True"
"4","B_o044_r05563","B_o044_r05587","1","14","1","4","WP09C02951","7","5","4","B","4","positive","4","True"
"4","B_o044_r05623","B_o044_r05629","3","14","2","4","WP09C02952","7","5","3","B","3","positive","3","True"
"0","B_o044_r05629","B_o044_r05631","7","14","3","4","WP09C02952","5","1","3","B","3","positive","3","True"
"1","B_o044_r05525","B_o044_r05531","3","14","2","4","WP09C02962","7","5","1","B","1","positive","1","True"
"0","B_o044_r05531","B_o044_r05555","1","14","1","4","WP09C02962","5","1","2","B","2","positive","2","True"
"0","B_o044_r05529","B_o044_r05553","1","14","1","4","WP09C02972","5","1","2","B","2","positive","2","True"
"0","B_o044_r05611","B_o044_r05613","7","14","3","4","WP09C02985","5","1","3","B","3","positive","3","True"
"0","B_o044_r05597","B_o044_r05603","3","14","2","4","WP09C02987","5","1","3","B","3","positive","3","True"
"0","B_o044_r05537","B_o044_r05561","1","14","1","4","WP09C02995","5","1","2","B","2","positive","2","True"
"1","B_o044_r05539","B_o044_r05541","7","14","3","4","WP09C02999","7","5","3","B","3","positive","3","True"
"0","B_o044_r05541","B_o044_r05565","1","14","1","4","WP09C02999","5","1","2","B","2","positive","2","True"
"0","B_o044_r05621","B_o044_r05627","3","14","2","4","WP09C03003","5","1","3","B","3","positive","3","True"
"0","B_o044_r05635","B_o044_r05637","7","14","3","4","WP09C03004","5","1","3","B","3","positive","3","True"
"0","B_o044_r05543","B_o044_r05567","1","14","1","4","WP09C03017","5","1","2","B","2","positive","2","True"
"2","B_o044_r05549","B_o044_r05573","1","14","1","4","WP09C03019","7","5","2","B","2","positive","2","True"
"2","B_o044_r05617","B_o044_r05619","7","14","3","4","WP09C03020","7","5","3","B","3","positive","3","True"
"0","B_o044_r05619","B_o044_r05625","3","14","2","4","WP09C03020","5","1","3","B","3","positive","3","True"
"0","B_o044_r05535","B_o044_r05559","1","14","1","4","WP09C03028","5","1","2","B","2","positive","2","True"
"4","B_o045_r05683","B_o045_r05707","1","14","1","4","WP09C03033","7","5","4","B","4","positive","4","True"
"4","B_o045_r05743","B_o045_r05749","3","14","2","4","WP09C03035","7","5","3","B","3","positive","3","True"
"0","B_o045_r05749","B_o045_r05751","7","14","3","4","WP09C03035","5","1","3","B","3","positive","3","True"
"0","B_o045_r05715","B_o045_r05721","3","14","2","4","WP09C03041","5","1","3","B","3","positive","3","True"
"1","B_o045_r05645","B_o045_r05651","3","14","2","4","WP09C03044","7","5","1","B","1","positive","1","True"
"0","B_o045_r05651","B_o045_r05675","1","14","1","4","WP09C03044","5","1","2","B","2","positive","2","True"
"0","B_o045_r05649","B_o045_r05673","1","14","1","4","WP09C03051","5","1","2","B","2","positive","2","True"
"0","B_o045_r05731","B_o045_r05733","7","14","3","4","WP09C03058","5","1","3","B","3","positive","3","True"
"0","B_o045_r05717","B_o045_r05723","3","14","2","4","WP09C03059","5","1","3","B","3","positive","3","True"
"0","B_o045_r05657","B_o045_r05681","1","14","1","4","WP09C03064","5","1","2","B","2","positive","2","True"
"1","B_o045_r05659","B_o045_r05661","7","14","3","4","WP09C03066","7","5","3","B","3","positive","3","True"
"0","B_o045_r05661","B_o045_r05685","1","14","1","4","WP09C03066","5","1","2","B","2","positive","2","True"
"0","B_o045_r05725","B_o045_r05727","7","14","3","4","WP09C03069","5","1","3","B","3","positive","3","True"
"2","B_o045_r05669","B_o045_r05693","1","14","1","4","WP09C03084","7","5","2","B","2","positive","2","True"
"2","B_o045_r05737","B_o045_r05739","7","14","3","4","WP09C03086","7","5","3","B","3","positive","3","True"
"0","B_o045_r05739","B_o045_r05745","3","14","2","4","WP09C03086","5","1","3","B","3","positive","3","True"
"0","B_o045_r05655","B_o045_r05679","1","14","1","4","WP09C03087","5","1","2","B","2","positive","2","True"
"0","B_o046_r05775","B_o046_r05799","1","14","1","4","WP09C03091","5","1","2","B","2","positive","2","True"
"4","B_o046_r05803","B_o046_r05827","1","14","1","4","WP09C03092","9","5","2","B","2","positive","2","True"
"0","B_o046_r05769","B_o046_r05793","1","14","1","4","WP09C03099","5","1","2","B","2","positive","2","True"
"5","B_o046_r05767","B_o046_r05773","3","14","2","4","WP09C03105","11","9","1","B","1","positive","1","True"
"5","B_o046_r05791","B_o046_r05797","3","14","2","4","WP09C03110","11","9","1","B","1","positive","1","True"
"4","B_o046_r05797","B_o046_r05821","1","14","1","4","WP09C03110","9","5","2","B","2","positive","2","True"
"0","B_o046_r05837","B_o046_r05843","3","14","2","4","WP09C03119","5","1","3","B","3","positive","3","True"
"0","B_o046_r05777","B_o046_r05801","1","14","1","4","WP09C03124","5","1","2","B","2","positive","2","True"
"0","B_o046_r05781","B_o046_r05805","1","14","1","4","WP09C03125","5","1","2","B","2","positive","2","True"
"0","B_o046_r05771","B_o046_r05795","1","14","1","4","WP09C03130","5","1","2","B","2","positive","2","True"
"6","B_o046_r05809","B_o046_r05833","1","14","1","4","WP09C03131","11","9","2","B","2","positive","2","True"
"6","B_o046_r05815","B_o046_r05839","1","14","1","4","WP09C03132","11","9","2","B","2","positive","2","True"
"0","B_o046_r05783","B_o046_r05807","1","14","1","4","WP09C03138","5","1","2","B","2","positive","2","True"
"0","B_o047_r05895","B_o047_r05919","1","14","1","4","WP09C03149","5","1","2","B","2","positive","2","True"
"4","B_o047_r05923","B_o047_r05947","1","14","1","4","WP09C03150","9","5","2","B","2","positive","2","True"
"4","B_o047_r05983","B_o047_r05989","3","14","2","4","WP09C03151","9","5","1","B","1","positive","1","True"
"0","B_o047_r05989","B_o047_r05991","7","14","3","4","WP09C03151","5","1","3","B","3","positive","3","True"
"4","B_o047_r05917","B_o047_r05941","1","14","1","4","WP09C03174","9","5","2","B","2","positive","2","True"
"0","B_o047_r05957","B_o047_r05963","3","14","2","4","WP09C03182","5","1","3","B","3","positive","3","True"
"0","B_o047_r05897","B_o047_r05921","1","14","1","4","WP09C03187","5","1","2","B","2","positive","2","True"
"0","B_o047_r05901","B_o047_r05925","1","14","1","4","WP09C03189","5","1","2","B","2","positive","2","True"
"0","B_o047_r05981","B_o047_r05987","3","14","2","4","WP09C03195","5","1","3","B","3","positive","3","True"
"0","B_o047_r05891","B_o047_r05915","1","14","1","4","WP09C03196","5","1","2","B","2","positive","2","True"
"0","B_o047_r05903","B_o047_r05927","1","14","1","4","WP09C03208","5","1","2","B","2","positive","2","True"
"0","B_o048_r06015","B_o048_r06039","1","14","1","4","WP09C03224","5","1","2","B","2","positive","2","True"
"4","B_o048_r06043","B_o048_r06067","1","14","1","4","WP09C03225","9","5","2","B","2","positive","2","True"
"4","B_o048_r06103","B_o048_r06109","3","14","2","4","WP09C03226","9","5","1","B","1","positive","1","True"
"0","B_o048_r06109","B_o048_r06111","7","14","3","4","WP09C03226","5","1","3","B","3","positive","3","True"
"4","B_o048_r06037","B_o048_r06061","1","14","1","4","WP09C03249","9","5","2","B","2","positive","2","True"
"0","B_o048_r06077","B_o048_r06083","3","14","2","4","WP09C03257","5","1","3","B","3","positive","3","True"
"0","B_o048_r06017","B_o048_r06041","1","14","1","4","WP09C03262","5","1","2","B","2","positive","2","True"
"0","B_o048_r06021","B_o048_r06045","1","14","1","4","WP09C03264","5","1","2","B","2","positive","2","True"
"0","B_o048_r06101","B_o048_r06107","3","14","2","4","WP09C03270","5","1","3","B","3","positive","3","True"
"0","B_o048_r06011","B_o048_r06035","1","14","1","4","WP09C03271","5","1","2","B","2","positive","2","True"
"0","B_o048_r06023","B_o048_r06047","1","14","1","4","WP09C03283","5","1","2","B","2","positive","2","True"
"4","B_o049_r06163","B_o049_r06187","1","14","1","4","WP09C03299","9","5","2","B","2","positive","2","True"
"4","B_o049_r06223","B_o049_r06229","3","14","2","4","WP09C03300","9","5","1","B","1","positive","1","True"
"0","B_o049_r06229","B_o049_r06231","7","14","3","4","WP09C03300","5","1","3","B","3","positive","3","True"
"0","B_o049_r06211","B_o049_r06213","7","14","3","4","WP09C03334","5","1","3","B","3","positive","3","True"
"0","B_o049_r06197","B_o049_r06203","3","14","2","4","WP09C03336","5","1","3","B","3","positive","3","True"
"0","B_o049_r06137","B_o049_r06161","1","14","1","4","WP09C03342","5","1","2","B","2","positive","2","True"
"0","B_o049_r06141","B_o049_r06165","1","14","1","4","WP09C03344","5","1","2","B","2","positive","2","True"
"0","B_o049_r06221","B_o049_r06227","3","14","2","4","WP09C03350","5","1","3","B","3","positive","3","True"
"0","B_o049_r06131","B_o049_r06155","1","14","1","4","WP09C03351","5","1","2","B","2","positive","2","True"
"0","B_o049_r06235","B_o049_r06237","7","14","3","4","WP09C03352","5","1","3","B","3","positive","3","True"
"0","B_o049_r06143","B_o049_r06167","1","14","1","4","WP09C03368","5","1","2","B","2","positive","2","True"
"4","B_o050_r06283","B_o050_r06307","1","14","1","4","WP09C03384","9","5","2","B","2","positive","2","True"
"4","B_o050_r06343","B_o050_r06349","3","14","2","4","WP09C03385","9","5","1","B","1","positive","1","True"
"0","B_o050_r06349","B_o050_r06351","7","14","3","4","WP09C03385","5","1","3","B","3","positive","3","True"
"0","B_o050_r06331","B_o050_r06333","7","14","3","4","WP09C03419","5","1","3","B","3","positive","3","True"
"0","B_o050_r06317","B_o050_r06323","3","14","2","4","WP09C03421","5","1","3","B","3","positive","3","True"
"0","B_o050_r06257","B_o050_r06281","1","14","1","4","WP09C03427","5","1","2","B","2","positive","2","True"
"0","B_o050_r06261","B_o050_r06285","1","14","1","4","WP09C03429","5","1","2","B","2","positive","2","True"
"0","B_o050_r06341","B_o050_r06347","3","14","2","4","WP09C03435","5","1","3","B","3","positive","3","True"
"0","B_o050_r06251","B_o050_r06275","1","14","1","4","WP09C03436","5","1","2","B","2","positive","2","True"
"0","B_o050_r06355","B_o050_r06357","7","14","3","4","WP09C03437","5","1","3","B","3","positive","3","True"
"0","B_o050_r06263","B_o050_r06287","1","14","1","4","WP09C03453","5","1","2","B","2","positive","2","True"
"4","B_o051_r06403","B_o051_r06427","1","14","1","4","WP09C03469","9","5","2","B","2","positive","2","True"
"4","B_o051_r06463","B_o051_r06469","3","14","2","4","WP09C03471","9","5","1","B","1","positive","1","True"
"0","B_o051_r06469","B_o051_r06471","7","14","3","4","WP09C03471","5","1","3","B","3","positive","3","True"
"0","B_o051_r06451","B_o051_r06453","7","14","3","4","WP09C03493","5","1","3","B","3","positive","3","True"
"0","B_o051_r06437","B_o051_r06443","3","14","2","4","WP09C03494","5","1","3","B","3","positive","3","True"
"0","B_o051_r06377","B_o051_r06401","1","14","1","4","WP09C03498","5","1","2","B","2","positive","2","True"
"0","B_o051_r06381","B_o051_r06405","1","14","1","4","WP09C03500","5","1","2","B","2","positive","2","True"
"0","B_o051_r06445","B_o051_r06447","7","14","3","4","WP09C03503","5","1","3","B","3","positive","3","True"
"0","B_o051_r06371","B_o051_r06395","1","14","1","4","WP09C03505","5","1","2","B","2","positive","2","True"
"0","B_o052_r06533","B_o052_r06539","3","14","2","4","WP09C03550","5","1","3","B","3","positive","3","True"
"0","B_o052_r06571","B_o052_r06573","7","14","3","4","WP09C03563","5","1","3","B","3","positive","3","True"
"0","B_o052_r06557","B_o052_r06563","3","14","2","4","WP09C03565","5","1","3","B","3","positive","3","True"
"0","B_o052_r06497","B_o052_r06521","1","14","1","4","WP09C03570","5","1","2","B","2","positive","2","True"
"0","B_o052_r06579","B_o052_r06585","3","14","2","4","WP09C03572","5","1","3","B","3","positive","3","True"
"0","B_o052_r06501","B_o052_r06525","1","14","1","4","WP09C03577","5","1","2","B","2","positive","2","True"
"0","B_o052_r06581","B_o052_r06587","3","14","2","4","WP09C03579","5","1","3","B","3","positive","3","True"
"0","B_o052_r06491","B_o052_r06515","1","14","1","4","WP09C03580","5","1","2","B","2","positive","2","True"
"0","B_o052_r06595","B_o052_r06597","7","14","3","4","WP09C03581","5","1","3","B","3","positive","3","True"
"0","B_o052_r06503","B_o052_r06527","1","14","1","4","WP09C03593","5","1","2","B","2","positive","2","True"
"0","B_o053_r06653","B_o053_r06659","3","14","2","4","WP09C03632","5","1","3","B","3","positive","3","True"
"0","B_o053_r06691","B_o053_r06693","7","14","3","4","WP09C03645","5","1","3","B","3","positive","3","True"
"0","B_o053_r06677","B_o053_r06683","3","14","2","4","WP09C03647","5","1","3","B","3","positive","3","True"
"0","B_o053_r06617","B_o053_r06641","1","14","1","4","WP09C03652","5","1","2","B","2","positive","2","True"
"0","B_o053_r06699","B_o053_r06705","3","14","2","4","WP09C03654","5","1","3","B","3","positive","3","True"
"0","B_o053_r06621","B_o053_r06645","1","14","1","4","WP09C03659","5","1","2","B","2","positive","2","True"
"0","B_o053_r06701","B_o053_r06707","3","14","2","4","WP09C03661","5","1","3","B","3","positive","3","True"
"0","B_o053_r06611","B_o053_r06635","1","14","1","4","WP09C03662","5","1","2","B","2","positive","2","True"
"0","B_o053_r06715","B_o053_r06717","7","14","3","4","WP09C03663","5","1","3","B","3","positive","3","True"
"0","B_o053_r06623","B_o053_r06647","1","14","1","4","WP09C03675","5","1","2","B","2","positive","2","True"
"0","B_o054_r06773","B_o054_r06779","3","14","2","4","WP09C03710","5","1","3","B","3","positive","3","True"
"0","B_o054_r06811","B_o054_r06813","7","14","3","4","WP09C03717","5","1","3","B","3","positive","3","True"
"0","B_o054_r06797","B_o054_r06803","3","14","2","4","WP09C03718","5","1","3","B","3","positive","3","True"
"0","B_o054_r06737","B_o054_r06761","1","14","1","4","WP09C03721","5","1","2","B","2","positive","2","True"
"0","B_o054_r06819","B_o054_r06825","3","14","2","4","WP09C03723","5","1","3","B","3","positive","3","True"
"0","B_o054_r06741","B_o054_r06765","1","14","1","4","WP09C03726","5","1","2","B","2","positive","2","True"
"0","B_o054_r06731","B_o054_r06755","1","14","1","4","WP09C03728","5","1","2","B","2","positive","2","True"
"0","B_o055_r06893","B_o055_r06899","3","14","2","4","WP09C03773","5","1","3","B","3","positive","3","True"
"0","B_o055_r06907","B_o055_r06909","7","14","3","4","WP09C03783","5","1","3","B","3","positive","3","True"
"0","B_o055_r06931","B_o055_r06933","7","14","3","4","WP09C03784","5","1","3","B","3","positive","3","True"
"0","B_o055_r06917","B_o055_r06923","3","14","2","4","WP09C03786","5","1","3","B","3","positive","3","True"
"0","B_o055_r06857","B_o055_r06881","1","14","1","4","WP09C03790","5","1","2","B","2","positive","2","True"
"0","B_o055_r06939","B_o055_r06945","3","14","2","4","WP09C03792","5","1","3","B","3","positive","3","True"
"0","B_o055_r06861","B_o055_r06885","1","14","1","4","WP09C03795","5","1","2","B","2","positive","2","True"
"0","B_o055_r06851","B_o055_r06875","1","14","1","4","WP09C03796","5","1","2","B","2","positive","2","True"
"0","B_o055_r06949","B_o055_r06951","7","14","3","4","WP09C03799","5","1","3","B","3","positive","3","True"
"4","B_o056_r07003","B_o056_r07027","1","14","1","4","WP09C03825","9","7","2","B","2","positive","2","True"
"5","B_o056_r06991","B_o056_r06997","3","14","2","4","WP09C03840","11","9","1","B","1","positive","1","True"
"4","B_o056_r06997","B_o056_r07021","1","14","1","4","WP09C03840","9","7","2","B","2","positive","2","True"
"4","B_o057_r07123","B_o057_r07147","1","14","1","4","WP09C03881","9","7","2","B","2","positive","2","True"
"4","B_o057_r07183","B_o057_r07189","3","14","2","4","WP09C03882","9","7","2","B","2","positive","2","True"
"4","B_o057_r07117","B_o057_r07141","1","14","1","4","WP09C03898","9","7","2","B","2","positive","2","True"
"4","B_o058_r07243","B_o058_r07267","1","14","1","4","WP09C03950","9","7","2","B","2","positive","2","True"
"4","B_o058_r07303","B_o058_r07309","3","14","2","4","WP09C03951","9","7","2","B","2","positive","2","True"
"4","B_o058_r07237","B_o058_r07261","1","14","1","4","WP09C03967","9","7","2","B","2","positive","2","True"
"4","B_o059_r07363","B_o059_r07387","1","14","1","4","WP09C04018","9","7","2","B","2","positive","2","True"
"4","B_o059_r07423","B_o059_r07429","3","14","2","4","WP09C04019","9","7","2","B","2","positive","2","True"
"4","B_o060_r07483","B_o060_r07507","1","14","1","4","WP09C04101","9","7","2","B","2","positive","2","True"
"4","B_o060_r07543","B_o060_r07549","3","14","2","4","WP09C04102","9","7","2","B","2","positive","2","True"
"4","B_o061_r07603","B_o061_r07627","1","14","1","4","WP09C04184","9","7","2","B","2","positive","2","True"
"4","B_o061_r07663","B_o061_r07669","3","14","2","4","WP09C04186","9","7","2","B","2","positive","2","True"
"1","B_o071_r08765","B_o071_r08771","3","14","2","4","WP09C04884","7","5","1","B","1","positive","1","True"
"0","B_o071_r08771","B_o071_r08795","1","14","1","4","WP09C04884","5","3","2","B","2","positive","2","True"
"5","B_o071_r08767","B_o071_r08773","3","14","2","4","WP09C04890","9","7","3","B","3","positive","3","True"
"1","B_o071_r08763","B_o071_r08769","3","14","2","4","WP09C04892","7","5","1","B","1","positive","1","True"
"0","B_o071_r08769","B_o071_r08793","1","14","1","4","WP09C04892","5","3","2","B","2","positive","2","True"
"5","B_o071_r08791","B_o071_r08797","3","14","2","4","WP09C04894","9","7","3","B","3","positive","3","True"
"4","B_o071_r08797","B_o071_r08821","1","14","1","4","WP09C04894","7","5","4","B","4","positive","4","True"
"0","B_o071_r08777","B_o071_r08801","1","14","1","4","WP09C04904","5","3","2","B","2","positive","2","True"
"6","B_o071_r08809","B_o071_r08833","1","14","1","4","WP09C04907","9","7","4","B","4","positive","4","True"
"6","B_o071_r08815","B_o071_r08839","1","14","1","4","WP09C04910","9","7","4","B","4","positive","4","True"
"0","B_o071_r08783","B_o071_r08807","1","14","1","4","WP09C04912","5","3","2","B","2","positive","2","True"
"4","B_o071_r08803","B_o071_r08827","1","14","1","4","WP09C04913","7","5","4","B","4","positive","4","True"
"4","B_o072_r08923","B_o072_r08947","1","14","1","4","WP09C04921","7","5","4","B","4","positive","4","True"
"1","B_o072_r08885","B_o072_r08891","3","14","2","4","WP09C04925","7","5","1","B","1","positive","1","True"
"0","B_o072_r08891","B_o072_r08915","1","14","1","4","WP09C04925","5","3","2","B","2","positive","2","True"
"5","B_o072_r08887","B_o072_r08893","3","14","2","4","WP09C04931","9","7","3","B","3","positive","3","True"
"1","B_o072_r08883","B_o072_r08889","3","14","2","4","WP09C04933","7","5","1","B","1","positive","1","True"
"0","B_o072_r08889","B_o072_r08913","1","14","1","4","WP09C04933","5","3","2","B","2","positive","2","True"
"5","B_o072_r08911","B_o072_r08917","3","14","2","4","WP09C04935","9","7","3","B","3","positive","3","True"
"4","B_o072_r08917","B_o072_r08941","1","14","1","4","WP09C04935","7","5","4","B","4","positive","4","True"
"0","B_o072_r08903","B_o072_r08927","1","14","1","4","WP09C04941","5","3","2","B","2","positive","2","True"
"0","B_o072_r08897","B_o072_r08921","1","14","1","4","WP09C04948","5","3","2","B","2","positive","2","True"
"1","B_o072_r08899","B_o072_r08901","7","14","3","4","WP09C04951","7","5","3","B","3","positive","3","True"
"0","B_o072_r08901","B_o072_r08925","1","14","1","4","WP09C04951","5","3","2","B","2","positive","2","True"
"6","B_o072_r08929","B_o072_r08953","1","14","1","4","WP09C04954","9","7","4","B","4","positive","4","True"
"6","B_o072_r08935","B_o072_r08959","1","14","1","4","WP09C04955","9","7","4","B","4","positive","4","True"
"4","B_o073_r09043","B_o073_r09067","1","14","1","4","WP09C04964","7","5","4","B","4","positive","4","True"
"4","B_o073_r09103","B_o073_r09109","3","14","2","4","WP09C04965","7","5","3","B","3","positive","3","True"
"0","B_o073_r09109","B_o073_r09111","7","14","3","4","WP09C04965","5","3","3","B","3","positive","3","True"
"1","B_o073_r09005","B_o073_r09011","3","14","2","4","WP09C04971","7","5","1","B","1","positive","1","True"
"0","B_o073_r09011","B_o073_r09035","1","14","1","4","WP09C04971","5","3","2","B","2","positive","2","True"
"0","B_o073_r09115","B_o073_r09117","7","14","3","4","WP09C04973","5","3","3","B","3","positive","3","True"
"1","B_o073_r09003","B_o073_r09009","3","14","2","4","WP09C04982","7","5","1","B","1","positive","1","True"
"0","B_o073_r09009","B_o073_r09033","1","14","1","4","WP09C04982","5","3","2","B","2","positive","2","True"
"4","B_o073_r09037","B_o073_r09061","1","14","1","4","WP09C04985","7","5","4","B","4","positive","4","True"
"0","B_o073_r09023","B_o073_r09047","1","14","1","4","WP09C04992","5","3","2","B","2","positive","2","True"
"0","B_o073_r09017","B_o073_r09041","1","14","1","4","WP09C04999","5","3","2","B","2","positive","2","True"
"1","B_o073_r09019","B_o073_r09021","7","14","3","4","WP09C05002","7","5","3","B","3","positive","3","True"
"0","B_o073_r09021","B_o073_r09045","1","14","1","4","WP09C05002","5","3","2","B","2","positive","2","True"
"2","B_o073_r09097","B_o073_r09099","7","14","3","4","WP09C05014","7","5","3","B","3","positive","3","True"
"0","B_o073_r09099","B_o073_r09105","3","14","2","4","WP09C05014","5","3","2","B","2","positive","2","True"
"4","B_o074_r09163","B_o074_r09187","1","14","1","4","WP09C05021","7","5","4","B","4","positive","4","True"
"4","B_o074_r09223","B_o074_r09229","3","14","2","4","WP09C05022","7","5","3","B","3","positive","3","True"
"0","B_o074_r09229","B_o074_r09231","7","14","3","4","WP09C05022","5","3","3","B","3","positive","3","True"
"1","B_o074_r09125","B_o074_r09131","3","14","2","4","WP09C05028","7","5","1","B","1","positive","1","True"
"0","B_o074_r09131","B_o074_r09155","1","14","1","4","WP09C05028","5","3","2","B","2","positive","2","True"
"0","B_o074_r09235","B_o074_r09237","7","14","3","4","WP09C05030","5","3","3","B","3","positive","3","True"
"1","B_o074_r09123","B_o074_r09129","3","14","2","4","WP09C05039","7","5","1","B","1","positive","1","True"
"0","B_o074_r09129","B_o074_r09153","1","14","1","4","WP09C05039","5","3","2","B","2","positive","2","True"
"4","B_o074_r09157","B_o074_r09181","1","14","1","4","WP09C05042","7","5","4","B","4","positive","4","True"
"0","B_o074_r09143","B_o074_r09167","1","14","1","4","WP09C05049","5","3","2","B","2","positive","2","True"
"0","B_o074_r09137","B_o074_r09161","1","14","1","4","WP09C05056","5","3","2","B","2","positive","2","True"
"1","B_o074_r09139","B_o074_r09141","7","14","3","4","WP09C05059","7","5","3","B","3","positive","3","True"
"0","B_o074_r09141","B_o074_r09165","1","14","1","4","WP09C05059","5","3","2","B","2","positive","2","True"
"2","B_o074_r09217","B_o074_r09219","7","14","3","4","WP09C05071","7","5","3","B","3","positive","3","True"
"0","B_o074_r09219","B_o074_r09225","3","14","2","4","WP09C05071","5","3","2","B","2","positive","2","True"
"4","B_o075_r09283","B_o075_r09307","1","14","1","4","WP09C05078","7","5","4","B","4","positive","4","True"
"1","B_o075_r09245","B_o075_r09251","3","14","2","4","WP09C05083","7","5","1","B","1","positive","1","True"
"0","B_o075_r09251","B_o075_r09275","1","14","1","4","WP09C05083","5","3","2","B","2","positive","2","True"
"1","B_o075_r09243","B_o075_r09249","3","14","2","4","WP09C05088","7","5","1","B","1","positive","1","True"
"0","B_o075_r09249","B_o075_r09273","1","14","1","4","WP09C05088","5","3","2","B","2","positive","2","True"
"5","B_o075_r09247","B_o075_r09253","3","14","2","4","WP09C05089","11","7","1","B","1","positive","1","True"
"5","B_o075_r09271","B_o075_r09277","3","14","2","4","WP09C05093","11","7","1","B","1","positive","1","True"
"4","B_o075_r09277","B_o075_r09301","1","14","1","4","WP09C05093","7","5","4","B","4","positive","4","True"
"0","B_o075_r09317","B_o075_r09323","3","14","2","4","WP09C05100","5","3","2","B","2","positive","2","True"
"0","B_o075_r09257","B_o075_r09281","1","14","1","4","WP09C05106","5","3","2","B","2","positive","2","True"
"1","B_o075_r09259","B_o075_r09261","7","14","3","4","WP09C05108","7","5","3","B","3","positive","3","True"
"0","B_o075_r09261","B_o075_r09285","1","14","1","4","WP09C05108","5","3","2","B","2","positive","2","True"
"6","B_o075_r09289","B_o075_r09313","1","14","1","4","WP09C05111","11","7","2","B","2","positive","2","True"
"6","B_o075_r09295","B_o075_r09319","1","14","1","4","WP09C05112","11","7","2","B","2","positive","2","True"
"0","B_o075_r09263","B_o075_r09287","1","14","1","4","WP09C05117","5","3","2","B","2","positive","2","True"
"4","B_o076_r09403","B_o076_r09427","1","14","1","4","WP09C05124","7","5","4","B","4","positive","4","True"
"4","B_o076_r09463","B_o076_r09469","3","14","2","4","WP09C05125","7","5","3","B","3","positive","3","True"
"0","B_o076_r09469","B_o076_r09471","7","14","3","4","WP09C05125","5","3","3","B","3","positive","3","True"
"1","B_o076_r09365","B_o076_r09371","3","14","2","4","WP09C05132","7","5","1","B","1","positive","1","True"
"0","B_o076_r09371","B_o076_r09395","1","14","1","4","WP09C05132","5","3","2","B","2","positive","2","True"
"0","B_o076_r09369","B_o076_r09393","1","14","1","4","WP09C05138","5","3","2","B","2","positive","2","True"
"4","B_o076_r09397","B_o076_r09421","1","14","1","4","WP09C05145","7","5","4","B","4","positive","4","True"
"0","B_o076_r09437","B_o076_r09443","3","14","2","4","WP09C05152","5","3","2","B","2","positive","2","True"
"0","B_o076_r09377","B_o076_r09401","1","14","1","4","WP09C05158","5","3","2","B","2","positive","2","True"
"1","B_o076_r09379","B_o076_r09381","7","14","3","4","WP09C05161","7","5","3","B","3","positive","3","True"
"0","B_o076_r09381","B_o076_r09405","1","14","1","4","WP09C05161","5","3","2","B","2","positive","2","True"
"0","B_o076_r09461","B_o076_r09467","3","14","2","4","WP09C05165","5","3","2","B","2","positive","2","True"
"0","B_o076_r09383","B_o076_r09407","1","14","1","4","WP09C05175","5","3","2","B","2","positive","2","True"
"2","B_o076_r09457","B_o076_r09459","7","14","3","4","WP09C05177","7","5","3","B","3","positive","3","True"
"0","B_o076_r09459","B_o076_r09465","3","14","2","4","WP09C05177","5","3","2","B","2","positive","2","True"
"4","B_o077_r09523","B_o077_r09547","1","14","1","4","WP09C05187","7","5","4","B","4","positive","4","True"
"4","B_o077_r09583","B_o077_r09589","3","14","2","4","WP09C05188","7","5","3","B","3","positive","3","True"
"0","B_o077_r09589","B_o077_r09591","7","14","3","4","WP09C05188","5","3","3","B","3","positive","3","True"
"1","B_o077_r09485","B_o077_r09491","3","14","2","4","WP09C05195","7","5","1","B","1","positive","1","True"
"0","B_o077_r09491","B_o077_r09515","1","14","1","4","WP09C05195","5","3","2","B","2","positive","2","True"
"0","B_o077_r09489","B_o077_r09513","1","14","1","4","WP09C05201","5","3","2","B","2","positive","2","True"
"4","B_o077_r09517","B_o077_r09541","1","14","1","4","WP09C05208","7","5","4","B","4","positive","4","True"
"0","B_o077_r09557","B_o077_r09563","3","14","2","4","WP09C05215","5","3","2","B","2","positive","2","True"
"0","B_o077_r09497","B_o077_r09521","1","14","1","4","WP09C05221","5","3","2","B","2","positive","2","True"
"1","B_o077_r09499","B_o077_r09501","7","14","3","4","WP09C05224","7","5","3","B","3","positive","3","True"
"0","B_o077_r09501","B_o077_r09525","1","14","1","4","WP09C05224","5","3","2","B","2","positive","2","True"
"0","B_o077_r09581","B_o077_r09587","3","14","2","4","WP09C05228","5","3","2","B","2","positive","2","True"
"0","B_o077_r09503","B_o077_r09527","1","14","1","4","WP09C05238","5","3","2","B","2","positive","2","True"
"2","B_o077_r09577","B_o077_r09579","7","14","3","4","WP09C05240","7","5","3","B","3","positive","3","True"
"0","B_o077_r09579","B_o077_r09585","3","14","2","4","WP09C05240","5","3","2","B","2","positive","2","True"
"4","B_o078_r09643","B_o078_r09667","1","14","1","4","WP09C05250","7","5","4","B","4","positive","4","True"
"4","B_o078_r09703","B_o078_r09709","3","14","2","4","WP09C05251","7","5","3","B","3","positive","3","True"
"0","B_o078_r09709","B_o078_r09711","7","14","3","4","WP09C05251","5","3","3","B","3","positive","3","True"
"1","B_o078_r09605","B_o078_r09611","3","14","2","4","WP09C05260","7","5","1","B","1","positive","1","True"
"0","B_o078_r09611","B_o078_r09635","1","14","1","4","WP09C05260","5","3","2","B","2","positive","2","True"
"0","B_o078_r09609","B_o078_r09633","1","14","1","4","WP09C05270","5","3","2","B","2","positive","2","True"
"0","B_o078_r09691","B_o078_r09693","7","14","3","4","WP09C05282","5","3","3","B","3","positive","3","True"
"0","B_o078_r09677","B_o078_r09683","3","14","2","4","WP09C05284","5","3","2","B","2","positive","2","True"
"0","B_o078_r09617","B_o078_r09641","1","14","1","4","WP09C05291","5","3","2","B","2","positive","2","True"
"1","B_o078_r09619","B_o078_r09621","7","14","3","4","WP09C05294","7","5","3","B","3","positive","3","True"
"0","B_o078_r09621","B_o078_r09645","1","14","1","4","WP09C05294","5","3","2","B","2","positive","2","True"
"0","B_o078_r09701","B_o078_r09707","3","14","2","4","WP09C05298","5","3","2","B","2","positive","2","True"
"0","B_o078_r09715","B_o078_r09717","7","14","3","4","WP09C05299","5","3","3","B","3","positive","3","True"
"0","B_o078_r09623","B_o078_r09647","1","14","1","4","WP09C05310","5","3","2","B","2","positive","2","True"
"2","B_o078_r09697","B_o078_r09699","7","14","3","4","WP09C05312","7","5","3","B","3","positive","3","True"
"0","B_o078_r09699","B_o078_r09705","3","14","2","4","WP09C05312","5","3","2","B","2","positive","2","True"
"0","B_o078_r09615","B_o078_r09639","1","14","1","4","WP09C05319","5","3","2","B","2","positive","2","True"
"4","B_o079_r09763","B_o079_r09787","1","14","1","4","WP09C05323","7","5","4","B","4","positive","4","True"
"4","B_o079_r09823","B_o079_r09829","3","14","2","4","WP09C05324","7","5","3","B","3","positive","3","True"
"0","B_o079_r09829","B_o079_r09831","7","14","3","4","WP09C05324","5","3","3","B","3","positive","3","True"
"1","B_o079_r09725","B_o079_r09731","3","14","2","4","WP09C05333","7","5","1","B","1","positive","1","True"
"0","B_o079_r09731","B_o079_r09755","1","14","1","4","WP09C05333","5","3","2","B","2","positive","2","True"
"0","B_o079_r09729","B_o079_r09753","1","14","1","4","WP09C05343","5","3","2","B","2","positive","2","True"
"0","B_o079_r09811","B_o079_r09813","7","14","3","4","WP09C05355","5","3","3","B","3","positive","3","True"
"0","B_o079_r09797","B_o079_r09803","3","14","2","4","WP09C05357","5","3","2","B","2","positive","2","True"
"0","B_o079_r09737","B_o079_r09761","1","14","1","4","WP09C05364","5","3","2","B","2","positive","2","True"
"1","B_o079_r09739","B_o079_r09741","7","14","3","4","WP09C05367","7","5","3","B","3","positive","3","True"
"0","B_o079_r09741","B_o079_r09765","1","14","1","4","WP09C05367","5","3","2","B","2","positive","2","True"
"0","B_o079_r09821","B_o079_r09827","3","14","2","4","WP09C05371","5","3","2","B","2","positive","2","True"
"0","B_o079_r09835","B_o079_r09837","7","14","3","4","WP09C05372","5","3","3","B","3","positive","3","True"
"0","B_o079_r09743","B_o079_r09767","1","14","1","4","WP09C05383","5","3","2","B","2","positive","2","True"
"2","B_o079_r09817","B_o079_r09819","7","14","3","4","WP09C05385","7","5","3","B","3","positive","3","True"
"0","B_o079_r09819","B_o079_r09825","3","14","2","4","WP09C05385","5","3","2","B","2","positive","2","True"
"0","B_o079_r09735","B_o079_r09759","1","14","1","4","WP09C05392","5","3","2","B","2","positive","2","True"
"4","B_o080_r09883","B_o080_r09907","1","14","1","4","WP09C05396","7","5","4","B","4","positive","4","True"
"4","B_o080_r09943","B_o080_r09949","3","14","2","4","WP09C05398","7","5","3","B","3","positive","3","True"
"0","B_o080_r09949","B_o080_r09951","7","14","3","4","WP09C05398","5","3","3","B","3","positive","3","True"
"0","B_o080_r09915","B_o080_r09921","3","14","2","4","WP09C05404","5","3","2","B","2","positive","2","True"
"1","B_o080_r09845","B_o080_r09851","3","14","2","4","WP09C05407","7","5","1","B","1","positive","1","True"
"0","B_o080_r09851","B_o080_r09875","1","14","1","4","WP09C05407","5","3","2","B","2","positive","2","True"
"0","B_o080_r09849","B_o080_r09873","1","14","1","4","WP09C05414","5","3","2","B","2","positive","2","True"
"0","B_o080_r09931","B_o080_r09933","7","14","3","4","WP09C05419","5","3","3","B","3","positive","3","True"
"0","B_o080_r09917","B_o080_r09923","3","14","2","4","WP09C05420","5","3","2","B","2","positive","2","True"
"0","B_o080_r09857","B_o080_r09881","1","14","1","4","WP09C05425","5","3","2","B","2","positive","2","True"
"1","B_o080_r09859","B_o080_r09861","7","14","3","4","WP09C05427","7","5","3","B","3","positive","3","True"
"0","B_o080_r09861","B_o080_r09885","1","14","1","4","WP09C05427","5","3","2","B","2","positive","2","True"
"0","B_o080_r09925","B_o080_r09927","7","14","3","4","WP09C05430","5","3","3","B","3","positive","3","True"
"2","B_o080_r09937","B_o080_r09939","7","14","3","4","WP09C05442","7","5","3","B","3","positive","3","True"
"0","B_o080_r09939","B_o080_r09945","3","14","2","4","WP09C05442","5","3","2","B","2","positive","2","True"
"0","B_o080_r09855","B_o080_r09879","1","14","1","4","WP09C05443","5","3","2","B","2","positive","2","True"
"0","B_o081_r09975","B_o081_r09999","1","14","1","4","WP09C05445","5","3","2","B","2","positive","2","True"
"4","B_o081_r10003","B_o081_r10027","1","14","1","4","WP09C05446","9","5","2","B","2","positive","2","True"
"0","B_o081_r09969","B_o081_r09993","1","14","1","4","WP09C05452","5","3","2","B","2","positive","2","True"
"5","B_o081_r09967","B_o081_r09973","3","14","2","4","WP09C05458","11","9","1","B","1","positive","1","True"
"5","B_o081_r09991","B_o081_r09997","3","14","2","4","WP09C05463","11","9","1","B","1","positive","1","True"
"4","B_o081_r09997","B_o081_r10021","1","14","1","4","WP09C05463","9","5","2","B","2","positive","2","True"
"0","B_o081_r10037","B_o081_r10043","3","14","2","4","WP09C05470","5","3","2","B","2","positive","2","True"
"0","B_o081_r09977","B_o081_r10001","1","14","1","4","WP09C05474","5","3","2","B","2","positive","2","True"
"0","B_o081_r09981","B_o081_r10005","1","14","1","4","WP09C05475","5","3","2","B","2","positive","2","True"
"0","B_o081_r09971","B_o081_r09995","1","14","1","4","WP09C05479","5","3","2","B","2","positive","2","True"
"6","B_o081_r10009","B_o081_r10033","1","14","1","4","WP09C05480","11","9","2","B","2","positive","2","True"
"6","B_o081_r10015","B_o081_r10039","1","14","1","4","WP09C05481","11","9","2","B","2","positive","2","True"
"0","B_o081_r09983","B_o081_r10007","1","14","1","4","WP09C05486","5","3","2","B","2","positive","2","True"
"0","B_o082_r10095","B_o082_r10119","1","14","1","4","WP09C05495","5","3","2","B","2","positive","2","True"
"4","B_o082_r10123","B_o082_r10147","1","14","1","4","WP09C05496","9","5","2","B","2","positive","2","True"
"4","B_o082_r10183","B_o082_r10189","3","14","2","4","WP09C05497","9","5","1","B","1","positive","1","True"
"0","B_o082_r10189","B_o082_r10191","7","14","3","4","WP09C05497","5","3","3","B","3","positive","3","True"
"4","B_o082_r10117","B_o082_r10141","1","14","1","4","WP09C05519","9","5","2","B","2","positive","2","True"
"0","B_o082_r10157","B_o082_r10163","3","14","2","4","WP09C05527","5","3","2","B","2","positive","2","True"
"0","B_o082_r10097","B_o082_r10121","1","14","1","4","WP09C05531","5","3","2","B","2","positive","2","True"
"0","B_o082_r10101","B_o082_r10125","1","14","1","4","WP09C05533","5","3","2","B","2","positive","2","True"
"0","B_o082_r10181","B_o082_r10187","3","14","2","4","WP09C05538","5","3","2","B","2","positive","2","True"
"0","B_o082_r10091","B_o082_r10115","1","14","1","4","WP09C05539","5","3","2","B","2","positive","2","True"
"0","B_o082_r10103","B_o082_r10127","1","14","1","4","WP09C05549","5","3","2","B","2","positive","2","True"
"0","B_o083_r10215","B_o083_r10239","1","14","1","4","WP09C05562","5","3","2","B","2","positive","2","True"
"4","B_o083_r10243","B_o083_r10267","1","14","1","4","WP09C05563","9","5","2","B","2","positive","2","True"
"4","B_o083_r10303","B_o083_r10309","3","14","2","4","WP09C05564","9","5","1","B","1","positive","1","True"
"0","B_o083_r10309","B_o083_r10311","7","14","3","4","WP09C05564","5","3","3","B","3","positive","3","True"
"4","B_o083_r10237","B_o083_r10261","1","14","1","4","WP09C05586","9","5","2","B","2","positive","2","True"
"0","B_o083_r10277","B_o083_r10283","3","14","2","4","WP09C05594","5","3","2","B","2","positive","2","True"
"0","B_o083_r10217","B_o083_r10241","1","14","1","4","WP09C05598","5","3","2","B","2","positive","2","True"
"0","B_o083_r10221","B_o083_r10245","1","14","1","4","WP09C05600","5","3","2","B","2","positive","2","True"
"0","B_o083_r10301","B_o083_r10307","3","14","2","4","WP09C05605","5","3","2","B","2","positive","2","True"
"0","B_o083_r10211","B_o083_r10235","1","14","1","4","WP09C05606","5","3","2","B","2","positive","2","True"
"0","B_o083_r10223","B_o083_r10247","1","14","1","4","WP09C05616","5","3","2","B","2","positive","2","True"
"4","B_o084_r10363","B_o084_r10387","1","14","1","4","WP09C05629","9","5","2","B","2","positive","2","True"
"4","B_o084_r10423","B_o084_r10429","3","14","2","4","WP09C05630","9","5","1","B","1","positive","1","True"
"0","B_o084_r10429","B_o084_r10431","7","14","3","4","WP09C05630","5","3","3","B","3","positive","3","True"
"0","B_o084_r10411","B_o084_r10413","7","14","3","4","WP09C05663","5","3","3","B","3","positive","3","True"
"0","B_o084_r10397","B_o084_r10403","3","14","2","4","WP09C05665","5","3","2","B","2","positive","2","True"
"0","B_o084_r10337","B_o084_r10361","1","14","1","4","WP09C05670","5","3","2","B","2","positive","2","True"
"0","B_o084_r10341","B_o084_r10365","1","14","1","4","WP09C05672","5","3","2","B","2","positive","2","True"
"0","B_o084_r10421","B_o084_r10427","3","14","2","4","WP09C05677","5","3","2","B","2","positive","2","True"
"0","B_o084_r10331","B_o084_r10355","1","14","1","4","WP09C05678","5","3","2","B","2","positive","2","True"
"0","B_o084_r10435","B_o084_r10437","7","14","3","4","WP09C05679","5","3","3","B","3","positive","3","True"
"0","B_o084_r10343","B_o084_r10367","1","14","1","4","WP09C05693","5","3","2","B","2","positive","2","True"
"4","B_o085_r10483","B_o085_r10507","1","14","1","4","WP09C05706","9","5","2","B","2","positive","2","True"
"4","B_o085_r10543","B_o085_r10549","3","14","2","4","WP09C05707","9","5","1","B","1","positive","1","True"
"0","B_o085_r10549","B_o085_r10551","7","14","3","4","WP09C05707","5","3","3","B","3","positive","3","True"
"0","B_o085_r10531","B_o085_r10533","7","14","3","4","WP09C05740","5","3","3","B","3","positive","3","True"
"0","B_o085_r10517","B_o085_r10523","3","14","2","4","WP09C05742","5","3","2","B","2","positive","2","True"
"0","B_o085_r10457","B_o085_r10481","1","14","1","4","WP09C05747","5","3","2","B","2","positive","2","True"
"0","B_o085_r10461","B_o085_r10485","1","14","1","4","WP09C05749","5","3","2","B","2","positive","2","True"
"0","B_o085_r10541","B_o085_r10547","3","14","2","4","WP09C05754","5","3","2","B","2","positive","2","True"
"0","B_o085_r10451","B_o085_r10475","1","14","1","4","WP09C05755","5","3","2","B","2","positive","2","True"
"0","B_o085_r10555","B_o085_r10557","7","14","3","4","WP09C05756","5","3","3","B","3","positive","3","True"
"0","B_o085_r10463","B_o085_r10487","1","14","1","4","WP09C05770","5","3","2","B","2","positive","2","True"
"4","B_o086_r10603","B_o086_r10627","1","14","1","4","WP09C05783","9","5","2","B","2","positive","2","True"
"4","B_o086_r10663","B_o086_r10669","3","14","2","4","WP09C05785","9","5","1","B","1","positive","1","True"
"0","B_o086_r10669","B_o086_r10671","7","14","3","4","WP09C05785","5","3","3","B","3","positive","3","True"
"0","B_o086_r10651","B_o086_r10653","7","14","3","4","WP09C05806","5","3","3","B","3","positive","3","True"
"0","B_o086_r10637","B_o086_r10643","3","14","2","4","WP09C05807","5","3","2","B","2","positive","2","True"
"0","B_o086_r10577","B_o086_r10601","1","14","1","4","WP09C05811","5","3","2","B","2","positive","2","True"
"0","B_o086_r10581","B_o086_r10605","1","14","1","4","WP09C05813","5","3","2","B","2","positive","2","True"
"0","B_o086_r10645","B_o086_r10647","7","14","3","4","WP09C05816","5","3","3","B","3","positive","3","True"
"0","B_o086_r10571","B_o086_r10595","1","14","1","4","WP09C05818","5","3","2","B","2","positive","2","True"
"0","B_o087_r10733","B_o087_r10739","3","14","2","4","WP09C05855","5","3","2","B","2","positive","2","True"
"0","B_o087_r10771","B_o087_r10773","7","14","3","4","WP09C05868","5","3","3","B","3","positive","3","True"
"0","B_o087_r10757","B_o087_r10763","3","14","2","4","WP09C05870","5","3","2","B","2","positive","2","True"
"0","B_o087_r10697","B_o087_r10721","1","14","1","4","WP09C05874","5","3","2","B","2","positive","2","True"
"0","B_o087_r10779","B_o087_r10785","3","14","2","4","WP09C05876","5","3","2","B","2","positive","2","True"
"0","B_o087_r10701","B_o087_r10725","1","14","1","4","WP09C05880","5","3","2","B","2","positive","2","True"
"0","B_o087_r10781","B_o087_r10787","3","14","2","4","WP09C05882","5","3","2","B","2","positive","2","True"
"0","B_o087_r10691","B_o087_r10715","1","14","1","4","WP09C05883","5","3","2","B","2","positive","2","True"
"0","B_o087_r10795","B_o087_r10797","7","14","3","4","WP09C05884","5","3","3","B","3","positive","3","True"
"0","B_o087_r10703","B_o087_r10727","1","14","1","4","WP09C05894","5","3","2","B","2","positive","2","True"
"0","B_o088_r10853","B_o088_r10859","3","14","2","4","WP09C05929","5","3","2","B","2","positive","2","True"
"0","B_o088_r10891","B_o088_r10893","7","14","3","4","WP09C05942","5","3","3","B","3","positive","3","True"
"0","B_o088_r10877","B_o088_r10883","3","14","2","4","WP09C05944","5","3","2","B","2","positive","2","True"
"0","B_o088_r10817","B_o088_r10841","1","14","1","4","WP09C05948","5","3","2","B","2","positive","2","True"
"0","B_o088_r10899","B_o088_r10905","3","14","2","4","WP09C05950","5","3","2","B","2","positive","2","True"
"0","B_o088_r10821","B_o088_r10845","1","14","1","4","WP09C05954","5","3","2","B","2","positive","2","True"
"0","B_o088_r10901","B_o088_r10907","3","14","2","4","WP09C05956","5","3","2","B","2","positive","2","True"
"0","B_o088_r10811","B_o088_r10835","1","14","1","4","WP09C05957","5","3","2","B","2","positive","2","True"
"0","B_o088_r10915","B_o088_r10917","7","14","3","4","WP09C05958","5","3","3","B","3","positive","3","True"
"0","B_o088_r10823","B_o088_r10847","1","14","1","4","WP09C05968","5","3","2","B","2","positive","2","True"
"0","B_o089_r10973","B_o089_r10979","3","14","2","4","WP09C06000","5","3","2","B","2","positive","2","True"
"0","B_o089_r11011","B_o089_r11013","7","14","3","4","WP09C06006","5","3","3","B","3","positive","3","True"
"0","B_o089_r10997","B_o089_r11003","3","14","2","4","WP09C06007","5","3","2","B","2","positive","2","True"
"0","B_o089_r10937","B_o089_r10961","1","14","1","4","WP09C06010","5","3","2","B","2","positive","2","True"
"0","B_o089_r11019","B_o089_r11025","3","14","2","4","WP09C06012","5","3","2","B","2","positive","2","True"
"0","B_o089_r10941","B_o089_r10965","1","14","1","4","WP09C06015","5","3","2","B","2","positive","2","True"
"0","B_o089_r10931","B_o089_r10955","1","14","1","4","WP09C06017","5","3","2","B","2","positive","2","True"
"0","B_o090_r11093","B_o090_r11099","3","14","2","4","WP09C06055","5","3","2","B","2","positive","2","True"
"0","B_o090_r11107","B_o090_r11109","7","14","3","4","WP09C06064","5","3","3","B","3","positive","3","True"
"0","B_o090_r11131","B_o090_r11133","7","14","3","4","WP09C06065","5","3","3","B","3","positive","3","True"
"0","B_o090_r11117","B_o090_r11123","3","14","2","4","WP09C06067","5","3","2","B","2","positive","2","True"
"0","B_o090_r11057","B_o090_r11081","1","14","1","4","WP09C06070","5","3","2","B","2","positive","2","True"
"0","B_o090_r11139","B_o090_r11145","3","14","2","4","WP09C06072","5","3","2","B","2","positive","2","True"
"0","B_o090_r11061","B_o090_r11085","1","14","1","4","WP09C06075","5","3","2","B","2","positive","2","True"
"0","B_o090_r11051","B_o090_r11075","1","14","1","4","WP09C06076","5","3","2","B","2","positive","2","True"
"0","B_o090_r11149","B_o090_r11151","7","14","3","4","WP09C06079","5","3","3","B","3","positive","3","True"
"4","B_o091_r11203","B_o091_r11227","1","14","1","4","WP09C06099","9","7","2","B","2","positive","2","True"
"5","B_o091_r11191","B_o091_r11197","3","14","2","4","WP09C06113","11","9","1","B","1","positive","1","True"
"4","B_o091_r11197","B_o091_r11221","1","14","1","4","WP09C06113","9","7","2","B","2","positive","2","True"
"4","B_o092_r11323","B_o092_r11347","1","14","1","4","WP09C06147","9","7","2","B","2","positive","2","True"
"4","B_o092_r11383","B_o092_r11389","3","14","2","4","WP09C06148","9","7","2","B","2","positive","2","True"
"4","B_o092_r11317","B_o092_r11341","1","14","1","4","WP09C06163","9","7","2","B","2","positive","2","True"
"4","B_o093_r11443","B_o093_r11467","1","14","1","4","WP09C06208","9","7","2","B","2","positive","2","True"
"4","B_o093_r11503","B_o093_r11509","3","14","2","4","WP09C06209","9","7","2","B","2","positive","2","True"
"4","B_o093_r11437","B_o093_r11461","1","14","1","4","WP09C06224","9","7","2","B","2","positive","2","True"
"4","B_o094_r11563","B_o094_r11587","1","14","1","4","WP09C06268","9","7","2","B","2","positive","2","True"
"4","B_o094_r11623","B_o094_r11629","3","14","2","4","WP09C06269","9","7","2","B","2","positive","2","True"
"4","B_o095_r11683","B_o095_r11707","1","14","1","4","WP09C06343","9","7","2","B","2","positive","2","True"
"4","B_o095_r11743","B_o095_r11749","3","14","2","4","WP09C06344","9","7","2","B","2","positive","2","True"
"4","B_o096_r11803","B_o096_r11827","1","14","1","4","WP09C06418","9","7","2","B","2","positive","2","True"
"4","B_o096_r11863","B_o096_r11869","3","14","2","4","WP09C06420","9","7","2","B","2","positive","2","True"
"4","B_o107_r13183","B_o107_r13189","3","14","2","4","WP09C07073","9","7","2","B","2","positive","2","True"
"4","B_o108_r13303","B_o108_r13309","3","14","2","4","WP09C07126","9","7","2","B","2","positive","2","True"
"4","B_o109_r13423","B_o109_r13429","3","14","2","4","WP09C07178","9","7","2","B","2","positive","2","True"
"4","B_o110_r13543","B_o110_r13549","3","14","2","4","WP09C07244","9","7","2","B","2","positive","2","True"
"4","B_o111_r13663","B_o111_r13669","3","14","2","4","WP09C07311","9","7","2","B","2","positive","2","True"
