"class_id","component_id","instance_id","panel"
"WP09C00217","1","B_o001_r00451","B"
"WP09C00217","1","B_o001_r00453","B"
"WP09C00218","1","B_o001_r00434","B"
"WP09C00218","1","B_o001_r00440","B"
"WP09C00219","1","B_o001_r00426","B"
"WP09C00220","1","B_o001_r00388","B"
"WP09C00221","1","B_o001_r00370","B"
"WP09C00222","1","B_o001_r00361","B"
"WP09C00223","1","B_o001_r00469","B"
"WP09C00223","1","B_o001_r00471","B"
"WP09C00224","1","B_o001_r00396","B"
"WP09C00225","1","B_o001_r00454","B"
"WP09C00226","1","B_o001_r00452","B"
"WP09C00227","1","B_o001_r00379","B"
"WP09C00227","1","B_o001_r00381","B"
"WP09C00227","1","B_o001_r00403","B"
"WP09C00227","1","B_o001_r00405","B"
"WP09C00228","1","B_o001_r00442","B"
"WP09C00229","1","B_o001_r00390","B"
"WP09C00230","1","B_o001_r00458","B"
"WP09C00230","1","B_o001_r00464","B"
"WP09C00231","1","B_o001_r00373","B"
"WP09C00231","1","B_o001_r00375","B"
"WP09C00231","1","B_o001_r00397","B"
"WP09C00231","1","B_o001_r00399","B"
"WP09C00232","1","B_o001_r00448","B"
"WP09C00233","1","B_o001_r00374","B"
"WP09C00233","1","B_o001_r00398","B"
"WP09C00234","1","B_o001_r00365","B"
"WP09C00234","1","B_o001_r00371","B"
"WP09C00234","1","B_o001_r00395","B"
"WP09C00235","1","B_o001_r00422","B"
"WP09C00236","1","B_o001_r00437","B"
"WP09C00237","1","B_o001_r00421","B"
"WP09C00237","1","B_o001_r00423","B"
"WP09C00238","1","B_o001_r00394","B"
"WP09C00239","1","B_o001_r00402","B"
"WP09C00240","1","B_o001_r00414","B"
"WP09C00241","1","B_o001_r00385","B"
"WP09C00241","1","B_o001_r00387","B"
"WP09C00241","1","B_o001_r00409","B"
"WP09C00241","1","B_o001_r00411","B"
"WP09C00242","1","B_o001_r00470","B"
"WP09C00243","1","B_o001_r00457","B"
"WP09C00243","1","B_o001_r00459","B"
"WP09C00243","1","B_o001_r00463","B"
"WP09C00243","1","B_o001_r00465","B"
"WP09C00244","1","B_o001_r00428","B"
"WP09C00245","1","B_o001_r00400","B"
"WP09C00246","1","B_o001_r00438","B"
"WP09C00247","1","B_o001_r00389","B"
"WP09C00247","1","B_o001_r00413","B"
"WP09C00248","1","B_o001_r00377","B"
"WP09C00248","1","B_o001_r00401","B"
"WP09C00249","1","B_o001_r00380","B"
"WP09C00249","1","B_o001_r00404","B"
"WP09C00250","1","B_o001_r00430","B"
"WP09C00251","1","B_o001_r00412","B"
"WP09C00252","1","B_o001_r00436","B"
"WP09C00253","1","B_o001_r00446","B"
"WP09C00254","1","B_o001_r00433","B"
"WP09C00254","1","B_o001_r00435","B"
"WP09C00254","1","B_o001_r00439","B"
"WP09C00254","1","B_o001_r00441","B"
"WP09C00255","1","B_o001_r00364","B"
"WP09C00256","1","B_o001_r00445","B"
"WP09C00256","1","B_o001_r00447","B"
"WP09C00257","1","B_o001_r00386","B"
"WP09C00257","1","B_o001_r00410","B"
"WP09C00258","1","B_o001_r00424","B"
"WP09C00259","1","B_o001_r00382","B"
"WP09C00260","1","B_o001_r00366","B"
"WP09C00261","1","B_o001_r00466","B"
"WP09C00262","1","B_o001_r00427","B"
"WP09C00262","1","B_o001_r00429","B"
"WP09C00263","1","B_o001_r00460","B"
"WP09C00264","1","B_o001_r00362","B"
"WP09C00265","1","B_o001_r00425","B"
"WP09C00266","1","B_o001_r00472","B"
"WP09C00267","1","B_o001_r00378","B"
"WP09C00268","1","B_o001_r00372","B"
"WP09C00269","1","B_o001_r00376","B"
"WP09C00270","1","B_o001_r00406","B"
"WP09C00271","1","B_o001_r00363","B"
"WP09C00271","1","B_o001_r00369","B"
"WP09C00271","1","B_o001_r00393","B"
"WP09C00272","1","B_o002_r00557","B"
"WP09C00273","1","B_o002_r00571","B"
"WP09C00273","1","B_o002_r00573","B"
"WP09C00274","1","B_o002_r00558","B"
"WP09C00275","1","B_o002_r00554","B"
"WP09C00275","1","B_o002_r00560","B"
"WP09C00276","1","B_o002_r00508","B"
"WP09C00277","1","B_o002_r00490","B"
"WP09C00278","1","B_o002_r00485","B"
"WP09C00278","1","B_o002_r00491","B"
"WP09C00278","1","B_o002_r00515","B"
"WP09C00279","1","B_o002_r00481","B"
"WP09C00280","1","B_o002_r00589","B"
"WP09C00280","1","B_o002_r00591","B"
"WP09C00281","1","B_o002_r00574","B"
"WP09C00282","1","B_o002_r00572","B"
"WP09C00283","1","B_o002_r00499","B"
"WP09C00283","1","B_o002_r00501","B"
"WP09C00283","1","B_o002_r00523","B"
"WP09C00283","1","B_o002_r00525","B"
"WP09C00284","1","B_o002_r00562","B"
"WP09C00285","1","B_o002_r00522","B"
"WP09C00286","1","B_o002_r00578","B"
"WP09C00286","1","B_o002_r00584","B"
"WP09C00287","1","B_o002_r00493","B"
"WP09C00287","1","B_o002_r00495","B"
"WP09C00287","1","B_o002_r00517","B"
"WP09C00287","1","B_o002_r00519","B"
"WP09C00288","1","B_o002_r00568","B"
"WP09C00289","1","B_o002_r00494","B"
"WP09C00289","1","B_o002_r00518","B"
"WP09C00290","1","B_o002_r00542","B"
"WP09C00291","1","B_o002_r00541","B"
"WP09C00291","1","B_o002_r00543","B"
"WP09C00292","1","B_o002_r00514","B"
"WP09C00293","1","B_o002_r00505","B"
"WP09C00293","1","B_o002_r00507","B"
"WP09C00293","1","B_o002_r00529","B"
"WP09C00293","1","B_o002_r00531","B"
"WP09C00294","1","B_o002_r00590","B"
"WP09C00295","1","B_o002_r00577","B"
"WP09C00295","1","B_o002_r00579","B"
"WP09C00295","1","B_o002_r00583","B"
"WP09C00295","1","B_o002_r00585","B"
"WP09C00296","1","B_o002_r00548","B"
"WP09C00297","1","B_o002_r00492","B"
"WP09C00298","1","B_o002_r00520","B"
"WP09C00299","1","B_o002_r00497","B"
"WP09C00299","1","B_o002_r00521","B"
"WP09C00300","1","B_o002_r00500","B"
"WP09C00300","1","B_o002_r00524","B"
"WP09C00301","1","B_o002_r00550","B"
"WP09C00302","1","B_o002_r00532","B"
"WP09C00303","1","B_o002_r00546","B"
"WP09C00304","1","B_o002_r00556","B"
"WP09C00305","1","B_o002_r00510","B"
"WP09C00306","1","B_o002_r00566","B"
"WP09C00307","1","B_o002_r00553","B"
"WP09C00307","1","B_o002_r00555","B"
"WP09C00307","1","B_o002_r00559","B"
"WP09C00307","1","B_o002_r00561","B"
"WP09C00308","1","B_o002_r00484","B"
"WP09C00309","1","B_o002_r00565","B"
"WP09C00309","1","B_o002_r00567","B"
"WP09C00310","1","B_o002_r00506","B"
"WP09C00310","1","B_o002_r00530","B"
"WP09C00311","1","B_o002_r00498","B"
"WP09C00312","1","B_o002_r00544","B"
"WP09C00313","1","B_o002_r00502","B"
"WP09C00314","1","B_o002_r00586","B"
"WP09C00315","1","B_o002_r00547","B"
"WP09C00315","1","B_o002_r00549","B"
"WP09C00316","1","B_o002_r00545","B"
"WP09C00317","1","B_o002_r00580","B"
"WP09C00318","1","B_o002_r00482","B"
"WP09C00319","1","B_o002_r00516","B"
"WP09C00320","1","B_o002_r00592","B"
"WP09C00321","1","B_o002_r00509","B"
"WP09C00321","1","B_o002_r00533","B"
"WP09C00322","1","B_o002_r00534","B"
"WP09C00323","1","B_o002_r00486","B"
"WP09C00324","1","B_o002_r00496","B"
"WP09C00325","1","B_o002_r00526","B"
"WP09C00326","1","B_o002_r00483","B"
"WP09C00326","1","B_o002_r00489","B"
"WP09C00326","1","B_o002_r00513","B"
"WP09C00327","1","B_o003_r00677","B"
"WP09C00328","1","B_o003_r00667","B"
"WP09C00328","1","B_o003_r00669","B"
"WP09C00329","1","B_o003_r00672","B"
"WP09C00330","1","B_o003_r00678","B"
"WP09C00331","1","B_o003_r00674","B"
"WP09C00331","1","B_o003_r00680","B"
"WP09C00332","1","B_o003_r00628","B"
"WP09C00333","1","B_o003_r00605","B"
"WP09C00333","1","B_o003_r00611","B"
"WP09C00333","1","B_o003_r00635","B"
"WP09C00334","1","B_o003_r00602","B"
"WP09C00335","1","B_o003_r00648","B"
"WP09C00336","1","B_o003_r00601","B"
"WP09C00337","1","B_o003_r00694","B"
"WP09C00338","1","B_o003_r00682","B"
"WP09C00339","1","B_o003_r00622","B"
"WP09C00340","1","B_o003_r00692","B"
"WP09C00341","1","B_o003_r00642","B"
"WP09C00342","1","B_o003_r00613","B"
"WP09C00342","1","B_o003_r00615","B"
"WP09C00342","1","B_o003_r00637","B"
"WP09C00342","1","B_o003_r00639","B"
"WP09C00343","1","B_o003_r00688","B"
"WP09C00344","1","B_o003_r00614","B"
"WP09C00344","1","B_o003_r00638","B"
"WP09C00345","1","B_o003_r00671","B"
"WP09C00346","1","B_o003_r00662","B"
"WP09C00347","1","B_o003_r00661","B"
"WP09C00347","1","B_o003_r00663","B"
"WP09C00348","1","B_o003_r00625","B"
"WP09C00348","1","B_o003_r00627","B"
"WP09C00348","1","B_o003_r00649","B"
"WP09C00348","1","B_o003_r00651","B"
"WP09C00349","1","B_o003_r00646","B"
"WP09C00350","1","B_o003_r00610","B"
"WP09C00351","1","B_o003_r00691","B"
"WP09C00351","1","B_o003_r00693","B"
"WP09C00352","1","B_o003_r00612","B"
"WP09C00353","1","B_o003_r00640","B"
"WP09C00354","1","B_o003_r00620","B"
"WP09C00354","1","B_o003_r00644","B"
"WP09C00355","1","B_o003_r00624","B"
"WP09C00356","1","B_o003_r00617","B"
"WP09C00356","1","B_o003_r00641","B"
"WP09C00357","1","B_o003_r00604","B"
"WP09C00358","1","B_o003_r00652","B"
"WP09C00359","1","B_o003_r00666","B"
"WP09C00360","1","B_o003_r00676","B"
"WP09C00361","1","B_o003_r00668","B"
"WP09C00362","1","B_o003_r00630","B"
"WP09C00363","1","B_o003_r00619","B"
"WP09C00363","1","B_o003_r00621","B"
"WP09C00363","1","B_o003_r00643","B"
"WP09C00363","1","B_o003_r00645","B"
"WP09C00364","1","B_o003_r00686","B"
"WP09C00365","1","B_o003_r00623","B"
"WP09C00365","1","B_o003_r00647","B"
"WP09C00366","1","B_o003_r00673","B"
"WP09C00366","1","B_o003_r00675","B"
"WP09C00366","1","B_o003_r00679","B"
"WP09C00366","1","B_o003_r00681","B"
"WP09C00367","1","B_o003_r00685","B"
"WP09C00367","1","B_o003_r00687","B"
"WP09C00368","1","B_o003_r00626","B"
"WP09C00368","1","B_o003_r00650","B"
"WP09C00369","1","B_o003_r00618","B"
"WP09C00370","1","B_o003_r00664","B"
"WP09C00371","1","B_o003_r00665","B"
"WP09C00372","1","B_o003_r00634","B"
"WP09C00373","1","B_o003_r00636","B"
"WP09C00374","1","B_o003_r00629","B"
"WP09C00374","1","B_o003_r00653","B"
"WP09C00375","1","B_o003_r00654","B"
"WP09C00376","1","B_o003_r00606","B"
"WP09C00377","1","B_o003_r00670","B"
"WP09C00378","1","B_o003_r00616","B"
"WP09C00379","1","B_o003_r00603","B"
"WP09C00379","1","B_o003_r00609","B"
"WP09C00379","1","B_o003_r00633","B"
"WP09C00380","1","B_o004_r00830","B"
"WP09C00381","1","B_o004_r00797","B"
"WP09C00382","1","B_o004_r00787","B"
"WP09C00382","1","B_o004_r00789","B"
"WP09C00383","1","B_o004_r00792","B"
"WP09C00384","1","B_o004_r00829","B"
"WP09C00384","1","B_o004_r00831","B"
"WP09C00385","1","B_o004_r00798","B"
"WP09C00386","1","B_o004_r00794","B"
"WP09C00386","1","B_o004_r00800","B"
"WP09C00387","1","B_o004_r00721","B"
"WP09C00388","1","B_o004_r00748","B"
"WP09C00389","1","B_o004_r00834","B"
"WP09C00390","1","B_o004_r00832","B"
"WP09C00391","1","B_o004_r00725","B"
"WP09C00391","1","B_o004_r00731","B"
"WP09C00391","1","B_o004_r00755","B"
"WP09C00392","1","B_o004_r00835","B"
"WP09C00392","1","B_o004_r00837","B"
"WP09C00393","1","B_o004_r00722","B"
"WP09C00394","1","B_o004_r00768","B"
"WP09C00395","1","B_o004_r00821","B"
"WP09C00395","1","B_o004_r00827","B"
"WP09C00396","1","B_o004_r00814","B"
"WP09C00397","1","B_o004_r00802","B"
"WP09C00398","1","B_o004_r00742","B"
"WP09C00399","1","B_o004_r00812","B"
"WP09C00400","1","B_o004_r00762","B"
"WP09C00401","1","B_o004_r00828","B"
"WP09C00402","1","B_o004_r00820","B"
"WP09C00403","1","B_o004_r00733","B"
"WP09C00403","1","B_o004_r00735","B"
"WP09C00403","1","B_o004_r00757","B"
"WP09C00403","1","B_o004_r00759","B"
"WP09C00404","1","B_o004_r00808","B"
"WP09C00405","1","B_o004_r00822","B"
"WP09C00406","1","B_o004_r00734","B"
"WP09C00406","1","B_o004_r00758","B"
"WP09C00407","1","B_o004_r00836","B"
"WP09C00408","1","B_o004_r00791","B"
"WP09C00409","1","B_o004_r00782","B"
"WP09C00410","1","B_o004_r00781","B"
"WP09C00410","1","B_o004_r00783","B"
"WP09C00411","1","B_o004_r00840","B"
"WP09C00412","1","B_o004_r00747","B"
"WP09C00412","2","B_o004_r00769","B"
"WP09C00412","1","B_o004_r00771","B"
"WP09C00413","1","B_o004_r00766","B"
"WP09C00414","1","B_o004_r00730","B"
"WP09C00415","1","B_o004_r00811","B"
"WP09C00415","1","B_o004_r00813","B"
"WP09C00416","1","B_o004_r00732","B"
"WP09C00417","1","B_o004_r00760","B"
"WP09C00418","1","B_o004_r00838","B"
"WP09C00419","1","B_o004_r00740","B"
"WP09C00419","1","B_o004_r00764","B"
"WP09C00420","1","B_o004_r00833","B"
"WP09C00421","1","B_o004_r00744","B"
"WP09C00422","1","B_o004_r00737","B"
"WP09C00422","1","B_o004_r00761","B"
"WP09C00423","1","B_o004_r00724","B"
"WP09C00424","1","B_o004_r00772","B"
"WP09C00425","1","B_o004_r00786","B"
"WP09C00426","1","B_o004_r00796","B"
"WP09C00427","1","B_o004_r00788","B"
"WP09C00428","1","B_o004_r00750","B"
"WP09C00429","1","B_o004_r00739","B"
"WP09C00429","1","B_o004_r00741","B"
"WP09C00429","1","B_o004_r00763","B"
"WP09C00429","1","B_o004_r00765","B"
"WP09C00430","1","B_o004_r00806","B"
"WP09C00431","1","B_o004_r00743","B"
"WP09C00431","1","B_o004_r00767","B"
"WP09C00432","1","B_o004_r00793","B"
"WP09C00432","1","B_o004_r00795","B"
"WP09C00432","1","B_o004_r00799","B"
"WP09C00432","1","B_o004_r00801","B"
"WP09C00433","1","B_o004_r00805","B"
"WP09C00433","1","B_o004_r00807","B"
"WP09C00434","1","B_o004_r00746","B"
"WP09C00434","1","B_o004_r00770","B"
"WP09C00435","1","B_o004_r00745","B"
"WP09C00436","1","B_o004_r00738","B"
"WP09C00437","1","B_o004_r00784","B"
"WP09C00438","1","B_o004_r00785","B"
"WP09C00439","1","B_o004_r00754","B"
"WP09C00440","1","B_o004_r00839","B"
"WP09C00441","1","B_o004_r00756","B"
"WP09C00442","1","B_o004_r00749","B"
"WP09C00442","1","B_o004_r00773","B"
"WP09C00443","1","B_o004_r00817","B"
"WP09C00443","1","B_o004_r00819","B"
"WP09C00443","1","B_o004_r00823","B"
"WP09C00443","1","B_o004_r00825","B"
"WP09C00444","1","B_o004_r00826","B"
"WP09C00445","1","B_o004_r00774","B"
"WP09C00446","1","B_o004_r00818","B"
"WP09C00446","1","B_o004_r00824","B"
"WP09C00447","1","B_o004_r00726","B"
"WP09C00448","1","B_o004_r00790","B"
"WP09C00449","1","B_o004_r00736","B"
"WP09C00450","1","B_o004_r00723","B"
"WP09C00450","1","B_o004_r00729","B"
"WP09C00450","1","B_o004_r00753","B"
"WP09C00451","1","B_o005_r00950","B"
"WP09C00452","1","B_o005_r00917","B"
"WP09C00453","1","B_o005_r00907","B"
"WP09C00453","1","B_o005_r00909","B"
"WP09C00454","1","B_o005_r00912","B"
"WP09C00455","1","B_o005_r00949","B"
"WP09C00455","1","B_o005_r00951","B"
"WP09C00456","1","B_o005_r00918","B"
"WP09C00457","1","B_o005_r00914","B"
"WP09C00457","1","B_o005_r00920","B"
"WP09C00458","1","B_o005_r00841","B"
"WP09C00459","1","B_o005_r00868","B"
"WP09C00460","1","B_o005_r00954","B"
"WP09C00461","1","B_o005_r00952","B"
"WP09C00462","1","B_o005_r00845","B"
"WP09C00462","1","B_o005_r00851","B"
"WP09C00462","1","B_o005_r00875","B"
"WP09C00463","1","B_o005_r00955","B"
"WP09C00463","1","B_o005_r00957","B"
"WP09C00464","1","B_o005_r00842","B"
"WP09C00465","1","B_o005_r00888","B"
"WP09C00466","1","B_o005_r00941","B"
"WP09C00466","1","B_o005_r00947","B"
"WP09C00467","1","B_o005_r00934","B"
"WP09C00468","1","B_o005_r00922","B"
"WP09C00469","1","B_o005_r00862","B"
"WP09C00470","1","B_o005_r00932","B"
"WP09C00471","1","B_o005_r00882","B"
"WP09C00472","1","B_o005_r00948","B"
"WP09C00473","1","B_o005_r00940","B"
"WP09C00474","1","B_o005_r00853","B"
"WP09C00474","1","B_o005_r00855","B"
"WP09C00474","1","B_o005_r00877","B"
"WP09C00474","1","B_o005_r00879","B"
"WP09C00475","1","B_o005_r00928","B"
"WP09C00476","1","B_o005_r00942","B"
"WP09C00477","1","B_o005_r00854","B"
"WP09C00477","1","B_o005_r00878","B"
"WP09C00478","1","B_o005_r00956","B"
"WP09C00479","1","B_o005_r00911","B"
"WP09C00480","1","B_o005_r00902","B"
"WP09C00481","1","B_o005_r00901","B"
"WP09C00481","1","B_o005_r00903","B"
"WP09C00482","1","B_o005_r00960","B"
"WP09C00483","1","B_o005_r00867","B"
"WP09C00483","2","B_o005_r00889","B"
"WP09C00483","1","B_o005_r00891","B"
"WP09C00484","1","B_o005_r00886","B"
"WP09C00485","1","B_o005_r00850","B"
"WP09C00486","1","B_o005_r00931","B"
"WP09C00486","1","B_o005_r00933","B"
"WP09C00487","1","B_o005_r00852","B"
"WP09C00488","1","B_o005_r00880","B"
"WP09C00489","1","B_o005_r00958","B"
"WP09C00490","1","B_o005_r00860","B"
"WP09C00490","1","B_o005_r00884","B"
"WP09C00491","1","B_o005_r00953","B"
"WP09C00492","1","B_o005_r00864","B"
"WP09C00493","1","B_o005_r00857","B"
"WP09C00493","1","B_o005_r00881","B"
"WP09C00494","1","B_o005_r00844","B"
"WP09C00495","1","B_o005_r00892","B"
"WP09C00496","1","B_o005_r00906","B"
"WP09C00497","1","B_o005_r00916","B"
"WP09C00498","1","B_o005_r00908","B"
"WP09C00499","1","B_o005_r00870","B"
"WP09C00500","1","B_o005_r00859","B"
"WP09C00500","1","B_o005_r00861","B"
"WP09C00500","1","B_o005_r00883","B"
"WP09C00500","1","B_o005_r00885","B"
"WP09C00501","1","B_o005_r00926","B"
"WP09C00502","1","B_o005_r00863","B"
"WP09C00502","1","B_o005_r00887","B"
"WP09C00503","1","B_o005_r00913","B"
"WP09C00503","1","B_o005_r00915","B"
"WP09C00503","1","B_o005_r00919","B"
"WP09C00503","1","B_o005_r00921","B"
"WP09C00504","1","B_o005_r00925","B"
"WP09C00504","1","B_o005_r00927","B"
"WP09C00505","1","B_o005_r00866","B"
"WP09C00505","1","B_o005_r00890","B"
"WP09C00506","1","B_o005_r00865","B"
"WP09C00507","1","B_o005_r00858","B"
"WP09C00508","1","B_o005_r00904","B"
"WP09C00509","1","B_o005_r00905","B"
"WP09C00510","1","B_o005_r00874","B"
"WP09C00511","1","B_o005_r00959","B"
"WP09C00512","1","B_o005_r00876","B"
"WP09C00513","1","B_o005_r00869","B"
"WP09C00513","1","B_o005_r00893","B"
"WP09C00514","1","B_o005_r00937","B"
"WP09C00514","1","B_o005_r00939","B"
"WP09C00514","1","B_o005_r00943","B"
"WP09C00514","1","B_o005_r00945","B"
"WP09C00515","1","B_o005_r00946","B"
"WP09C00516","1","B_o005_r00894","B"
"WP09C00517","1","B_o005_r00938","B"
"WP09C00517","1","B_o005_r00944","B"
"WP09C00518","1","B_o005_r00846","B"
"WP09C00519","1","B_o005_r00910","B"
"WP09C00520","1","B_o005_r00856","B"
"WP09C00521","1","B_o005_r00843","B"
"WP09C00521","1","B_o005_r00849","B"
"WP09C00521","1","B_o005_r00873","B"
"WP09C00522","1","B_o006_r01051","B"
"WP09C00522","1","B_o006_r01053","B"
"WP09C00523","1","B_o006_r01034","B"
"WP09C00523","1","B_o006_r01040","B"
"WP09C00524","1","B_o006_r00988","B"
"WP09C00525","1","B_o006_r00970","B"
"WP09C00526","1","B_o006_r00965","B"
"WP09C00526","1","B_o006_r00971","B"
"WP09C00526","1","B_o006_r00995","B"
"WP09C00527","1","B_o006_r00961","B"
"WP09C00528","1","B_o006_r01069","B"
"WP09C00528","1","B_o006_r01071","B"
"WP09C00529","1","B_o006_r01054","B"
"WP09C00530","1","B_o006_r01052","B"
"WP09C00531","1","B_o006_r00979","B"
"WP09C00531","1","B_o006_r00981","B"
"WP09C00531","1","B_o006_r01003","B"
"WP09C00531","1","B_o006_r01005","B"
"WP09C00532","1","B_o006_r01042","B"
"WP09C00533","1","B_o006_r01058","B"
"WP09C00533","1","B_o006_r01064","B"
"WP09C00534","1","B_o006_r00973","B"
"WP09C00534","1","B_o006_r00975","B"
"WP09C00534","1","B_o006_r00997","B"
"WP09C00534","1","B_o006_r00999","B"
"WP09C00535","1","B_o006_r01048","B"
"WP09C00536","1","B_o006_r00974","B"
"WP09C00536","1","B_o006_r00998","B"
"WP09C00537","1","B_o006_r00963","B"
"WP09C00537","1","B_o006_r00969","B"
"WP09C00537","1","B_o006_r00993","B"
"WP09C00538","1","B_o006_r01022","B"
"WP09C00539","1","B_o006_r01021","B"
"WP09C00539","1","B_o006_r01023","B"
"WP09C00540","1","B_o006_r00994","B"
"WP09C00541","1","B_o006_r00985","B"
"WP09C00541","1","B_o006_r00987","B"
"WP09C00541","1","B_o006_r01009","B"
"WP09C00541","1","B_o006_r01011","B"
"WP09C00542","1","B_o006_r01070","B"
"WP09C00543","1","B_o006_r01057","B"
"WP09C00543","1","B_o006_r01059","B"
"WP09C00543","1","B_o006_r01063","B"
"WP09C00543","1","B_o006_r01065","B"
"WP09C00544","1","B_o006_r00978","B"
"WP09C00545","1","B_o006_r01028","B"
"WP09C00546","1","B_o006_r00972","B"
"WP09C00547","1","B_o006_r01000","B"
"WP09C00548","1","B_o006_r01026","B"
"WP09C00549","1","B_o006_r01031","B"
"WP09C00550","1","B_o006_r00980","B"
"WP09C00550","1","B_o006_r01004","B"
"WP09C00551","1","B_o006_r01030","B"
"WP09C00552","1","B_o006_r01025","B"
"WP09C00553","1","B_o006_r01012","B"
"WP09C00554","1","B_o006_r01002","B"
"WP09C00555","1","B_o006_r00977","B"
"WP09C00555","1","B_o006_r01001","B"
"WP09C00556","1","B_o006_r01036","B"
"WP09C00557","1","B_o006_r00990","B"
"WP09C00558","1","B_o006_r01046","B"
"WP09C00559","1","B_o006_r01032","B"
"WP09C00560","1","B_o006_r01033","B"
"WP09C00560","1","B_o006_r01035","B"
"WP09C00560","1","B_o006_r01039","B"
"WP09C00560","1","B_o006_r01041","B"
"WP09C00561","1","B_o006_r01008","B"
"WP09C00562","1","B_o006_r00964","B"
"WP09C00563","1","B_o006_r01045","B"
"WP09C00563","1","B_o006_r01047","B"
"WP09C00564","1","B_o006_r00986","B"
"WP09C00564","1","B_o006_r01010","B"
"WP09C00565","1","B_o006_r00983","B"
"WP09C00565","1","B_o006_r01007","B"
"WP09C00566","1","B_o006_r01024","B"
"WP09C00567","1","B_o006_r00982","B"
"WP09C00568","1","B_o006_r01066","B"
"WP09C00569","1","B_o006_r01027","B"
"WP09C00569","1","B_o006_r01029","B"
"WP09C00570","1","B_o006_r01060","B"
"WP09C00571","1","B_o006_r00984","B"
"WP09C00572","1","B_o006_r00962","B"
"WP09C00573","1","B_o006_r00996","B"
"WP09C00574","1","B_o006_r01072","B"
"WP09C00575","1","B_o006_r00989","B"
"WP09C00575","1","B_o006_r01013","B"
"WP09C00576","1","B_o006_r01014","B"
"WP09C00577","1","B_o006_r00966","B"
"WP09C00578","1","B_o006_r00976","B"
"WP09C00579","1","B_o006_r01006","B"
"WP09C00580","1","B_o007_r01147","B"
"WP09C00580","1","B_o007_r01149","B"
"WP09C00581","1","B_o007_r01154","B"
"WP09C00581","1","B_o007_r01160","B"
"WP09C00582","1","B_o007_r01108","B"
"WP09C00583","1","B_o007_r01085","B"
"WP09C00583","1","B_o007_r01091","B"
"WP09C00583","1","B_o007_r01115","B"
"WP09C00584","1","B_o007_r01082","B"
"WP09C00585","1","B_o007_r01081","B"
"WP09C00586","1","B_o007_r01174","B"
"WP09C00587","1","B_o007_r01162","B"
"WP09C00588","1","B_o007_r01102","B"
"WP09C00589","1","B_o007_r01172","B"
"WP09C00590","1","B_o007_r01093","B"
"WP09C00590","1","B_o007_r01095","B"
"WP09C00590","1","B_o007_r01117","B"
"WP09C00590","1","B_o007_r01119","B"
"WP09C00591","1","B_o007_r01168","B"
"WP09C00592","1","B_o007_r01094","B"
"WP09C00592","1","B_o007_r01118","B"
"WP09C00593","1","B_o007_r01083","B"
"WP09C00593","1","B_o007_r01089","B"
"WP09C00593","1","B_o007_r01113","B"
"WP09C00594","1","B_o007_r01142","B"
"WP09C00595","1","B_o007_r01141","B"
"WP09C00595","1","B_o007_r01143","B"
"WP09C00596","1","B_o007_r01105","B"
"WP09C00596","1","B_o007_r01107","B"
"WP09C00596","1","B_o007_r01129","B"
"WP09C00596","1","B_o007_r01131","B"
"WP09C00597","1","B_o007_r01126","B"
"WP09C00598","1","B_o007_r01098","B"
"WP09C00599","1","B_o007_r01090","B"
"WP09C00600","1","B_o007_r01171","B"
"WP09C00600","1","B_o007_r01173","B"
"WP09C00601","1","B_o007_r01092","B"
"WP09C00602","1","B_o007_r01120","B"
"WP09C00603","1","B_o007_r01103","B"
"WP09C00603","1","B_o007_r01127","B"
"WP09C00604","1","B_o007_r01146","B"
"WP09C00605","1","B_o007_r01100","B"
"WP09C00605","1","B_o007_r01124","B"
"WP09C00606","1","B_o007_r01084","B"
"WP09C00607","1","B_o007_r01145","B"
"WP09C00608","1","B_o007_r01132","B"
"WP09C00609","1","B_o007_r01104","B"
"WP09C00610","1","B_o007_r01122","B"
"WP09C00611","1","B_o007_r01097","B"
"WP09C00611","1","B_o007_r01121","B"
"WP09C00612","1","B_o007_r01156","B"
"WP09C00613","1","B_o007_r01148","B"
"WP09C00614","1","B_o007_r01110","B"
"WP09C00615","1","B_o007_r01099","B"
"WP09C00615","1","B_o007_r01101","B"
"WP09C00615","1","B_o007_r01123","B"
"WP09C00615","1","B_o007_r01125","B"
"WP09C00616","1","B_o007_r01166","B"
"WP09C00617","1","B_o007_r01153","B"
"WP09C00617","1","B_o007_r01155","B"
"WP09C00617","1","B_o007_r01159","B"
"WP09C00617","1","B_o007_r01161","B"
"WP09C00618","1","B_o007_r01165","B"
"WP09C00618","1","B_o007_r01167","B"
"WP09C00619","1","B_o007_r01106","B"
"WP09C00619","1","B_o007_r01130","B"
"WP09C00620","1","B_o007_r01144","B"
"WP09C00621","1","B_o007_r01114","B"
"WP09C00622","1","B_o007_r01128","B"
"WP09C00623","1","B_o007_r01116","B"
"WP09C00624","1","B_o007_r01109","B"
"WP09C00624","1","B_o007_r01133","B"
"WP09C00625","1","B_o007_r01134","B"
"WP09C00626","1","B_o007_r01086","B"
"WP09C00627","1","B_o007_r01150","B"
"WP09C00628","1","B_o007_r01152","B"
"WP09C00629","1","B_o007_r01151","B"
"WP09C00630","1","B_o007_r01096","B"
"WP09C00631","1","B_o008_r01310","B"
"WP09C00632","1","B_o008_r01267","B"
"WP09C00632","1","B_o008_r01269","B"
"WP09C00633","1","B_o008_r01309","B"
"WP09C00633","1","B_o008_r01311","B"
"WP09C00634","1","B_o008_r01274","B"
"WP09C00634","1","B_o008_r01280","B"
"WP09C00635","1","B_o008_r01201","B"
"WP09C00636","1","B_o008_r01228","B"
"WP09C00637","1","B_o008_r01312","B"
"WP09C00638","1","B_o008_r01205","B"
"WP09C00638","1","B_o008_r01211","B"
"WP09C00638","1","B_o008_r01235","B"
"WP09C00639","1","B_o008_r01315","B"
"WP09C00639","1","B_o008_r01317","B"
"WP09C00640","1","B_o008_r01202","B"
"WP09C00641","1","B_o008_r01294","B"
"WP09C00642","1","B_o008_r01282","B"
"WP09C00643","1","B_o008_r01222","B"
"WP09C00644","1","B_o008_r01292","B"
"WP09C00645","1","B_o008_r01300","B"
"WP09C00646","1","B_o008_r01213","B"
"WP09C00646","1","B_o008_r01215","B"
"WP09C00646","1","B_o008_r01237","B"
"WP09C00646","1","B_o008_r01239","B"
"WP09C00647","1","B_o008_r01288","B"
"WP09C00648","1","B_o008_r01214","B"
"WP09C00648","1","B_o008_r01238","B"
"WP09C00649","1","B_o008_r01203","B"
"WP09C00649","1","B_o008_r01209","B"
"WP09C00649","1","B_o008_r01233","B"
"WP09C00650","1","B_o008_r01316","B"
"WP09C00651","1","B_o008_r01262","B"
"WP09C00652","1","B_o008_r01261","B"
"WP09C00652","1","B_o008_r01263","B"
"WP09C00653","1","B_o008_r01320","B"
"WP09C00654","1","B_o008_r01227","B"
"WP09C00654","2","B_o008_r01249","B"
"WP09C00654","1","B_o008_r01251","B"
"WP09C00655","1","B_o008_r01246","B"
"WP09C00656","1","B_o008_r01218","B"
"WP09C00657","1","B_o008_r01210","B"
"WP09C00658","1","B_o008_r01291","B"
"WP09C00658","1","B_o008_r01293","B"
"WP09C00659","1","B_o008_r01212","B"
"WP09C00660","1","B_o008_r01240","B"
"WP09C00661","1","B_o008_r01318","B"
"WP09C00662","1","B_o008_r01223","B"
"WP09C00662","1","B_o008_r01247","B"
"WP09C00663","1","B_o008_r01266","B"
"WP09C00664","1","B_o008_r01220","B"
"WP09C00664","1","B_o008_r01244","B"
"WP09C00665","1","B_o008_r01204","B"
"WP09C00666","1","B_o008_r01265","B"
"WP09C00667","1","B_o008_r01252","B"
"WP09C00668","1","B_o008_r01224","B"
"WP09C00669","1","B_o008_r01242","B"
"WP09C00670","1","B_o008_r01217","B"
"WP09C00670","1","B_o008_r01241","B"
"WP09C00671","1","B_o008_r01276","B"
"WP09C00672","1","B_o008_r01268","B"
"WP09C00673","1","B_o008_r01230","B"
"WP09C00674","1","B_o008_r01219","B"
"WP09C00674","1","B_o008_r01221","B"
"WP09C00674","1","B_o008_r01243","B"
"WP09C00674","1","B_o008_r01245","B"
"WP09C00675","1","B_o008_r01286","B"
"WP09C00676","1","B_o008_r01273","B"
"WP09C00676","1","B_o008_r01275","B"
"WP09C00676","1","B_o008_r01279","B"
"WP09C00676","1","B_o008_r01281","B"
"WP09C00677","1","B_o008_r01285","B"
"WP09C00677","1","B_o008_r01287","B"
"WP09C00678","1","B_o008_r01226","B"
"WP09C00678","1","B_o008_r01250","B"
"WP09C00679","1","B_o008_r01225","B"
"WP09C00680","1","B_o008_r01264","B"
"WP09C00681","1","B_o008_r01234","B"
"WP09C00682","1","B_o008_r01319","B"
"WP09C00683","1","B_o008_r01248","B"
"WP09C00684","1","B_o008_r01236","B"
"WP09C00685","1","B_o008_r01229","B"
"WP09C00685","1","B_o008_r01253","B"
"WP09C00686","1","B_o008_r01297","B"
"WP09C00686","1","B_o008_r01299","B"
"WP09C00686","1","B_o008_r01303","B"
"WP09C00686","1","B_o008_r01305","B"
"WP09C00687","1","B_o008_r01306","B"
"WP09C00688","1","B_o008_r01254","B"
"WP09C00689","1","B_o008_r01298","B"
"WP09C00689","1","B_o008_r01304","B"
"WP09C00690","1","B_o008_r01206","B"
"WP09C00691","1","B_o008_r01270","B"
"WP09C00692","1","B_o008_r01272","B"
"WP09C00693","1","B_o008_r01271","B"
"WP09C00694","1","B_o008_r01216","B"
"WP09C00695","1","B_o009_r01430","B"
"WP09C00696","1","B_o009_r01387","B"
"WP09C00696","1","B_o009_r01389","B"
"WP09C00697","1","B_o009_r01429","B"
"WP09C00697","1","B_o009_r01431","B"
"WP09C00698","1","B_o009_r01394","B"
"WP09C00698","1","B_o009_r01400","B"
"WP09C00699","1","B_o009_r01321","B"
"WP09C00700","1","B_o009_r01348","B"
"WP09C00701","1","B_o009_r01432","B"
"WP09C00702","1","B_o009_r01325","B"
"WP09C00702","1","B_o009_r01331","B"
"WP09C00702","1","B_o009_r01355","B"
"WP09C00703","1","B_o009_r01435","B"
"WP09C00703","1","B_o009_r01437","B"
"WP09C00704","1","B_o009_r01322","B"
"WP09C00705","1","B_o009_r01414","B"
"WP09C00706","1","B_o009_r01402","B"
"WP09C00707","1","B_o009_r01342","B"
"WP09C00708","1","B_o009_r01412","B"
"WP09C00709","1","B_o009_r01420","B"
"WP09C00710","1","B_o009_r01333","B"
"WP09C00710","1","B_o009_r01335","B"
"WP09C00710","1","B_o009_r01357","B"
"WP09C00710","1","B_o009_r01359","B"
"WP09C00711","1","B_o009_r01408","B"
"WP09C00712","1","B_o009_r01334","B"
"WP09C00712","1","B_o009_r01358","B"
"WP09C00713","1","B_o009_r01323","B"
"WP09C00713","1","B_o009_r01329","B"
"WP09C00713","1","B_o009_r01353","B"
"WP09C00714","1","B_o009_r01436","B"
"WP09C00715","1","B_o009_r01382","B"
"WP09C00716","1","B_o009_r01381","B"
"WP09C00716","1","B_o009_r01383","B"
"WP09C00717","1","B_o009_r01440","B"
"WP09C00718","1","B_o009_r01347","B"
"WP09C00718","2","B_o009_r01369","B"
"WP09C00718","1","B_o009_r01371","B"
"WP09C00719","1","B_o009_r01366","B"
"WP09C00720","1","B_o009_r01338","B"
"WP09C00721","1","B_o009_r01330","B"
"WP09C00722","1","B_o009_r01411","B"
"WP09C00722","1","B_o009_r01413","B"
"WP09C00723","1","B_o009_r01332","B"
"WP09C00724","1","B_o009_r01360","B"
"WP09C00725","1","B_o009_r01438","B"
"WP09C00726","1","B_o009_r01343","B"
"WP09C00726","1","B_o009_r01367","B"
"WP09C00727","1","B_o009_r01386","B"
"WP09C00728","1","B_o009_r01340","B"
"WP09C00728","1","B_o009_r01364","B"
"WP09C00729","1","B_o009_r01324","B"
"WP09C00730","1","B_o009_r01385","B"
"WP09C00731","1","B_o009_r01372","B"
"WP09C00732","1","B_o009_r01344","B"
"WP09C00733","1","B_o009_r01362","B"
"WP09C00734","1","B_o009_r01337","B"
"WP09C00734","1","B_o009_r01361","B"
"WP09C00735","1","B_o009_r01396","B"
"WP09C00736","1","B_o009_r01388","B"
"WP09C00737","1","B_o009_r01350","B"
"WP09C00738","1","B_o009_r01339","B"
"WP09C00738","1","B_o009_r01341","B"
"WP09C00738","1","B_o009_r01363","B"
"WP09C00738","1","B_o009_r01365","B"
"WP09C00739","1","B_o009_r01406","B"
"WP09C00740","1","B_o009_r01393","B"
"WP09C00740","1","B_o009_r01395","B"
"WP09C00740","1","B_o009_r01399","B"
"WP09C00740","1","B_o009_r01401","B"
"WP09C00741","1","B_o009_r01405","B"
"WP09C00741","1","B_o009_r01407","B"
"WP09C00742","1","B_o009_r01346","B"
"WP09C00742","1","B_o009_r01370","B"
"WP09C00743","1","B_o009_r01345","B"
"WP09C00744","1","B_o009_r01384","B"
"WP09C00745","1","B_o009_r01354","B"
"WP09C00746","1","B_o009_r01439","B"
"WP09C00747","1","B_o009_r01368","B"
"WP09C00748","1","B_o009_r01356","B"
"WP09C00749","1","B_o009_r01349","B"
"WP09C00749","1","B_o009_r01373","B"
"WP09C00750","1","B_o009_r01417","B"
"WP09C00750","1","B_o009_r01419","B"
"WP09C00750","1","B_o009_r01423","B"
"WP09C00750","1","B_o009_r01425","B"
"WP09C00751","1","B_o009_r01426","B"
"WP09C00752","1","B_o009_r01374","B"
"WP09C00753","1","B_o009_r01418","B"
"WP09C00753","1","B_o009_r01424","B"
"WP09C00754","1","B_o009_r01326","B"
"WP09C00755","1","B_o009_r01390","B"
"WP09C00756","1","B_o009_r01392","B"
"WP09C00757","1","B_o009_r01391","B"
"WP09C00758","1","B_o009_r01336","B"
"WP09C00759","1","B_o010_r01507","B"
"WP09C00759","1","B_o010_r01509","B"
"WP09C00760","1","B_o010_r01514","B"
"WP09C00760","1","B_o010_r01520","B"
"WP09C00761","1","B_o010_r01468","B"
"WP09C00762","1","B_o010_r01518","B"
"WP09C00763","1","B_o010_r01445","B"
"WP09C00763","1","B_o010_r01451","B"
"WP09C00763","1","B_o010_r01475","B"
"WP09C00764","1","B_o010_r01442","B"
"WP09C00765","1","B_o010_r01441","B"
"WP09C00766","1","B_o010_r01522","B"
"WP09C00767","1","B_o010_r01462","B"
"WP09C00768","1","B_o010_r01530","B"
"WP09C00769","1","B_o010_r01529","B"
"WP09C00770","1","B_o010_r01443","B"
"WP09C00770","1","B_o010_r01449","B"
"WP09C00770","1","B_o010_r01473","B"
"WP09C00771","1","B_o010_r01453","B"
"WP09C00771","1","B_o010_r01455","B"
"WP09C00771","1","B_o010_r01477","B"
"WP09C00771","1","B_o010_r01479","B"
"WP09C00772","1","B_o010_r01528","B"
"WP09C00773","1","B_o010_r01454","B"
"WP09C00773","1","B_o010_r01478","B"
"WP09C00774","1","B_o010_r01524","B"
"WP09C00775","1","B_o010_r01502","B"
"WP09C00776","1","B_o010_r01501","B"
"WP09C00776","1","B_o010_r01503","B"
"WP09C00777","1","B_o010_r01465","B"
"WP09C00777","1","B_o010_r01489","B"
"WP09C00778","1","B_o010_r01486","B"
"WP09C00779","1","B_o010_r01458","B"
"WP09C00780","1","B_o010_r01488","B"
"WP09C00781","1","B_o010_r01450","B"
"WP09C00782","1","B_o010_r01467","B"
"WP09C00782","1","B_o010_r01491","B"
"WP09C00783","1","B_o010_r01511","B"
"WP09C00784","1","B_o010_r01452","B"
"WP09C00785","1","B_o010_r01480","B"
"WP09C00786","1","B_o010_r01506","B"
"WP09C00787","1","B_o010_r01460","B"
"WP09C00787","1","B_o010_r01484","B"
"WP09C00788","1","B_o010_r01517","B"
"WP09C00788","1","B_o010_r01523","B"
"WP09C00789","1","B_o010_r01444","B"
"WP09C00790","1","B_o010_r01505","B"
"WP09C00791","1","B_o010_r01492","B"
"WP09C00792","1","B_o010_r01482","B"
"WP09C00793","1","B_o010_r01457","B"
"WP09C00793","1","B_o010_r01481","B"
"WP09C00794","1","B_o010_r01516","B"
"WP09C00795","1","B_o010_r01508","B"
"WP09C00796","1","B_o010_r01470","B"
"WP09C00797","1","B_o010_r01459","B"
"WP09C00797","1","B_o010_r01461","B"
"WP09C00797","1","B_o010_r01483","B"
"WP09C00797","1","B_o010_r01485","B"
"WP09C00798","1","B_o010_r01526","B"
"WP09C00799","1","B_o010_r01513","B"
"WP09C00799","1","B_o010_r01515","B"
"WP09C00799","1","B_o010_r01519","B"
"WP09C00799","1","B_o010_r01521","B"
"WP09C00800","1","B_o010_r01525","B"
"WP09C00800","1","B_o010_r01527","B"
"WP09C00801","1","B_o010_r01466","B"
"WP09C00801","1","B_o010_r01490","B"
"WP09C00802","1","B_o010_r01504","B"
"WP09C00803","1","B_o010_r01512","B"
"WP09C00804","1","B_o010_r01474","B"
"WP09C00805","1","B_o010_r01476","B"
"WP09C00806","1","B_o010_r01463","B"
"WP09C00806","1","B_o010_r01487","B"
"WP09C00807","1","B_o010_r01469","B"
"WP09C00807","1","B_o010_r01493","B"
"WP09C00808","1","B_o010_r01464","B"
"WP09C00809","1","B_o010_r01494","B"
"WP09C00810","1","B_o010_r01446","B"
"WP09C00811","1","B_o010_r01510","B"
"WP09C00812","1","B_o010_r01456","B"
"WP09C00813","1","B_o011_r01670","B"
"WP09C00814","1","B_o011_r01627","B"
"WP09C00814","1","B_o011_r01629","B"
"WP09C00815","1","B_o011_r01669","B"
"WP09C00815","1","B_o011_r01671","B"
"WP09C00816","1","B_o011_r01634","B"
"WP09C00816","1","B_o011_r01640","B"
"WP09C00817","1","B_o011_r01561","B"
"WP09C00818","1","B_o011_r01588","B"
"WP09C00819","1","B_o011_r01638","B"
"WP09C00820","1","B_o011_r01672","B"
"WP09C00821","1","B_o011_r01565","B"
"WP09C00821","1","B_o011_r01571","B"
"WP09C00821","1","B_o011_r01595","B"
"WP09C00822","1","B_o011_r01562","B"
"WP09C00823","1","B_o011_r01642","B"
"WP09C00824","1","B_o011_r01582","B"
"WP09C00825","1","B_o011_r01650","B"
"WP09C00826","1","B_o011_r01649","B"
"WP09C00827","1","B_o011_r01569","B"
"WP09C00827","1","B_o011_r01593","B"
"WP09C00828","1","B_o011_r01668","B"
"WP09C00829","1","B_o011_r01660","B"
"WP09C00830","1","B_o011_r01573","B"
"WP09C00830","1","B_o011_r01575","B"
"WP09C00830","1","B_o011_r01597","B"
"WP09C00830","1","B_o011_r01599","B"
"WP09C00831","1","B_o011_r01648","B"
"WP09C00832","1","B_o011_r01673","B"
"WP09C00833","1","B_o011_r01574","B"
"WP09C00833","1","B_o011_r01598","B"
"WP09C00834","1","B_o011_r01644","B"
"WP09C00835","1","B_o011_r01622","B"
"WP09C00836","1","B_o011_r01621","B"
"WP09C00836","1","B_o011_r01623","B"
"WP09C00837","1","B_o011_r01609","B"
"WP09C00838","1","B_o011_r01606","B"
"WP09C00839","1","B_o011_r01578","B"
"WP09C00840","1","B_o011_r01608","B"
"WP09C00841","1","B_o011_r01570","B"
"WP09C00842","1","B_o011_r01611","B"
"WP09C00843","1","B_o011_r01631","B"
"WP09C00844","1","B_o011_r01572","B"
"WP09C00845","1","B_o011_r01600","B"
"WP09C00846","1","B_o011_r01674","B"
"WP09C00847","1","B_o011_r01626","B"
"WP09C00848","1","B_o011_r01580","B"
"WP09C00848","1","B_o011_r01604","B"
"WP09C00849","1","B_o011_r01637","B"
"WP09C00849","1","B_o011_r01643","B"
"WP09C00850","1","B_o011_r01564","B"
"WP09C00851","1","B_o011_r01625","B"
"WP09C00852","1","B_o011_r01612","B"
"WP09C00853","1","B_o011_r01602","B"
"WP09C00854","1","B_o011_r01577","B"
"WP09C00854","1","B_o011_r01601","B"
"WP09C00855","1","B_o011_r01563","B"
"WP09C00856","1","B_o011_r01636","B"
"WP09C00857","1","B_o011_r01628","B"
"WP09C00858","1","B_o011_r01590","B"
"WP09C00859","1","B_o011_r01579","B"
"WP09C00859","1","B_o011_r01581","B"
"WP09C00859","1","B_o011_r01603","B"
"WP09C00859","1","B_o011_r01605","B"
"WP09C00860","1","B_o011_r01646","B"
"WP09C00861","1","B_o011_r01661","B"
"WP09C00861","1","B_o011_r01667","B"
"WP09C00862","1","B_o011_r01633","B"
"WP09C00862","1","B_o011_r01635","B"
"WP09C00862","1","B_o011_r01639","B"
"WP09C00862","1","B_o011_r01641","B"
"WP09C00863","1","B_o011_r01645","B"
"WP09C00863","1","B_o011_r01647","B"
"WP09C00864","1","B_o011_r01586","B"
"WP09C00864","1","B_o011_r01610","B"
"WP09C00865","1","B_o011_r01585","B"
"WP09C00866","1","B_o011_r01624","B"
"WP09C00867","1","B_o011_r01632","B"
"WP09C00868","1","B_o011_r01662","B"
"WP09C00869","1","B_o011_r01594","B"
"WP09C00870","1","B_o011_r01596","B"
"WP09C00871","1","B_o011_r01583","B"
"WP09C00871","1","B_o011_r01607","B"
"WP09C00872","1","B_o011_r01589","B"
"WP09C00872","1","B_o011_r01613","B"
"WP09C00873","1","B_o011_r01657","B"
"WP09C00873","1","B_o011_r01659","B"
"WP09C00873","1","B_o011_r01663","B"
"WP09C00873","1","B_o011_r01665","B"
"WP09C00874","1","B_o011_r01584","B"
"WP09C00875","1","B_o011_r01666","B"
"WP09C00876","1","B_o011_r01614","B"
"WP09C00877","1","B_o011_r01658","B"
"WP09C00877","1","B_o011_r01664","B"
"WP09C00878","1","B_o011_r01566","B"
"WP09C00879","1","B_o011_r01630","B"
"WP09C00880","1","B_o011_r01587","B"
"WP09C00881","1","B_o011_r01576","B"
"WP09C00882","1","B_o012_r01790","B"
"WP09C00883","1","B_o012_r01747","B"
"WP09C00883","1","B_o012_r01749","B"
"WP09C00884","1","B_o012_r01789","B"
"WP09C00884","1","B_o012_r01791","B"
"WP09C00885","1","B_o012_r01754","B"
"WP09C00885","1","B_o012_r01760","B"
"WP09C00886","1","B_o012_r01681","B"
"WP09C00887","1","B_o012_r01708","B"
"WP09C00888","1","B_o012_r01758","B"
"WP09C00889","1","B_o012_r01792","B"
"WP09C00890","1","B_o012_r01685","B"
"WP09C00890","1","B_o012_r01691","B"
"WP09C00890","1","B_o012_r01715","B"
"WP09C00891","1","B_o012_r01682","B"
"WP09C00892","1","B_o012_r01762","B"
"WP09C00893","1","B_o012_r01702","B"
"WP09C00894","1","B_o012_r01770","B"
"WP09C00895","1","B_o012_r01769","B"
"WP09C00896","1","B_o012_r01689","B"
"WP09C00896","1","B_o012_r01713","B"
"WP09C00897","1","B_o012_r01788","B"
"WP09C00898","1","B_o012_r01780","B"
"WP09C00899","1","B_o012_r01693","B"
"WP09C00899","1","B_o012_r01695","B"
"WP09C00899","1","B_o012_r01717","B"
"WP09C00899","1","B_o012_r01719","B"
"WP09C00900","1","B_o012_r01768","B"
"WP09C00901","1","B_o012_r01793","B"
"WP09C00902","1","B_o012_r01694","B"
"WP09C00902","1","B_o012_r01718","B"
"WP09C00903","1","B_o012_r01764","B"
"WP09C00904","1","B_o012_r01742","B"
"WP09C00905","1","B_o012_r01741","B"
"WP09C00905","1","B_o012_r01743","B"
"WP09C00906","1","B_o012_r01729","B"
"WP09C00907","1","B_o012_r01726","B"
"WP09C00908","1","B_o012_r01698","B"
"WP09C00909","1","B_o012_r01728","B"
"WP09C00910","1","B_o012_r01690","B"
"WP09C00911","1","B_o012_r01731","B"
"WP09C00912","1","B_o012_r01751","B"
"WP09C00913","1","B_o012_r01692","B"
"WP09C00914","1","B_o012_r01720","B"
"WP09C00915","1","B_o012_r01794","B"
"WP09C00916","1","B_o012_r01746","B"
"WP09C00917","1","B_o012_r01700","B"
"WP09C00917","1","B_o012_r01724","B"
"WP09C00918","1","B_o012_r01757","B"
"WP09C00918","1","B_o012_r01763","B"
"WP09C00919","1","B_o012_r01684","B"
"WP09C00920","1","B_o012_r01745","B"
"WP09C00921","1","B_o012_r01732","B"
"WP09C00922","1","B_o012_r01722","B"
"WP09C00923","1","B_o012_r01697","B"
"WP09C00923","1","B_o012_r01721","B"
"WP09C00924","1","B_o012_r01683","B"
"WP09C00925","1","B_o012_r01756","B"
"WP09C00926","1","B_o012_r01748","B"
"WP09C00927","1","B_o012_r01710","B"
"WP09C00928","1","B_o012_r01699","B"
"WP09C00928","1","B_o012_r01701","B"
"WP09C00928","1","B_o012_r01723","B"
"WP09C00928","1","B_o012_r01725","B"
"WP09C00929","1","B_o012_r01766","B"
"WP09C00930","1","B_o012_r01781","B"
"WP09C00930","1","B_o012_r01787","B"
"WP09C00931","1","B_o012_r01753","B"
"WP09C00931","1","B_o012_r01755","B"
"WP09C00931","1","B_o012_r01759","B"
"WP09C00931","1","B_o012_r01761","B"
"WP09C00932","1","B_o012_r01765","B"
"WP09C00932","1","B_o012_r01767","B"
"WP09C00933","1","B_o012_r01706","B"
"WP09C00933","1","B_o012_r01730","B"
"WP09C00934","1","B_o012_r01705","B"
"WP09C00935","1","B_o012_r01744","B"
"WP09C00936","1","B_o012_r01752","B"
"WP09C00937","1","B_o012_r01782","B"
"WP09C00938","1","B_o012_r01714","B"
"WP09C00939","1","B_o012_r01716","B"
"WP09C00940","1","B_o012_r01703","B"
"WP09C00940","1","B_o012_r01727","B"
"WP09C00941","1","B_o012_r01709","B"
"WP09C00941","1","B_o012_r01733","B"
"WP09C00942","1","B_o012_r01777","B"
"WP09C00942","1","B_o012_r01779","B"
"WP09C00942","1","B_o012_r01783","B"
"WP09C00942","1","B_o012_r01785","B"
"WP09C00943","1","B_o012_r01704","B"
"WP09C00944","1","B_o012_r01786","B"
"WP09C00945","1","B_o012_r01734","B"
"WP09C00946","1","B_o012_r01778","B"
"WP09C00946","1","B_o012_r01784","B"
"WP09C00947","1","B_o012_r01686","B"
"WP09C00948","1","B_o012_r01750","B"
"WP09C00949","1","B_o012_r01707","B"
"WP09C00950","1","B_o012_r01696","B"
"WP09C00951","1","B_o013_r01910","B"
"WP09C00952","1","B_o013_r01867","B"
"WP09C00952","1","B_o013_r01869","B"
"WP09C00953","1","B_o013_r01909","B"
"WP09C00953","1","B_o013_r01911","B"
"WP09C00954","1","B_o013_r01874","B"
"WP09C00954","1","B_o013_r01880","B"
"WP09C00955","1","B_o013_r01892","B"
"WP09C00956","1","B_o013_r01801","B"
"WP09C00957","1","B_o013_r01828","B"
"WP09C00958","1","B_o013_r01878","B"
"WP09C00959","1","B_o013_r01912","B"
"WP09C00960","1","B_o013_r01805","B"
"WP09C00960","1","B_o013_r01811","B"
"WP09C00960","1","B_o013_r01835","B"
"WP09C00961","1","B_o013_r01802","B"
"WP09C00962","1","B_o013_r01813","B"
"WP09C00963","1","B_o013_r01916","B"
"WP09C00964","1","B_o013_r01882","B"
"WP09C00965","1","B_o013_r01822","B"
"WP09C00966","1","B_o013_r01890","B"
"WP09C00967","1","B_o013_r01889","B"
"WP09C00968","1","B_o013_r01809","B"
"WP09C00968","1","B_o013_r01833","B"
"WP09C00969","1","B_o013_r01908","B"
"WP09C00970","1","B_o013_r01900","B"
"WP09C00971","1","B_o013_r01888","B"
"WP09C00972","1","B_o013_r01913","B"
"WP09C00973","1","B_o013_r01814","B"
"WP09C00973","1","B_o013_r01838","B"
"WP09C00974","1","B_o013_r01884","B"
"WP09C00975","1","B_o013_r01895","B"
"WP09C00976","1","B_o013_r01862","B"
"WP09C00977","1","B_o013_r01896","B"
"WP09C00978","1","B_o013_r01849","B"
"WP09C00979","1","B_o013_r01846","B"
"WP09C00980","1","B_o013_r01919","B"
"WP09C00981","1","B_o013_r01818","B"
"WP09C00982","1","B_o013_r01848","B"
"WP09C00983","1","B_o013_r01810","B"
"WP09C00984","1","B_o013_r01851","B"
"WP09C00985","1","B_o013_r01871","B"
"WP09C00986","1","B_o013_r01812","B"
"WP09C00987","1","B_o013_r01840","B"
"WP09C00988","1","B_o013_r01914","B"
"WP09C00989","1","B_o013_r01891","B"
"WP09C00989","1","B_o013_r01893","B"
"WP09C00990","1","B_o013_r01866","B"
"WP09C00991","1","B_o013_r01820","B"
"WP09C00991","1","B_o013_r01844","B"
"WP09C00992","1","B_o013_r01877","B"
"WP09C00992","1","B_o013_r01883","B"
"WP09C00993","1","B_o013_r01920","B"
"WP09C00994","1","B_o013_r01894","B"
"WP09C00995","1","B_o013_r01804","B"
"WP09C00996","1","B_o013_r01865","B"
"WP09C00997","1","B_o013_r01852","B"
"WP09C00998","1","B_o013_r01842","B"
"WP09C00999","1","B_o013_r01817","B"
"WP09C00999","1","B_o013_r01841","B"
"WP09C01000","1","B_o013_r01803","B"
"WP09C01001","1","B_o013_r01876","B"
"WP09C01002","1","B_o013_r01868","B"
"WP09C01003","1","B_o013_r01830","B"
"WP09C01004","1","B_o013_r01819","B"
"WP09C01004","1","B_o013_r01821","B"
"WP09C01004","1","B_o013_r01843","B"
"WP09C01004","1","B_o013_r01845","B"
"WP09C01005","1","B_o013_r01886","B"
"WP09C01006","1","B_o013_r01901","B"
"WP09C01006","1","B_o013_r01907","B"
"WP09C01007","1","B_o013_r01915","B"
"WP09C01007","1","B_o013_r01917","B"
"WP09C01008","1","B_o013_r01826","B"
"WP09C01008","1","B_o013_r01850","B"
"WP09C01009","1","B_o013_r01825","B"
"WP09C01010","1","B_o013_r01864","B"
"WP09C01011","1","B_o013_r01872","B"
"WP09C01012","1","B_o013_r01902","B"
"WP09C01013","1","B_o013_r01834","B"
"WP09C01014","1","B_o013_r01918","B"
"WP09C01015","1","B_o013_r01861","B"
"WP09C01015","1","B_o013_r01863","B"
"WP09C01016","1","B_o013_r01836","B"
"WP09C01017","1","B_o013_r01823","B"
"WP09C01017","1","B_o013_r01847","B"
"WP09C01018","1","B_o013_r01829","B"
"WP09C01018","1","B_o013_r01853","B"
"WP09C01019","1","B_o013_r01897","B"
"WP09C01019","1","B_o013_r01899","B"
"WP09C01019","1","B_o013_r01903","B"
"WP09C01019","1","B_o013_r01905","B"
"WP09C01020","1","B_o013_r01824","B"
"WP09C01021","1","B_o013_r01906","B"
"WP09C01022","1","B_o013_r01854","B"
"WP09C01023","1","B_o013_r01898","B"
"WP09C01023","1","B_o013_r01904","B"
"WP09C01024","1","B_o013_r01806","B"
"WP09C01025","1","B_o013_r01870","B"
"WP09C01026","1","B_o013_r01815","B"
"WP09C01026","2","B_o013_r01837","B"
"WP09C01026","1","B_o013_r01839","B"
"WP09C01027","1","B_o013_r01827","B"
"WP09C01028","1","B_o013_r01816","B"
"WP09C01029","1","B_o014_r02030","B"
"WP09C01030","1","B_o014_r01987","B"
"WP09C01030","1","B_o014_r01989","B"
"WP09C01031","1","B_o014_r02029","B"
"WP09C01031","1","B_o014_r02031","B"
"WP09C01032","1","B_o014_r01994","B"
"WP09C01032","1","B_o014_r02000","B"
"WP09C01033","1","B_o014_r02012","B"
"WP09C01034","1","B_o014_r01921","B"
"WP09C01035","1","B_o014_r01948","B"
"WP09C01036","1","B_o014_r01998","B"
"WP09C01037","1","B_o014_r02032","B"
"WP09C01038","1","B_o014_r01925","B"
"WP09C01038","1","B_o014_r01931","B"
"WP09C01038","1","B_o014_r01955","B"
"WP09C01039","1","B_o014_r01922","B"
"WP09C01040","1","B_o014_r01933","B"
"WP09C01041","1","B_o014_r02036","B"
"WP09C01042","1","B_o014_r02002","B"
"WP09C01043","1","B_o014_r01942","B"
"WP09C01044","1","B_o014_r02010","B"
"WP09C01045","1","B_o014_r02009","B"
"WP09C01046","1","B_o014_r01929","B"
"WP09C01046","1","B_o014_r01953","B"
"WP09C01047","1","B_o014_r02028","B"
"WP09C01048","1","B_o014_r02020","B"
"WP09C01049","1","B_o014_r02008","B"
"WP09C01050","1","B_o014_r02033","B"
"WP09C01051","1","B_o014_r01934","B"
"WP09C01051","1","B_o014_r01958","B"
"WP09C01052","1","B_o014_r02004","B"
"WP09C01053","1","B_o014_r02015","B"
"WP09C01054","1","B_o014_r01982","B"
"WP09C01055","1","B_o014_r02016","B"
"WP09C01056","1","B_o014_r01969","B"
"WP09C01057","1","B_o014_r01966","B"
"WP09C01058","1","B_o014_r02039","B"
"WP09C01059","1","B_o014_r01938","B"
"WP09C01060","1","B_o014_r01968","B"
"WP09C01061","1","B_o014_r01930","B"
"WP09C01062","1","B_o014_r01971","B"
"WP09C01063","1","B_o014_r01991","B"
"WP09C01064","1","B_o014_r01932","B"
"WP09C01065","1","B_o014_r01960","B"
"WP09C01066","1","B_o014_r02034","B"
"WP09C01067","1","B_o014_r02011","B"
"WP09C01067","1","B_o014_r02013","B"
"WP09C01068","1","B_o014_r01986","B"
"WP09C01069","1","B_o014_r01940","B"
"WP09C01069","1","B_o014_r01964","B"
"WP09C01070","1","B_o014_r01997","B"
"WP09C01070","1","B_o014_r02003","B"
"WP09C01071","1","B_o014_r02040","B"
"WP09C01072","1","B_o014_r02014","B"
"WP09C01073","1","B_o014_r01924","B"
"WP09C01074","1","B_o014_r01985","B"
"WP09C01075","1","B_o014_r01972","B"
"WP09C01076","1","B_o014_r01962","B"
"WP09C01077","1","B_o014_r01937","B"
"WP09C01077","1","B_o014_r01961","B"
"WP09C01078","1","B_o014_r01923","B"
"WP09C01079","1","B_o014_r01996","B"
"WP09C01080","1","B_o014_r01988","B"
"WP09C01081","1","B_o014_r01950","B"
"WP09C01082","1","B_o014_r01939","B"
"WP09C01082","1","B_o014_r01941","B"
"WP09C01082","1","B_o014_r01963","B"
"WP09C01082","1","B_o014_r01965","B"
"WP09C01083","1","B_o014_r02006","B"
"WP09C01084","1","B_o014_r02021","B"
"WP09C01084","1","B_o014_r02027","B"
"WP09C01085","1","B_o014_r02035","B"
"WP09C01085","1","B_o014_r02037","B"
"WP09C01086","1","B_o014_r01946","B"
"WP09C01086","1","B_o014_r01970","B"
"WP09C01087","1","B_o014_r01945","B"
"WP09C01088","1","B_o014_r01984","B"
"WP09C01089","1","B_o014_r01992","B"
"WP09C01090","1","B_o014_r02022","B"
"WP09C01091","1","B_o014_r01954","B"
"WP09C01092","1","B_o014_r02038","B"
"WP09C01093","1","B_o014_r01981","B"
"WP09C01093","1","B_o014_r01983","B"
"WP09C01094","1","B_o014_r01956","B"
"WP09C01095","1","B_o014_r01943","B"
"WP09C01095","1","B_o014_r01967","B"
"WP09C01096","1","B_o014_r01949","B"
"WP09C01096","1","B_o014_r01973","B"
"WP09C01097","1","B_o014_r02017","B"
"WP09C01097","1","B_o014_r02019","B"
"WP09C01097","1","B_o014_r02023","B"
"WP09C01097","1","B_o014_r02025","B"
"WP09C01098","1","B_o014_r01944","B"
"WP09C01099","1","B_o014_r02026","B"
"WP09C01100","1","B_o014_r01974","B"
"WP09C01101","1","B_o014_r02018","B"
"WP09C01101","1","B_o014_r02024","B"
"WP09C01102","1","B_o014_r01926","B"
"WP09C01103","1","B_o014_r01990","B"
"WP09C01104","1","B_o014_r01935","B"
"WP09C01104","2","B_o014_r01957","B"
"WP09C01104","1","B_o014_r01959","B"
"WP09C01105","1","B_o014_r01947","B"
"WP09C01106","1","B_o014_r01936","B"
"WP09C01107","1","B_o015_r02107","B"
"WP09C01107","1","B_o015_r02109","B"
"WP09C01108","1","B_o015_r02044","B"
"WP09C01109","1","B_o015_r02149","B"
"WP09C01109","1","B_o015_r02151","B"
"WP09C01110","1","B_o015_r02114","B"
"WP09C01110","1","B_o015_r02120","B"
"WP09C01111","1","B_o015_r02132","B"
"WP09C01112","1","B_o015_r02041","B"
"WP09C01113","1","B_o015_r02118","B"
"WP09C01114","1","B_o015_r02113","B"
"WP09C01114","1","B_o015_r02115","B"
"WP09C01114","1","B_o015_r02119","B"
"WP09C01114","1","B_o015_r02121","B"
"WP09C01115","1","B_o015_r02045","B"
"WP09C01115","1","B_o015_r02051","B"
"WP09C01115","1","B_o015_r02075","B"
"WP09C01116","1","B_o015_r02042","B"
"WP09C01117","1","B_o015_r02053","B"
"WP09C01118","1","B_o015_r02122","B"
"WP09C01119","1","B_o015_r02130","B"
"WP09C01120","1","B_o015_r02129","B"
"WP09C01121","1","B_o015_r02049","B"
"WP09C01121","1","B_o015_r02073","B"
"WP09C01122","1","B_o015_r02068","B"
"WP09C01123","1","B_o015_r02128","B"
"WP09C01124","1","B_o015_r02054","B"
"WP09C01124","1","B_o015_r02078","B"
"WP09C01125","1","B_o015_r02124","B"
"WP09C01126","1","B_o015_r02135","B"
"WP09C01127","1","B_o015_r02102","B"
"WP09C01128","1","B_o015_r02136","B"
"WP09C01129","1","B_o015_r02089","B"
"WP09C01130","1","B_o015_r02058","B"
"WP09C01131","1","B_o015_r02091","B"
"WP09C01132","1","B_o015_r02080","B"
"WP09C01133","1","B_o015_r02131","B"
"WP09C01133","1","B_o015_r02133","B"
"WP09C01134","1","B_o015_r02106","B"
"WP09C01135","1","B_o015_r02117","B"
"WP09C01135","1","B_o015_r02123","B"
"WP09C01136","1","B_o015_r02134","B"
"WP09C01137","1","B_o015_r02105","B"
"WP09C01138","1","B_o015_r02082","B"
"WP09C01139","1","B_o015_r02057","B"
"WP09C01139","1","B_o015_r02081","B"
"WP09C01140","1","B_o015_r02043","B"
"WP09C01141","1","B_o015_r02116","B"
"WP09C01142","1","B_o015_r02059","B"
"WP09C01142","1","B_o015_r02061","B"
"WP09C01142","1","B_o015_r02083","B"
"WP09C01142","1","B_o015_r02085","B"
"WP09C01143","1","B_o015_r02126","B"
"WP09C01144","1","B_o015_r02125","B"
"WP09C01144","1","B_o015_r02127","B"
"WP09C01145","1","B_o015_r02076","B"
"WP09C01146","1","B_o015_r02074","B"
"WP09C01147","1","B_o015_r02050","B"
"WP09C01148","1","B_o015_r02066","B"
"WP09C01148","1","B_o015_r02090","B"
"WP09C01149","1","B_o015_r02065","B"
"WP09C01150","1","B_o015_r02104","B"
"WP09C01151","1","B_o015_r02046","B"
"WP09C01152","1","B_o015_r02070","B"
"WP09C01153","1","B_o015_r02101","B"
"WP09C01153","1","B_o015_r02103","B"
"WP09C01154","1","B_o015_r02092","B"
"WP09C01155","1","B_o015_r02069","B"
"WP09C01155","1","B_o015_r02093","B"
"WP09C01156","1","B_o015_r02052","B"
"WP09C01157","1","B_o015_r02137","B"
"WP09C01157","1","B_o015_r02139","B"
"WP09C01157","1","B_o015_r02143","B"
"WP09C01157","1","B_o015_r02145","B"
"WP09C01158","1","B_o015_r02055","B"
"WP09C01158","2","B_o015_r02077","B"
"WP09C01158","1","B_o015_r02079","B"
"WP09C01159","1","B_o015_r02067","B"
"WP09C01160","1","B_o015_r02056","B"
"WP09C01161","1","B_o015_r02094","B"
"WP09C01162","1","B_o016_r02251","B"
"WP09C01162","1","B_o016_r02253","B"
"WP09C01163","1","B_o016_r02231","B"
"WP09C01164","1","B_o016_r02234","B"
"WP09C01164","1","B_o016_r02240","B"
"WP09C01165","1","B_o016_r02188","B"
"WP09C01166","1","B_o016_r02168","B"
"WP09C01166","1","B_o016_r02192","B"
"WP09C01167","1","B_o016_r02170","B"
"WP09C01168","1","B_o016_r02165","B"
"WP09C01168","1","B_o016_r02171","B"
"WP09C01168","1","B_o016_r02195","B"
"WP09C01169","1","B_o016_r02161","B"
"WP09C01170","1","B_o016_r02254","B"
"WP09C01171","1","B_o016_r02252","B"
"WP09C01172","1","B_o016_r02179","B"
"WP09C01172","1","B_o016_r02203","B"
"WP09C01173","1","B_o016_r02258","B"
"WP09C01173","1","B_o016_r02264","B"
"WP09C01174","1","B_o016_r02167","B"
"WP09C01174","1","B_o016_r02173","B"
"WP09C01174","1","B_o016_r02191","B"
"WP09C01174","1","B_o016_r02197","B"
"WP09C01175","1","B_o016_r02174","B"
"WP09C01175","1","B_o016_r02198","B"
"WP09C01176","1","B_o016_r02163","B"
"WP09C01176","1","B_o016_r02169","B"
"WP09C01176","1","B_o016_r02193","B"
"WP09C01177","1","B_o016_r02222","B"
"WP09C01178","1","B_o016_r02221","B"
"WP09C01178","1","B_o016_r02223","B"
"WP09C01179","1","B_o016_r02194","B"
"WP09C01180","1","B_o016_r02185","B"
"WP09C01180","1","B_o016_r02187","B"
"WP09C01180","1","B_o016_r02211","B"
"WP09C01181","1","B_o016_r02257","B"
"WP09C01181","1","B_o016_r02263","B"
"WP09C01182","1","B_o016_r02178","B"
"WP09C01183","1","B_o016_r02228","B"
"WP09C01184","1","B_o016_r02172","B"
"WP09C01185","1","B_o016_r02210","B"
"WP09C01185","1","B_o016_r02216","B"
"WP09C01186","1","B_o016_r02226","B"
"WP09C01187","1","B_o016_r02180","B"
"WP09C01187","1","B_o016_r02204","B"
"WP09C01188","1","B_o016_r02230","B"
"WP09C01189","1","B_o016_r02212","B"
"WP09C01190","1","B_o016_r02202","B"
"WP09C01191","1","B_o016_r02177","B"
"WP09C01191","1","B_o016_r02201","B"
"WP09C01192","1","B_o016_r02190","B"
"WP09C01193","1","B_o016_r02225","B"
"WP09C01194","1","B_o016_r02209","B"
"WP09C01194","1","B_o016_r02215","B"
"WP09C01194","1","B_o016_r02233","B"
"WP09C01194","1","B_o016_r02239","B"
"WP09C01195","1","B_o016_r02208","B"
"WP09C01196","1","B_o016_r02164","B"
"WP09C01197","1","B_o016_r02232","B"
"WP09C01198","1","B_o016_r02186","B"
"WP09C01199","1","B_o016_r02183","B"
"WP09C01199","1","B_o016_r02207","B"
"WP09C01200","1","B_o016_r02224","B"
"WP09C01201","1","B_o016_r02227","B"
"WP09C01201","1","B_o016_r02229","B"
"WP09C01202","1","B_o016_r02184","B"
"WP09C01203","1","B_o016_r02162","B"
"WP09C01204","1","B_o016_r02196","B"
"WP09C01205","1","B_o016_r02189","B"
"WP09C01205","1","B_o016_r02213","B"
"WP09C01206","1","B_o016_r02214","B"
"WP09C01207","1","B_o016_r02166","B"
"WP09C01208","1","B_o017_r02347","B"
"WP09C01208","1","B_o017_r02349","B"
"WP09C01209","1","B_o017_r02354","B"
"WP09C01209","1","B_o017_r02360","B"
"WP09C01210","1","B_o017_r02308","B"
"WP09C01211","1","B_o017_r02288","B"
"WP09C01211","1","B_o017_r02312","B"
"WP09C01212","1","B_o017_r02285","B"
"WP09C01212","1","B_o017_r02291","B"
"WP09C01212","1","B_o017_r02315","B"
"WP09C01213","1","B_o017_r02282","B"
"WP09C01214","1","B_o017_r02281","B"
"WP09C01215","1","B_o017_r02374","B"
"WP09C01216","1","B_o017_r02351","B"
"WP09C01217","1","B_o017_r02302","B"
"WP09C01218","1","B_o017_r02372","B"
"WP09C01219","1","B_o017_r02287","B"
"WP09C01219","1","B_o017_r02293","B"
"WP09C01219","1","B_o017_r02311","B"
"WP09C01219","1","B_o017_r02317","B"
"WP09C01220","1","B_o017_r02294","B"
"WP09C01220","1","B_o017_r02318","B"
"WP09C01221","1","B_o017_r02283","B"
"WP09C01221","1","B_o017_r02289","B"
"WP09C01221","1","B_o017_r02313","B"
"WP09C01222","1","B_o017_r02342","B"
"WP09C01223","1","B_o017_r02341","B"
"WP09C01223","1","B_o017_r02343","B"
"WP09C01224","1","B_o017_r02305","B"
"WP09C01224","1","B_o017_r02307","B"
"WP09C01224","1","B_o017_r02331","B"
"WP09C01225","1","B_o017_r02326","B"
"WP09C01226","1","B_o017_r02298","B"
"WP09C01227","1","B_o017_r02290","B"
"WP09C01228","1","B_o017_r02371","B"
"WP09C01228","1","B_o017_r02373","B"
"WP09C01229","1","B_o017_r02292","B"
"WP09C01230","1","B_o017_r02303","B"
"WP09C01230","1","B_o017_r02327","B"
"WP09C01231","1","B_o017_r02300","B"
"WP09C01231","1","B_o017_r02324","B"
"WP09C01232","1","B_o017_r02330","B"
"WP09C01232","1","B_o017_r02336","B"
"WP09C01233","1","B_o017_r02346","B"
"WP09C01234","1","B_o017_r02284","B"
"WP09C01235","1","B_o017_r02332","B"
"WP09C01236","1","B_o017_r02304","B"
"WP09C01237","1","B_o017_r02322","B"
"WP09C01238","1","B_o017_r02297","B"
"WP09C01238","1","B_o017_r02321","B"
"WP09C01239","1","B_o017_r02352","B"
"WP09C01240","1","B_o017_r02348","B"
"WP09C01241","1","B_o017_r02310","B"
"WP09C01242","1","B_o017_r02299","B"
"WP09C01242","1","B_o017_r02301","B"
"WP09C01242","1","B_o017_r02323","B"
"WP09C01242","1","B_o017_r02325","B"
"WP09C01243","1","B_o017_r02345","B"
"WP09C01244","1","B_o017_r02329","B"
"WP09C01244","1","B_o017_r02335","B"
"WP09C01244","1","B_o017_r02353","B"
"WP09C01244","1","B_o017_r02359","B"
"WP09C01245","1","B_o017_r02306","B"
"WP09C01246","1","B_o017_r02344","B"
"WP09C01247","1","B_o017_r02314","B"
"WP09C01248","1","B_o017_r02328","B"
"WP09C01249","1","B_o017_r02316","B"
"WP09C01250","1","B_o017_r02309","B"
"WP09C01250","1","B_o017_r02333","B"
"WP09C01251","1","B_o017_r02334","B"
"WP09C01252","1","B_o017_r02286","B"
"WP09C01253","1","B_o017_r02350","B"
"WP09C01254","1","B_o018_r02510","B"
"WP09C01255","1","B_o018_r02467","B"
"WP09C01255","1","B_o018_r02469","B"
"WP09C01256","1","B_o018_r02509","B"
"WP09C01256","1","B_o018_r02511","B"
"WP09C01257","1","B_o018_r02474","B"
"WP09C01257","1","B_o018_r02480","B"
"WP09C01258","1","B_o018_r02401","B"
"WP09C01259","1","B_o018_r02428","B"
"WP09C01260","1","B_o018_r02512","B"
"WP09C01261","1","B_o018_r02408","B"
"WP09C01261","1","B_o018_r02432","B"
"WP09C01262","1","B_o018_r02405","B"
"WP09C01262","1","B_o018_r02411","B"
"WP09C01262","1","B_o018_r02435","B"
"WP09C01263","1","B_o018_r02407","B"
"WP09C01264","1","B_o018_r02515","B"
"WP09C01264","1","B_o018_r02517","B"
"WP09C01265","1","B_o018_r02402","B"
"WP09C01266","1","B_o018_r02494","B"
"WP09C01267","1","B_o018_r02471","B"
"WP09C01268","1","B_o018_r02422","B"
"WP09C01269","1","B_o018_r02492","B"
"WP09C01270","1","B_o018_r02500","B"
"WP09C01271","1","B_o018_r02413","B"
"WP09C01271","1","B_o018_r02431","B"
"WP09C01271","1","B_o018_r02437","B"
"WP09C01272","1","B_o018_r02414","B"
"WP09C01272","1","B_o018_r02438","B"
"WP09C01273","1","B_o018_r02403","B"
"WP09C01273","1","B_o018_r02409","B"
"WP09C01273","1","B_o018_r02433","B"
"WP09C01274","1","B_o018_r02516","B"
"WP09C01275","1","B_o018_r02462","B"
"WP09C01276","1","B_o018_r02461","B"
"WP09C01276","1","B_o018_r02463","B"
"WP09C01277","1","B_o018_r02427","B"
"WP09C01277","1","B_o018_r02451","B"
"WP09C01278","1","B_o018_r02446","B"
"WP09C01279","1","B_o018_r02418","B"
"WP09C01280","1","B_o018_r02410","B"
"WP09C01281","1","B_o018_r02491","B"
"WP09C01281","1","B_o018_r02493","B"
"WP09C01282","1","B_o018_r02412","B"
"WP09C01283","1","B_o018_r02518","B"
"WP09C01284","1","B_o018_r02423","B"
"WP09C01284","1","B_o018_r02447","B"
"WP09C01285","1","B_o018_r02420","B"
"WP09C01285","1","B_o018_r02444","B"
"WP09C01286","1","B_o018_r02450","B"
"WP09C01286","1","B_o018_r02456","B"
"WP09C01287","1","B_o018_r02466","B"
"WP09C01288","1","B_o018_r02404","B"
"WP09C01289","1","B_o018_r02452","B"
"WP09C01290","1","B_o018_r02424","B"
"WP09C01291","1","B_o018_r02442","B"
"WP09C01292","1","B_o018_r02417","B"
"WP09C01292","1","B_o018_r02441","B"
"WP09C01293","1","B_o018_r02472","B"
"WP09C01294","1","B_o018_r02468","B"
"WP09C01295","1","B_o018_r02430","B"
"WP09C01296","1","B_o018_r02419","B"
"WP09C01296","1","B_o018_r02421","B"
"WP09C01296","1","B_o018_r02443","B"
"WP09C01296","1","B_o018_r02445","B"
"WP09C01297","1","B_o018_r02465","B"
"WP09C01298","1","B_o018_r02455","B"
"WP09C01298","1","B_o018_r02473","B"
"WP09C01298","1","B_o018_r02479","B"
"WP09C01299","1","B_o018_r02426","B"
"WP09C01300","1","B_o018_r02425","B"
"WP09C01301","1","B_o018_r02464","B"
"WP09C01302","1","B_o018_r02434","B"
"WP09C01303","1","B_o018_r02448","B"
"WP09C01304","1","B_o018_r02436","B"
"WP09C01305","1","B_o018_r02449","B"
"WP09C01306","1","B_o018_r02429","B"
"WP09C01306","1","B_o018_r02453","B"
"WP09C01307","1","B_o018_r02497","B"
"WP09C01307","1","B_o018_r02499","B"
"WP09C01307","1","B_o018_r02503","B"
"WP09C01307","1","B_o018_r02505","B"
"WP09C01308","1","B_o018_r02506","B"
"WP09C01309","1","B_o018_r02454","B"
"WP09C01310","1","B_o018_r02498","B"
"WP09C01310","1","B_o018_r02504","B"
"WP09C01311","1","B_o018_r02406","B"
"WP09C01312","1","B_o018_r02470","B"
"WP09C01313","1","B_o019_r02630","B"
"WP09C01314","1","B_o019_r02587","B"
"WP09C01314","1","B_o019_r02589","B"
"WP09C01315","1","B_o019_r02629","B"
"WP09C01315","1","B_o019_r02631","B"
"WP09C01316","1","B_o019_r02594","B"
"WP09C01316","1","B_o019_r02600","B"
"WP09C01317","1","B_o019_r02521","B"
"WP09C01318","1","B_o019_r02548","B"
"WP09C01319","1","B_o019_r02632","B"
"WP09C01320","1","B_o019_r02528","B"
"WP09C01320","1","B_o019_r02552","B"
"WP09C01321","1","B_o019_r02525","B"
"WP09C01321","1","B_o019_r02531","B"
"WP09C01321","1","B_o019_r02555","B"
"WP09C01322","1","B_o019_r02527","B"
"WP09C01323","1","B_o019_r02635","B"
"WP09C01323","1","B_o019_r02637","B"
"WP09C01324","1","B_o019_r02522","B"
"WP09C01325","1","B_o019_r02614","B"
"WP09C01326","1","B_o019_r02591","B"
"WP09C01327","1","B_o019_r02542","B"
"WP09C01328","1","B_o019_r02612","B"
"WP09C01329","1","B_o019_r02620","B"
"WP09C01330","1","B_o019_r02533","B"
"WP09C01330","1","B_o019_r02551","B"
"WP09C01330","1","B_o019_r02557","B"
"WP09C01331","1","B_o019_r02534","B"
"WP09C01331","1","B_o019_r02558","B"
"WP09C01332","1","B_o019_r02523","B"
"WP09C01332","1","B_o019_r02529","B"
"WP09C01332","1","B_o019_r02553","B"
"WP09C01333","1","B_o019_r02636","B"
"WP09C01334","1","B_o019_r02582","B"
"WP09C01335","1","B_o019_r02581","B"
"WP09C01335","1","B_o019_r02583","B"
"WP09C01336","1","B_o019_r02547","B"
"WP09C01336","1","B_o019_r02571","B"
"WP09C01337","1","B_o019_r02566","B"
"WP09C01338","1","B_o019_r02538","B"
"WP09C01339","1","B_o019_r02530","B"
"WP09C01340","1","B_o019_r02611","B"
"WP09C01340","1","B_o019_r02613","B"
"WP09C01341","1","B_o019_r02532","B"
"WP09C01342","1","B_o019_r02638","B"
"WP09C01343","1","B_o019_r02543","B"
"WP09C01343","1","B_o019_r02567","B"
"WP09C01344","1","B_o019_r02540","B"
"WP09C01344","1","B_o019_r02564","B"
"WP09C01345","1","B_o019_r02570","B"
"WP09C01345","1","B_o019_r02576","B"
"WP09C01346","1","B_o019_r02586","B"
"WP09C01347","1","B_o019_r02524","B"
"WP09C01348","1","B_o019_r02572","B"
"WP09C01349","1","B_o019_r02544","B"
"WP09C01350","1","B_o019_r02562","B"
"WP09C01351","1","B_o019_r02537","B"
"WP09C01351","1","B_o019_r02561","B"
"WP09C01352","1","B_o019_r02592","B"
"WP09C01353","1","B_o019_r02588","B"
"WP09C01354","1","B_o019_r02550","B"
"WP09C01355","1","B_o019_r02539","B"
"WP09C01355","1","B_o019_r02541","B"
"WP09C01355","1","B_o019_r02563","B"
"WP09C01355","1","B_o019_r02565","B"
"WP09C01356","1","B_o019_r02585","B"
"WP09C01357","1","B_o019_r02575","B"
"WP09C01357","1","B_o019_r02593","B"
"WP09C01357","1","B_o019_r02599","B"
"WP09C01358","1","B_o019_r02546","B"
"WP09C01359","1","B_o019_r02545","B"
"WP09C01360","1","B_o019_r02584","B"
"WP09C01361","1","B_o019_r02554","B"
"WP09C01362","1","B_o019_r02568","B"
"WP09C01363","1","B_o019_r02556","B"
"WP09C01364","1","B_o019_r02569","B"
"WP09C01365","1","B_o019_r02549","B"
"WP09C01365","1","B_o019_r02573","B"
"WP09C01366","1","B_o019_r02617","B"
"WP09C01366","1","B_o019_r02619","B"
"WP09C01366","1","B_o019_r02623","B"
"WP09C01366","1","B_o019_r02625","B"
"WP09C01367","1","B_o019_r02626","B"
"WP09C01368","1","B_o019_r02574","B"
"WP09C01369","1","B_o019_r02618","B"
"WP09C01369","1","B_o019_r02624","B"
"WP09C01370","1","B_o019_r02526","B"
"WP09C01371","1","B_o019_r02590","B"
"WP09C01372","1","B_o020_r02730","B"
"WP09C01373","1","B_o020_r02707","B"
"WP09C01373","1","B_o020_r02709","B"
"WP09C01374","1","B_o020_r02714","B"
"WP09C01374","1","B_o020_r02720","B"
"WP09C01375","1","B_o020_r02668","B"
"WP09C01376","1","B_o020_r02718","B"
"WP09C01377","1","B_o020_r02648","B"
"WP09C01377","1","B_o020_r02672","B"
"WP09C01378","1","B_o020_r02645","B"
"WP09C01378","1","B_o020_r02651","B"
"WP09C01378","1","B_o020_r02675","B"
"WP09C01379","1","B_o020_r02642","B"
"WP09C01380","1","B_o020_r02641","B"
"WP09C01381","1","B_o020_r02711","B"
"WP09C01382","1","B_o020_r02662","B"
"WP09C01383","1","B_o020_r02643","B"
"WP09C01383","1","B_o020_r02649","B"
"WP09C01383","1","B_o020_r02673","B"
"WP09C01384","1","B_o020_r02647","B"
"WP09C01384","1","B_o020_r02653","B"
"WP09C01384","1","B_o020_r02671","B"
"WP09C01384","1","B_o020_r02677","B"
"WP09C01385","1","B_o020_r02654","B"
"WP09C01385","1","B_o020_r02678","B"
"WP09C01386","1","B_o020_r02724","B"
"WP09C01387","1","B_o020_r02702","B"
"WP09C01388","1","B_o020_r02701","B"
"WP09C01388","1","B_o020_r02703","B"
"WP09C01389","1","B_o020_r02665","B"
"WP09C01390","1","B_o020_r02686","B"
"WP09C01391","1","B_o020_r02658","B"
"WP09C01392","1","B_o020_r02688","B"
"WP09C01393","1","B_o020_r02650","B"
"WP09C01394","1","B_o020_r02667","B"
"WP09C01394","1","B_o020_r02691","B"
"WP09C01395","1","B_o020_r02652","B"
"WP09C01396","1","B_o020_r02660","B"
"WP09C01396","1","B_o020_r02684","B"
"WP09C01397","1","B_o020_r02717","B"
"WP09C01397","1","B_o020_r02723","B"
"WP09C01398","1","B_o020_r02712","B"
"WP09C01399","1","B_o020_r02690","B"
"WP09C01399","1","B_o020_r02696","B"
"WP09C01400","1","B_o020_r02706","B"
"WP09C01401","1","B_o020_r02644","B"
"WP09C01402","1","B_o020_r02692","B"
"WP09C01403","1","B_o020_r02682","B"
"WP09C01404","1","B_o020_r02657","B"
"WP09C01404","1","B_o020_r02681","B"
"WP09C01405","1","B_o020_r02708","B"
"WP09C01406","1","B_o020_r02670","B"
"WP09C01407","1","B_o020_r02659","B"
"WP09C01407","1","B_o020_r02661","B"
"WP09C01407","1","B_o020_r02683","B"
"WP09C01407","1","B_o020_r02685","B"
"WP09C01408","1","B_o020_r02705","B"
"WP09C01409","1","B_o020_r02689","B"
"WP09C01409","1","B_o020_r02695","B"
"WP09C01409","1","B_o020_r02713","B"
"WP09C01409","1","B_o020_r02719","B"
"WP09C01410","1","B_o020_r02666","B"
"WP09C01411","1","B_o020_r02704","B"
"WP09C01412","1","B_o020_r02729","B"
"WP09C01413","1","B_o020_r02674","B"
"WP09C01414","1","B_o020_r02676","B"
"WP09C01415","1","B_o020_r02663","B"
"WP09C01415","1","B_o020_r02687","B"
"WP09C01416","1","B_o020_r02669","B"
"WP09C01416","1","B_o020_r02693","B"
"WP09C01417","1","B_o020_r02664","B"
"WP09C01418","1","B_o020_r02694","B"
"WP09C01419","1","B_o020_r02646","B"
"WP09C01420","1","B_o020_r02710","B"
"WP09C01421","1","B_o021_r02870","B"
"WP09C01422","1","B_o021_r02850","B"
"WP09C01423","1","B_o021_r02827","B"
"WP09C01423","1","B_o021_r02829","B"
"WP09C01424","1","B_o021_r02869","B"
"WP09C01424","1","B_o021_r02871","B"
"WP09C01425","1","B_o021_r02834","B"
"WP09C01425","1","B_o021_r02840","B"
"WP09C01426","1","B_o021_r02761","B"
"WP09C01427","1","B_o021_r02788","B"
"WP09C01428","1","B_o021_r02838","B"
"WP09C01429","1","B_o021_r02872","B"
"WP09C01430","1","B_o021_r02768","B"
"WP09C01430","1","B_o021_r02792","B"
"WP09C01431","1","B_o021_r02765","B"
"WP09C01431","1","B_o021_r02771","B"
"WP09C01431","1","B_o021_r02795","B"
"WP09C01432","1","B_o021_r02767","B"
"WP09C01433","1","B_o021_r02762","B"
"WP09C01434","1","B_o021_r02831","B"
"WP09C01435","1","B_o021_r02782","B"
"WP09C01436","1","B_o021_r02769","B"
"WP09C01436","1","B_o021_r02793","B"
"WP09C01437","1","B_o021_r02868","B"
"WP09C01438","1","B_o021_r02860","B"
"WP09C01439","1","B_o021_r02773","B"
"WP09C01439","1","B_o021_r02791","B"
"WP09C01439","1","B_o021_r02797","B"
"WP09C01440","1","B_o021_r02774","B"
"WP09C01440","1","B_o021_r02798","B"
"WP09C01441","1","B_o021_r02844","B"
"WP09C01442","1","B_o021_r02822","B"
"WP09C01443","1","B_o021_r02821","B"
"WP09C01443","1","B_o021_r02823","B"
"WP09C01444","1","B_o021_r02806","B"
"WP09C01445","1","B_o021_r02778","B"
"WP09C01446","1","B_o021_r02808","B"
"WP09C01447","1","B_o021_r02770","B"
"WP09C01448","1","B_o021_r02811","B"
"WP09C01449","1","B_o021_r02772","B"
"WP09C01450","1","B_o021_r02780","B"
"WP09C01450","1","B_o021_r02804","B"
"WP09C01451","1","B_o021_r02837","B"
"WP09C01451","1","B_o021_r02843","B"
"WP09C01452","1","B_o021_r02832","B"
"WP09C01453","1","B_o021_r02810","B"
"WP09C01453","1","B_o021_r02816","B"
"WP09C01454","1","B_o021_r02826","B"
"WP09C01455","1","B_o021_r02764","B"
"WP09C01456","1","B_o021_r02812","B"
"WP09C01457","1","B_o021_r02802","B"
"WP09C01458","1","B_o021_r02777","B"
"WP09C01458","1","B_o021_r02801","B"
"WP09C01459","1","B_o021_r02763","B"
"WP09C01460","1","B_o021_r02828","B"
"WP09C01461","1","B_o021_r02790","B"
"WP09C01462","1","B_o021_r02779","B"
"WP09C01462","1","B_o021_r02781","B"
"WP09C01462","1","B_o021_r02803","B"
"WP09C01462","1","B_o021_r02805","B"
"WP09C01463","1","B_o021_r02825","B"
"WP09C01464","1","B_o021_r02861","B"
"WP09C01464","1","B_o021_r02867","B"
"WP09C01465","1","B_o021_r02815","B"
"WP09C01465","1","B_o021_r02833","B"
"WP09C01465","1","B_o021_r02839","B"
"WP09C01466","1","B_o021_r02786","B"
"WP09C01467","1","B_o021_r02785","B"
"WP09C01468","1","B_o021_r02824","B"
"WP09C01469","1","B_o021_r02849","B"
"WP09C01470","1","B_o021_r02862","B"
"WP09C01471","1","B_o021_r02794","B"
"WP09C01472","1","B_o021_r02796","B"
"WP09C01473","1","B_o021_r02809","B"
"WP09C01474","1","B_o021_r02783","B"
"WP09C01474","1","B_o021_r02807","B"
"WP09C01475","1","B_o021_r02874","B"
"WP09C01476","1","B_o021_r02789","B"
"WP09C01476","1","B_o021_r02813","B"
"WP09C01477","1","B_o021_r02857","B"
"WP09C01477","1","B_o021_r02859","B"
"WP09C01477","1","B_o021_r02863","B"
"WP09C01477","1","B_o021_r02865","B"
"WP09C01478","1","B_o021_r02873","B"
"WP09C01479","1","B_o021_r02784","B"
"WP09C01480","1","B_o021_r02866","B"
"WP09C01481","1","B_o021_r02814","B"
"WP09C01482","1","B_o021_r02858","B"
"WP09C01482","1","B_o021_r02864","B"
"WP09C01483","1","B_o021_r02766","B"
"WP09C01484","1","B_o021_r02830","B"
"WP09C01485","1","B_o021_r02787","B"
"WP09C01486","1","B_o022_r02990","B"
"WP09C01487","1","B_o022_r02970","B"
"WP09C01488","1","B_o022_r02947","B"
"WP09C01488","1","B_o022_r02949","B"
"WP09C01489","1","B_o022_r02989","B"
"WP09C01489","1","B_o022_r02991","B"
"WP09C01490","1","B_o022_r02954","B"
"WP09C01490","1","B_o022_r02960","B"
"WP09C01491","1","B_o022_r02881","B"
"WP09C01492","1","B_o022_r02908","B"
"WP09C01493","1","B_o022_r02958","B"
"WP09C01494","1","B_o022_r02992","B"
"WP09C01495","1","B_o022_r02888","B"
"WP09C01495","1","B_o022_r02912","B"
"WP09C01496","1","B_o022_r02885","B"
"WP09C01496","1","B_o022_r02891","B"
"WP09C01496","1","B_o022_r02915","B"
"WP09C01497","1","B_o022_r02887","B"
"WP09C01498","1","B_o022_r02882","B"
"WP09C01499","1","B_o022_r02951","B"
"WP09C01500","1","B_o022_r02902","B"
"WP09C01501","1","B_o022_r02889","B"
"WP09C01501","1","B_o022_r02913","B"
"WP09C01502","1","B_o022_r02988","B"
"WP09C01503","1","B_o022_r02980","B"
"WP09C01504","1","B_o022_r02893","B"
"WP09C01504","1","B_o022_r02911","B"
"WP09C01504","1","B_o022_r02917","B"
"WP09C01505","1","B_o022_r02894","B"
"WP09C01505","1","B_o022_r02918","B"
"WP09C01506","1","B_o022_r02964","B"
"WP09C01507","1","B_o022_r02942","B"
"WP09C01508","1","B_o022_r02941","B"
"WP09C01508","1","B_o022_r02943","B"
"WP09C01509","1","B_o022_r02926","B"
"WP09C01510","1","B_o022_r02898","B"
"WP09C01511","1","B_o022_r02928","B"
"WP09C01512","1","B_o022_r02890","B"
"WP09C01513","1","B_o022_r02931","B"
"WP09C01514","1","B_o022_r02892","B"
"WP09C01515","1","B_o022_r02900","B"
"WP09C01515","1","B_o022_r02924","B"
"WP09C01516","1","B_o022_r02957","B"
"WP09C01516","1","B_o022_r02963","B"
"WP09C01517","1","B_o022_r02952","B"
"WP09C01518","1","B_o022_r02930","B"
"WP09C01518","1","B_o022_r02936","B"
"WP09C01519","1","B_o022_r02946","B"
"WP09C01520","1","B_o022_r02884","B"
"WP09C01521","1","B_o022_r02932","B"
"WP09C01522","1","B_o022_r02922","B"
"WP09C01523","1","B_o022_r02897","B"
"WP09C01523","1","B_o022_r02921","B"
"WP09C01524","1","B_o022_r02883","B"
"WP09C01525","1","B_o022_r02948","B"
"WP09C01526","1","B_o022_r02910","B"
"WP09C01527","1","B_o022_r02899","B"
"WP09C01527","1","B_o022_r02901","B"
"WP09C01527","1","B_o022_r02923","B"
"WP09C01527","1","B_o022_r02925","B"
"WP09C01528","1","B_o022_r02945","B"
"WP09C01529","1","B_o022_r02981","B"
"WP09C01529","1","B_o022_r02987","B"
"WP09C01530","1","B_o022_r02935","B"
"WP09C01530","1","B_o022_r02953","B"
"WP09C01530","1","B_o022_r02959","B"
"WP09C01531","1","B_o022_r02906","B"
"WP09C01532","1","B_o022_r02905","B"
"WP09C01533","1","B_o022_r02944","B"
"WP09C01534","1","B_o022_r02969","B"
"WP09C01535","1","B_o022_r02982","B"
"WP09C01536","1","B_o022_r02914","B"
"WP09C01537","1","B_o022_r02916","B"
"WP09C01538","1","B_o022_r02929","B"
"WP09C01539","1","B_o022_r02903","B"
"WP09C01539","1","B_o022_r02927","B"
"WP09C01540","1","B_o022_r02994","B"
"WP09C01541","1","B_o022_r02909","B"
"WP09C01541","1","B_o022_r02933","B"
"WP09C01542","1","B_o022_r02977","B"
"WP09C01542","1","B_o022_r02979","B"
"WP09C01542","1","B_o022_r02983","B"
"WP09C01542","1","B_o022_r02985","B"
"WP09C01543","1","B_o022_r02993","B"
"WP09C01544","1","B_o022_r02904","B"
"WP09C01545","1","B_o022_r02986","B"
"WP09C01546","1","B_o022_r02934","B"
"WP09C01547","1","B_o022_r02978","B"
"WP09C01547","1","B_o022_r02984","B"
"WP09C01548","1","B_o022_r02886","B"
"WP09C01549","1","B_o022_r02950","B"
"WP09C01550","1","B_o022_r02907","B"
"WP09C01551","1","B_o023_r03110","B"
"WP09C01552","1","B_o023_r03090","B"
"WP09C01553","1","B_o023_r03067","B"
"WP09C01553","1","B_o023_r03069","B"
"WP09C01554","1","B_o023_r03109","B"
"WP09C01554","1","B_o023_r03111","B"
"WP09C01555","1","B_o023_r03074","B"
"WP09C01555","1","B_o023_r03080","B"
"WP09C01556","1","B_o023_r03092","B"
"WP09C01557","1","B_o023_r03001","B"
"WP09C01558","1","B_o023_r03028","B"
"WP09C01559","1","B_o023_r03078","B"
"WP09C01560","1","B_o023_r03112","B"
"WP09C01561","1","B_o023_r03008","B"
"WP09C01561","1","B_o023_r03032","B"
"WP09C01562","1","B_o023_r03095","B"
"WP09C01563","1","B_o023_r03005","B"
"WP09C01563","1","B_o023_r03011","B"
"WP09C01563","1","B_o023_r03035","B"
"WP09C01564","1","B_o023_r03007","B"
"WP09C01565","1","B_o023_r03002","B"
"WP09C01566","1","B_o023_r03013","B"
"WP09C01567","1","B_o023_r03116","B"
"WP09C01568","1","B_o023_r03071","B"
"WP09C01569","1","B_o023_r03022","B"
"WP09C01570","1","B_o023_r03096","B"
"WP09C01571","1","B_o023_r03009","B"
"WP09C01571","1","B_o023_r03033","B"
"WP09C01572","1","B_o023_r03108","B"
"WP09C01573","1","B_o023_r03119","B"
"WP09C01574","1","B_o023_r03100","B"
"WP09C01575","1","B_o023_r03031","B"
"WP09C01576","1","B_o023_r03014","B"
"WP09C01576","1","B_o023_r03038","B"
"WP09C01577","1","B_o023_r03084","B"
"WP09C01578","1","B_o023_r03062","B"
"WP09C01579","1","B_o023_r03046","B"
"WP09C01580","1","B_o023_r03018","B"
"WP09C01581","1","B_o023_r03048","B"
"WP09C01582","1","B_o023_r03010","B"
"WP09C01583","1","B_o023_r03051","B"
"WP09C01584","1","B_o023_r03012","B"
"WP09C01585","1","B_o023_r03091","B"
"WP09C01585","1","B_o023_r03093","B"
"WP09C01586","1","B_o023_r03020","B"
"WP09C01586","1","B_o023_r03044","B"
"WP09C01587","1","B_o023_r03077","B"
"WP09C01587","1","B_o023_r03083","B"
"WP09C01588","1","B_o023_r03072","B"
"WP09C01589","1","B_o023_r03050","B"
"WP09C01589","1","B_o023_r03056","B"
"WP09C01590","1","B_o023_r03094","B"
"WP09C01591","1","B_o023_r03066","B"
"WP09C01592","1","B_o023_r03004","B"
"WP09C01593","1","B_o023_r03052","B"
"WP09C01594","1","B_o023_r03042","B"
"WP09C01595","1","B_o023_r03017","B"
"WP09C01595","1","B_o023_r03041","B"
"WP09C01596","1","B_o023_r03003","B"
"WP09C01597","1","B_o023_r03068","B"
"WP09C01598","1","B_o023_r03030","B"
"WP09C01599","1","B_o023_r03019","B"
"WP09C01599","1","B_o023_r03021","B"
"WP09C01599","1","B_o023_r03043","B"
"WP09C01599","1","B_o023_r03045","B"
"WP09C01600","1","B_o023_r03065","B"
"WP09C01601","1","B_o023_r03101","B"
"WP09C01601","1","B_o023_r03107","B"
"WP09C01602","1","B_o023_r03055","B"
"WP09C01603","1","B_o023_r03115","B"
"WP09C01603","1","B_o023_r03117","B"
"WP09C01604","1","B_o023_r03026","B"
"WP09C01605","1","B_o023_r03025","B"
"WP09C01606","1","B_o023_r03120","B"
"WP09C01607","1","B_o023_r03064","B"
"WP09C01608","1","B_o023_r03089","B"
"WP09C01609","1","B_o023_r03102","B"
"WP09C01610","1","B_o023_r03034","B"
"WP09C01611","1","B_o023_r03118","B"
"WP09C01612","1","B_o023_r03061","B"
"WP09C01612","1","B_o023_r03063","B"
"WP09C01613","1","B_o023_r03036","B"
"WP09C01614","1","B_o023_r03049","B"
"WP09C01615","1","B_o023_r03023","B"
"WP09C01615","1","B_o023_r03047","B"
"WP09C01616","1","B_o023_r03114","B"
"WP09C01617","1","B_o023_r03029","B"
"WP09C01617","1","B_o023_r03053","B"
"WP09C01618","1","B_o023_r03097","B"
"WP09C01618","1","B_o023_r03099","B"
"WP09C01618","1","B_o023_r03103","B"
"WP09C01618","1","B_o023_r03105","B"
"WP09C01619","1","B_o023_r03113","B"
"WP09C01620","1","B_o023_r03024","B"
"WP09C01621","1","B_o023_r03106","B"
"WP09C01622","1","B_o023_r03054","B"
"WP09C01623","1","B_o023_r03098","B"
"WP09C01623","1","B_o023_r03104","B"
"WP09C01624","1","B_o023_r03006","B"
"WP09C01625","1","B_o023_r03070","B"
"WP09C01626","1","B_o023_r03015","B"
"WP09C01626","2","B_o023_r03037","B"
"WP09C01626","1","B_o023_r03039","B"
"WP09C01627","1","B_o023_r03027","B"
"WP09C01628","1","B_o024_r03230","B"
"WP09C01629","1","B_o024_r03210","B"
"WP09C01630","1","B_o024_r03187","B"
"WP09C01630","1","B_o024_r03189","B"
"WP09C01631","1","B_o024_r03229","B"
"WP09C01631","1","B_o024_r03231","B"
"WP09C01632","1","B_o024_r03194","B"
"WP09C01632","1","B_o024_r03200","B"
"WP09C01633","1","B_o024_r03212","B"
"WP09C01634","1","B_o024_r03121","B"
"WP09C01635","1","B_o024_r03148","B"
"WP09C01636","1","B_o024_r03198","B"
"WP09C01637","1","B_o024_r03232","B"
"WP09C01638","1","B_o024_r03128","B"
"WP09C01638","1","B_o024_r03152","B"
"WP09C01639","1","B_o024_r03215","B"
"WP09C01640","1","B_o024_r03125","B"
"WP09C01640","1","B_o024_r03131","B"
"WP09C01640","1","B_o024_r03155","B"
"WP09C01641","1","B_o024_r03127","B"
"WP09C01642","1","B_o024_r03122","B"
"WP09C01643","1","B_o024_r03133","B"
"WP09C01644","1","B_o024_r03236","B"
"WP09C01645","1","B_o024_r03191","B"
"WP09C01646","1","B_o024_r03142","B"
"WP09C01647","1","B_o024_r03216","B"
"WP09C01648","1","B_o024_r03129","B"
"WP09C01648","1","B_o024_r03153","B"
"WP09C01649","1","B_o024_r03228","B"
"WP09C01650","1","B_o024_r03239","B"
"WP09C01651","1","B_o024_r03220","B"
"WP09C01652","1","B_o024_r03151","B"
"WP09C01653","1","B_o024_r03134","B"
"WP09C01653","1","B_o024_r03158","B"
"WP09C01654","1","B_o024_r03204","B"
"WP09C01655","1","B_o024_r03182","B"
"WP09C01656","1","B_o024_r03166","B"
"WP09C01657","1","B_o024_r03138","B"
"WP09C01658","1","B_o024_r03168","B"
"WP09C01659","1","B_o024_r03130","B"
"WP09C01660","1","B_o024_r03171","B"
"WP09C01661","1","B_o024_r03132","B"
"WP09C01662","1","B_o024_r03211","B"
"WP09C01662","1","B_o024_r03213","B"
"WP09C01663","1","B_o024_r03140","B"
"WP09C01663","1","B_o024_r03164","B"
"WP09C01664","1","B_o024_r03197","B"
"WP09C01664","1","B_o024_r03203","B"
"WP09C01665","1","B_o024_r03192","B"
"WP09C01666","1","B_o024_r03170","B"
"WP09C01666","1","B_o024_r03176","B"
"WP09C01667","1","B_o024_r03214","B"
"WP09C01668","1","B_o024_r03186","B"
"WP09C01669","1","B_o024_r03124","B"
"WP09C01670","1","B_o024_r03172","B"
"WP09C01671","1","B_o024_r03162","B"
"WP09C01672","1","B_o024_r03137","B"
"WP09C01672","1","B_o024_r03161","B"
"WP09C01673","1","B_o024_r03123","B"
"WP09C01674","1","B_o024_r03188","B"
"WP09C01675","1","B_o024_r03150","B"
"WP09C01676","1","B_o024_r03139","B"
"WP09C01676","1","B_o024_r03141","B"
"WP09C01676","1","B_o024_r03163","B"
"WP09C01676","1","B_o024_r03165","B"
"WP09C01677","1","B_o024_r03185","B"
"WP09C01678","1","B_o024_r03221","B"
"WP09C01678","1","B_o024_r03227","B"
"WP09C01679","1","B_o024_r03175","B"
"WP09C01680","1","B_o024_r03235","B"
"WP09C01680","1","B_o024_r03237","B"
"WP09C01681","1","B_o024_r03146","B"
"WP09C01682","1","B_o024_r03145","B"
"WP09C01683","1","B_o024_r03240","B"
"WP09C01684","1","B_o024_r03184","B"
"WP09C01685","1","B_o024_r03209","B"
"WP09C01686","1","B_o024_r03222","B"
"WP09C01687","1","B_o024_r03154","B"
"WP09C01688","1","B_o024_r03238","B"
"WP09C01689","1","B_o024_r03181","B"
"WP09C01689","1","B_o024_r03183","B"
"WP09C01690","1","B_o024_r03156","B"
"WP09C01691","1","B_o024_r03169","B"
"WP09C01692","1","B_o024_r03143","B"
"WP09C01692","1","B_o024_r03167","B"
"WP09C01693","1","B_o024_r03234","B"
"WP09C01694","1","B_o024_r03149","B"
"WP09C01694","1","B_o024_r03173","B"
"WP09C01695","1","B_o024_r03217","B"
"WP09C01695","1","B_o024_r03219","B"
"WP09C01695","1","B_o024_r03223","B"
"WP09C01695","1","B_o024_r03225","B"
"WP09C01696","1","B_o024_r03233","B"
"WP09C01697","1","B_o024_r03144","B"
"WP09C01698","1","B_o024_r03226","B"
"WP09C01699","1","B_o024_r03174","B"
"WP09C01700","1","B_o024_r03218","B"
"WP09C01700","1","B_o024_r03224","B"
"WP09C01701","1","B_o024_r03126","B"
"WP09C01702","1","B_o024_r03190","B"
"WP09C01703","1","B_o024_r03135","B"
"WP09C01703","2","B_o024_r03157","B"
"WP09C01703","1","B_o024_r03159","B"
"WP09C01704","1","B_o024_r03147","B"
"WP09C01705","1","B_o025_r03330","B"
"WP09C01706","1","B_o025_r03307","B"
"WP09C01706","1","B_o025_r03309","B"
"WP09C01707","1","B_o025_r03244","B"
"WP09C01708","1","B_o025_r03349","B"
"WP09C01708","1","B_o025_r03351","B"
"WP09C01709","1","B_o025_r03314","B"
"WP09C01709","1","B_o025_r03320","B"
"WP09C01710","1","B_o025_r03332","B"
"WP09C01711","1","B_o025_r03241","B"
"WP09C01712","1","B_o025_r03318","B"
"WP09C01713","1","B_o025_r03315","B"
"WP09C01713","2","B_o025_r03319","B"
"WP09C01713","1","B_o025_r03321","B"
"WP09C01714","1","B_o025_r03248","B"
"WP09C01714","1","B_o025_r03272","B"
"WP09C01715","1","B_o025_r03335","B"
"WP09C01716","1","B_o025_r03245","B"
"WP09C01716","1","B_o025_r03251","B"
"WP09C01716","1","B_o025_r03275","B"
"WP09C01717","1","B_o025_r03247","B"
"WP09C01718","1","B_o025_r03242","B"
"WP09C01719","1","B_o025_r03253","B"
"WP09C01720","1","B_o025_r03336","B"
"WP09C01721","1","B_o025_r03249","B"
"WP09C01721","1","B_o025_r03273","B"
"WP09C01722","1","B_o025_r03268","B"
"WP09C01723","1","B_o025_r03271","B"
"WP09C01724","1","B_o025_r03254","B"
"WP09C01724","1","B_o025_r03278","B"
"WP09C01725","1","B_o025_r03324","B"
"WP09C01726","1","B_o025_r03302","B"
"WP09C01727","1","B_o025_r03258","B"
"WP09C01728","1","B_o025_r03291","B"
"WP09C01729","1","B_o025_r03331","B"
"WP09C01729","1","B_o025_r03333","B"
"WP09C01730","1","B_o025_r03317","B"
"WP09C01730","1","B_o025_r03323","B"
"WP09C01731","1","B_o025_r03290","B"
"WP09C01731","1","B_o025_r03296","B"
"WP09C01732","1","B_o025_r03334","B"
"WP09C01733","1","B_o025_r03306","B"
"WP09C01734","1","B_o025_r03282","B"
"WP09C01735","1","B_o025_r03257","B"
"WP09C01735","1","B_o025_r03281","B"
"WP09C01736","1","B_o025_r03243","B"
"WP09C01737","1","B_o025_r03259","B"
"WP09C01737","1","B_o025_r03261","B"
"WP09C01737","1","B_o025_r03283","B"
"WP09C01737","1","B_o025_r03285","B"
"WP09C01738","1","B_o025_r03305","B"
"WP09C01739","1","B_o025_r03325","B"
"WP09C01739","1","B_o025_r03327","B"
"WP09C01740","1","B_o025_r03276","B"
"WP09C01741","1","B_o025_r03295","B"
"WP09C01742","1","B_o025_r03274","B"
"WP09C01743","1","B_o025_r03250","B"
"WP09C01744","1","B_o025_r03266","B"
"WP09C01745","1","B_o025_r03265","B"
"WP09C01746","1","B_o025_r03304","B"
"WP09C01747","1","B_o025_r03246","B"
"WP09C01748","1","B_o025_r03313","B"
"WP09C01749","1","B_o025_r03270","B"
"WP09C01750","1","B_o025_r03329","B"
"WP09C01751","1","B_o025_r03301","B"
"WP09C01751","1","B_o025_r03303","B"
"WP09C01752","1","B_o025_r03289","B"
"WP09C01753","1","B_o025_r03292","B"
"WP09C01754","1","B_o025_r03269","B"
"WP09C01754","1","B_o025_r03293","B"
"WP09C01755","1","B_o025_r03252","B"
"WP09C01756","1","B_o025_r03337","B"
"WP09C01756","1","B_o025_r03339","B"
"WP09C01756","1","B_o025_r03343","B"
"WP09C01756","1","B_o025_r03345","B"
"WP09C01757","1","B_o025_r03255","B"
"WP09C01757","2","B_o025_r03277","B"
"WP09C01757","1","B_o025_r03279","B"
"WP09C01758","1","B_o025_r03267","B"
"WP09C01759","1","B_o025_r03294","B"
"WP09C01760","1","B_o026_r03375","B"
"WP09C01760","1","B_o026_r03399","B"
"WP09C01761","1","B_o026_r03427","B"
"WP09C01761","1","B_o026_r03429","B"
"WP09C01762","1","B_o026_r03434","B"
"WP09C01762","1","B_o026_r03440","B"
"WP09C01763","1","B_o026_r03388","B"
"WP09C01764","1","B_o026_r03438","B"
"WP09C01765","1","B_o026_r03368","B"
"WP09C01765","1","B_o026_r03392","B"
"WP09C01766","1","B_o026_r03365","B"
"WP09C01767","1","B_o026_r03369","B"
"WP09C01767","1","B_o026_r03393","B"
"WP09C01768","1","B_o026_r03362","B"
"WP09C01769","1","B_o026_r03361","B"
"WP09C01770","1","B_o026_r03382","B"
"WP09C01771","1","B_o026_r03363","B"
"WP09C01772","1","B_o026_r03449","B"
"WP09C01773","1","B_o026_r03367","B"
"WP09C01773","1","B_o026_r03373","B"
"WP09C01773","1","B_o026_r03391","B"
"WP09C01773","1","B_o026_r03397","B"
"WP09C01774","1","B_o026_r03374","B"
"WP09C01774","1","B_o026_r03398","B"
"WP09C01775","1","B_o026_r03444","B"
"WP09C01776","1","B_o026_r03426","B"
"WP09C01777","1","B_o026_r03422","B"
"WP09C01778","1","B_o026_r03421","B"
"WP09C01778","1","B_o026_r03423","B"
"WP09C01779","1","B_o026_r03385","B"
"WP09C01780","1","B_o026_r03406","B"
"WP09C01781","1","B_o026_r03378","B"
"WP09C01782","1","B_o026_r03408","B"
"WP09C01783","1","B_o026_r03370","B"
"WP09C01784","1","B_o026_r03387","B"
"WP09C01785","1","B_o026_r03372","B"
"WP09C01786","1","B_o026_r03380","B"
"WP09C01786","1","B_o026_r03404","B"
"WP09C01787","1","B_o026_r03437","B"
"WP09C01787","1","B_o026_r03443","B"
"WP09C01788","1","B_o026_r03410","B"
"WP09C01788","1","B_o026_r03416","B"
"WP09C01789","1","B_o026_r03364","B"
"WP09C01790","1","B_o026_r03412","B"
"WP09C01791","1","B_o026_r03402","B"
"WP09C01792","1","B_o026_r03377","B"
"WP09C01792","1","B_o026_r03401","B"
"WP09C01793","1","B_o026_r03381","B"
"WP09C01793","1","B_o026_r03405","B"
"WP09C01794","1","B_o026_r03428","B"
"WP09C01795","1","B_o026_r03390","B"
"WP09C01796","1","B_o026_r03379","B"
"WP09C01796","1","B_o026_r03403","B"
"WP09C01797","1","B_o026_r03371","B"
"WP09C01797","1","B_o026_r03395","B"
"WP09C01798","1","B_o026_r03409","B"
"WP09C01798","1","B_o026_r03415","B"
"WP09C01798","1","B_o026_r03433","B"
"WP09C01798","1","B_o026_r03439","B"
"WP09C01799","1","B_o026_r03386","B"
"WP09C01800","1","B_o026_r03450","B"
"WP09C01801","1","B_o026_r03424","B"
"WP09C01802","1","B_o026_r03394","B"
"WP09C01803","1","B_o026_r03396","B"
"WP09C01804","1","B_o026_r03383","B"
"WP09C01804","1","B_o026_r03407","B"
"WP09C01805","1","B_o026_r03389","B"
"WP09C01806","1","B_o026_r03431","B"
"WP09C01807","1","B_o026_r03432","B"
"WP09C01808","1","B_o026_r03384","B"
"WP09C01809","1","B_o026_r03414","B"
"WP09C01810","1","B_o026_r03366","B"
"WP09C01811","1","B_o026_r03425","B"
"WP09C01812","1","B_o026_r03430","B"
"WP09C01813","1","B_o027_r03590","B"
"WP09C01814","1","B_o027_r03495","B"
"WP09C01814","1","B_o027_r03519","B"
"WP09C01815","1","B_o027_r03547","B"
"WP09C01815","1","B_o027_r03549","B"
"WP09C01816","1","B_o027_r03589","B"
"WP09C01816","1","B_o027_r03591","B"
"WP09C01817","1","B_o027_r03554","B"
"WP09C01817","1","B_o027_r03560","B"
"WP09C01818","1","B_o027_r03481","B"
"WP09C01819","1","B_o027_r03508","B"
"WP09C01820","1","B_o027_r03558","B"
"WP09C01821","1","B_o027_r03593","B"
"WP09C01822","1","B_o027_r03592","B"
"WP09C01823","1","B_o027_r03488","B"
"WP09C01823","1","B_o027_r03512","B"
"WP09C01824","1","B_o027_r03485","B"
"WP09C01825","1","B_o027_r03487","B"
"WP09C01826","1","B_o027_r03513","B"
"WP09C01827","1","B_o027_r03482","B"
"WP09C01828","1","B_o027_r03502","B"
"WP09C01829","1","B_o027_r03588","B"
"WP09C01830","1","B_o027_r03580","B"
"WP09C01831","1","B_o027_r03569","B"
"WP09C01832","1","B_o027_r03493","B"
"WP09C01832","1","B_o027_r03511","B"
"WP09C01832","1","B_o027_r03517","B"
"WP09C01833","1","B_o027_r03494","B"
"WP09C01833","1","B_o027_r03518","B"
"WP09C01834","1","B_o027_r03564","B"
"WP09C01835","1","B_o027_r03546","B"
"WP09C01836","1","B_o027_r03542","B"
"WP09C01837","1","B_o027_r03541","B"
"WP09C01837","1","B_o027_r03543","B"
"WP09C01838","1","B_o027_r03594","B"
"WP09C01839","1","B_o027_r03526","B"
"WP09C01840","1","B_o027_r03498","B"
"WP09C01841","1","B_o027_r03528","B"
"WP09C01842","1","B_o027_r03490","B"
"WP09C01843","1","B_o027_r03492","B"
"WP09C01844","1","B_o027_r03500","B"
"WP09C01844","1","B_o027_r03524","B"
"WP09C01845","1","B_o027_r03557","B"
"WP09C01845","1","B_o027_r03563","B"
"WP09C01846","1","B_o027_r03530","B"
"WP09C01846","1","B_o027_r03536","B"
"WP09C01847","1","B_o027_r03484","B"
"WP09C01848","1","B_o027_r03532","B"
"WP09C01849","1","B_o027_r03522","B"
"WP09C01850","1","B_o027_r03497","B"
"WP09C01850","1","B_o027_r03521","B"
"WP09C01851","1","B_o027_r03483","B"
"WP09C01852","1","B_o027_r03501","B"
"WP09C01852","1","B_o027_r03525","B"
"WP09C01853","1","B_o027_r03548","B"
"WP09C01854","1","B_o027_r03510","B"
"WP09C01855","1","B_o027_r03499","B"
"WP09C01855","1","B_o027_r03523","B"
"WP09C01856","1","B_o027_r03581","B"
"WP09C01856","1","B_o027_r03587","B"
"WP09C01857","1","B_o027_r03491","B"
"WP09C01857","1","B_o027_r03515","B"
"WP09C01858","1","B_o027_r03535","B"
"WP09C01858","1","B_o027_r03553","B"
"WP09C01858","1","B_o027_r03559","B"
"WP09C01859","1","B_o027_r03506","B"
"WP09C01860","1","B_o027_r03505","B"
"WP09C01861","1","B_o027_r03570","B"
"WP09C01862","1","B_o027_r03544","B"
"WP09C01863","1","B_o027_r03582","B"
"WP09C01864","1","B_o027_r03514","B"
"WP09C01865","1","B_o027_r03516","B"
"WP09C01866","1","B_o027_r03529","B"
"WP09C01867","1","B_o027_r03503","B"
"WP09C01867","1","B_o027_r03527","B"
"WP09C01868","1","B_o027_r03509","B"
"WP09C01869","1","B_o027_r03551","B"
"WP09C01870","1","B_o027_r03552","B"
"WP09C01871","1","B_o027_r03577","B"
"WP09C01871","1","B_o027_r03583","B"
"WP09C01872","1","B_o027_r03504","B"
"WP09C01873","1","B_o027_r03586","B"
"WP09C01874","1","B_o027_r03534","B"
"WP09C01875","1","B_o027_r03489","B"
"WP09C01876","1","B_o027_r03578","B"
"WP09C01876","1","B_o027_r03584","B"
"WP09C01877","1","B_o027_r03486","B"
"WP09C01878","1","B_o027_r03545","B"
"WP09C01879","1","B_o027_r03550","B"
"WP09C01880","1","B_o027_r03507","B"
"WP09C01881","1","B_o028_r03710","B"
"WP09C01882","1","B_o028_r03615","B"
"WP09C01882","1","B_o028_r03639","B"
"WP09C01883","1","B_o028_r03667","B"
"WP09C01883","1","B_o028_r03669","B"
"WP09C01884","1","B_o028_r03709","B"
"WP09C01884","1","B_o028_r03711","B"
"WP09C01885","1","B_o028_r03674","B"
"WP09C01885","1","B_o028_r03680","B"
"WP09C01886","1","B_o028_r03601","B"
"WP09C01887","1","B_o028_r03628","B"
"WP09C01888","1","B_o028_r03678","B"
"WP09C01889","1","B_o028_r03713","B"
"WP09C01890","1","B_o028_r03712","B"
"WP09C01891","1","B_o028_r03608","B"
"WP09C01891","1","B_o028_r03632","B"
"WP09C01892","1","B_o028_r03605","B"
"WP09C01893","1","B_o028_r03607","B"
"WP09C01894","1","B_o028_r03633","B"
"WP09C01895","1","B_o028_r03602","B"
"WP09C01896","1","B_o028_r03622","B"
"WP09C01897","1","B_o028_r03708","B"
"WP09C01898","1","B_o028_r03700","B"
"WP09C01899","1","B_o028_r03689","B"
"WP09C01900","1","B_o028_r03613","B"
"WP09C01900","1","B_o028_r03631","B"
"WP09C01900","1","B_o028_r03637","B"
"WP09C01901","1","B_o028_r03614","B"
"WP09C01901","1","B_o028_r03638","B"
"WP09C01902","1","B_o028_r03684","B"
"WP09C01903","1","B_o028_r03666","B"
"WP09C01904","1","B_o028_r03662","B"
"WP09C01905","1","B_o028_r03661","B"
"WP09C01905","1","B_o028_r03663","B"
"WP09C01906","1","B_o028_r03714","B"
"WP09C01907","1","B_o028_r03646","B"
"WP09C01908","1","B_o028_r03618","B"
"WP09C01909","1","B_o028_r03648","B"
"WP09C01910","1","B_o028_r03610","B"
"WP09C01911","1","B_o028_r03612","B"
"WP09C01912","1","B_o028_r03620","B"
"WP09C01912","1","B_o028_r03644","B"
"WP09C01913","1","B_o028_r03677","B"
"WP09C01913","1","B_o028_r03683","B"
"WP09C01914","1","B_o028_r03650","B"
"WP09C01914","1","B_o028_r03656","B"
"WP09C01915","1","B_o028_r03604","B"
"WP09C01916","1","B_o028_r03652","B"
"WP09C01917","1","B_o028_r03642","B"
"WP09C01918","1","B_o028_r03617","B"
"WP09C01918","1","B_o028_r03641","B"
"WP09C01919","1","B_o028_r03603","B"
"WP09C01920","1","B_o028_r03621","B"
"WP09C01920","1","B_o028_r03645","B"
"WP09C01921","1","B_o028_r03668","B"
"WP09C01922","1","B_o028_r03630","B"
"WP09C01923","1","B_o028_r03619","B"
"WP09C01923","1","B_o028_r03643","B"
"WP09C01924","1","B_o028_r03701","B"
"WP09C01924","1","B_o028_r03707","B"
"WP09C01925","1","B_o028_r03611","B"
"WP09C01925","1","B_o028_r03635","B"
"WP09C01926","1","B_o028_r03655","B"
"WP09C01926","1","B_o028_r03673","B"
"WP09C01926","1","B_o028_r03679","B"
"WP09C01927","1","B_o028_r03626","B"
"WP09C01928","1","B_o028_r03625","B"
"WP09C01929","1","B_o028_r03690","B"
"WP09C01930","1","B_o028_r03664","B"
"WP09C01931","1","B_o028_r03702","B"
"WP09C01932","1","B_o028_r03634","B"
"WP09C01933","1","B_o028_r03636","B"
"WP09C01934","1","B_o028_r03649","B"
"WP09C01935","1","B_o028_r03623","B"
"WP09C01935","1","B_o028_r03647","B"
"WP09C01936","1","B_o028_r03629","B"
"WP09C01937","1","B_o028_r03671","B"
"WP09C01938","1","B_o028_r03672","B"
"WP09C01939","1","B_o028_r03697","B"
"WP09C01939","1","B_o028_r03703","B"
"WP09C01940","1","B_o028_r03624","B"
"WP09C01941","1","B_o028_r03706","B"
"WP09C01942","1","B_o028_r03654","B"
"WP09C01943","1","B_o028_r03609","B"
"WP09C01944","1","B_o028_r03698","B"
"WP09C01944","1","B_o028_r03704","B"
"WP09C01945","1","B_o028_r03606","B"
"WP09C01946","1","B_o028_r03665","B"
"WP09C01947","1","B_o028_r03670","B"
"WP09C01948","1","B_o028_r03627","B"
"WP09C01949","1","B_o029_r03830","B"
"WP09C01950","1","B_o029_r03787","B"
"WP09C01950","1","B_o029_r03789","B"
"WP09C01951","1","B_o029_r03829","B"
"WP09C01951","1","B_o029_r03831","B"
"WP09C01952","1","B_o029_r03794","B"
"WP09C01952","1","B_o029_r03800","B"
"WP09C01953","1","B_o029_r03812","B"
"WP09C01954","1","B_o029_r03721","B"
"WP09C01955","1","B_o029_r03748","B"
"WP09C01956","1","B_o029_r03798","B"
"WP09C01957","1","B_o029_r03833","B"
"WP09C01958","1","B_o029_r03832","B"
"WP09C01959","1","B_o029_r03728","B"
"WP09C01959","1","B_o029_r03752","B"
"WP09C01960","1","B_o029_r03725","B"
"WP09C01961","1","B_o029_r03727","B"
"WP09C01962","1","B_o029_r03753","B"
"WP09C01963","1","B_o029_r03722","B"
"WP09C01964","1","B_o029_r03733","B"
"WP09C01965","1","B_o029_r03836","B"
"WP09C01966","1","B_o029_r03742","B"
"WP09C01967","1","B_o029_r03828","B"
"WP09C01968","1","B_o029_r03735","B"
"WP09C01969","1","B_o029_r03820","B"
"WP09C01970","1","B_o029_r03809","B"
"WP09C01971","1","B_o029_r03751","B"
"WP09C01972","1","B_o029_r03734","B"
"WP09C01972","1","B_o029_r03758","B"
"WP09C01973","1","B_o029_r03804","B"
"WP09C01974","1","B_o029_r03786","B"
"WP09C01975","1","B_o029_r03782","B"
"WP09C01976","1","B_o029_r03840","B"
"WP09C01977","1","B_o029_r03834","B"
"WP09C01978","1","B_o029_r03766","B"
"WP09C01979","1","B_o029_r03738","B"
"WP09C01980","1","B_o029_r03768","B"
"WP09C01981","1","B_o029_r03730","B"
"WP09C01982","1","B_o029_r03732","B"
"WP09C01983","1","B_o029_r03811","B"
"WP09C01983","1","B_o029_r03813","B"
"WP09C01984","1","B_o029_r03740","B"
"WP09C01984","1","B_o029_r03764","B"
"WP09C01985","1","B_o029_r03797","B"
"WP09C01985","1","B_o029_r03803","B"
"WP09C01986","1","B_o029_r03770","B"
"WP09C01986","1","B_o029_r03776","B"
"WP09C01987","1","B_o029_r03814","B"
"WP09C01988","1","B_o029_r03724","B"
"WP09C01989","1","B_o029_r03772","B"
"WP09C01990","1","B_o029_r03762","B"
"WP09C01991","1","B_o029_r03737","B"
"WP09C01991","1","B_o029_r03761","B"
"WP09C01992","1","B_o029_r03723","B"
"WP09C01993","1","B_o029_r03741","B"
"WP09C01993","1","B_o029_r03765","B"
"WP09C01994","1","B_o029_r03788","B"
"WP09C01995","1","B_o029_r03750","B"
"WP09C01996","1","B_o029_r03739","B"
"WP09C01996","1","B_o029_r03763","B"
"WP09C01997","1","B_o029_r03821","B"
"WP09C01997","1","B_o029_r03827","B"
"WP09C01998","1","B_o029_r03731","B"
"WP09C01998","1","B_o029_r03755","B"
"WP09C01999","1","B_o029_r03775","B"
"WP09C02000","1","B_o029_r03835","B"
"WP09C02000","1","B_o029_r03837","B"
"WP09C02001","1","B_o029_r03746","B"
"WP09C02002","1","B_o029_r03745","B"
"WP09C02003","1","B_o029_r03810","B"
"WP09C02004","1","B_o029_r03784","B"
"WP09C02005","1","B_o029_r03815","B"
"WP09C02006","1","B_o029_r03816","B"
"WP09C02007","1","B_o029_r03822","B"
"WP09C02008","1","B_o029_r03759","B"
"WP09C02009","1","B_o029_r03754","B"
"WP09C02010","1","B_o029_r03838","B"
"WP09C02011","1","B_o029_r03781","B"
"WP09C02011","1","B_o029_r03783","B"
"WP09C02012","1","B_o029_r03839","B"
"WP09C02013","1","B_o029_r03756","B"
"WP09C02014","1","B_o029_r03769","B"
"WP09C02015","1","B_o029_r03743","B"
"WP09C02015","1","B_o029_r03767","B"
"WP09C02016","1","B_o029_r03749","B"
"WP09C02017","1","B_o029_r03791","B"
"WP09C02018","1","B_o029_r03792","B"
"WP09C02019","1","B_o029_r03817","B"
"WP09C02019","1","B_o029_r03823","B"
"WP09C02020","1","B_o029_r03744","B"
"WP09C02021","1","B_o029_r03826","B"
"WP09C02022","1","B_o029_r03774","B"
"WP09C02023","1","B_o029_r03729","B"
"WP09C02024","1","B_o029_r03818","B"
"WP09C02024","1","B_o029_r03824","B"
"WP09C02025","1","B_o029_r03726","B"
"WP09C02026","1","B_o029_r03785","B"
"WP09C02027","1","B_o029_r03790","B"
"WP09C02028","1","B_o029_r03757","B"
"WP09C02029","1","B_o029_r03747","B"
"WP09C02030","1","B_o030_r03950","B"
"WP09C02031","1","B_o030_r03907","B"
"WP09C02031","1","B_o030_r03909","B"
"WP09C02032","1","B_o030_r03949","B"
"WP09C02032","1","B_o030_r03951","B"
"WP09C02033","1","B_o030_r03914","B"
"WP09C02033","1","B_o030_r03920","B"
"WP09C02034","1","B_o030_r03932","B"
"WP09C02035","1","B_o030_r03841","B"
"WP09C02036","1","B_o030_r03868","B"
"WP09C02037","1","B_o030_r03918","B"
"WP09C02038","1","B_o030_r03953","B"
"WP09C02039","1","B_o030_r03952","B"
"WP09C02040","1","B_o030_r03848","B"
"WP09C02040","1","B_o030_r03872","B"
"WP09C02041","1","B_o030_r03845","B"
"WP09C02042","1","B_o030_r03847","B"
"WP09C02043","1","B_o030_r03873","B"
"WP09C02044","1","B_o030_r03842","B"
"WP09C02045","1","B_o030_r03853","B"
"WP09C02046","1","B_o030_r03956","B"
"WP09C02047","1","B_o030_r03862","B"
"WP09C02048","1","B_o030_r03948","B"
"WP09C02049","1","B_o030_r03855","B"
"WP09C02050","1","B_o030_r03940","B"
"WP09C02051","1","B_o030_r03929","B"
"WP09C02052","1","B_o030_r03871","B"
"WP09C02053","1","B_o030_r03854","B"
"WP09C02053","1","B_o030_r03878","B"
"WP09C02054","1","B_o030_r03924","B"
"WP09C02055","1","B_o030_r03906","B"
"WP09C02056","1","B_o030_r03902","B"
"WP09C02057","1","B_o030_r03960","B"
"WP09C02058","1","B_o030_r03954","B"
"WP09C02059","1","B_o030_r03886","B"
"WP09C02060","1","B_o030_r03858","B"
"WP09C02061","1","B_o030_r03888","B"
"WP09C02062","1","B_o030_r03850","B"
"WP09C02063","1","B_o030_r03852","B"
"WP09C02064","1","B_o030_r03931","B"
"WP09C02064","1","B_o030_r03933","B"
"WP09C02065","1","B_o030_r03860","B"
"WP09C02065","1","B_o030_r03884","B"
"WP09C02066","1","B_o030_r03917","B"
"WP09C02066","1","B_o030_r03923","B"
"WP09C02067","1","B_o030_r03890","B"
"WP09C02067","1","B_o030_r03896","B"
"WP09C02068","1","B_o030_r03934","B"
"WP09C02069","1","B_o030_r03844","B"
"WP09C02070","1","B_o030_r03892","B"
"WP09C02071","1","B_o030_r03882","B"
"WP09C02072","1","B_o030_r03857","B"
"WP09C02072","1","B_o030_r03881","B"
"WP09C02073","1","B_o030_r03843","B"
"WP09C02074","1","B_o030_r03861","B"
"WP09C02074","1","B_o030_r03885","B"
"WP09C02075","1","B_o030_r03908","B"
"WP09C02076","1","B_o030_r03870","B"
"WP09C02077","1","B_o030_r03859","B"
"WP09C02077","1","B_o030_r03883","B"
"WP09C02078","1","B_o030_r03941","B"
"WP09C02078","1","B_o030_r03947","B"
"WP09C02079","1","B_o030_r03851","B"
"WP09C02079","1","B_o030_r03875","B"
"WP09C02080","1","B_o030_r03895","B"
"WP09C02081","1","B_o030_r03955","B"
"WP09C02081","1","B_o030_r03957","B"
"WP09C02082","1","B_o030_r03866","B"
"WP09C02083","1","B_o030_r03865","B"
"WP09C02084","1","B_o030_r03930","B"
"WP09C02085","1","B_o030_r03904","B"
"WP09C02086","1","B_o030_r03935","B"
"WP09C02087","1","B_o030_r03936","B"
"WP09C02088","1","B_o030_r03942","B"
"WP09C02089","1","B_o030_r03879","B"
"WP09C02090","1","B_o030_r03874","B"
"WP09C02091","1","B_o030_r03958","B"
"WP09C02092","1","B_o030_r03901","B"
"WP09C02092","1","B_o030_r03903","B"
"WP09C02093","1","B_o030_r03959","B"
"WP09C02094","1","B_o030_r03876","B"
"WP09C02095","1","B_o030_r03889","B"
"WP09C02096","1","B_o030_r03863","B"
"WP09C02096","1","B_o030_r03887","B"
"WP09C02097","1","B_o030_r03869","B"
"WP09C02098","1","B_o030_r03911","B"
"WP09C02099","1","B_o030_r03912","B"
"WP09C02100","1","B_o030_r03937","B"
"WP09C02100","1","B_o030_r03943","B"
"WP09C02101","1","B_o030_r03864","B"
"WP09C02102","1","B_o030_r03946","B"
"WP09C02103","1","B_o030_r03894","B"
"WP09C02104","1","B_o030_r03849","B"
"WP09C02105","1","B_o030_r03938","B"
"WP09C02105","1","B_o030_r03944","B"
"WP09C02106","1","B_o030_r03846","B"
"WP09C02107","1","B_o030_r03905","B"
"WP09C02108","1","B_o030_r03910","B"
"WP09C02109","1","B_o030_r03877","B"
"WP09C02110","1","B_o030_r03867","B"
"WP09C02111","1","B_o031_r04027","B"
"WP09C02111","1","B_o031_r04029","B"
"WP09C02112","1","B_o031_r03964","B"
"WP09C02113","1","B_o031_r04069","B"
"WP09C02113","1","B_o031_r04071","B"
"WP09C02114","1","B_o031_r04034","B"
"WP09C02114","1","B_o031_r04040","B"
"WP09C02115","1","B_o031_r04052","B"
"WP09C02116","1","B_o031_r03961","B"
"WP09C02117","1","B_o031_r04038","B"
"WP09C02118","1","B_o031_r04039","B"
"WP09C02119","1","B_o031_r03968","B"
"WP09C02119","1","B_o031_r03992","B"
"WP09C02120","1","B_o031_r03965","B"
"WP09C02121","1","B_o031_r03967","B"
"WP09C02122","1","B_o031_r03993","B"
"WP09C02123","1","B_o031_r03962","B"
"WP09C02124","1","B_o031_r03973","B"
"WP09C02125","1","B_o031_r03975","B"
"WP09C02126","1","B_o031_r04049","B"
"WP09C02127","1","B_o031_r03988","B"
"WP09C02128","1","B_o031_r03991","B"
"WP09C02129","1","B_o031_r03974","B"
"WP09C02129","1","B_o031_r03998","B"
"WP09C02130","1","B_o031_r04044","B"
"WP09C02131","1","B_o031_r04026","B"
"WP09C02132","1","B_o031_r04022","B"
"WP09C02133","1","B_o031_r03978","B"
"WP09C02134","1","B_o031_r04051","B"
"WP09C02134","1","B_o031_r04053","B"
"WP09C02135","1","B_o031_r04037","B"
"WP09C02135","1","B_o031_r04043","B"
"WP09C02136","1","B_o031_r04010","B"
"WP09C02136","1","B_o031_r04016","B"
"WP09C02137","1","B_o031_r04054","B"
"WP09C02138","1","B_o031_r04002","B"
"WP09C02139","1","B_o031_r03977","B"
"WP09C02139","1","B_o031_r04001","B"
"WP09C02140","1","B_o031_r03963","B"
"WP09C02141","1","B_o031_r03981","B"
"WP09C02141","1","B_o031_r04005","B"
"WP09C02142","1","B_o031_r03979","B"
"WP09C02142","1","B_o031_r04003","B"
"WP09C02143","1","B_o031_r04045","B"
"WP09C02143","1","B_o031_r04047","B"
"WP09C02144","1","B_o031_r03996","B"
"WP09C02145","1","B_o031_r03971","B"
"WP09C02145","1","B_o031_r03995","B"
"WP09C02146","1","B_o031_r04015","B"
"WP09C02147","1","B_o031_r03994","B"
"WP09C02148","1","B_o031_r03970","B"
"WP09C02149","1","B_o031_r03986","B"
"WP09C02150","1","B_o031_r03985","B"
"WP09C02151","1","B_o031_r04050","B"
"WP09C02152","1","B_o031_r04024","B"
"WP09C02153","1","B_o031_r04055","B"
"WP09C02154","1","B_o031_r03966","B"
"WP09C02155","1","B_o031_r04033","B"
"WP09C02156","1","B_o031_r03990","B"
"WP09C02157","1","B_o031_r04056","B"
"WP09C02158","1","B_o031_r03999","B"
"WP09C02159","1","B_o031_r04021","B"
"WP09C02159","1","B_o031_r04023","B"
"WP09C02160","1","B_o031_r04009","B"
"WP09C02161","1","B_o031_r04012","B"
"WP09C02162","1","B_o031_r03989","B"
"WP09C02163","1","B_o031_r03972","B"
"WP09C02164","1","B_o031_r04057","B"
"WP09C02164","1","B_o031_r04063","B"
"WP09C02165","1","B_o031_r03969","B"
"WP09C02166","1","B_o031_r04025","B"
"WP09C02167","1","B_o031_r03997","B"
"WP09C02168","1","B_o031_r03987","B"
"WP09C02169","1","B_o031_r04014","B"
"WP09C02170","1","B_o032_r04190","B"
"WP09C02171","1","B_o032_r04154","B"
"WP09C02171","1","B_o032_r04160","B"
"WP09C02172","1","B_o032_r04172","B"
"WP09C02173","1","B_o032_r04081","B"
"WP09C02174","1","B_o032_r04108","B"
"WP09C02175","1","B_o032_r04193","B"
"WP09C02176","1","B_o032_r04192","B"
"WP09C02177","1","B_o032_r04088","B"
"WP09C02177","1","B_o032_r04112","B"
"WP09C02178","1","B_o032_r04085","B"
"WP09C02179","1","B_o032_r04087","B"
"WP09C02180","1","B_o032_r04113","B"
"WP09C02181","1","B_o032_r04082","B"
"WP09C02182","1","B_o032_r04093","B"
"WP09C02183","1","B_o032_r04196","B"
"WP09C02184","1","B_o032_r04102","B"
"WP09C02185","1","B_o032_r04133","B"
"WP09C02185","1","B_o032_r04139","B"
"WP09C02186","1","B_o032_r04188","B"
"WP09C02187","1","B_o032_r04137","B"
"WP09C02188","1","B_o032_r04180","B"
"WP09C02189","1","B_o032_r04111","B"
"WP09C02190","1","B_o032_r04094","B"
"WP09C02190","1","B_o032_r04118","B"
"WP09C02191","1","B_o032_r04146","B"
"WP09C02192","1","B_o032_r04142","B"
"WP09C02193","1","B_o032_r04194","B"
"WP09C02194","1","B_o032_r04126","B"
"WP09C02195","1","B_o032_r04128","B"
"WP09C02196","1","B_o032_r04131","B"
"WP09C02197","1","B_o032_r04090","B"
"WP09C02198","1","B_o032_r04092","B"
"WP09C02199","1","B_o032_r04171","B"
"WP09C02199","1","B_o032_r04173","B"
"WP09C02200","1","B_o032_r04100","B"
"WP09C02200","1","B_o032_r04124","B"
"WP09C02201","1","B_o032_r04157","B"
"WP09C02201","1","B_o032_r04163","B"
"WP09C02202","1","B_o032_r04130","B"
"WP09C02202","1","B_o032_r04136","B"
"WP09C02203","1","B_o032_r04174","B"
"WP09C02204","1","B_o032_r04084","B"
"WP09C02205","1","B_o032_r04132","B"
"WP09C02206","1","B_o032_r04097","B"
"WP09C02206","1","B_o032_r04121","B"
"WP09C02207","1","B_o032_r04083","B"
"WP09C02208","1","B_o032_r04179","B"
"WP09C02208","1","B_o032_r04185","B"
"WP09C02209","1","B_o032_r04148","B"
"WP09C02210","1","B_o032_r04110","B"
"WP09C02211","1","B_o032_r04099","B"
"WP09C02211","1","B_o032_r04123","B"
"WP09C02212","1","B_o032_r04101","B"
"WP09C02212","1","B_o032_r04125","B"
"WP09C02213","1","B_o032_r04181","B"
"WP09C02213","1","B_o032_r04187","B"
"WP09C02214","1","B_o032_r04091","B"
"WP09C02214","1","B_o032_r04115","B"
"WP09C02215","1","B_o032_r04135","B"
"WP09C02216","1","B_o032_r04195","B"
"WP09C02216","1","B_o032_r04197","B"
"WP09C02217","1","B_o032_r04106","B"
"WP09C02218","1","B_o032_r04105","B"
"WP09C02219","1","B_o032_r04144","B"
"WP09C02220","1","B_o032_r04200","B"
"WP09C02221","1","B_o032_r04182","B"
"WP09C02222","1","B_o032_r04176","B"
"WP09C02223","1","B_o032_r04114","B"
"WP09C02224","1","B_o032_r04198","B"
"WP09C02225","1","B_o032_r04116","B"
"WP09C02226","1","B_o032_r04129","B"
"WP09C02227","1","B_o032_r04103","B"
"WP09C02227","1","B_o032_r04127","B"
"WP09C02228","1","B_o032_r04199","B"
"WP09C02229","1","B_o032_r04109","B"
"WP09C02230","1","B_o032_r04151","B"
"WP09C02231","1","B_o032_r04152","B"
"WP09C02232","1","B_o032_r04175","B"
"WP09C02233","1","B_o032_r04177","B"
"WP09C02233","1","B_o032_r04183","B"
"WP09C02234","1","B_o032_r04104","B"
"WP09C02235","1","B_o032_r04186","B"
"WP09C02236","1","B_o032_r04134","B"
"WP09C02237","1","B_o032_r04089","B"
"WP09C02238","1","B_o032_r04178","B"
"WP09C02238","1","B_o032_r04184","B"
"WP09C02239","1","B_o032_r04086","B"
"WP09C02240","1","B_o032_r04145","B"
"WP09C02241","1","B_o032_r04150","B"
"WP09C02242","1","B_o032_r04117","B"
"WP09C02243","1","B_o032_r04107","B"
"WP09C02244","1","B_o032_r04119","B"
"WP09C02245","1","B_o032_r04095","B"
"WP09C02246","1","B_o033_r04310","B"
"WP09C02247","1","B_o033_r04274","B"
"WP09C02247","1","B_o033_r04280","B"
"WP09C02248","1","B_o033_r04292","B"
"WP09C02249","1","B_o033_r04201","B"
"WP09C02250","1","B_o033_r04228","B"
"WP09C02251","1","B_o033_r04313","B"
"WP09C02252","1","B_o033_r04312","B"
"WP09C02253","1","B_o033_r04208","B"
"WP09C02253","1","B_o033_r04232","B"
"WP09C02254","1","B_o033_r04205","B"
"WP09C02255","1","B_o033_r04207","B"
"WP09C02256","1","B_o033_r04233","B"
"WP09C02257","1","B_o033_r04202","B"
"WP09C02258","1","B_o033_r04213","B"
"WP09C02259","1","B_o033_r04316","B"
"WP09C02260","1","B_o033_r04222","B"
"WP09C02261","1","B_o033_r04253","B"
"WP09C02261","1","B_o033_r04259","B"
"WP09C02262","1","B_o033_r04308","B"
"WP09C02263","1","B_o033_r04257","B"
"WP09C02264","1","B_o033_r04300","B"
"WP09C02265","1","B_o033_r04231","B"
"WP09C02266","1","B_o033_r04214","B"
"WP09C02266","1","B_o033_r04238","B"
"WP09C02267","1","B_o033_r04266","B"
"WP09C02268","1","B_o033_r04262","B"
"WP09C02269","1","B_o033_r04314","B"
"WP09C02270","1","B_o033_r04246","B"
"WP09C02271","1","B_o033_r04248","B"
"WP09C02272","1","B_o033_r04251","B"
"WP09C02273","1","B_o033_r04210","B"
"WP09C02274","1","B_o033_r04212","B"
"WP09C02275","1","B_o033_r04291","B"
"WP09C02275","1","B_o033_r04293","B"
"WP09C02276","1","B_o033_r04220","B"
"WP09C02276","1","B_o033_r04244","B"
"WP09C02277","1","B_o033_r04277","B"
"WP09C02277","1","B_o033_r04283","B"
"WP09C02278","1","B_o033_r04250","B"
"WP09C02278","1","B_o033_r04256","B"
"WP09C02279","1","B_o033_r04294","B"
"WP09C02280","1","B_o033_r04204","B"
"WP09C02281","1","B_o033_r04252","B"
"WP09C02282","1","B_o033_r04217","B"
"WP09C02282","1","B_o033_r04241","B"
"WP09C02283","1","B_o033_r04203","B"
"WP09C02284","1","B_o033_r04299","B"
"WP09C02284","1","B_o033_r04305","B"
"WP09C02285","1","B_o033_r04268","B"
"WP09C02286","1","B_o033_r04230","B"
"WP09C02287","1","B_o033_r04219","B"
"WP09C02287","1","B_o033_r04243","B"
"WP09C02288","1","B_o033_r04221","B"
"WP09C02288","1","B_o033_r04245","B"
"WP09C02289","1","B_o033_r04301","B"
"WP09C02289","1","B_o033_r04307","B"
"WP09C02290","1","B_o033_r04211","B"
"WP09C02290","1","B_o033_r04235","B"
"WP09C02291","1","B_o033_r04255","B"
"WP09C02292","1","B_o033_r04315","B"
"WP09C02292","1","B_o033_r04317","B"
"WP09C02293","1","B_o033_r04226","B"
"WP09C02294","1","B_o033_r04225","B"
"WP09C02295","1","B_o033_r04264","B"
"WP09C02296","1","B_o033_r04320","B"
"WP09C02297","1","B_o033_r04302","B"
"WP09C02298","1","B_o033_r04296","B"
"WP09C02299","1","B_o033_r04234","B"
"WP09C02300","1","B_o033_r04318","B"
"WP09C02301","1","B_o033_r04236","B"
"WP09C02302","1","B_o033_r04249","B"
"WP09C02303","1","B_o033_r04223","B"
"WP09C02303","1","B_o033_r04247","B"
"WP09C02304","1","B_o033_r04319","B"
"WP09C02305","1","B_o033_r04229","B"
"WP09C02306","1","B_o033_r04271","B"
"WP09C02307","1","B_o033_r04272","B"
"WP09C02308","1","B_o033_r04295","B"
"WP09C02309","1","B_o033_r04297","B"
"WP09C02309","1","B_o033_r04303","B"
"WP09C02310","1","B_o033_r04224","B"
"WP09C02311","1","B_o033_r04306","B"
"WP09C02312","1","B_o033_r04254","B"
"WP09C02313","1","B_o033_r04209","B"
"WP09C02314","1","B_o033_r04298","B"
"WP09C02314","1","B_o033_r04304","B"
"WP09C02315","1","B_o033_r04206","B"
"WP09C02316","1","B_o033_r04265","B"
"WP09C02317","1","B_o033_r04270","B"
"WP09C02318","1","B_o033_r04237","B"
"WP09C02319","1","B_o033_r04227","B"
"WP09C02320","1","B_o033_r04239","B"
"WP09C02321","1","B_o033_r04215","B"
"WP09C02322","1","B_o034_r04324","B"
"WP09C02323","1","B_o034_r04394","B"
"WP09C02323","1","B_o034_r04400","B"
"WP09C02324","1","B_o034_r04412","B"
"WP09C02325","1","B_o034_r04321","B"
"WP09C02326","1","B_o034_r04399","B"
"WP09C02327","1","B_o034_r04328","B"
"WP09C02327","1","B_o034_r04352","B"
"WP09C02328","1","B_o034_r04325","B"
"WP09C02329","1","B_o034_r04327","B"
"WP09C02330","1","B_o034_r04353","B"
"WP09C02331","1","B_o034_r04322","B"
"WP09C02332","1","B_o034_r04333","B"
"WP09C02333","1","B_o034_r04373","B"
"WP09C02333","1","B_o034_r04379","B"
"WP09C02334","1","B_o034_r04377","B"
"WP09C02335","1","B_o034_r04348","B"
"WP09C02336","1","B_o034_r04351","B"
"WP09C02337","1","B_o034_r04334","B"
"WP09C02337","1","B_o034_r04358","B"
"WP09C02338","1","B_o034_r04386","B"
"WP09C02339","1","B_o034_r04382","B"
"WP09C02340","1","B_o034_r04371","B"
"WP09C02341","1","B_o034_r04411","B"
"WP09C02341","1","B_o034_r04413","B"
"WP09C02342","1","B_o034_r04397","B"
"WP09C02342","1","B_o034_r04403","B"
"WP09C02343","1","B_o034_r04370","B"
"WP09C02343","1","B_o034_r04376","B"
"WP09C02344","1","B_o034_r04414","B"
"WP09C02345","1","B_o034_r04337","B"
"WP09C02345","1","B_o034_r04361","B"
"WP09C02346","1","B_o034_r04323","B"
"WP09C02347","1","B_o034_r04419","B"
"WP09C02347","1","B_o034_r04425","B"
"WP09C02348","1","B_o034_r04339","B"
"WP09C02348","1","B_o034_r04363","B"
"WP09C02349","1","B_o034_r04341","B"
"WP09C02349","1","B_o034_r04365","B"
"WP09C02350","1","B_o034_r04356","B"
"WP09C02351","1","B_o034_r04331","B"
"WP09C02351","1","B_o034_r04355","B"
"WP09C02352","1","B_o034_r04395","B"
"WP09C02353","1","B_o034_r04375","B"
"WP09C02354","1","B_o034_r04354","B"
"WP09C02355","1","B_o034_r04330","B"
"WP09C02356","1","B_o034_r04346","B"
"WP09C02357","1","B_o034_r04345","B"
"WP09C02358","1","B_o034_r04384","B"
"WP09C02359","1","B_o034_r04326","B"
"WP09C02360","1","B_o034_r04393","B"
"WP09C02361","1","B_o034_r04350","B"
"WP09C02362","1","B_o034_r04416","B"
"WP09C02363","1","B_o034_r04369","B"
"WP09C02364","1","B_o034_r04372","B"
"WP09C02365","1","B_o034_r04401","B"
"WP09C02366","1","B_o034_r04349","B"
"WP09C02367","1","B_o034_r04332","B"
"WP09C02368","1","B_o034_r04415","B"
"WP09C02369","1","B_o034_r04417","B"
"WP09C02369","1","B_o034_r04423","B"
"WP09C02370","1","B_o034_r04329","B"
"WP09C02371","1","B_o034_r04385","B"
"WP09C02372","1","B_o034_r04357","B"
"WP09C02373","1","B_o034_r04347","B"
"WP09C02374","1","B_o034_r04359","B"
"WP09C02375","1","B_o034_r04374","B"
"WP09C02376","1","B_o034_r04335","B"
"WP09C02377","1","B_o035_r04464","B"
"WP09C02378","1","B_o035_r04444","B"
"WP09C02379","1","B_o035_r04514","B"
"WP09C02379","1","B_o035_r04520","B"
"WP09C02380","1","B_o035_r04441","B"
"WP09C02381","1","B_o035_r04474","B"
"WP09C02382","1","B_o035_r04519","B"
"WP09C02383","1","B_o035_r04448","B"
"WP09C02383","1","B_o035_r04472","B"
"WP09C02384","1","B_o035_r04445","B"
"WP09C02385","1","B_o035_r04447","B"
"WP09C02386","1","B_o035_r04473","B"
"WP09C02387","1","B_o035_r04442","B"
"WP09C02388","1","B_o035_r04453","B"
"WP09C02389","1","B_o035_r04501","B"
"WP09C02389","1","B_o035_r04503","B"
"WP09C02390","1","B_o035_r04493","B"
"WP09C02390","1","B_o035_r04499","B"
"WP09C02391","1","B_o035_r04497","B"
"WP09C02392","1","B_o035_r04456","B"
"WP09C02393","1","B_o035_r04468","B"
"WP09C02394","1","B_o035_r04471","B"
"WP09C02395","1","B_o035_r04454","B"
"WP09C02395","1","B_o035_r04478","B"
"WP09C02396","1","B_o035_r04480","B"
"WP09C02397","1","B_o035_r04506","B"
"WP09C02398","1","B_o035_r04502","B"
"WP09C02399","1","B_o035_r04452","B"
"WP09C02400","1","B_o035_r04491","B"
"WP09C02401","1","B_o035_r04507","B"
"WP09C02401","1","B_o035_r04509","B"
"WP09C02402","1","B_o035_r04531","B"
"WP09C02402","1","B_o035_r04533","B"
"WP09C02403","1","B_o035_r04525","B"
"WP09C02403","1","B_o035_r04527","B"
"WP09C02404","1","B_o035_r04517","B"
"WP09C02404","1","B_o035_r04523","B"
"WP09C02405","1","B_o035_r04492","B"
"WP09C02406","1","B_o035_r04490","B"
"WP09C02406","1","B_o035_r04496","B"
"WP09C02407","1","B_o035_r04457","B"
"WP09C02407","1","B_o035_r04481","B"
"WP09C02408","1","B_o035_r04443","B"
"WP09C02409","1","B_o035_r04539","B"
"WP09C02409","1","B_o035_r04545","B"
"WP09C02410","1","B_o035_r04459","B"
"WP09C02410","1","B_o035_r04483","B"
"WP09C02411","1","B_o035_r04461","B"
"WP09C02411","1","B_o035_r04485","B"
"WP09C02412","1","B_o035_r04451","B"
"WP09C02412","1","B_o035_r04475","B"
"WP09C02413","1","B_o035_r04515","B"
"WP09C02414","1","B_o035_r04476","B"
"WP09C02415","1","B_o035_r04495","B"
"WP09C02416","1","B_o035_r04549","B"
"WP09C02416","1","B_o035_r04551","B"
"WP09C02417","1","B_o035_r04466","B"
"WP09C02418","1","B_o035_r04465","B"
"WP09C02419","1","B_o035_r04458","B"
"WP09C02420","1","B_o035_r04504","B"
"WP09C02421","1","B_o035_r04450","B"
"WP09C02422","1","B_o035_r04446","B"
"WP09C02423","1","B_o035_r04513","B"
"WP09C02424","1","B_o035_r04470","B"
"WP09C02425","1","B_o035_r04486","B"
"WP09C02426","1","B_o035_r04488","B"
"WP09C02427","1","B_o035_r04489","B"
"WP09C02428","1","B_o035_r04521","B"
"WP09C02429","1","B_o035_r04469","B"
"WP09C02430","1","B_o035_r04537","B"
"WP09C02430","1","B_o035_r04543","B"
"WP09C02431","1","B_o035_r04482","B"
"WP09C02432","1","B_o035_r04494","B"
"WP09C02433","1","B_o035_r04449","B"
"WP09C02434","1","B_o035_r04505","B"
"WP09C02435","1","B_o035_r04477","B"
"WP09C02436","1","B_o035_r04467","B"
"WP09C02437","1","B_o035_r04479","B"
"WP09C02438","1","B_o035_r04462","B"
"WP09C02439","1","B_o035_r04455","B"
"WP09C02440","1","B_o036_r04604","B"
"WP09C02441","1","B_o036_r04651","B"
"WP09C02442","1","B_o036_r04631","B"
"WP09C02443","1","B_o036_r04640","B"
"WP09C02444","1","B_o036_r04634","B"
"WP09C02445","1","B_o036_r04588","B"
"WP09C02446","1","B_o036_r04568","B"
"WP09C02447","1","B_o036_r04570","B"
"WP09C02448","1","B_o036_r04565","B"
"WP09C02448","1","B_o036_r04571","B"
"WP09C02448","1","B_o036_r04595","B"
"WP09C02449","1","B_o036_r04561","B"
"WP09C02450","1","B_o036_r04663","B"
"WP09C02451","1","B_o036_r04652","B"
"WP09C02452","1","B_o036_r04579","B"
"WP09C02453","1","B_o036_r04658","B"
"WP09C02454","1","B_o036_r04567","B"
"WP09C02454","1","B_o036_r04573","B"
"WP09C02455","1","B_o036_r04574","B"
"WP09C02456","1","B_o036_r04563","B"
"WP09C02456","1","B_o036_r04569","B"
"WP09C02456","1","B_o036_r04593","B"
"WP09C02457","1","B_o036_r04622","B"
"WP09C02458","1","B_o036_r04591","B"
"WP09C02458","1","B_o036_r04597","B"
"WP09C02458","1","B_o036_r04621","B"
"WP09C02459","1","B_o036_r04594","B"
"WP09C02460","1","B_o036_r04585","B"
"WP09C02460","1","B_o036_r04587","B"
"WP09C02460","1","B_o036_r04611","B"
"WP09C02461","1","B_o036_r04657","B"
"WP09C02462","1","B_o036_r04578","B"
"WP09C02463","1","B_o036_r04628","B"
"WP09C02464","1","B_o036_r04572","B"
"WP09C02465","1","B_o036_r04610","B"
"WP09C02466","1","B_o036_r04626","B"
"WP09C02467","1","B_o036_r04580","B"
"WP09C02468","1","B_o036_r04612","B"
"WP09C02469","1","B_o036_r04602","B"
"WP09C02470","1","B_o036_r04577","B"
"WP09C02470","1","B_o036_r04601","B"
"WP09C02471","1","B_o036_r04590","B"
"WP09C02472","1","B_o036_r04625","B"
"WP09C02473","1","B_o036_r04598","B"
"WP09C02474","1","B_o036_r04609","B"
"WP09C02474","1","B_o036_r04633","B"
"WP09C02475","1","B_o036_r04608","B"
"WP09C02476","1","B_o036_r04564","B"
"WP09C02477","1","B_o036_r04615","B"
"WP09C02477","1","B_o036_r04639","B"
"WP09C02478","1","B_o036_r04632","B"
"WP09C02479","1","B_o036_r04586","B"
"WP09C02480","1","B_o036_r04583","B"
"WP09C02480","1","B_o036_r04607","B"
"WP09C02481","1","B_o036_r04603","B"
"WP09C02481","1","B_o036_r04627","B"
"WP09C02482","1","B_o036_r04592","B"
"WP09C02483","1","B_o036_r04584","B"
"WP09C02484","1","B_o036_r04562","B"
"WP09C02485","1","B_o036_r04596","B"
"WP09C02486","1","B_o036_r04589","B"
"WP09C02486","1","B_o036_r04613","B"
"WP09C02487","1","B_o036_r04614","B"
"WP09C02488","1","B_o036_r04566","B"
"WP09C02489","1","B_o036_r04664","B"
"WP09C02490","1","B_o036_r04616","B"
"WP09C02491","1","B_o037_r04723","B"
"WP09C02491","1","B_o037_r04747","B"
"WP09C02492","1","B_o037_r04760","B"
"WP09C02493","1","B_o037_r04754","B"
"WP09C02494","1","B_o037_r04708","B"
"WP09C02495","1","B_o037_r04688","B"
"WP09C02496","1","B_o037_r04685","B"
"WP09C02496","1","B_o037_r04691","B"
"WP09C02496","1","B_o037_r04715","B"
"WP09C02497","1","B_o037_r04682","B"
"WP09C02498","1","B_o037_r04681","B"
"WP09C02499","1","B_o037_r04751","B"
"WP09C02500","1","B_o037_r04702","B"
"WP09C02501","1","B_o037_r04772","B"
"WP09C02502","1","B_o037_r04687","B"
"WP09C02502","1","B_o037_r04693","B"
"WP09C02503","1","B_o037_r04694","B"
"WP09C02504","1","B_o037_r04683","B"
"WP09C02504","1","B_o037_r04689","B"
"WP09C02504","1","B_o037_r04713","B"
"WP09C02505","1","B_o037_r04742","B"
"WP09C02506","1","B_o037_r04711","B"
"WP09C02506","1","B_o037_r04717","B"
"WP09C02506","1","B_o037_r04741","B"
"WP09C02507","1","B_o037_r04705","B"
"WP09C02507","1","B_o037_r04707","B"
"WP09C02507","1","B_o037_r04731","B"
"WP09C02508","1","B_o037_r04726","B"
"WP09C02509","1","B_o037_r04698","B"
"WP09C02510","1","B_o037_r04690","B"
"WP09C02511","1","B_o037_r04771","B"
"WP09C02512","1","B_o037_r04692","B"
"WP09C02513","1","B_o037_r04703","B"
"WP09C02513","1","B_o037_r04727","B"
"WP09C02514","1","B_o037_r04700","B"
"WP09C02515","1","B_o037_r04730","B"
"WP09C02516","1","B_o037_r04746","B"
"WP09C02517","1","B_o037_r04684","B"
"WP09C02518","1","B_o037_r04732","B"
"WP09C02519","1","B_o037_r04704","B"
"WP09C02520","1","B_o037_r04722","B"
"WP09C02521","1","B_o037_r04697","B"
"WP09C02521","1","B_o037_r04721","B"
"WP09C02522","1","B_o037_r04752","B"
"WP09C02523","1","B_o037_r04748","B"
"WP09C02524","1","B_o037_r04710","B"
"WP09C02525","1","B_o037_r04699","B"
"WP09C02525","1","B_o037_r04701","B"
"WP09C02525","1","B_o037_r04725","B"
"WP09C02526","1","B_o037_r04745","B"
"WP09C02527","1","B_o037_r04718","B"
"WP09C02528","1","B_o037_r04729","B"
"WP09C02528","1","B_o037_r04753","B"
"WP09C02529","1","B_o037_r04735","B"
"WP09C02529","1","B_o037_r04759","B"
"WP09C02530","1","B_o037_r04706","B"
"WP09C02531","1","B_o037_r04714","B"
"WP09C02532","1","B_o037_r04712","B"
"WP09C02533","1","B_o037_r04728","B"
"WP09C02534","1","B_o037_r04716","B"
"WP09C02535","1","B_o037_r04709","B"
"WP09C02535","1","B_o037_r04733","B"
"WP09C02536","1","B_o037_r04734","B"
"WP09C02537","1","B_o037_r04724","B"
"WP09C02538","1","B_o037_r04686","B"
"WP09C02539","1","B_o037_r04736","B"
"WP09C02540","1","B_o038_r04910","B"
"WP09C02541","1","B_o038_r04843","B"
"WP09C02541","1","B_o038_r04867","B"
"WP09C02542","1","B_o038_r04903","B"
"WP09C02542","1","B_o038_r04909","B"
"WP09C02542","1","B_o038_r04911","B"
"WP09C02543","1","B_o038_r04880","B"
"WP09C02544","1","B_o038_r04874","B"
"WP09C02545","1","B_o038_r04801","B"
"WP09C02546","1","B_o038_r04828","B"
"WP09C02547","1","B_o038_r04912","B"
"WP09C02548","1","B_o038_r04808","B"
"WP09C02549","1","B_o038_r04805","B"
"WP09C02549","1","B_o038_r04811","B"
"WP09C02549","1","B_o038_r04835","B"
"WP09C02550","1","B_o038_r04807","B"
"WP09C02551","1","B_o038_r04915","B"
"WP09C02551","1","B_o038_r04917","B"
"WP09C02552","1","B_o038_r04802","B"
"WP09C02553","1","B_o038_r04855","B"
"WP09C02554","1","B_o038_r04871","B"
"WP09C02555","1","B_o038_r04822","B"
"WP09C02556","1","B_o038_r04892","B"
"WP09C02557","1","B_o038_r04900","B"
"WP09C02558","1","B_o038_r04813","B"
"WP09C02559","1","B_o038_r04814","B"
"WP09C02560","1","B_o038_r04803","B"
"WP09C02560","1","B_o038_r04809","B"
"WP09C02560","1","B_o038_r04833","B"
"WP09C02561","1","B_o038_r04916","B"
"WP09C02562","1","B_o038_r04862","B"
"WP09C02563","1","B_o038_r04837","B"
"WP09C02563","1","B_o038_r04861","B"
"WP09C02564","1","B_o038_r04827","B"
"WP09C02564","1","B_o038_r04851","B"
"WP09C02565","1","B_o038_r04846","B"
"WP09C02566","1","B_o038_r04818","B"
"WP09C02567","1","B_o038_r04810","B"
"WP09C02568","1","B_o038_r04891","B"
"WP09C02569","1","B_o038_r04812","B"
"WP09C02570","1","B_o038_r04918","B"
"WP09C02571","1","B_o038_r04823","B"
"WP09C02571","1","B_o038_r04847","B"
"WP09C02572","1","B_o038_r04820","B"
"WP09C02573","1","B_o038_r04850","B"
"WP09C02574","1","B_o038_r04866","B"
"WP09C02575","1","B_o038_r04804","B"
"WP09C02576","1","B_o038_r04852","B"
"WP09C02577","1","B_o038_r04824","B"
"WP09C02578","1","B_o038_r04842","B"
"WP09C02579","1","B_o038_r04817","B"
"WP09C02579","1","B_o038_r04841","B"
"WP09C02580","1","B_o038_r04872","B"
"WP09C02581","1","B_o038_r04868","B"
"WP09C02582","1","B_o038_r04830","B"
"WP09C02583","1","B_o038_r04819","B"
"WP09C02583","1","B_o038_r04821","B"
"WP09C02583","1","B_o038_r04845","B"
"WP09C02584","1","B_o038_r04865","B"
"WP09C02585","1","B_o038_r04838","B"
"WP09C02586","1","B_o038_r04904","B"
"WP09C02587","1","B_o038_r04873","B"
"WP09C02588","1","B_o038_r04879","B"
"WP09C02589","1","B_o038_r04826","B"
"WP09C02590","1","B_o038_r04825","B"
"WP09C02591","1","B_o038_r04831","B"
"WP09C02592","1","B_o038_r04834","B"
"WP09C02593","1","B_o038_r04832","B"
"WP09C02594","1","B_o038_r04848","B"
"WP09C02595","1","B_o038_r04836","B"
"WP09C02596","1","B_o038_r04849","B"
"WP09C02597","1","B_o038_r04829","B"
"WP09C02597","1","B_o038_r04853","B"
"WP09C02598","1","B_o038_r04897","B"
"WP09C02598","1","B_o038_r04899","B"
"WP09C02598","1","B_o038_r04905","B"
"WP09C02599","1","B_o038_r04906","B"
"WP09C02600","1","B_o038_r04854","B"
"WP09C02601","1","B_o038_r04844","B"
"WP09C02602","1","B_o038_r04898","B"
"WP09C02603","1","B_o038_r04806","B"
"WP09C02604","1","B_o038_r04856","B"
"WP09C02605","1","B_o039_r05030","B"
"WP09C02606","1","B_o039_r04963","B"
"WP09C02606","1","B_o039_r04987","B"
"WP09C02607","1","B_o039_r05023","B"
"WP09C02607","1","B_o039_r05029","B"
"WP09C02607","1","B_o039_r05031","B"
"WP09C02608","1","B_o039_r05000","B"
"WP09C02609","1","B_o039_r04994","B"
"WP09C02610","1","B_o039_r04921","B"
"WP09C02611","1","B_o039_r04948","B"
"WP09C02612","1","B_o039_r05032","B"
"WP09C02613","1","B_o039_r04928","B"
"WP09C02614","1","B_o039_r04925","B"
"WP09C02614","1","B_o039_r04931","B"
"WP09C02614","1","B_o039_r04955","B"
"WP09C02615","1","B_o039_r04927","B"
"WP09C02616","1","B_o039_r05035","B"
"WP09C02616","1","B_o039_r05037","B"
"WP09C02617","1","B_o039_r04922","B"
"WP09C02618","1","B_o039_r04975","B"
"WP09C02619","1","B_o039_r04991","B"
"WP09C02620","1","B_o039_r04942","B"
"WP09C02621","1","B_o039_r05012","B"
"WP09C02622","1","B_o039_r05020","B"
"WP09C02623","1","B_o039_r04933","B"
"WP09C02624","1","B_o039_r04934","B"
"WP09C02625","1","B_o039_r04923","B"
"WP09C02625","1","B_o039_r04929","B"
"WP09C02625","1","B_o039_r04953","B"
"WP09C02626","1","B_o039_r05036","B"
"WP09C02627","1","B_o039_r04982","B"
"WP09C02628","1","B_o039_r04957","B"
"WP09C02628","1","B_o039_r04981","B"
"WP09C02629","1","B_o039_r04947","B"
"WP09C02629","1","B_o039_r04971","B"
"WP09C02630","1","B_o039_r04966","B"
"WP09C02631","1","B_o039_r04938","B"
"WP09C02632","1","B_o039_r04930","B"
"WP09C02633","1","B_o039_r05011","B"
"WP09C02634","1","B_o039_r04932","B"
"WP09C02635","1","B_o039_r05038","B"
"WP09C02636","1","B_o039_r04943","B"
"WP09C02636","1","B_o039_r04967","B"
"WP09C02637","1","B_o039_r04940","B"
"WP09C02638","1","B_o039_r04970","B"
"WP09C02639","1","B_o039_r04986","B"
"WP09C02640","1","B_o039_r04924","B"
"WP09C02641","1","B_o039_r04972","B"
"WP09C02642","1","B_o039_r04944","B"
"WP09C02643","1","B_o039_r04962","B"
"WP09C02644","1","B_o039_r04937","B"
"WP09C02644","1","B_o039_r04961","B"
"WP09C02645","1","B_o039_r04992","B"
"WP09C02646","1","B_o039_r04988","B"
"WP09C02647","1","B_o039_r04950","B"
"WP09C02648","1","B_o039_r04939","B"
"WP09C02648","1","B_o039_r04941","B"
"WP09C02648","1","B_o039_r04965","B"
"WP09C02649","1","B_o039_r04985","B"
"WP09C02650","1","B_o039_r04958","B"
"WP09C02651","1","B_o039_r05024","B"
"WP09C02652","1","B_o039_r04993","B"
"WP09C02653","1","B_o039_r04999","B"
"WP09C02654","1","B_o039_r04946","B"
"WP09C02655","1","B_o039_r04945","B"
"WP09C02656","1","B_o039_r04951","B"
"WP09C02657","1","B_o039_r04954","B"
"WP09C02658","1","B_o039_r04952","B"
"WP09C02659","1","B_o039_r04968","B"
"WP09C02660","1","B_o039_r04956","B"
"WP09C02661","1","B_o039_r04969","B"
"WP09C02662","1","B_o039_r04949","B"
"WP09C02662","1","B_o039_r04973","B"
"WP09C02663","1","B_o039_r05017","B"
"WP09C02663","1","B_o039_r05019","B"
"WP09C02663","1","B_o039_r05025","B"
"WP09C02664","1","B_o039_r05026","B"
"WP09C02665","1","B_o039_r04974","B"
"WP09C02666","1","B_o039_r04964","B"
"WP09C02667","1","B_o039_r05018","B"
"WP09C02668","1","B_o039_r04926","B"
"WP09C02669","1","B_o039_r04976","B"
"WP09C02670","1","B_o040_r05130","B"
"WP09C02671","1","B_o040_r05083","B"
"WP09C02671","1","B_o040_r05107","B"
"WP09C02672","1","B_o040_r05120","B"
"WP09C02673","1","B_o040_r05114","B"
"WP09C02674","1","B_o040_r05068","B"
"WP09C02675","1","B_o040_r05118","B"
"WP09C02676","1","B_o040_r05048","B"
"WP09C02677","1","B_o040_r05045","B"
"WP09C02677","1","B_o040_r05051","B"
"WP09C02677","1","B_o040_r05075","B"
"WP09C02678","1","B_o040_r05042","B"
"WP09C02679","1","B_o040_r05041","B"
"WP09C02680","1","B_o040_r05111","B"
"WP09C02681","1","B_o040_r05062","B"
"WP09C02682","1","B_o040_r05043","B"
"WP09C02682","1","B_o040_r05049","B"
"WP09C02682","1","B_o040_r05073","B"
"WP09C02683","1","B_o040_r05047","B"
"WP09C02683","1","B_o040_r05053","B"
"WP09C02684","1","B_o040_r05054","B"
"WP09C02685","1","B_o040_r05124","B"
"WP09C02686","1","B_o040_r05102","B"
"WP09C02687","1","B_o040_r05071","B"
"WP09C02687","1","B_o040_r05077","B"
"WP09C02687","1","B_o040_r05101","B"
"WP09C02688","1","B_o040_r05065","B"
"WP09C02689","1","B_o040_r05086","B"
"WP09C02690","1","B_o040_r05058","B"
"WP09C02691","1","B_o040_r05088","B"
"WP09C02692","1","B_o040_r05050","B"
"WP09C02693","1","B_o040_r05067","B"
"WP09C02693","1","B_o040_r05091","B"
"WP09C02694","1","B_o040_r05052","B"
"WP09C02695","1","B_o040_r05060","B"
"WP09C02696","1","B_o040_r05117","B"
"WP09C02696","1","B_o040_r05123","B"
"WP09C02697","1","B_o040_r05112","B"
"WP09C02698","1","B_o040_r05090","B"
"WP09C02699","1","B_o040_r05106","B"
"WP09C02700","1","B_o040_r05044","B"
"WP09C02701","1","B_o040_r05092","B"
"WP09C02702","1","B_o040_r05082","B"
"WP09C02703","1","B_o040_r05057","B"
"WP09C02703","1","B_o040_r05081","B"
"WP09C02704","1","B_o040_r05108","B"
"WP09C02705","1","B_o040_r05070","B"
"WP09C02706","1","B_o040_r05059","B"
"WP09C02706","1","B_o040_r05061","B"
"WP09C02706","1","B_o040_r05085","B"
"WP09C02707","1","B_o040_r05105","B"
"WP09C02708","1","B_o040_r05078","B"
"WP09C02709","1","B_o040_r05089","B"
"WP09C02709","1","B_o040_r05113","B"
"WP09C02710","1","B_o040_r05095","B"
"WP09C02710","1","B_o040_r05119","B"
"WP09C02711","1","B_o040_r05066","B"
"WP09C02712","1","B_o040_r05129","B"
"WP09C02713","1","B_o040_r05074","B"
"WP09C02714","1","B_o040_r05072","B"
"WP09C02715","1","B_o040_r05076","B"
"WP09C02716","1","B_o040_r05063","B"
"WP09C02716","1","B_o040_r05087","B"
"WP09C02717","1","B_o040_r05069","B"
"WP09C02717","1","B_o040_r05093","B"
"WP09C02718","1","B_o040_r05064","B"
"WP09C02719","1","B_o040_r05094","B"
"WP09C02720","1","B_o040_r05084","B"
"WP09C02721","1","B_o040_r05046","B"
"WP09C02722","1","B_o040_r05096","B"
"WP09C02723","1","B_o041_r05270","B"
"WP09C02724","1","B_o041_r05250","B"
"WP09C02725","1","B_o041_r05203","B"
"WP09C02725","1","B_o041_r05227","B"
"WP09C02726","1","B_o041_r05263","B"
"WP09C02726","1","B_o041_r05269","B"
"WP09C02726","1","B_o041_r05271","B"
"WP09C02727","1","B_o041_r05240","B"
"WP09C02728","1","B_o041_r05234","B"
"WP09C02729","1","B_o041_r05161","B"
"WP09C02730","1","B_o041_r05188","B"
"WP09C02731","1","B_o041_r05238","B"
"WP09C02732","1","B_o041_r05272","B"
"WP09C02733","1","B_o041_r05168","B"
"WP09C02734","1","B_o041_r05165","B"
"WP09C02734","1","B_o041_r05171","B"
"WP09C02734","1","B_o041_r05195","B"
"WP09C02735","1","B_o041_r05167","B"
"WP09C02736","1","B_o041_r05162","B"
"WP09C02737","1","B_o041_r05215","B"
"WP09C02738","1","B_o041_r05231","B"
"WP09C02739","1","B_o041_r05182","B"
"WP09C02740","1","B_o041_r05169","B"
"WP09C02740","1","B_o041_r05193","B"
"WP09C02741","1","B_o041_r05268","B"
"WP09C02742","1","B_o041_r05260","B"
"WP09C02743","1","B_o041_r05173","B"
"WP09C02744","1","B_o041_r05174","B"
"WP09C02745","1","B_o041_r05244","B"
"WP09C02746","1","B_o041_r05222","B"
"WP09C02747","1","B_o041_r05197","B"
"WP09C02747","1","B_o041_r05221","B"
"WP09C02748","1","B_o041_r05206","B"
"WP09C02749","1","B_o041_r05178","B"
"WP09C02750","1","B_o041_r05208","B"
"WP09C02751","1","B_o041_r05170","B"
"WP09C02752","1","B_o041_r05211","B"
"WP09C02753","1","B_o041_r05172","B"
"WP09C02754","1","B_o041_r05180","B"
"WP09C02755","1","B_o041_r05237","B"
"WP09C02755","1","B_o041_r05243","B"
"WP09C02756","1","B_o041_r05232","B"
"WP09C02757","1","B_o041_r05210","B"
"WP09C02758","1","B_o041_r05226","B"
"WP09C02759","1","B_o041_r05164","B"
"WP09C02760","1","B_o041_r05212","B"
"WP09C02761","1","B_o041_r05202","B"
"WP09C02762","1","B_o041_r05177","B"
"WP09C02762","1","B_o041_r05201","B"
"WP09C02763","1","B_o041_r05163","B"
"WP09C02764","1","B_o041_r05228","B"
"WP09C02765","1","B_o041_r05190","B"
"WP09C02766","1","B_o041_r05179","B"
"WP09C02766","1","B_o041_r05181","B"
"WP09C02766","1","B_o041_r05205","B"
"WP09C02767","1","B_o041_r05225","B"
"WP09C02768","1","B_o041_r05198","B"
"WP09C02769","1","B_o041_r05264","B"
"WP09C02770","1","B_o041_r05261","B"
"WP09C02770","1","B_o041_r05267","B"
"WP09C02771","1","B_o041_r05233","B"
"WP09C02772","1","B_o041_r05239","B"
"WP09C02773","1","B_o041_r05186","B"
"WP09C02774","1","B_o041_r05185","B"
"WP09C02775","1","B_o041_r05191","B"
"WP09C02776","1","B_o041_r05249","B"
"WP09C02777","1","B_o041_r05262","B"
"WP09C02778","1","B_o041_r05194","B"
"WP09C02779","1","B_o041_r05192","B"
"WP09C02780","1","B_o041_r05196","B"
"WP09C02781","1","B_o041_r05209","B"
"WP09C02782","1","B_o041_r05183","B"
"WP09C02782","1","B_o041_r05207","B"
"WP09C02783","1","B_o041_r05274","B"
"WP09C02784","1","B_o041_r05189","B"
"WP09C02784","1","B_o041_r05213","B"
"WP09C02785","1","B_o041_r05257","B"
"WP09C02785","1","B_o041_r05259","B"
"WP09C02785","1","B_o041_r05265","B"
"WP09C02786","1","B_o041_r05273","B"
"WP09C02787","1","B_o041_r05184","B"
"WP09C02788","1","B_o041_r05266","B"
"WP09C02789","1","B_o041_r05214","B"
"WP09C02790","1","B_o041_r05204","B"
"WP09C02791","1","B_o041_r05258","B"
"WP09C02792","1","B_o041_r05166","B"
"WP09C02793","1","B_o041_r05187","B"
"WP09C02794","1","B_o041_r05216","B"
"WP09C02795","1","B_o042_r05390","B"
"WP09C02796","1","B_o042_r05370","B"
"WP09C02797","1","B_o042_r05323","B"
"WP09C02797","1","B_o042_r05347","B"
"WP09C02798","1","B_o042_r05383","B"
"WP09C02798","1","B_o042_r05389","B"
"WP09C02798","1","B_o042_r05391","B"
"WP09C02799","1","B_o042_r05360","B"
"WP09C02800","1","B_o042_r05354","B"
"WP09C02801","1","B_o042_r05281","B"
"WP09C02802","1","B_o042_r05308","B"
"WP09C02803","1","B_o042_r05358","B"
"WP09C02804","1","B_o042_r05392","B"
"WP09C02805","1","B_o042_r05288","B"
"WP09C02806","1","B_o042_r05285","B"
"WP09C02806","1","B_o042_r05291","B"
"WP09C02806","1","B_o042_r05315","B"
"WP09C02807","1","B_o042_r05287","B"
"WP09C02808","1","B_o042_r05282","B"
"WP09C02809","1","B_o042_r05335","B"
"WP09C02810","1","B_o042_r05351","B"
"WP09C02811","1","B_o042_r05302","B"
"WP09C02812","1","B_o042_r05289","B"
"WP09C02812","1","B_o042_r05313","B"
"WP09C02813","1","B_o042_r05388","B"
"WP09C02814","1","B_o042_r05380","B"
"WP09C02815","1","B_o042_r05293","B"
"WP09C02816","1","B_o042_r05294","B"
"WP09C02817","1","B_o042_r05364","B"
"WP09C02818","1","B_o042_r05342","B"
"WP09C02819","1","B_o042_r05317","B"
"WP09C02819","1","B_o042_r05341","B"
"WP09C02820","1","B_o042_r05326","B"
"WP09C02821","1","B_o042_r05298","B"
"WP09C02822","1","B_o042_r05328","B"
"WP09C02823","1","B_o042_r05290","B"
"WP09C02824","1","B_o042_r05331","B"
"WP09C02825","1","B_o042_r05292","B"
"WP09C02826","1","B_o042_r05300","B"
"WP09C02827","1","B_o042_r05357","B"
"WP09C02827","1","B_o042_r05363","B"
"WP09C02828","1","B_o042_r05352","B"
"WP09C02829","1","B_o042_r05330","B"
"WP09C02830","1","B_o042_r05346","B"
"WP09C02831","1","B_o042_r05284","B"
"WP09C02832","1","B_o042_r05332","B"
"WP09C02833","1","B_o042_r05322","B"
"WP09C02834","1","B_o042_r05297","B"
"WP09C02834","1","B_o042_r05321","B"
"WP09C02835","1","B_o042_r05283","B"
"WP09C02836","1","B_o042_r05348","B"
"WP09C02837","1","B_o042_r05310","B"
"WP09C02838","1","B_o042_r05299","B"
"WP09C02838","1","B_o042_r05301","B"
"WP09C02838","1","B_o042_r05325","B"
"WP09C02839","1","B_o042_r05345","B"
"WP09C02840","1","B_o042_r05318","B"
"WP09C02841","1","B_o042_r05384","B"
"WP09C02842","1","B_o042_r05381","B"
"WP09C02842","1","B_o042_r05387","B"
"WP09C02843","1","B_o042_r05353","B"
"WP09C02844","1","B_o042_r05359","B"
"WP09C02845","1","B_o042_r05306","B"
"WP09C02846","1","B_o042_r05305","B"
"WP09C02847","1","B_o042_r05311","B"
"WP09C02848","1","B_o042_r05369","B"
"WP09C02849","1","B_o042_r05382","B"
"WP09C02850","1","B_o042_r05314","B"
"WP09C02851","1","B_o042_r05312","B"
"WP09C02852","1","B_o042_r05316","B"
"WP09C02853","1","B_o042_r05329","B"
"WP09C02854","1","B_o042_r05303","B"
"WP09C02854","1","B_o042_r05327","B"
"WP09C02855","1","B_o042_r05394","B"
"WP09C02856","1","B_o042_r05309","B"
"WP09C02856","1","B_o042_r05333","B"
"WP09C02857","1","B_o042_r05377","B"
"WP09C02857","1","B_o042_r05379","B"
"WP09C02857","1","B_o042_r05385","B"
"WP09C02858","1","B_o042_r05393","B"
"WP09C02859","1","B_o042_r05304","B"
"WP09C02860","1","B_o042_r05386","B"
"WP09C02861","1","B_o042_r05334","B"
"WP09C02862","1","B_o042_r05324","B"
"WP09C02863","1","B_o042_r05378","B"
"WP09C02864","1","B_o042_r05286","B"
"WP09C02865","1","B_o042_r05307","B"
"WP09C02866","1","B_o042_r05336","B"
"WP09C02867","1","B_o043_r05510","B"
"WP09C02868","1","B_o043_r05490","B"
"WP09C02869","1","B_o043_r05443","B"
"WP09C02869","1","B_o043_r05467","B"
"WP09C02870","1","B_o043_r05503","B"
"WP09C02870","1","B_o043_r05509","B"
"WP09C02870","1","B_o043_r05511","B"
"WP09C02871","1","B_o043_r05480","B"
"WP09C02872","1","B_o043_r05474","B"
"WP09C02873","1","B_o043_r05492","B"
"WP09C02874","1","B_o043_r05401","B"
"WP09C02875","1","B_o043_r05428","B"
"WP09C02876","1","B_o043_r05478","B"
"WP09C02877","1","B_o043_r05512","B"
"WP09C02878","1","B_o043_r05408","B"
"WP09C02879","1","B_o043_r05495","B"
"WP09C02880","1","B_o043_r05405","B"
"WP09C02880","1","B_o043_r05411","B"
"WP09C02880","1","B_o043_r05435","B"
"WP09C02881","1","B_o043_r05407","B"
"WP09C02882","1","B_o043_r05402","B"
"WP09C02883","1","B_o043_r05437","B"
"WP09C02884","1","B_o043_r05413","B"
"WP09C02885","1","B_o043_r05516","B"
"WP09C02886","1","B_o043_r05455","B"
"WP09C02887","1","B_o043_r05471","B"
"WP09C02888","1","B_o043_r05422","B"
"WP09C02889","1","B_o043_r05496","B"
"WP09C02890","1","B_o043_r05409","B"
"WP09C02890","1","B_o043_r05433","B"
"WP09C02891","1","B_o043_r05508","B"
"WP09C02892","1","B_o043_r05519","B"
"WP09C02893","1","B_o043_r05500","B"
"WP09C02894","1","B_o043_r05414","B"
"WP09C02895","1","B_o043_r05484","B"
"WP09C02896","1","B_o043_r05462","B"
"WP09C02897","1","B_o043_r05446","B"
"WP09C02898","1","B_o043_r05418","B"
"WP09C02899","1","B_o043_r05448","B"
"WP09C02900","1","B_o043_r05410","B"
"WP09C02901","1","B_o043_r05451","B"
"WP09C02902","1","B_o043_r05412","B"
"WP09C02903","1","B_o043_r05491","B"
"WP09C02903","1","B_o043_r05493","B"
"WP09C02904","1","B_o043_r05420","B"
"WP09C02905","1","B_o043_r05477","B"
"WP09C02905","1","B_o043_r05483","B"
"WP09C02906","1","B_o043_r05472","B"
"WP09C02907","1","B_o043_r05450","B"
"WP09C02908","1","B_o043_r05494","B"
"WP09C02909","1","B_o043_r05466","B"
"WP09C02910","1","B_o043_r05404","B"
"WP09C02911","1","B_o043_r05452","B"
"WP09C02912","1","B_o043_r05442","B"
"WP09C02913","1","B_o043_r05417","B"
"WP09C02913","1","B_o043_r05441","B"
"WP09C02914","1","B_o043_r05403","B"
"WP09C02915","1","B_o043_r05468","B"
"WP09C02916","1","B_o043_r05430","B"
"WP09C02917","1","B_o043_r05419","B"
"WP09C02917","1","B_o043_r05421","B"
"WP09C02917","1","B_o043_r05445","B"
"WP09C02918","1","B_o043_r05465","B"
"WP09C02919","1","B_o043_r05438","B"
"WP09C02920","1","B_o043_r05504","B"
"WP09C02921","1","B_o043_r05501","B"
"WP09C02921","1","B_o043_r05507","B"
"WP09C02922","1","B_o043_r05515","B"
"WP09C02922","1","B_o043_r05517","B"
"WP09C02923","1","B_o043_r05426","B"
"WP09C02924","1","B_o043_r05425","B"
"WP09C02925","1","B_o043_r05431","B"
"WP09C02926","1","B_o043_r05520","B"
"WP09C02927","1","B_o043_r05489","B"
"WP09C02928","1","B_o043_r05502","B"
"WP09C02929","1","B_o043_r05434","B"
"WP09C02930","1","B_o043_r05432","B"
"WP09C02931","1","B_o043_r05518","B"
"WP09C02932","1","B_o043_r05461","B"
"WP09C02933","1","B_o043_r05436","B"
"WP09C02934","1","B_o043_r05449","B"
"WP09C02935","1","B_o043_r05423","B"
"WP09C02935","1","B_o043_r05447","B"
"WP09C02936","1","B_o043_r05514","B"
"WP09C02937","1","B_o043_r05429","B"
"WP09C02937","1","B_o043_r05453","B"
"WP09C02938","1","B_o043_r05497","B"
"WP09C02938","1","B_o043_r05499","B"
"WP09C02938","1","B_o043_r05505","B"
"WP09C02939","1","B_o043_r05513","B"
"WP09C02940","1","B_o043_r05424","B"
"WP09C02941","1","B_o043_r05506","B"
"WP09C02942","1","B_o043_r05454","B"
"WP09C02943","1","B_o043_r05444","B"
"WP09C02944","1","B_o043_r05498","B"
"WP09C02945","1","B_o043_r05406","B"
"WP09C02946","1","B_o043_r05415","B"
"WP09C02946","1","B_o043_r05439","B"
"WP09C02947","1","B_o043_r05427","B"
"WP09C02948","1","B_o043_r05456","B"
"WP09C02949","1","B_o044_r05630","B"
"WP09C02950","1","B_o044_r05610","B"
"WP09C02951","1","B_o044_r05563","B"
"WP09C02951","1","B_o044_r05587","B"
"WP09C02952","1","B_o044_r05623","B"
"WP09C02952","1","B_o044_r05629","B"
"WP09C02952","1","B_o044_r05631","B"
"WP09C02953","1","B_o044_r05600","B"
"WP09C02954","1","B_o044_r05594","B"
"WP09C02955","1","B_o044_r05612","B"
"WP09C02956","1","B_o044_r05521","B"
"WP09C02957","1","B_o044_r05548","B"
"WP09C02958","1","B_o044_r05598","B"
"WP09C02959","1","B_o044_r05632","B"
"WP09C02960","1","B_o044_r05528","B"
"WP09C02961","1","B_o044_r05615","B"
"WP09C02962","1","B_o044_r05525","B"
"WP09C02962","1","B_o044_r05531","B"
"WP09C02962","1","B_o044_r05555","B"
"WP09C02963","1","B_o044_r05527","B"
"WP09C02964","1","B_o044_r05522","B"
"WP09C02965","1","B_o044_r05557","B"
"WP09C02966","1","B_o044_r05533","B"
"WP09C02967","1","B_o044_r05636","B"
"WP09C02968","1","B_o044_r05575","B"
"WP09C02969","1","B_o044_r05591","B"
"WP09C02970","1","B_o044_r05542","B"
"WP09C02971","1","B_o044_r05616","B"
"WP09C02972","1","B_o044_r05529","B"
"WP09C02972","1","B_o044_r05553","B"
"WP09C02973","1","B_o044_r05628","B"
"WP09C02974","1","B_o044_r05639","B"
"WP09C02975","1","B_o044_r05620","B"
"WP09C02976","1","B_o044_r05534","B"
"WP09C02977","1","B_o044_r05604","B"
"WP09C02978","1","B_o044_r05582","B"
"WP09C02979","1","B_o044_r05566","B"
"WP09C02980","1","B_o044_r05538","B"
"WP09C02981","1","B_o044_r05568","B"
"WP09C02982","1","B_o044_r05530","B"
"WP09C02983","1","B_o044_r05571","B"
"WP09C02984","1","B_o044_r05532","B"
"WP09C02985","1","B_o044_r05611","B"
"WP09C02985","1","B_o044_r05613","B"
"WP09C02986","1","B_o044_r05540","B"
"WP09C02987","1","B_o044_r05597","B"
"WP09C02987","1","B_o044_r05603","B"
"WP09C02988","1","B_o044_r05592","B"
"WP09C02989","1","B_o044_r05570","B"
"WP09C02990","1","B_o044_r05614","B"
"WP09C02991","1","B_o044_r05586","B"
"WP09C02992","1","B_o044_r05524","B"
"WP09C02993","1","B_o044_r05572","B"
"WP09C02994","1","B_o044_r05562","B"
"WP09C02995","1","B_o044_r05537","B"
"WP09C02995","1","B_o044_r05561","B"
"WP09C02996","1","B_o044_r05523","B"
"WP09C02997","1","B_o044_r05588","B"
"WP09C02998","1","B_o044_r05550","B"
"WP09C02999","1","B_o044_r05539","B"
"WP09C02999","1","B_o044_r05541","B"
"WP09C02999","1","B_o044_r05565","B"
"WP09C03000","1","B_o044_r05585","B"
"WP09C03001","1","B_o044_r05558","B"
"WP09C03002","1","B_o044_r05624","B"
"WP09C03003","1","B_o044_r05621","B"
"WP09C03003","1","B_o044_r05627","B"
"WP09C03004","1","B_o044_r05635","B"
"WP09C03004","1","B_o044_r05637","B"
"WP09C03005","1","B_o044_r05546","B"
"WP09C03006","1","B_o044_r05545","B"
"WP09C03007","1","B_o044_r05551","B"
"WP09C03008","1","B_o044_r05640","B"
"WP09C03009","1","B_o044_r05609","B"
"WP09C03010","1","B_o044_r05622","B"
"WP09C03011","1","B_o044_r05554","B"
"WP09C03012","1","B_o044_r05552","B"
"WP09C03013","1","B_o044_r05638","B"
"WP09C03014","1","B_o044_r05581","B"
"WP09C03015","1","B_o044_r05556","B"
"WP09C03016","1","B_o044_r05569","B"
"WP09C03017","1","B_o044_r05543","B"
"WP09C03017","1","B_o044_r05567","B"
"WP09C03018","1","B_o044_r05634","B"
"WP09C03019","1","B_o044_r05549","B"
"WP09C03019","1","B_o044_r05573","B"
"WP09C03020","1","B_o044_r05617","B"
"WP09C03020","1","B_o044_r05619","B"
"WP09C03020","1","B_o044_r05625","B"
"WP09C03021","1","B_o044_r05633","B"
"WP09C03022","1","B_o044_r05544","B"
"WP09C03023","1","B_o044_r05626","B"
"WP09C03024","1","B_o044_r05574","B"
"WP09C03025","1","B_o044_r05564","B"
"WP09C03026","1","B_o044_r05618","B"
"WP09C03027","1","B_o044_r05526","B"
"WP09C03028","1","B_o044_r05535","B"
"WP09C03028","1","B_o044_r05559","B"
"WP09C03029","1","B_o044_r05547","B"
"WP09C03030","1","B_o044_r05576","B"
"WP09C03031","1","B_o045_r05730","B"
"WP09C03032","1","B_o045_r05719","B"
"WP09C03033","1","B_o045_r05683","B"
"WP09C03033","1","B_o045_r05707","B"
"WP09C03034","1","B_o045_r05644","B"
"WP09C03035","1","B_o045_r05743","B"
"WP09C03035","1","B_o045_r05749","B"
"WP09C03035","1","B_o045_r05751","B"
"WP09C03036","1","B_o045_r05720","B"
"WP09C03037","1","B_o045_r05714","B"
"WP09C03038","1","B_o045_r05732","B"
"WP09C03039","1","B_o045_r05641","B"
"WP09C03040","1","B_o045_r05718","B"
"WP09C03041","1","B_o045_r05715","B"
"WP09C03041","1","B_o045_r05721","B"
"WP09C03042","1","B_o045_r05648","B"
"WP09C03043","1","B_o045_r05735","B"
"WP09C03044","1","B_o045_r05645","B"
"WP09C03044","1","B_o045_r05651","B"
"WP09C03044","1","B_o045_r05675","B"
"WP09C03045","1","B_o045_r05647","B"
"WP09C03046","1","B_o045_r05642","B"
"WP09C03047","1","B_o045_r05677","B"
"WP09C03048","1","B_o045_r05653","B"
"WP09C03049","1","B_o045_r05695","B"
"WP09C03050","1","B_o045_r05736","B"
"WP09C03051","1","B_o045_r05649","B"
"WP09C03051","1","B_o045_r05673","B"
"WP09C03052","1","B_o045_r05668","B"
"WP09C03053","1","B_o045_r05654","B"
"WP09C03054","1","B_o045_r05724","B"
"WP09C03055","1","B_o045_r05702","B"
"WP09C03056","1","B_o045_r05658","B"
"WP09C03057","1","B_o045_r05691","B"
"WP09C03058","1","B_o045_r05731","B"
"WP09C03058","1","B_o045_r05733","B"
"WP09C03059","1","B_o045_r05717","B"
"WP09C03059","1","B_o045_r05723","B"
"WP09C03060","1","B_o045_r05690","B"
"WP09C03061","1","B_o045_r05734","B"
"WP09C03062","1","B_o045_r05706","B"
"WP09C03063","1","B_o045_r05682","B"
"WP09C03064","1","B_o045_r05657","B"
"WP09C03064","1","B_o045_r05681","B"
"WP09C03065","1","B_o045_r05643","B"
"WP09C03066","1","B_o045_r05659","B"
"WP09C03066","1","B_o045_r05661","B"
"WP09C03066","1","B_o045_r05685","B"
"WP09C03067","1","B_o045_r05705","B"
"WP09C03068","1","B_o045_r05678","B"
"WP09C03069","1","B_o045_r05725","B"
"WP09C03069","1","B_o045_r05727","B"
"WP09C03070","1","B_o045_r05676","B"
"WP09C03071","1","B_o045_r05674","B"
"WP09C03072","1","B_o045_r05650","B"
"WP09C03073","1","B_o045_r05666","B"
"WP09C03074","1","B_o045_r05665","B"
"WP09C03075","1","B_o045_r05671","B"
"WP09C03076","1","B_o045_r05646","B"
"WP09C03077","1","B_o045_r05713","B"
"WP09C03078","1","B_o045_r05670","B"
"WP09C03079","1","B_o045_r05729","B"
"WP09C03080","1","B_o045_r05672","B"
"WP09C03081","1","B_o045_r05701","B"
"WP09C03082","1","B_o045_r05689","B"
"WP09C03083","1","B_o045_r05692","B"
"WP09C03084","1","B_o045_r05669","B"
"WP09C03084","1","B_o045_r05693","B"
"WP09C03085","1","B_o045_r05652","B"
"WP09C03086","1","B_o045_r05737","B"
"WP09C03086","1","B_o045_r05739","B"
"WP09C03086","1","B_o045_r05745","B"
"WP09C03087","1","B_o045_r05655","B"
"WP09C03087","1","B_o045_r05679","B"
"WP09C03088","1","B_o045_r05667","B"
"WP09C03089","1","B_o045_r05694","B"
"WP09C03090","1","B_o045_r05696","B"
"WP09C03091","1","B_o046_r05775","B"
"WP09C03091","1","B_o046_r05799","B"
"WP09C03092","1","B_o046_r05803","B"
"WP09C03092","1","B_o046_r05827","B"
"WP09C03093","1","B_o046_r05840","B"
"WP09C03094","1","B_o046_r05834","B"
"WP09C03095","1","B_o046_r05788","B"
"WP09C03096","1","B_o046_r05838","B"
"WP09C03097","1","B_o046_r05768","B"
"WP09C03098","1","B_o046_r05765","B"
"WP09C03099","1","B_o046_r05769","B"
"WP09C03099","1","B_o046_r05793","B"
"WP09C03100","1","B_o046_r05762","B"
"WP09C03101","1","B_o046_r05761","B"
"WP09C03102","1","B_o046_r05782","B"
"WP09C03103","1","B_o046_r05763","B"
"WP09C03104","1","B_o046_r05849","B"
"WP09C03105","1","B_o046_r05767","B"
"WP09C03105","1","B_o046_r05773","B"
"WP09C03106","1","B_o046_r05774","B"
"WP09C03107","1","B_o046_r05844","B"
"WP09C03108","1","B_o046_r05826","B"
"WP09C03109","1","B_o046_r05822","B"
"WP09C03110","1","B_o046_r05791","B"
"WP09C03110","1","B_o046_r05797","B"
"WP09C03110","1","B_o046_r05821","B"
"WP09C03111","1","B_o046_r05785","B"
"WP09C03112","1","B_o046_r05806","B"
"WP09C03113","1","B_o046_r05778","B"
"WP09C03114","1","B_o046_r05808","B"
"WP09C03115","1","B_o046_r05770","B"
"WP09C03116","1","B_o046_r05787","B"
"WP09C03117","1","B_o046_r05772","B"
"WP09C03118","1","B_o046_r05780","B"
"WP09C03119","1","B_o046_r05837","B"
"WP09C03119","1","B_o046_r05843","B"
"WP09C03120","1","B_o046_r05810","B"
"WP09C03121","1","B_o046_r05764","B"
"WP09C03122","1","B_o046_r05812","B"
"WP09C03123","1","B_o046_r05802","B"
"WP09C03124","1","B_o046_r05777","B"
"WP09C03124","1","B_o046_r05801","B"
"WP09C03125","1","B_o046_r05781","B"
"WP09C03125","1","B_o046_r05805","B"
"WP09C03126","1","B_o046_r05828","B"
"WP09C03127","1","B_o046_r05790","B"
"WP09C03128","1","B_o046_r05779","B"
"WP09C03129","1","B_o046_r05798","B"
"WP09C03130","1","B_o046_r05771","B"
"WP09C03130","1","B_o046_r05795","B"
"WP09C03131","1","B_o046_r05809","B"
"WP09C03131","1","B_o046_r05833","B"
"WP09C03132","1","B_o046_r05815","B"
"WP09C03132","1","B_o046_r05839","B"
"WP09C03133","1","B_o046_r05786","B"
"WP09C03134","1","B_o046_r05850","B"
"WP09C03135","1","B_o046_r05794","B"
"WP09C03136","1","B_o046_r05792","B"
"WP09C03137","1","B_o046_r05796","B"
"WP09C03138","1","B_o046_r05783","B"
"WP09C03138","1","B_o046_r05807","B"
"WP09C03139","1","B_o046_r05789","B"
"WP09C03140","1","B_o046_r05831","B"
"WP09C03141","1","B_o046_r05832","B"
"WP09C03142","1","B_o046_r05784","B"
"WP09C03143","1","B_o046_r05814","B"
"WP09C03144","1","B_o046_r05804","B"
"WP09C03145","1","B_o046_r05766","B"
"WP09C03146","1","B_o046_r05825","B"
"WP09C03147","1","B_o046_r05816","B"
"WP09C03148","1","B_o047_r05990","B"
"WP09C03149","1","B_o047_r05895","B"
"WP09C03149","1","B_o047_r05919","B"
"WP09C03150","1","B_o047_r05923","B"
"WP09C03150","1","B_o047_r05947","B"
"WP09C03151","1","B_o047_r05983","B"
"WP09C03151","1","B_o047_r05989","B"
"WP09C03151","1","B_o047_r05991","B"
"WP09C03152","1","B_o047_r05960","B"
"WP09C03153","1","B_o047_r05954","B"
"WP09C03154","1","B_o047_r05881","B"
"WP09C03155","1","B_o047_r05908","B"
"WP09C03156","1","B_o047_r05958","B"
"WP09C03157","1","B_o047_r05993","B"
"WP09C03158","1","B_o047_r05992","B"
"WP09C03159","1","B_o047_r05888","B"
"WP09C03160","1","B_o047_r05885","B"
"WP09C03161","1","B_o047_r05887","B"
"WP09C03162","1","B_o047_r05913","B"
"WP09C03163","1","B_o047_r05882","B"
"WP09C03164","1","B_o047_r05935","B"
"WP09C03165","1","B_o047_r05902","B"
"WP09C03166","1","B_o047_r05988","B"
"WP09C03167","1","B_o047_r05980","B"
"WP09C03168","1","B_o047_r05969","B"
"WP09C03169","1","B_o047_r05893","B"
"WP09C03170","1","B_o047_r05894","B"
"WP09C03171","1","B_o047_r05964","B"
"WP09C03172","1","B_o047_r05946","B"
"WP09C03173","1","B_o047_r05942","B"
"WP09C03174","1","B_o047_r05917","B"
"WP09C03174","1","B_o047_r05941","B"
"WP09C03175","1","B_o047_r05994","B"
"WP09C03176","1","B_o047_r05926","B"
"WP09C03177","1","B_o047_r05898","B"
"WP09C03178","1","B_o047_r05928","B"
"WP09C03179","1","B_o047_r05890","B"
"WP09C03180","1","B_o047_r05892","B"
"WP09C03181","1","B_o047_r05900","B"
"WP09C03182","1","B_o047_r05957","B"
"WP09C03182","1","B_o047_r05963","B"
"WP09C03183","1","B_o047_r05930","B"
"WP09C03184","1","B_o047_r05884","B"
"WP09C03185","1","B_o047_r05932","B"
"WP09C03186","1","B_o047_r05922","B"
"WP09C03187","1","B_o047_r05897","B"
"WP09C03187","1","B_o047_r05921","B"
"WP09C03188","1","B_o047_r05883","B"
"WP09C03189","1","B_o047_r05901","B"
"WP09C03189","1","B_o047_r05925","B"
"WP09C03190","1","B_o047_r05948","B"
"WP09C03191","1","B_o047_r05910","B"
"WP09C03192","1","B_o047_r05899","B"
"WP09C03193","1","B_o047_r05918","B"
"WP09C03194","1","B_o047_r05984","B"
"WP09C03195","1","B_o047_r05981","B"
"WP09C03195","1","B_o047_r05987","B"
"WP09C03196","1","B_o047_r05891","B"
"WP09C03196","1","B_o047_r05915","B"
"WP09C03197","1","B_o047_r05953","B"
"WP09C03198","1","B_o047_r05959","B"
"WP09C03199","1","B_o047_r05906","B"
"WP09C03200","1","B_o047_r05905","B"
"WP09C03201","1","B_o047_r05911","B"
"WP09C03202","1","B_o047_r05970","B"
"WP09C03203","1","B_o047_r05982","B"
"WP09C03204","1","B_o047_r05914","B"
"WP09C03205","1","B_o047_r05912","B"
"WP09C03206","1","B_o047_r05916","B"
"WP09C03207","1","B_o047_r05929","B"
"WP09C03208","1","B_o047_r05903","B"
"WP09C03208","1","B_o047_r05927","B"
"WP09C03209","1","B_o047_r05909","B"
"WP09C03210","1","B_o047_r05951","B"
"WP09C03211","1","B_o047_r05952","B"
"WP09C03212","1","B_o047_r05977","B"
"WP09C03213","1","B_o047_r05904","B"
"WP09C03214","1","B_o047_r05986","B"
"WP09C03215","1","B_o047_r05934","B"
"WP09C03216","1","B_o047_r05889","B"
"WP09C03217","1","B_o047_r05924","B"
"WP09C03218","1","B_o047_r05978","B"
"WP09C03219","1","B_o047_r05886","B"
"WP09C03220","1","B_o047_r05945","B"
"WP09C03221","1","B_o047_r05907","B"
"WP09C03222","1","B_o047_r05936","B"
"WP09C03223","1","B_o048_r06110","B"
"WP09C03224","1","B_o048_r06015","B"
"WP09C03224","1","B_o048_r06039","B"
"WP09C03225","1","B_o048_r06043","B"
"WP09C03225","1","B_o048_r06067","B"
"WP09C03226","1","B_o048_r06103","B"
"WP09C03226","1","B_o048_r06109","B"
"WP09C03226","1","B_o048_r06111","B"
"WP09C03227","1","B_o048_r06080","B"
"WP09C03228","1","B_o048_r06074","B"
"WP09C03229","1","B_o048_r06001","B"
"WP09C03230","1","B_o048_r06028","B"
"WP09C03231","1","B_o048_r06078","B"
"WP09C03232","1","B_o048_r06113","B"
"WP09C03233","1","B_o048_r06112","B"
"WP09C03234","1","B_o048_r06008","B"
"WP09C03235","1","B_o048_r06005","B"
"WP09C03236","1","B_o048_r06007","B"
"WP09C03237","1","B_o048_r06033","B"
"WP09C03238","1","B_o048_r06002","B"
"WP09C03239","1","B_o048_r06055","B"
"WP09C03240","1","B_o048_r06022","B"
"WP09C03241","1","B_o048_r06108","B"
"WP09C03242","1","B_o048_r06100","B"
"WP09C03243","1","B_o048_r06089","B"
"WP09C03244","1","B_o048_r06013","B"
"WP09C03245","1","B_o048_r06014","B"
"WP09C03246","1","B_o048_r06084","B"
"WP09C03247","1","B_o048_r06066","B"
"WP09C03248","1","B_o048_r06062","B"
"WP09C03249","1","B_o048_r06037","B"
"WP09C03249","1","B_o048_r06061","B"
"WP09C03250","1","B_o048_r06114","B"
"WP09C03251","1","B_o048_r06046","B"
"WP09C03252","1","B_o048_r06018","B"
"WP09C03253","1","B_o048_r06048","B"
"WP09C03254","1","B_o048_r06010","B"
"WP09C03255","1","B_o048_r06012","B"
"WP09C03256","1","B_o048_r06020","B"
"WP09C03257","1","B_o048_r06077","B"
"WP09C03257","1","B_o048_r06083","B"
"WP09C03258","1","B_o048_r06050","B"
"WP09C03259","1","B_o048_r06004","B"
"WP09C03260","1","B_o048_r06052","B"
"WP09C03261","1","B_o048_r06042","B"
"WP09C03262","1","B_o048_r06017","B"
"WP09C03262","1","B_o048_r06041","B"
"WP09C03263","1","B_o048_r06003","B"
"WP09C03264","1","B_o048_r06021","B"
"WP09C03264","1","B_o048_r06045","B"
"WP09C03265","1","B_o048_r06068","B"
"WP09C03266","1","B_o048_r06030","B"
"WP09C03267","1","B_o048_r06019","B"
"WP09C03268","1","B_o048_r06038","B"
"WP09C03269","1","B_o048_r06104","B"
"WP09C03270","1","B_o048_r06101","B"
"WP09C03270","1","B_o048_r06107","B"
"WP09C03271","1","B_o048_r06011","B"
"WP09C03271","1","B_o048_r06035","B"
"WP09C03272","1","B_o048_r06073","B"
"WP09C03273","1","B_o048_r06079","B"
"WP09C03274","1","B_o048_r06026","B"
"WP09C03275","1","B_o048_r06025","B"
"WP09C03276","1","B_o048_r06031","B"
"WP09C03277","1","B_o048_r06090","B"
"WP09C03278","1","B_o048_r06102","B"
"WP09C03279","1","B_o048_r06034","B"
"WP09C03280","1","B_o048_r06032","B"
"WP09C03281","1","B_o048_r06036","B"
"WP09C03282","1","B_o048_r06049","B"
"WP09C03283","1","B_o048_r06023","B"
"WP09C03283","1","B_o048_r06047","B"
"WP09C03284","1","B_o048_r06029","B"
"WP09C03285","1","B_o048_r06071","B"
"WP09C03286","1","B_o048_r06072","B"
"WP09C03287","1","B_o048_r06097","B"
"WP09C03288","1","B_o048_r06024","B"
"WP09C03289","1","B_o048_r06106","B"
"WP09C03290","1","B_o048_r06054","B"
"WP09C03291","1","B_o048_r06009","B"
"WP09C03292","1","B_o048_r06044","B"
"WP09C03293","1","B_o048_r06098","B"
"WP09C03294","1","B_o048_r06006","B"
"WP09C03295","1","B_o048_r06065","B"
"WP09C03296","1","B_o048_r06027","B"
"WP09C03297","1","B_o048_r06056","B"
"WP09C03298","1","B_o049_r06230","B"
"WP09C03299","1","B_o049_r06163","B"
"WP09C03299","1","B_o049_r06187","B"
"WP09C03300","1","B_o049_r06223","B"
"WP09C03300","1","B_o049_r06229","B"
"WP09C03300","1","B_o049_r06231","B"
"WP09C03301","1","B_o049_r06200","B"
"WP09C03302","1","B_o049_r06194","B"
"WP09C03303","1","B_o049_r06212","B"
"WP09C03304","1","B_o049_r06121","B"
"WP09C03305","1","B_o049_r06148","B"
"WP09C03306","1","B_o049_r06198","B"
"WP09C03307","1","B_o049_r06233","B"
"WP09C03308","1","B_o049_r06232","B"
"WP09C03309","1","B_o049_r06128","B"
"WP09C03310","1","B_o049_r06125","B"
"WP09C03311","1","B_o049_r06127","B"
"WP09C03312","1","B_o049_r06153","B"
"WP09C03313","1","B_o049_r06122","B"
"WP09C03314","1","B_o049_r06157","B"
"WP09C03315","1","B_o049_r06133","B"
"WP09C03316","1","B_o049_r06236","B"
"WP09C03317","1","B_o049_r06175","B"
"WP09C03318","1","B_o049_r06142","B"
"WP09C03319","1","B_o049_r06228","B"
"WP09C03320","1","B_o049_r06135","B"
"WP09C03321","1","B_o049_r06220","B"
"WP09C03322","1","B_o049_r06209","B"
"WP09C03323","1","B_o049_r06134","B"
"WP09C03324","1","B_o049_r06204","B"
"WP09C03325","1","B_o049_r06186","B"
"WP09C03326","1","B_o049_r06182","B"
"WP09C03327","1","B_o049_r06240","B"
"WP09C03328","1","B_o049_r06234","B"
"WP09C03329","1","B_o049_r06166","B"
"WP09C03330","1","B_o049_r06138","B"
"WP09C03331","1","B_o049_r06168","B"
"WP09C03332","1","B_o049_r06130","B"
"WP09C03333","1","B_o049_r06132","B"
"WP09C03334","1","B_o049_r06211","B"
"WP09C03334","1","B_o049_r06213","B"
"WP09C03335","1","B_o049_r06140","B"
"WP09C03336","1","B_o049_r06197","B"
"WP09C03336","1","B_o049_r06203","B"
"WP09C03337","1","B_o049_r06170","B"
"WP09C03338","1","B_o049_r06214","B"
"WP09C03339","1","B_o049_r06124","B"
"WP09C03340","1","B_o049_r06172","B"
"WP09C03341","1","B_o049_r06162","B"
"WP09C03342","1","B_o049_r06137","B"
"WP09C03342","1","B_o049_r06161","B"
"WP09C03343","1","B_o049_r06123","B"
"WP09C03344","1","B_o049_r06141","B"
"WP09C03344","1","B_o049_r06165","B"
"WP09C03345","1","B_o049_r06188","B"
"WP09C03346","1","B_o049_r06150","B"
"WP09C03347","1","B_o049_r06139","B"
"WP09C03348","1","B_o049_r06158","B"
"WP09C03349","1","B_o049_r06224","B"
"WP09C03350","1","B_o049_r06221","B"
"WP09C03350","1","B_o049_r06227","B"
"WP09C03351","1","B_o049_r06131","B"
"WP09C03351","1","B_o049_r06155","B"
"WP09C03352","1","B_o049_r06235","B"
"WP09C03352","1","B_o049_r06237","B"
"WP09C03353","1","B_o049_r06146","B"
"WP09C03354","1","B_o049_r06145","B"
"WP09C03355","1","B_o049_r06151","B"
"WP09C03356","1","B_o049_r06210","B"
"WP09C03357","1","B_o049_r06215","B"
"WP09C03358","1","B_o049_r06216","B"
"WP09C03359","1","B_o049_r06222","B"
"WP09C03360","1","B_o049_r06159","B"
"WP09C03361","1","B_o049_r06154","B"
"WP09C03362","1","B_o049_r06152","B"
"WP09C03363","1","B_o049_r06238","B"
"WP09C03364","1","B_o049_r06181","B"
"WP09C03365","1","B_o049_r06239","B"
"WP09C03366","1","B_o049_r06156","B"
"WP09C03367","1","B_o049_r06169","B"
"WP09C03368","1","B_o049_r06143","B"
"WP09C03368","1","B_o049_r06167","B"
"WP09C03369","1","B_o049_r06149","B"
"WP09C03370","1","B_o049_r06191","B"
"WP09C03371","1","B_o049_r06192","B"
"WP09C03372","1","B_o049_r06217","B"
"WP09C03373","1","B_o049_r06144","B"
"WP09C03374","1","B_o049_r06226","B"
"WP09C03375","1","B_o049_r06174","B"
"WP09C03376","1","B_o049_r06129","B"
"WP09C03377","1","B_o049_r06164","B"
"WP09C03378","1","B_o049_r06218","B"
"WP09C03379","1","B_o049_r06126","B"
"WP09C03380","1","B_o049_r06185","B"
"WP09C03381","1","B_o049_r06147","B"
"WP09C03382","1","B_o049_r06176","B"
"WP09C03383","1","B_o050_r06350","B"
"WP09C03384","1","B_o050_r06283","B"
"WP09C03384","1","B_o050_r06307","B"
"WP09C03385","1","B_o050_r06343","B"
"WP09C03385","1","B_o050_r06349","B"
"WP09C03385","1","B_o050_r06351","B"
"WP09C03386","1","B_o050_r06320","B"
"WP09C03387","1","B_o050_r06314","B"
"WP09C03388","1","B_o050_r06332","B"
"WP09C03389","1","B_o050_r06241","B"
"WP09C03390","1","B_o050_r06268","B"
"WP09C03391","1","B_o050_r06318","B"
"WP09C03392","1","B_o050_r06353","B"
"WP09C03393","1","B_o050_r06352","B"
"WP09C03394","1","B_o050_r06248","B"
"WP09C03395","1","B_o050_r06245","B"
"WP09C03396","1","B_o050_r06247","B"
"WP09C03397","1","B_o050_r06273","B"
"WP09C03398","1","B_o050_r06242","B"
"WP09C03399","1","B_o050_r06277","B"
"WP09C03400","1","B_o050_r06253","B"
"WP09C03401","1","B_o050_r06356","B"
"WP09C03402","1","B_o050_r06295","B"
"WP09C03403","1","B_o050_r06262","B"
"WP09C03404","1","B_o050_r06348","B"
"WP09C03405","1","B_o050_r06255","B"
"WP09C03406","1","B_o050_r06340","B"
"WP09C03407","1","B_o050_r06329","B"
"WP09C03408","1","B_o050_r06254","B"
"WP09C03409","1","B_o050_r06324","B"
"WP09C03410","1","B_o050_r06306","B"
"WP09C03411","1","B_o050_r06302","B"
"WP09C03412","1","B_o050_r06360","B"
"WP09C03413","1","B_o050_r06354","B"
"WP09C03414","1","B_o050_r06286","B"
"WP09C03415","1","B_o050_r06258","B"
"WP09C03416","1","B_o050_r06288","B"
"WP09C03417","1","B_o050_r06250","B"
"WP09C03418","1","B_o050_r06252","B"
"WP09C03419","1","B_o050_r06331","B"
"WP09C03419","1","B_o050_r06333","B"
"WP09C03420","1","B_o050_r06260","B"
"WP09C03421","1","B_o050_r06317","B"
"WP09C03421","1","B_o050_r06323","B"
"WP09C03422","1","B_o050_r06290","B"
"WP09C03423","1","B_o050_r06334","B"
"WP09C03424","1","B_o050_r06244","B"
"WP09C03425","1","B_o050_r06292","B"
"WP09C03426","1","B_o050_r06282","B"
"WP09C03427","1","B_o050_r06257","B"
"WP09C03427","1","B_o050_r06281","B"
"WP09C03428","1","B_o050_r06243","B"
"WP09C03429","1","B_o050_r06261","B"
"WP09C03429","1","B_o050_r06285","B"
"WP09C03430","1","B_o050_r06308","B"
"WP09C03431","1","B_o050_r06270","B"
"WP09C03432","1","B_o050_r06259","B"
"WP09C03433","1","B_o050_r06278","B"
"WP09C03434","1","B_o050_r06344","B"
"WP09C03435","1","B_o050_r06341","B"
"WP09C03435","1","B_o050_r06347","B"
"WP09C03436","1","B_o050_r06251","B"
"WP09C03436","1","B_o050_r06275","B"
"WP09C03437","1","B_o050_r06355","B"
"WP09C03437","1","B_o050_r06357","B"
"WP09C03438","1","B_o050_r06266","B"
"WP09C03439","1","B_o050_r06265","B"
"WP09C03440","1","B_o050_r06271","B"
"WP09C03441","1","B_o050_r06330","B"
"WP09C03442","1","B_o050_r06335","B"
"WP09C03443","1","B_o050_r06336","B"
"WP09C03444","1","B_o050_r06342","B"
"WP09C03445","1","B_o050_r06279","B"
"WP09C03446","1","B_o050_r06274","B"
"WP09C03447","1","B_o050_r06272","B"
"WP09C03448","1","B_o050_r06358","B"
"WP09C03449","1","B_o050_r06301","B"
"WP09C03450","1","B_o050_r06359","B"
"WP09C03451","1","B_o050_r06276","B"
"WP09C03452","1","B_o050_r06289","B"
"WP09C03453","1","B_o050_r06263","B"
"WP09C03453","1","B_o050_r06287","B"
"WP09C03454","1","B_o050_r06269","B"
"WP09C03455","1","B_o050_r06311","B"
"WP09C03456","1","B_o050_r06312","B"
"WP09C03457","1","B_o050_r06337","B"
"WP09C03458","1","B_o050_r06264","B"
"WP09C03459","1","B_o050_r06346","B"
"WP09C03460","1","B_o050_r06294","B"
"WP09C03461","1","B_o050_r06249","B"
"WP09C03462","1","B_o050_r06284","B"
"WP09C03463","1","B_o050_r06338","B"
"WP09C03464","1","B_o050_r06246","B"
"WP09C03465","1","B_o050_r06305","B"
"WP09C03466","1","B_o050_r06267","B"
"WP09C03467","1","B_o050_r06296","B"
"WP09C03468","1","B_o051_r06439","B"
"WP09C03469","1","B_o051_r06403","B"
"WP09C03469","1","B_o051_r06427","B"
"WP09C03470","1","B_o051_r06364","B"
"WP09C03471","1","B_o051_r06463","B"
"WP09C03471","1","B_o051_r06469","B"
"WP09C03471","1","B_o051_r06471","B"
"WP09C03472","1","B_o051_r06440","B"
"WP09C03473","1","B_o051_r06434","B"
"WP09C03474","1","B_o051_r06452","B"
"WP09C03475","1","B_o051_r06361","B"
"WP09C03476","1","B_o051_r06438","B"
"WP09C03477","1","B_o051_r06368","B"
"WP09C03478","1","B_o051_r06365","B"
"WP09C03479","1","B_o051_r06367","B"
"WP09C03480","1","B_o051_r06393","B"
"WP09C03481","1","B_o051_r06362","B"
"WP09C03482","1","B_o051_r06397","B"
"WP09C03483","1","B_o051_r06373","B"
"WP09C03484","1","B_o051_r06415","B"
"WP09C03485","1","B_o051_r06375","B"
"WP09C03486","1","B_o051_r06449","B"
"WP09C03487","1","B_o051_r06388","B"
"WP09C03488","1","B_o051_r06374","B"
"WP09C03489","1","B_o051_r06444","B"
"WP09C03490","1","B_o051_r06426","B"
"WP09C03491","1","B_o051_r06422","B"
"WP09C03492","1","B_o051_r06378","B"
"WP09C03493","1","B_o051_r06451","B"
"WP09C03493","1","B_o051_r06453","B"
"WP09C03494","1","B_o051_r06437","B"
"WP09C03494","1","B_o051_r06443","B"
"WP09C03495","1","B_o051_r06410","B"
"WP09C03496","1","B_o051_r06454","B"
"WP09C03497","1","B_o051_r06402","B"
"WP09C03498","1","B_o051_r06377","B"
"WP09C03498","1","B_o051_r06401","B"
"WP09C03499","1","B_o051_r06363","B"
"WP09C03500","1","B_o051_r06381","B"
"WP09C03500","1","B_o051_r06405","B"
"WP09C03501","1","B_o051_r06379","B"
"WP09C03502","1","B_o051_r06398","B"
"WP09C03503","1","B_o051_r06445","B"
"WP09C03503","1","B_o051_r06447","B"
"WP09C03504","1","B_o051_r06396","B"
"WP09C03505","1","B_o051_r06371","B"
"WP09C03505","1","B_o051_r06395","B"
"WP09C03506","1","B_o051_r06394","B"
"WP09C03507","1","B_o051_r06370","B"
"WP09C03508","1","B_o051_r06386","B"
"WP09C03509","1","B_o051_r06385","B"
"WP09C03510","1","B_o051_r06391","B"
"WP09C03511","1","B_o051_r06450","B"
"WP09C03512","1","B_o051_r06455","B"
"WP09C03513","1","B_o051_r06366","B"
"WP09C03514","1","B_o051_r06433","B"
"WP09C03515","1","B_o051_r06390","B"
"WP09C03516","1","B_o051_r06456","B"
"WP09C03517","1","B_o051_r06399","B"
"WP09C03518","1","B_o051_r06392","B"
"WP09C03519","1","B_o051_r06421","B"
"WP09C03520","1","B_o051_r06409","B"
"WP09C03521","1","B_o051_r06412","B"
"WP09C03522","1","B_o051_r06389","B"
"WP09C03523","1","B_o051_r06372","B"
"WP09C03524","1","B_o051_r06457","B"
"WP09C03525","1","B_o051_r06369","B"
"WP09C03526","1","B_o051_r06425","B"
"WP09C03527","1","B_o051_r06387","B"
"WP09C03528","1","B_o051_r06414","B"
"WP09C03529","1","B_o051_r06416","B"
"WP09C03530","1","B_o052_r06590","B"
"WP09C03531","1","B_o052_r06523","B"
"WP09C03532","1","B_o052_r06583","B"
"WP09C03533","1","B_o052_r06560","B"
"WP09C03534","1","B_o052_r06554","B"
"WP09C03535","1","B_o052_r06572","B"
"WP09C03536","1","B_o052_r06481","B"
"WP09C03537","1","B_o052_r06508","B"
"WP09C03538","1","B_o052_r06593","B"
"WP09C03539","1","B_o052_r06592","B"
"WP09C03540","1","B_o052_r06488","B"
"WP09C03541","1","B_o052_r06485","B"
"WP09C03542","1","B_o052_r06487","B"
"WP09C03543","1","B_o052_r06513","B"
"WP09C03544","1","B_o052_r06482","B"
"WP09C03545","1","B_o052_r06517","B"
"WP09C03546","1","B_o052_r06493","B"
"WP09C03547","1","B_o052_r06596","B"
"WP09C03548","1","B_o052_r06535","B"
"WP09C03549","1","B_o052_r06502","B"
"WP09C03550","1","B_o052_r06533","B"
"WP09C03550","1","B_o052_r06539","B"
"WP09C03551","1","B_o052_r06588","B"
"WP09C03552","1","B_o052_r06537","B"
"WP09C03553","1","B_o052_r06580","B"
"WP09C03554","1","B_o052_r06494","B"
"WP09C03555","1","B_o052_r06546","B"
"WP09C03556","1","B_o052_r06542","B"
"WP09C03557","1","B_o052_r06594","B"
"WP09C03558","1","B_o052_r06526","B"
"WP09C03559","1","B_o052_r06528","B"
"WP09C03560","1","B_o052_r06531","B"
"WP09C03561","1","B_o052_r06490","B"
"WP09C03562","1","B_o052_r06492","B"
"WP09C03563","1","B_o052_r06571","B"
"WP09C03563","1","B_o052_r06573","B"
"WP09C03564","1","B_o052_r06500","B"
"WP09C03565","1","B_o052_r06557","B"
"WP09C03565","1","B_o052_r06563","B"
"WP09C03566","1","B_o052_r06530","B"
"WP09C03567","1","B_o052_r06574","B"
"WP09C03568","1","B_o052_r06484","B"
"WP09C03569","1","B_o052_r06532","B"
"WP09C03570","1","B_o052_r06497","B"
"WP09C03570","1","B_o052_r06521","B"
"WP09C03571","1","B_o052_r06483","B"
"WP09C03572","1","B_o052_r06579","B"
"WP09C03572","1","B_o052_r06585","B"
"WP09C03573","1","B_o052_r06548","B"
"WP09C03574","1","B_o052_r06510","B"
"WP09C03575","1","B_o052_r06499","B"
"WP09C03576","1","B_o052_r06518","B"
"WP09C03577","1","B_o052_r06501","B"
"WP09C03577","1","B_o052_r06525","B"
"WP09C03578","1","B_o052_r06584","B"
"WP09C03579","1","B_o052_r06581","B"
"WP09C03579","1","B_o052_r06587","B"
"WP09C03580","1","B_o052_r06491","B"
"WP09C03580","1","B_o052_r06515","B"
"WP09C03581","1","B_o052_r06595","B"
"WP09C03581","1","B_o052_r06597","B"
"WP09C03582","1","B_o052_r06506","B"
"WP09C03583","1","B_o052_r06505","B"
"WP09C03584","1","B_o052_r06511","B"
"WP09C03585","1","B_o052_r06600","B"
"WP09C03586","1","B_o052_r06582","B"
"WP09C03587","1","B_o052_r06576","B"
"WP09C03588","1","B_o052_r06514","B"
"WP09C03589","1","B_o052_r06512","B"
"WP09C03590","1","B_o052_r06598","B"
"WP09C03591","1","B_o052_r06516","B"
"WP09C03592","1","B_o052_r06529","B"
"WP09C03593","1","B_o052_r06503","B"
"WP09C03593","1","B_o052_r06527","B"
"WP09C03594","1","B_o052_r06599","B"
"WP09C03595","1","B_o052_r06509","B"
"WP09C03596","1","B_o052_r06551","B"
"WP09C03597","1","B_o052_r06552","B"
"WP09C03598","1","B_o052_r06575","B"
"WP09C03599","1","B_o052_r06577","B"
"WP09C03600","1","B_o052_r06504","B"
"WP09C03601","1","B_o052_r06586","B"
"WP09C03602","1","B_o052_r06534","B"
"WP09C03603","1","B_o052_r06489","B"
"WP09C03604","1","B_o052_r06524","B"
"WP09C03605","1","B_o052_r06578","B"
"WP09C03606","1","B_o052_r06486","B"
"WP09C03607","1","B_o052_r06545","B"
"WP09C03608","1","B_o052_r06507","B"
"WP09C03609","1","B_o052_r06519","B"
"WP09C03610","1","B_o052_r06536","B"
"WP09C03611","1","B_o052_r06495","B"
"WP09C03612","1","B_o053_r06710","B"
"WP09C03613","1","B_o053_r06643","B"
"WP09C03614","1","B_o053_r06703","B"
"WP09C03615","1","B_o053_r06680","B"
"WP09C03616","1","B_o053_r06674","B"
"WP09C03617","1","B_o053_r06692","B"
"WP09C03618","1","B_o053_r06601","B"
"WP09C03619","1","B_o053_r06628","B"
"WP09C03620","1","B_o053_r06713","B"
"WP09C03621","1","B_o053_r06712","B"
"WP09C03622","1","B_o053_r06608","B"
"WP09C03623","1","B_o053_r06605","B"
"WP09C03624","1","B_o053_r06607","B"
"WP09C03625","1","B_o053_r06633","B"
"WP09C03626","1","B_o053_r06602","B"
"WP09C03627","1","B_o053_r06637","B"
"WP09C03628","1","B_o053_r06613","B"
"WP09C03629","1","B_o053_r06716","B"
"WP09C03630","1","B_o053_r06655","B"
"WP09C03631","1","B_o053_r06622","B"
"WP09C03632","1","B_o053_r06653","B"
"WP09C03632","1","B_o053_r06659","B"
"WP09C03633","1","B_o053_r06708","B"
"WP09C03634","1","B_o053_r06657","B"
"WP09C03635","1","B_o053_r06700","B"
"WP09C03636","1","B_o053_r06614","B"
"WP09C03637","1","B_o053_r06666","B"
"WP09C03638","1","B_o053_r06662","B"
"WP09C03639","1","B_o053_r06714","B"
"WP09C03640","1","B_o053_r06646","B"
"WP09C03641","1","B_o053_r06648","B"
"WP09C03642","1","B_o053_r06651","B"
"WP09C03643","1","B_o053_r06610","B"
"WP09C03644","1","B_o053_r06612","B"
"WP09C03645","1","B_o053_r06691","B"
"WP09C03645","1","B_o053_r06693","B"
"WP09C03646","1","B_o053_r06620","B"
"WP09C03647","1","B_o053_r06677","B"
"WP09C03647","1","B_o053_r06683","B"
"WP09C03648","1","B_o053_r06650","B"
"WP09C03649","1","B_o053_r06694","B"
"WP09C03650","1","B_o053_r06604","B"
"WP09C03651","1","B_o053_r06652","B"
"WP09C03652","1","B_o053_r06617","B"
"WP09C03652","1","B_o053_r06641","B"
"WP09C03653","1","B_o053_r06603","B"
"WP09C03654","1","B_o053_r06699","B"
"WP09C03654","1","B_o053_r06705","B"
"WP09C03655","1","B_o053_r06668","B"
"WP09C03656","1","B_o053_r06630","B"
"WP09C03657","1","B_o053_r06619","B"
"WP09C03658","1","B_o053_r06638","B"
"WP09C03659","1","B_o053_r06621","B"
"WP09C03659","1","B_o053_r06645","B"
"WP09C03660","1","B_o053_r06704","B"
"WP09C03661","1","B_o053_r06701","B"
"WP09C03661","1","B_o053_r06707","B"
"WP09C03662","1","B_o053_r06611","B"
"WP09C03662","1","B_o053_r06635","B"
"WP09C03663","1","B_o053_r06715","B"
"WP09C03663","1","B_o053_r06717","B"
"WP09C03664","1","B_o053_r06626","B"
"WP09C03665","1","B_o053_r06625","B"
"WP09C03666","1","B_o053_r06631","B"
"WP09C03667","1","B_o053_r06720","B"
"WP09C03668","1","B_o053_r06702","B"
"WP09C03669","1","B_o053_r06696","B"
"WP09C03670","1","B_o053_r06634","B"
"WP09C03671","1","B_o053_r06632","B"
"WP09C03672","1","B_o053_r06718","B"
"WP09C03673","1","B_o053_r06636","B"
"WP09C03674","1","B_o053_r06649","B"
"WP09C03675","1","B_o053_r06623","B"
"WP09C03675","1","B_o053_r06647","B"
"WP09C03676","1","B_o053_r06719","B"
"WP09C03677","1","B_o053_r06629","B"
"WP09C03678","1","B_o053_r06671","B"
"WP09C03679","1","B_o053_r06672","B"
"WP09C03680","1","B_o053_r06695","B"
"WP09C03681","1","B_o053_r06697","B"
"WP09C03682","1","B_o053_r06624","B"
"WP09C03683","1","B_o053_r06706","B"
"WP09C03684","1","B_o053_r06654","B"
"WP09C03685","1","B_o053_r06609","B"
"WP09C03686","1","B_o053_r06644","B"
"WP09C03687","1","B_o053_r06698","B"
"WP09C03688","1","B_o053_r06606","B"
"WP09C03689","1","B_o053_r06665","B"
"WP09C03690","1","B_o053_r06627","B"
"WP09C03691","1","B_o053_r06639","B"
"WP09C03692","1","B_o053_r06656","B"
"WP09C03693","1","B_o053_r06615","B"
"WP09C03694","1","B_o054_r06799","B"
"WP09C03695","1","B_o054_r06763","B"
"WP09C03696","1","B_o054_r06724","B"
"WP09C03697","1","B_o054_r06823","B"
"WP09C03698","1","B_o054_r06800","B"
"WP09C03699","1","B_o054_r06794","B"
"WP09C03700","1","B_o054_r06812","B"
"WP09C03701","1","B_o054_r06721","B"
"WP09C03702","1","B_o054_r06728","B"
"WP09C03703","1","B_o054_r06725","B"
"WP09C03704","1","B_o054_r06727","B"
"WP09C03705","1","B_o054_r06753","B"
"WP09C03706","1","B_o054_r06722","B"
"WP09C03707","1","B_o054_r06757","B"
"WP09C03708","1","B_o054_r06733","B"
"WP09C03709","1","B_o054_r06775","B"
"WP09C03710","1","B_o054_r06773","B"
"WP09C03710","1","B_o054_r06779","B"
"WP09C03711","1","B_o054_r06777","B"
"WP09C03712","1","B_o054_r06748","B"
"WP09C03713","1","B_o054_r06734","B"
"WP09C03714","1","B_o054_r06786","B"
"WP09C03715","1","B_o054_r06782","B"
"WP09C03716","1","B_o054_r06771","B"
"WP09C03717","1","B_o054_r06811","B"
"WP09C03717","1","B_o054_r06813","B"
"WP09C03718","1","B_o054_r06797","B"
"WP09C03718","1","B_o054_r06803","B"
"WP09C03719","1","B_o054_r06770","B"
"WP09C03720","1","B_o054_r06814","B"
"WP09C03721","1","B_o054_r06737","B"
"WP09C03721","1","B_o054_r06761","B"
"WP09C03722","1","B_o054_r06723","B"
"WP09C03723","1","B_o054_r06819","B"
"WP09C03723","1","B_o054_r06825","B"
"WP09C03724","1","B_o054_r06739","B"
"WP09C03725","1","B_o054_r06758","B"
"WP09C03726","1","B_o054_r06741","B"
"WP09C03726","1","B_o054_r06765","B"
"WP09C03727","1","B_o054_r06756","B"
"WP09C03728","1","B_o054_r06731","B"
"WP09C03728","1","B_o054_r06755","B"
"WP09C03729","1","B_o054_r06795","B"
"WP09C03730","1","B_o054_r06754","B"
"WP09C03731","1","B_o054_r06730","B"
"WP09C03732","1","B_o054_r06746","B"
"WP09C03733","1","B_o054_r06745","B"
"WP09C03734","1","B_o054_r06751","B"
"WP09C03735","1","B_o054_r06726","B"
"WP09C03736","1","B_o054_r06793","B"
"WP09C03737","1","B_o054_r06750","B"
"WP09C03738","1","B_o054_r06816","B"
"WP09C03739","1","B_o054_r06752","B"
"WP09C03740","1","B_o054_r06769","B"
"WP09C03741","1","B_o054_r06772","B"
"WP09C03742","1","B_o054_r06801","B"
"WP09C03743","1","B_o054_r06749","B"
"WP09C03744","1","B_o054_r06732","B"
"WP09C03745","1","B_o054_r06815","B"
"WP09C03746","1","B_o054_r06817","B"
"WP09C03747","1","B_o054_r06729","B"
"WP09C03748","1","B_o054_r06785","B"
"WP09C03749","1","B_o054_r06747","B"
"WP09C03750","1","B_o054_r06759","B"
"WP09C03751","1","B_o054_r06774","B"
"WP09C03752","1","B_o054_r06776","B"
"WP09C03753","1","B_o054_r06735","B"
"WP09C03754","1","B_o055_r06864","B"
"WP09C03755","1","B_o055_r06919","B"
"WP09C03756","1","B_o055_r06883","B"
"WP09C03757","1","B_o055_r06844","B"
"WP09C03758","1","B_o055_r06943","B"
"WP09C03759","1","B_o055_r06920","B"
"WP09C03760","1","B_o055_r06914","B"
"WP09C03761","1","B_o055_r06841","B"
"WP09C03762","1","B_o055_r06874","B"
"WP09C03763","1","B_o055_r06901","B"
"WP09C03764","1","B_o055_r06848","B"
"WP09C03765","1","B_o055_r06845","B"
"WP09C03766","1","B_o055_r06847","B"
"WP09C03767","1","B_o055_r06873","B"
"WP09C03768","1","B_o055_r06842","B"
"WP09C03769","1","B_o055_r06877","B"
"WP09C03770","1","B_o055_r06853","B"
"WP09C03771","1","B_o055_r06903","B"
"WP09C03772","1","B_o055_r06895","B"
"WP09C03773","1","B_o055_r06893","B"
"WP09C03773","1","B_o055_r06899","B"
"WP09C03774","1","B_o055_r06897","B"
"WP09C03775","1","B_o055_r06856","B"
"WP09C03776","1","B_o055_r06868","B"
"WP09C03777","1","B_o055_r06854","B"
"WP09C03778","1","B_o055_r06880","B"
"WP09C03779","1","B_o055_r06906","B"
"WP09C03780","1","B_o055_r06902","B"
"WP09C03781","1","B_o055_r06852","B"
"WP09C03782","1","B_o055_r06891","B"
"WP09C03783","1","B_o055_r06907","B"
"WP09C03783","1","B_o055_r06909","B"
"WP09C03784","1","B_o055_r06931","B"
"WP09C03784","1","B_o055_r06933","B"
"WP09C03785","1","B_o055_r06927","B"
"WP09C03786","1","B_o055_r06917","B"
"WP09C03786","1","B_o055_r06923","B"
"WP09C03787","1","B_o055_r06892","B"
"WP09C03788","1","B_o055_r06890","B"
"WP09C03789","1","B_o055_r06925","B"
"WP09C03790","1","B_o055_r06857","B"
"WP09C03790","1","B_o055_r06881","B"
"WP09C03791","1","B_o055_r06843","B"
"WP09C03792","1","B_o055_r06939","B"
"WP09C03792","1","B_o055_r06945","B"
"WP09C03793","1","B_o055_r06859","B"
"WP09C03794","1","B_o055_r06878","B"
"WP09C03795","1","B_o055_r06861","B"
"WP09C03795","1","B_o055_r06885","B"
"WP09C03796","1","B_o055_r06851","B"
"WP09C03796","1","B_o055_r06875","B"
"WP09C03797","1","B_o055_r06915","B"
"WP09C03798","1","B_o055_r06876","B"
"WP09C03799","1","B_o055_r06949","B"
"WP09C03799","1","B_o055_r06951","B"
"WP09C03800","1","B_o055_r06866","B"
"WP09C03801","1","B_o055_r06865","B"
"WP09C03802","1","B_o055_r06871","B"
"WP09C03803","1","B_o055_r06858","B"
"WP09C03804","1","B_o055_r06850","B"
"WP09C03805","1","B_o055_r06846","B"
"WP09C03806","1","B_o055_r06913","B"
"WP09C03807","1","B_o055_r06870","B"
"WP09C03808","1","B_o055_r06872","B"
"WP09C03809","1","B_o055_r06886","B"
"WP09C03810","1","B_o055_r06888","B"
"WP09C03811","1","B_o055_r06889","B"
"WP09C03812","1","B_o055_r06921","B"
"WP09C03813","1","B_o055_r06869","B"
"WP09C03814","1","B_o055_r06937","B"
"WP09C03815","1","B_o055_r06882","B"
"WP09C03816","1","B_o055_r06894","B"
"WP09C03817","1","B_o055_r06849","B"
"WP09C03818","1","B_o055_r06905","B"
"WP09C03819","1","B_o055_r06867","B"
"WP09C03820","1","B_o055_r06879","B"
"WP09C03821","1","B_o055_r06896","B"
"WP09C03822","1","B_o055_r06862","B"
"WP09C03823","1","B_o055_r06855","B"
"WP09C03824","1","B_o056_r06975","B"
"WP09C03825","1","B_o056_r07003","B"
"WP09C03825","1","B_o056_r07027","B"
"WP09C03826","1","B_o056_r06988","B"
"WP09C03827","1","B_o056_r07038","B"
"WP09C03828","1","B_o056_r06995","B"
"WP09C03829","1","B_o056_r06965","B"
"WP09C03830","1","B_o056_r06969","B"
"WP09C03831","1","B_o056_r06962","B"
"WP09C03832","1","B_o056_r07001","B"
"WP09C03833","1","B_o056_r06961","B"
"WP09C03834","1","B_o056_r06982","B"
"WP09C03835","1","B_o056_r06963","B"
"WP09C03836","1","B_o056_r07049","B"
"WP09C03837","1","B_o056_r07044","B"
"WP09C03838","1","B_o056_r07026","B"
"WP09C03839","1","B_o056_r07022","B"
"WP09C03840","1","B_o056_r06991","B"
"WP09C03840","1","B_o056_r06997","B"
"WP09C03840","1","B_o056_r07021","B"
"WP09C03841","1","B_o056_r06985","B"
"WP09C03842","1","B_o056_r07006","B"
"WP09C03843","1","B_o056_r07007","B"
"WP09C03844","1","B_o056_r06978","B"
"WP09C03845","1","B_o056_r07008","B"
"WP09C03846","1","B_o056_r06970","B"
"WP09C03847","1","B_o056_r06987","B"
"WP09C03848","1","B_o056_r06972","B"
"WP09C03849","1","B_o056_r07043","B"
"WP09C03850","1","B_o056_r06980","B"
"WP09C03851","1","B_o056_r07037","B"
"WP09C03852","1","B_o056_r06964","B"
"WP09C03853","1","B_o056_r07012","B"
"WP09C03854","1","B_o056_r07002","B"
"WP09C03855","1","B_o056_r06977","B"
"WP09C03856","1","B_o056_r06981","B"
"WP09C03857","1","B_o056_r07028","B"
"WP09C03858","1","B_o056_r06990","B"
"WP09C03859","1","B_o056_r06979","B"
"WP09C03860","1","B_o056_r06998","B"
"WP09C03861","1","B_o056_r06971","B"
"WP09C03862","1","B_o056_r06986","B"
"WP09C03863","1","B_o056_r07050","B"
"WP09C03864","1","B_o056_r06993","B"
"WP09C03865","1","B_o056_r06994","B"
"WP09C03866","1","B_o056_r06992","B"
"WP09C03867","1","B_o056_r06996","B"
"WP09C03868","1","B_o056_r06983","B"
"WP09C03869","1","B_o056_r07005","B"
"WP09C03870","1","B_o056_r06989","B"
"WP09C03871","1","B_o056_r07031","B"
"WP09C03872","1","B_o056_r07032","B"
"WP09C03873","1","B_o056_r06984","B"
"WP09C03874","1","B_o056_r07014","B"
"WP09C03875","1","B_o056_r07004","B"
"WP09C03876","1","B_o056_r06966","B"
"WP09C03877","1","B_o056_r07025","B"
"WP09C03878","1","B_o056_r06999","B"
"WP09C03879","1","B_o057_r07190","B"
"WP09C03880","1","B_o057_r07095","B"
"WP09C03881","1","B_o057_r07123","B"
"WP09C03881","1","B_o057_r07147","B"
"WP09C03882","1","B_o057_r07183","B"
"WP09C03882","1","B_o057_r07189","B"
"WP09C03883","1","B_o057_r07081","B"
"WP09C03884","1","B_o057_r07108","B"
"WP09C03885","1","B_o057_r07158","B"
"WP09C03886","1","B_o057_r07193","B"
"WP09C03887","1","B_o057_r07115","B"
"WP09C03888","1","B_o057_r07085","B"
"WP09C03889","1","B_o057_r07082","B"
"WP09C03890","1","B_o057_r07121","B"
"WP09C03891","1","B_o057_r07102","B"
"WP09C03892","1","B_o057_r07188","B"
"WP09C03893","1","B_o057_r07180","B"
"WP09C03894","1","B_o057_r07169","B"
"WP09C03895","1","B_o057_r07164","B"
"WP09C03896","1","B_o057_r07146","B"
"WP09C03897","1","B_o057_r07142","B"
"WP09C03898","1","B_o057_r07117","B"
"WP09C03898","1","B_o057_r07141","B"
"WP09C03899","1","B_o057_r07194","B"
"WP09C03900","1","B_o057_r07126","B"
"WP09C03901","1","B_o057_r07127","B"
"WP09C03902","1","B_o057_r07098","B"
"WP09C03903","1","B_o057_r07128","B"
"WP09C03904","1","B_o057_r07090","B"
"WP09C03905","1","B_o057_r07092","B"
"WP09C03906","1","B_o057_r07163","B"
"WP09C03907","1","B_o057_r07100","B"
"WP09C03908","1","B_o057_r07157","B"
"WP09C03909","1","B_o057_r07084","B"
"WP09C03910","1","B_o057_r07132","B"
"WP09C03911","1","B_o057_r07122","B"
"WP09C03912","1","B_o057_r07097","B"
"WP09C03913","1","B_o057_r07083","B"
"WP09C03914","1","B_o057_r07187","B"
"WP09C03915","1","B_o057_r07101","B"
"WP09C03916","1","B_o057_r07148","B"
"WP09C03917","1","B_o057_r07110","B"
"WP09C03918","1","B_o057_r07099","B"
"WP09C03919","1","B_o057_r07118","B"
"WP09C03920","1","B_o057_r07184","B"
"WP09C03921","1","B_o057_r07181","B"
"WP09C03922","1","B_o057_r07091","B"
"WP09C03923","1","B_o057_r07106","B"
"WP09C03924","1","B_o057_r07105","B"
"WP09C03925","1","B_o057_r07111","B"
"WP09C03926","1","B_o057_r07170","B"
"WP09C03927","1","B_o057_r07113","B"
"WP09C03928","1","B_o057_r07182","B"
"WP09C03929","1","B_o057_r07114","B"
"WP09C03930","1","B_o057_r07112","B"
"WP09C03931","1","B_o057_r07116","B"
"WP09C03932","1","B_o057_r07103","B"
"WP09C03933","1","B_o057_r07125","B"
"WP09C03934","1","B_o057_r07109","B"
"WP09C03935","1","B_o057_r07151","B"
"WP09C03936","1","B_o057_r07152","B"
"WP09C03937","1","B_o057_r07177","B"
"WP09C03938","1","B_o057_r07104","B"
"WP09C03939","1","B_o057_r07186","B"
"WP09C03940","1","B_o057_r07134","B"
"WP09C03941","1","B_o057_r07089","B"
"WP09C03942","1","B_o057_r07124","B"
"WP09C03943","1","B_o057_r07178","B"
"WP09C03944","1","B_o057_r07086","B"
"WP09C03945","1","B_o057_r07145","B"
"WP09C03946","1","B_o057_r07119","B"
"WP09C03947","1","B_o057_r07107","B"
"WP09C03948","1","B_o058_r07310","B"
"WP09C03949","1","B_o058_r07215","B"
"WP09C03950","1","B_o058_r07243","B"
"WP09C03950","1","B_o058_r07267","B"
"WP09C03951","1","B_o058_r07303","B"
"WP09C03951","1","B_o058_r07309","B"
"WP09C03952","1","B_o058_r07201","B"
"WP09C03953","1","B_o058_r07228","B"
"WP09C03954","1","B_o058_r07278","B"
"WP09C03955","1","B_o058_r07313","B"
"WP09C03956","1","B_o058_r07235","B"
"WP09C03957","1","B_o058_r07205","B"
"WP09C03958","1","B_o058_r07202","B"
"WP09C03959","1","B_o058_r07241","B"
"WP09C03960","1","B_o058_r07222","B"
"WP09C03961","1","B_o058_r07308","B"
"WP09C03962","1","B_o058_r07300","B"
"WP09C03963","1","B_o058_r07289","B"
"WP09C03964","1","B_o058_r07284","B"
"WP09C03965","1","B_o058_r07266","B"
"WP09C03966","1","B_o058_r07262","B"
"WP09C03967","1","B_o058_r07237","B"
"WP09C03967","1","B_o058_r07261","B"
"WP09C03968","1","B_o058_r07314","B"
"WP09C03969","1","B_o058_r07246","B"
"WP09C03970","1","B_o058_r07247","B"
"WP09C03971","1","B_o058_r07218","B"
"WP09C03972","1","B_o058_r07248","B"
"WP09C03973","1","B_o058_r07210","B"
"WP09C03974","1","B_o058_r07212","B"
"WP09C03975","1","B_o058_r07283","B"
"WP09C03976","1","B_o058_r07220","B"
"WP09C03977","1","B_o058_r07277","B"
"WP09C03978","1","B_o058_r07204","B"
"WP09C03979","1","B_o058_r07252","B"
"WP09C03980","1","B_o058_r07242","B"
"WP09C03981","1","B_o058_r07217","B"
"WP09C03982","1","B_o058_r07203","B"
"WP09C03983","1","B_o058_r07307","B"
"WP09C03984","1","B_o058_r07221","B"
"WP09C03985","1","B_o058_r07268","B"
"WP09C03986","1","B_o058_r07230","B"
"WP09C03987","1","B_o058_r07219","B"
"WP09C03988","1","B_o058_r07238","B"
"WP09C03989","1","B_o058_r07304","B"
"WP09C03990","1","B_o058_r07301","B"
"WP09C03991","1","B_o058_r07211","B"
"WP09C03992","1","B_o058_r07226","B"
"WP09C03993","1","B_o058_r07225","B"
"WP09C03994","1","B_o058_r07231","B"
"WP09C03995","1","B_o058_r07290","B"
"WP09C03996","1","B_o058_r07233","B"
"WP09C03997","1","B_o058_r07302","B"
"WP09C03998","1","B_o058_r07234","B"
"WP09C03999","1","B_o058_r07232","B"
"WP09C04000","1","B_o058_r07236","B"
"WP09C04001","1","B_o058_r07223","B"
"WP09C04002","1","B_o058_r07245","B"
"WP09C04003","1","B_o058_r07229","B"
"WP09C04004","1","B_o058_r07271","B"
"WP09C04005","1","B_o058_r07272","B"
"WP09C04006","1","B_o058_r07297","B"
"WP09C04007","1","B_o058_r07224","B"
"WP09C04008","1","B_o058_r07306","B"
"WP09C04009","1","B_o058_r07254","B"
"WP09C04010","1","B_o058_r07209","B"
"WP09C04011","1","B_o058_r07244","B"
"WP09C04012","1","B_o058_r07298","B"
"WP09C04013","1","B_o058_r07206","B"
"WP09C04014","1","B_o058_r07265","B"
"WP09C04015","1","B_o058_r07239","B"
"WP09C04016","1","B_o058_r07227","B"
"WP09C04017","1","B_o059_r07430","B"
"WP09C04018","1","B_o059_r07363","B"
"WP09C04018","1","B_o059_r07387","B"
"WP09C04019","1","B_o059_r07423","B"
"WP09C04019","1","B_o059_r07429","B"
"WP09C04020","1","B_o059_r07437","B"
"WP09C04021","1","B_o059_r07412","B"
"WP09C04022","1","B_o059_r07321","B"
"WP09C04023","1","B_o059_r07348","B"
"WP09C04024","1","B_o059_r07398","B"
"WP09C04025","1","B_o059_r07433","B"
"WP09C04026","1","B_o059_r07355","B"
"WP09C04027","1","B_o059_r07325","B"
"WP09C04028","1","B_o059_r07322","B"
"WP09C04029","1","B_o059_r07361","B"
"WP09C04030","1","B_o059_r07357","B"
"WP09C04031","1","B_o059_r07333","B"
"WP09C04032","1","B_o059_r07436","B"
"WP09C04033","1","B_o059_r07342","B"
"WP09C04034","1","B_o059_r07428","B"
"WP09C04035","1","B_o059_r07335","B"
"WP09C04036","1","B_o059_r07420","B"
"WP09C04037","1","B_o059_r07409","B"
"WP09C04038","1","B_o059_r07404","B"
"WP09C04039","1","B_o059_r07386","B"
"WP09C04040","1","B_o059_r07382","B"
"WP09C04041","1","B_o059_r07440","B"
"WP09C04042","1","B_o059_r07434","B"
"WP09C04043","1","B_o059_r07366","B"
"WP09C04044","1","B_o059_r07413","B"
"WP09C04045","1","B_o059_r07367","B"
"WP09C04046","1","B_o059_r07338","B"
"WP09C04047","1","B_o059_r07368","B"
"WP09C04048","1","B_o059_r07330","B"
"WP09C04049","1","B_o059_r07332","B"
"WP09C04050","1","B_o059_r07403","B"
"WP09C04051","1","B_o059_r07411","B"
"WP09C04052","1","B_o059_r07340","B"
"WP09C04053","1","B_o059_r07397","B"
"WP09C04054","1","B_o059_r07414","B"
"WP09C04055","1","B_o059_r07324","B"
"WP09C04056","1","B_o059_r07372","B"
"WP09C04057","1","B_o059_r07359","B"
"WP09C04058","1","B_o059_r07362","B"
"WP09C04059","1","B_o059_r07337","B"
"WP09C04060","1","B_o059_r07323","B"
"WP09C04061","1","B_o059_r07427","B"
"WP09C04062","1","B_o059_r07341","B"
"WP09C04063","1","B_o059_r07388","B"
"WP09C04064","1","B_o059_r07350","B"
"WP09C04065","1","B_o059_r07339","B"
"WP09C04066","1","B_o059_r07358","B"
"WP09C04067","1","B_o059_r07424","B"
"WP09C04068","1","B_o059_r07421","B"
"WP09C04069","1","B_o059_r07331","B"
"WP09C04070","1","B_o059_r07435","B"
"WP09C04071","1","B_o059_r07346","B"
"WP09C04072","1","B_o059_r07345","B"
"WP09C04073","1","B_o059_r07351","B"
"WP09C04074","1","B_o059_r07410","B"
"WP09C04075","1","B_o059_r07353","B"
"WP09C04076","1","B_o059_r07415","B"
"WP09C04077","1","B_o059_r07416","B"
"WP09C04078","1","B_o059_r07422","B"
"WP09C04079","1","B_o059_r07354","B"
"WP09C04080","1","B_o059_r07352","B"
"WP09C04081","1","B_o059_r07438","B"
"WP09C04082","1","B_o059_r07381","B"
"WP09C04083","1","B_o059_r07439","B"
"WP09C04084","1","B_o059_r07356","B"
"WP09C04085","1","B_o059_r07343","B"
"WP09C04086","1","B_o059_r07365","B"
"WP09C04087","1","B_o059_r07349","B"
"WP09C04088","1","B_o059_r07391","B"
"WP09C04089","1","B_o059_r07392","B"
"WP09C04090","1","B_o059_r07417","B"
"WP09C04091","1","B_o059_r07344","B"
"WP09C04092","1","B_o059_r07426","B"
"WP09C04093","1","B_o059_r07374","B"
"WP09C04094","1","B_o059_r07329","B"
"WP09C04095","1","B_o059_r07364","B"
"WP09C04096","1","B_o059_r07418","B"
"WP09C04097","1","B_o059_r07326","B"
"WP09C04098","1","B_o059_r07385","B"
"WP09C04099","1","B_o059_r07347","B"
"WP09C04100","1","B_o060_r07550","B"
"WP09C04101","1","B_o060_r07483","B"
"WP09C04101","1","B_o060_r07507","B"
"WP09C04102","1","B_o060_r07543","B"
"WP09C04102","1","B_o060_r07549","B"
"WP09C04103","1","B_o060_r07557","B"
"WP09C04104","1","B_o060_r07532","B"
"WP09C04105","1","B_o060_r07441","B"
"WP09C04106","1","B_o060_r07468","B"
"WP09C04107","1","B_o060_r07518","B"
"WP09C04108","1","B_o060_r07553","B"
"WP09C04109","1","B_o060_r07475","B"
"WP09C04110","1","B_o060_r07445","B"
"WP09C04111","1","B_o060_r07442","B"
"WP09C04112","1","B_o060_r07481","B"
"WP09C04113","1","B_o060_r07477","B"
"WP09C04114","1","B_o060_r07453","B"
"WP09C04115","1","B_o060_r07556","B"
"WP09C04116","1","B_o060_r07462","B"
"WP09C04117","1","B_o060_r07548","B"
"WP09C04118","1","B_o060_r07455","B"
"WP09C04119","1","B_o060_r07540","B"
"WP09C04120","1","B_o060_r07529","B"
"WP09C04121","1","B_o060_r07524","B"
"WP09C04122","1","B_o060_r07506","B"
"WP09C04123","1","B_o060_r07502","B"
"WP09C04124","1","B_o060_r07560","B"
"WP09C04125","1","B_o060_r07554","B"
"WP09C04126","1","B_o060_r07486","B"
"WP09C04127","1","B_o060_r07533","B"
"WP09C04128","1","B_o060_r07487","B"
"WP09C04129","1","B_o060_r07458","B"
"WP09C04130","1","B_o060_r07488","B"
"WP09C04131","1","B_o060_r07450","B"
"WP09C04132","1","B_o060_r07452","B"
"WP09C04133","1","B_o060_r07523","B"
"WP09C04134","1","B_o060_r07531","B"
"WP09C04135","1","B_o060_r07460","B"
"WP09C04136","1","B_o060_r07517","B"
"WP09C04137","1","B_o060_r07534","B"
"WP09C04138","1","B_o060_r07444","B"
"WP09C04139","1","B_o060_r07492","B"
"WP09C04140","1","B_o060_r07479","B"
"WP09C04141","1","B_o060_r07482","B"
"WP09C04142","1","B_o060_r07457","B"
"WP09C04143","1","B_o060_r07443","B"
"WP09C04144","1","B_o060_r07547","B"
"WP09C04145","1","B_o060_r07461","B"
"WP09C04146","1","B_o060_r07508","B"
"WP09C04147","1","B_o060_r07470","B"
"WP09C04148","1","B_o060_r07459","B"
"WP09C04149","1","B_o060_r07478","B"
"WP09C04150","1","B_o060_r07544","B"
"WP09C04151","1","B_o060_r07541","B"
"WP09C04152","1","B_o060_r07451","B"
"WP09C04153","1","B_o060_r07555","B"
"WP09C04154","1","B_o060_r07466","B"
"WP09C04155","1","B_o060_r07465","B"
"WP09C04156","1","B_o060_r07471","B"
"WP09C04157","1","B_o060_r07530","B"
"WP09C04158","1","B_o060_r07473","B"
"WP09C04159","1","B_o060_r07535","B"
"WP09C04160","1","B_o060_r07536","B"
"WP09C04161","1","B_o060_r07542","B"
"WP09C04162","1","B_o060_r07474","B"
"WP09C04163","1","B_o060_r07472","B"
"WP09C04164","1","B_o060_r07558","B"
"WP09C04165","1","B_o060_r07501","B"
"WP09C04166","1","B_o060_r07559","B"
"WP09C04167","1","B_o060_r07476","B"
"WP09C04168","1","B_o060_r07463","B"
"WP09C04169","1","B_o060_r07485","B"
"WP09C04170","1","B_o060_r07469","B"
"WP09C04171","1","B_o060_r07511","B"
"WP09C04172","1","B_o060_r07512","B"
"WP09C04173","1","B_o060_r07537","B"
"WP09C04174","1","B_o060_r07464","B"
"WP09C04175","1","B_o060_r07546","B"
"WP09C04176","1","B_o060_r07494","B"
"WP09C04177","1","B_o060_r07449","B"
"WP09C04178","1","B_o060_r07484","B"
"WP09C04179","1","B_o060_r07538","B"
"WP09C04180","1","B_o060_r07446","B"
"WP09C04181","1","B_o060_r07505","B"
"WP09C04182","1","B_o060_r07467","B"
"WP09C04183","1","B_o061_r07639","B"
"WP09C04184","1","B_o061_r07603","B"
"WP09C04184","1","B_o061_r07627","B"
"WP09C04185","1","B_o061_r07564","B"
"WP09C04186","1","B_o061_r07663","B"
"WP09C04186","1","B_o061_r07669","B"
"WP09C04187","1","B_o061_r07652","B"
"WP09C04188","1","B_o061_r07561","B"
"WP09C04189","1","B_o061_r07638","B"
"WP09C04190","1","B_o061_r07595","B"
"WP09C04191","1","B_o061_r07565","B"
"WP09C04192","1","B_o061_r07562","B"
"WP09C04193","1","B_o061_r07601","B"
"WP09C04194","1","B_o061_r07597","B"
"WP09C04195","1","B_o061_r07573","B"
"WP09C04196","1","B_o061_r07575","B"
"WP09C04197","1","B_o061_r07649","B"
"WP09C04198","1","B_o061_r07588","B"
"WP09C04199","1","B_o061_r07644","B"
"WP09C04200","1","B_o061_r07626","B"
"WP09C04201","1","B_o061_r07622","B"
"WP09C04202","1","B_o061_r07653","B"
"WP09C04203","1","B_o061_r07578","B"
"WP09C04204","1","B_o061_r07643","B"
"WP09C04205","1","B_o061_r07651","B"
"WP09C04206","1","B_o061_r07637","B"
"WP09C04207","1","B_o061_r07654","B"
"WP09C04208","1","B_o061_r07599","B"
"WP09C04209","1","B_o061_r07602","B"
"WP09C04210","1","B_o061_r07577","B"
"WP09C04211","1","B_o061_r07563","B"
"WP09C04212","1","B_o061_r07581","B"
"WP09C04213","1","B_o061_r07579","B"
"WP09C04214","1","B_o061_r07598","B"
"WP09C04215","1","B_o061_r07645","B"
"WP09C04216","1","B_o061_r07596","B"
"WP09C04217","1","B_o061_r07571","B"
"WP09C04218","1","B_o061_r07594","B"
"WP09C04219","1","B_o061_r07570","B"
"WP09C04220","1","B_o061_r07586","B"
"WP09C04221","1","B_o061_r07585","B"
"WP09C04222","1","B_o061_r07591","B"
"WP09C04223","1","B_o061_r07650","B"
"WP09C04224","1","B_o061_r07593","B"
"WP09C04225","1","B_o061_r07655","B"
"WP09C04226","1","B_o061_r07566","B"
"WP09C04227","1","B_o061_r07633","B"
"WP09C04228","1","B_o061_r07590","B"
"WP09C04229","1","B_o061_r07656","B"
"WP09C04230","1","B_o061_r07592","B"
"WP09C04231","1","B_o061_r07621","B"
"WP09C04232","1","B_o061_r07605","B"
"WP09C04233","1","B_o061_r07612","B"
"WP09C04234","1","B_o061_r07589","B"
"WP09C04235","1","B_o061_r07572","B"
"WP09C04236","1","B_o061_r07657","B"
"WP09C04237","1","B_o061_r07569","B"
"WP09C04238","1","B_o061_r07625","B"
"WP09C04239","1","B_o061_r07587","B"
"WP09C04240","1","B_o061_r07614","B"
"WP09C04241","1","B_o062_r07790","B"
"WP09C04242","1","B_o062_r07723","B"
"WP09C04243","1","B_o062_r07783","B"
"WP09C04244","1","B_o062_r07797","B"
"WP09C04245","1","B_o062_r07772","B"
"WP09C04246","1","B_o062_r07681","B"
"WP09C04247","1","B_o062_r07708","B"
"WP09C04248","1","B_o062_r07793","B"
"WP09C04249","1","B_o062_r07715","B"
"WP09C04250","1","B_o062_r07685","B"
"WP09C04251","1","B_o062_r07682","B"
"WP09C04252","1","B_o062_r07721","B"
"WP09C04253","1","B_o062_r07717","B"
"WP09C04254","1","B_o062_r07693","B"
"WP09C04255","1","B_o062_r07796","B"
"WP09C04256","1","B_o062_r07785","B"
"WP09C04257","1","B_o062_r07702","B"
"WP09C04258","1","B_o062_r07733","B"
"WP09C04259","1","B_o062_r07788","B"
"WP09C04260","1","B_o062_r07780","B"
"WP09C04261","1","B_o062_r07746","B"
"WP09C04262","1","B_o062_r07742","B"
"WP09C04263","1","B_o062_r07794","B"
"WP09C04264","1","B_o062_r07726","B"
"WP09C04265","1","B_o062_r07773","B"
"WP09C04266","1","B_o062_r07727","B"
"WP09C04267","1","B_o062_r07728","B"
"WP09C04268","1","B_o062_r07731","B"
"WP09C04269","1","B_o062_r07690","B"
"WP09C04270","1","B_o062_r07692","B"
"WP09C04271","1","B_o062_r07763","B"
"WP09C04272","1","B_o062_r07771","B"
"WP09C04273","1","B_o062_r07700","B"
"WP09C04274","1","B_o062_r07725","B"
"WP09C04275","1","B_o062_r07739","B"
"WP09C04276","1","B_o062_r07757","B"
"WP09C04277","1","B_o062_r07774","B"
"WP09C04278","1","B_o062_r07684","B"
"WP09C04279","1","B_o062_r07732","B"
"WP09C04280","1","B_o062_r07697","B"
"WP09C04281","1","B_o062_r07683","B"
"WP09C04282","1","B_o062_r07787","B"
"WP09C04283","1","B_o062_r07779","B"
"WP09C04284","1","B_o062_r07748","B"
"WP09C04285","1","B_o062_r07710","B"
"WP09C04286","1","B_o062_r07699","B"
"WP09C04287","1","B_o062_r07718","B"
"WP09C04288","1","B_o062_r07701","B"
"WP09C04289","1","B_o062_r07784","B"
"WP09C04290","1","B_o062_r07781","B"
"WP09C04291","1","B_o062_r07691","B"
"WP09C04292","1","B_o062_r07795","B"
"WP09C04293","1","B_o062_r07706","B"
"WP09C04294","1","B_o062_r07705","B"
"WP09C04295","1","B_o062_r07711","B"
"WP09C04296","1","B_o062_r07713","B"
"WP09C04297","1","B_o062_r07737","B"
"WP09C04298","1","B_o062_r07800","B"
"WP09C04299","1","B_o062_r07782","B"
"WP09C04300","1","B_o062_r07776","B"
"WP09C04301","1","B_o062_r07714","B"
"WP09C04302","1","B_o062_r07712","B"
"WP09C04303","1","B_o062_r07798","B"
"WP09C04304","1","B_o062_r07719","B"
"WP09C04305","1","B_o062_r07716","B"
"WP09C04306","1","B_o062_r07703","B"
"WP09C04307","1","B_o062_r07799","B"
"WP09C04308","1","B_o062_r07709","B"
"WP09C04309","1","B_o062_r07751","B"
"WP09C04310","1","B_o062_r07752","B"
"WP09C04311","1","B_o062_r07775","B"
"WP09C04312","1","B_o062_r07777","B"
"WP09C04313","1","B_o062_r07704","B"
"WP09C04314","1","B_o062_r07786","B"
"WP09C04315","1","B_o062_r07734","B"
"WP09C04316","1","B_o062_r07689","B"
"WP09C04317","1","B_o062_r07724","B"
"WP09C04318","1","B_o062_r07778","B"
"WP09C04319","1","B_o062_r07686","B"
"WP09C04320","1","B_o062_r07745","B"
"WP09C04321","1","B_o062_r07707","B"
"WP09C04322","1","B_o062_r07695","B"
"WP09C04323","1","B_o063_r07910","B"
"WP09C04324","1","B_o063_r07843","B"
"WP09C04325","1","B_o063_r07903","B"
"WP09C04326","1","B_o063_r07917","B"
"WP09C04327","1","B_o063_r07892","B"
"WP09C04328","1","B_o063_r07801","B"
"WP09C04329","1","B_o063_r07828","B"
"WP09C04330","1","B_o063_r07913","B"
"WP09C04331","1","B_o063_r07835","B"
"WP09C04332","1","B_o063_r07805","B"
"WP09C04333","1","B_o063_r07802","B"
"WP09C04334","1","B_o063_r07841","B"
"WP09C04335","1","B_o063_r07837","B"
"WP09C04336","1","B_o063_r07813","B"
"WP09C04337","1","B_o063_r07916","B"
"WP09C04338","1","B_o063_r07905","B"
"WP09C04339","1","B_o063_r07822","B"
"WP09C04340","1","B_o063_r07853","B"
"WP09C04341","1","B_o063_r07908","B"
"WP09C04342","1","B_o063_r07900","B"
"WP09C04343","1","B_o063_r07866","B"
"WP09C04344","1","B_o063_r07862","B"
"WP09C04345","1","B_o063_r07914","B"
"WP09C04346","1","B_o063_r07846","B"
"WP09C04347","1","B_o063_r07893","B"
"WP09C04348","1","B_o063_r07847","B"
"WP09C04349","1","B_o063_r07848","B"
"WP09C04350","1","B_o063_r07851","B"
"WP09C04351","1","B_o063_r07810","B"
"WP09C04352","1","B_o063_r07812","B"
"WP09C04353","1","B_o063_r07883","B"
"WP09C04354","1","B_o063_r07891","B"
"WP09C04355","1","B_o063_r07820","B"
"WP09C04356","1","B_o063_r07845","B"
"WP09C04357","1","B_o063_r07859","B"
"WP09C04358","1","B_o063_r07877","B"
"WP09C04359","1","B_o063_r07894","B"
"WP09C04360","1","B_o063_r07804","B"
"WP09C04361","1","B_o063_r07852","B"
"WP09C04362","1","B_o063_r07817","B"
"WP09C04363","1","B_o063_r07803","B"
"WP09C04364","1","B_o063_r07907","B"
"WP09C04365","1","B_o063_r07899","B"
"WP09C04366","1","B_o063_r07868","B"
"WP09C04367","1","B_o063_r07830","B"
"WP09C04368","1","B_o063_r07819","B"
"WP09C04369","1","B_o063_r07838","B"
"WP09C04370","1","B_o063_r07821","B"
"WP09C04371","1","B_o063_r07904","B"
"WP09C04372","1","B_o063_r07901","B"
"WP09C04373","1","B_o063_r07811","B"
"WP09C04374","1","B_o063_r07915","B"
"WP09C04375","1","B_o063_r07826","B"
"WP09C04376","1","B_o063_r07825","B"
"WP09C04377","1","B_o063_r07831","B"
"WP09C04378","1","B_o063_r07833","B"
"WP09C04379","1","B_o063_r07857","B"
"WP09C04380","1","B_o063_r07920","B"
"WP09C04381","1","B_o063_r07902","B"
"WP09C04382","1","B_o063_r07896","B"
"WP09C04383","1","B_o063_r07834","B"
"WP09C04384","1","B_o063_r07832","B"
"WP09C04385","1","B_o063_r07918","B"
"WP09C04386","1","B_o063_r07839","B"
"WP09C04387","1","B_o063_r07836","B"
"WP09C04388","1","B_o063_r07823","B"
"WP09C04389","1","B_o063_r07919","B"
"WP09C04390","1","B_o063_r07829","B"
"WP09C04391","1","B_o063_r07871","B"
"WP09C04392","1","B_o063_r07872","B"
"WP09C04393","1","B_o063_r07895","B"
"WP09C04394","1","B_o063_r07897","B"
"WP09C04395","1","B_o063_r07824","B"
"WP09C04396","1","B_o063_r07906","B"
"WP09C04397","1","B_o063_r07854","B"
"WP09C04398","1","B_o063_r07809","B"
"WP09C04399","1","B_o063_r07844","B"
"WP09C04400","1","B_o063_r07898","B"
"WP09C04401","1","B_o063_r07806","B"
"WP09C04402","1","B_o063_r07865","B"
"WP09C04403","1","B_o063_r07827","B"
"WP09C04404","1","B_o063_r07815","B"
"WP09C04405","1","B_o064_r07999","B"
"WP09C04406","1","B_o064_r07963","B"
"WP09C04407","1","B_o064_r07924","B"
"WP09C04408","1","B_o064_r08023","B"
"WP09C04409","1","B_o064_r08012","B"
"WP09C04410","1","B_o064_r07921","B"
"WP09C04411","1","B_o064_r07955","B"
"WP09C04412","1","B_o064_r07925","B"
"WP09C04413","1","B_o064_r07922","B"
"WP09C04414","1","B_o064_r07961","B"
"WP09C04415","1","B_o064_r07957","B"
"WP09C04416","1","B_o064_r07933","B"
"WP09C04417","1","B_o064_r08025","B"
"WP09C04418","1","B_o064_r07973","B"
"WP09C04419","1","B_o064_r07948","B"
"WP09C04420","1","B_o064_r07986","B"
"WP09C04421","1","B_o064_r07982","B"
"WP09C04422","1","B_o064_r08013","B"
"WP09C04423","1","B_o064_r07971","B"
"WP09C04424","1","B_o064_r08001","B"
"WP09C04425","1","B_o064_r08003","B"
"WP09C04426","1","B_o064_r08011","B"
"WP09C04427","1","B_o064_r07965","B"
"WP09C04428","1","B_o064_r07979","B"
"WP09C04429","1","B_o064_r07997","B"
"WP09C04430","1","B_o064_r08014","B"
"WP09C04431","1","B_o064_r07937","B"
"WP09C04432","1","B_o064_r07923","B"
"WP09C04433","1","B_o064_r08019","B"
"WP09C04434","1","B_o064_r07939","B"
"WP09C04435","1","B_o064_r07958","B"
"WP09C04436","1","B_o064_r07941","B"
"WP09C04437","1","B_o064_r07956","B"
"WP09C04438","1","B_o064_r07931","B"
"WP09C04439","1","B_o064_r07995","B"
"WP09C04440","1","B_o064_r07954","B"
"WP09C04441","1","B_o064_r07930","B"
"WP09C04442","1","B_o064_r07946","B"
"WP09C04443","1","B_o064_r07945","B"
"WP09C04444","1","B_o064_r07951","B"
"WP09C04445","1","B_o064_r07953","B"
"WP09C04446","1","B_o064_r07977","B"
"WP09C04447","1","B_o064_r07926","B"
"WP09C04448","1","B_o064_r07993","B"
"WP09C04449","1","B_o064_r07950","B"
"WP09C04450","1","B_o064_r08016","B"
"WP09C04451","1","B_o064_r07952","B"
"WP09C04452","1","B_o064_r07959","B"
"WP09C04453","1","B_o064_r07972","B"
"WP09C04454","1","B_o064_r07949","B"
"WP09C04455","1","B_o064_r07932","B"
"WP09C04456","1","B_o064_r08015","B"
"WP09C04457","1","B_o064_r08017","B"
"WP09C04458","1","B_o064_r07929","B"
"WP09C04459","1","B_o064_r07985","B"
"WP09C04460","1","B_o064_r07947","B"
"WP09C04461","1","B_o064_r07974","B"
"WP09C04462","1","B_o064_r07935","B"
"WP09C04463","1","B_o065_r08127","B"
"WP09C04464","1","B_o065_r08064","B"
"WP09C04465","1","B_o065_r08119","B"
"WP09C04466","1","B_o065_r08083","B"
"WP09C04467","1","B_o065_r08044","B"
"WP09C04468","1","B_o065_r08143","B"
"WP09C04469","1","B_o065_r08041","B"
"WP09C04470","1","B_o065_r08074","B"
"WP09C04471","1","B_o065_r08101","B"
"WP09C04472","1","B_o065_r08075","B"
"WP09C04473","1","B_o065_r08109","B"
"WP09C04474","1","B_o065_r08045","B"
"WP09C04475","1","B_o065_r08042","B"
"WP09C04476","1","B_o065_r08081","B"
"WP09C04477","1","B_o065_r08077","B"
"WP09C04478","1","B_o065_r08053","B"
"WP09C04479","1","B_o065_r08145","B"
"WP09C04480","1","B_o065_r08093","B"
"WP09C04481","1","B_o065_r08056","B"
"WP09C04482","1","B_o065_r08068","B"
"WP09C04483","1","B_o065_r08080","B"
"WP09C04484","1","B_o065_r08106","B"
"WP09C04485","1","B_o065_r08102","B"
"WP09C04486","1","B_o065_r08052","B"
"WP09C04487","1","B_o065_r08133","B"
"WP09C04488","1","B_o065_r08091","B"
"WP09C04489","1","B_o065_r08121","B"
"WP09C04490","1","B_o065_r08123","B"
"WP09C04491","1","B_o065_r08107","B"
"WP09C04492","1","B_o065_r08131","B"
"WP09C04493","1","B_o065_r08085","B"
"WP09C04494","1","B_o065_r08099","B"
"WP09C04495","1","B_o065_r08117","B"
"WP09C04496","1","B_o065_r08092","B"
"WP09C04497","1","B_o065_r08151","B"
"WP09C04498","1","B_o065_r08125","B"
"WP09C04499","1","B_o065_r08057","B"
"WP09C04500","1","B_o065_r08043","B"
"WP09C04501","1","B_o065_r08139","B"
"WP09C04502","1","B_o065_r08059","B"
"WP09C04503","1","B_o065_r08078","B"
"WP09C04504","1","B_o065_r08061","B"
"WP09C04505","1","B_o065_r08051","B"
"WP09C04506","1","B_o065_r08115","B"
"WP09C04507","1","B_o065_r08076","B"
"WP09C04508","1","B_o065_r08149","B"
"WP09C04509","1","B_o065_r08066","B"
"WP09C04510","1","B_o065_r08065","B"
"WP09C04511","1","B_o065_r08071","B"
"WP09C04512","1","B_o065_r08073","B"
"WP09C04513","1","B_o065_r08058","B"
"WP09C04514","1","B_o065_r08097","B"
"WP09C04515","1","B_o065_r08050","B"
"WP09C04516","1","B_o065_r08046","B"
"WP09C04517","1","B_o065_r08113","B"
"WP09C04518","1","B_o065_r08070","B"
"WP09C04519","1","B_o065_r08103","B"
"WP09C04520","1","B_o065_r08072","B"
"WP09C04521","1","B_o065_r08086","B"
"WP09C04522","1","B_o065_r08079","B"
"WP09C04523","1","B_o065_r08088","B"
"WP09C04524","1","B_o065_r08069","B"
"WP09C04525","1","B_o065_r08137","B"
"WP09C04526","1","B_o065_r08082","B"
"WP09C04527","1","B_o065_r08094","B"
"WP09C04528","1","B_o065_r08049","B"
"WP09C04529","1","B_o065_r08105","B"
"WP09C04530","1","B_o065_r08067","B"
"WP09C04531","1","B_o065_r08062","B"
"WP09C04532","1","B_o065_r08055","B"
"WP09C04533","1","B_o066_r08270","B"
"WP09C04534","1","B_o066_r08193","B"
"WP09C04535","1","B_o066_r08203","B"
"WP09C04536","1","B_o066_r08263","B"
"WP09C04537","1","B_o066_r08252","B"
"WP09C04538","1","B_o066_r08161","B"
"WP09C04539","1","B_o066_r08188","B"
"WP09C04540","1","B_o066_r08273","B"
"WP09C04541","1","B_o066_r08165","B"
"WP09C04542","1","B_o066_r08162","B"
"WP09C04543","1","B_o066_r08197","B"
"WP09C04544","1","B_o066_r08173","B"
"WP09C04545","1","B_o066_r08276","B"
"WP09C04546","1","B_o066_r08182","B"
"WP09C04547","1","B_o066_r08213","B"
"WP09C04548","1","B_o066_r08268","B"
"WP09C04549","1","B_o066_r08260","B"
"WP09C04550","1","B_o066_r08265","B"
"WP09C04551","1","B_o066_r08222","B"
"WP09C04552","1","B_o066_r08217","B"
"WP09C04553","1","B_o066_r08195","B"
"WP09C04554","1","B_o066_r08206","B"
"WP09C04555","1","B_o066_r08208","B"
"WP09C04556","1","B_o066_r08211","B"
"WP09C04557","1","B_o066_r08170","B"
"WP09C04558","1","B_o066_r08172","B"
"WP09C04559","1","B_o066_r08251","B"
"WP09C04560","1","B_o066_r08180","B"
"WP09C04561","1","B_o066_r08237","B"
"WP09C04562","1","B_o066_r08267","B"
"WP09C04563","1","B_o066_r08254","B"
"WP09C04564","1","B_o066_r08253","B"
"WP09C04565","1","B_o066_r08164","B"
"WP09C04566","1","B_o066_r08212","B"
"WP09C04567","1","B_o066_r08177","B"
"WP09C04568","1","B_o066_r08163","B"
"WP09C04569","1","B_o066_r08219","B"
"WP09C04570","1","B_o066_r08259","B"
"WP09C04571","1","B_o066_r08228","B"
"WP09C04572","1","B_o066_r08190","B"
"WP09C04573","1","B_o066_r08179","B"
"WP09C04574","1","B_o066_r08277","B"
"WP09C04575","1","B_o066_r08198","B"
"WP09C04576","1","B_o066_r08181","B"
"WP09C04577","1","B_o066_r08264","B"
"WP09C04578","1","B_o066_r08261","B"
"WP09C04579","1","B_o066_r08171","B"
"WP09C04580","1","B_o066_r08207","B"
"WP09C04581","1","B_o066_r08201","B"
"WP09C04582","1","B_o066_r08275","B"
"WP09C04583","1","B_o066_r08186","B"
"WP09C04584","1","B_o066_r08185","B"
"WP09C04585","1","B_o066_r08191","B"
"WP09C04586","1","B_o066_r08243","B"
"WP09C04587","1","B_o066_r08280","B"
"WP09C04588","1","B_o066_r08262","B"
"WP09C04589","1","B_o066_r08256","B"
"WP09C04590","1","B_o066_r08199","B"
"WP09C04591","1","B_o066_r08194","B"
"WP09C04592","1","B_o066_r08192","B"
"WP09C04593","1","B_o066_r08278","B"
"WP09C04594","1","B_o066_r08196","B"
"WP09C04595","1","B_o066_r08183","B"
"WP09C04596","1","B_o066_r08279","B"
"WP09C04597","1","B_o066_r08189","B"
"WP09C04598","1","B_o066_r08231","B"
"WP09C04599","1","B_o066_r08255","B"
"WP09C04600","1","B_o066_r08257","B"
"WP09C04601","1","B_o066_r08184","B"
"WP09C04602","1","B_o066_r08266","B"
"WP09C04603","1","B_o066_r08214","B"
"WP09C04604","1","B_o066_r08169","B"
"WP09C04605","1","B_o066_r08204","B"
"WP09C04606","1","B_o066_r08258","B"
"WP09C04607","1","B_o066_r08166","B"
"WP09C04608","1","B_o066_r08225","B"
"WP09C04609","1","B_o066_r08187","B"
"WP09C04610","1","B_o066_r08205","B"
"WP09C04611","1","B_o066_r08175","B"
"WP09C04612","1","B_o067_r08390","B"
"WP09C04613","1","B_o067_r08313","B"
"WP09C04614","1","B_o067_r08323","B"
"WP09C04615","1","B_o067_r08383","B"
"WP09C04616","1","B_o067_r08372","B"
"WP09C04617","1","B_o067_r08281","B"
"WP09C04618","1","B_o067_r08308","B"
"WP09C04619","1","B_o067_r08393","B"
"WP09C04620","1","B_o067_r08285","B"
"WP09C04621","1","B_o067_r08282","B"
"WP09C04622","1","B_o067_r08317","B"
"WP09C04623","1","B_o067_r08293","B"
"WP09C04624","1","B_o067_r08396","B"
"WP09C04625","1","B_o067_r08302","B"
"WP09C04626","1","B_o067_r08333","B"
"WP09C04627","1","B_o067_r08388","B"
"WP09C04628","1","B_o067_r08380","B"
"WP09C04629","1","B_o067_r08385","B"
"WP09C04630","1","B_o067_r08342","B"
"WP09C04631","1","B_o067_r08337","B"
"WP09C04632","1","B_o067_r08315","B"
"WP09C04633","1","B_o067_r08326","B"
"WP09C04634","1","B_o067_r08328","B"
"WP09C04635","1","B_o067_r08331","B"
"WP09C04636","1","B_o067_r08290","B"
"WP09C04637","1","B_o067_r08292","B"
"WP09C04638","1","B_o067_r08371","B"
"WP09C04639","1","B_o067_r08300","B"
"WP09C04640","1","B_o067_r08357","B"
"WP09C04641","1","B_o067_r08387","B"
"WP09C04642","1","B_o067_r08374","B"
"WP09C04643","1","B_o067_r08373","B"
"WP09C04644","1","B_o067_r08284","B"
"WP09C04645","1","B_o067_r08332","B"
"WP09C04646","1","B_o067_r08297","B"
"WP09C04647","1","B_o067_r08283","B"
"WP09C04648","1","B_o067_r08339","B"
"WP09C04649","1","B_o067_r08379","B"
"WP09C04650","1","B_o067_r08348","B"
"WP09C04651","1","B_o067_r08310","B"
"WP09C04652","1","B_o067_r08299","B"
"WP09C04653","1","B_o067_r08397","B"
"WP09C04654","1","B_o067_r08318","B"
"WP09C04655","1","B_o067_r08301","B"
"WP09C04656","1","B_o067_r08384","B"
"WP09C04657","1","B_o067_r08381","B"
"WP09C04658","1","B_o067_r08291","B"
"WP09C04659","1","B_o067_r08327","B"
"WP09C04660","1","B_o067_r08321","B"
"WP09C04661","1","B_o067_r08395","B"
"WP09C04662","1","B_o067_r08306","B"
"WP09C04663","1","B_o067_r08305","B"
"WP09C04664","1","B_o067_r08311","B"
"WP09C04665","1","B_o067_r08363","B"
"WP09C04666","1","B_o067_r08400","B"
"WP09C04667","1","B_o067_r08382","B"
"WP09C04668","1","B_o067_r08376","B"
"WP09C04669","1","B_o067_r08319","B"
"WP09C04670","1","B_o067_r08314","B"
"WP09C04671","1","B_o067_r08312","B"
"WP09C04672","1","B_o067_r08398","B"
"WP09C04673","1","B_o067_r08316","B"
"WP09C04674","1","B_o067_r08303","B"
"WP09C04675","1","B_o067_r08399","B"
"WP09C04676","1","B_o067_r08309","B"
"WP09C04677","1","B_o067_r08351","B"
"WP09C04678","1","B_o067_r08375","B"
"WP09C04679","1","B_o067_r08377","B"
"WP09C04680","1","B_o067_r08304","B"
"WP09C04681","1","B_o067_r08386","B"
"WP09C04682","1","B_o067_r08334","B"
"WP09C04683","1","B_o067_r08289","B"
"WP09C04684","1","B_o067_r08324","B"
"WP09C04685","1","B_o067_r08378","B"
"WP09C04686","1","B_o067_r08286","B"
"WP09C04687","1","B_o067_r08345","B"
"WP09C04688","1","B_o067_r08307","B"
"WP09C04689","1","B_o067_r08325","B"
"WP09C04690","1","B_o067_r08295","B"
"WP09C04691","1","B_o068_r08433","B"
"WP09C04692","1","B_o068_r08479","B"
"WP09C04693","1","B_o068_r08443","B"
"WP09C04694","1","B_o068_r08404","B"
"WP09C04695","1","B_o068_r08503","B"
"WP09C04696","1","B_o068_r08492","B"
"WP09C04697","1","B_o068_r08401","B"
"WP09C04698","1","B_o068_r08405","B"
"WP09C04699","1","B_o068_r08402","B"
"WP09C04700","1","B_o068_r08437","B"
"WP09C04701","1","B_o068_r08413","B"
"WP09C04702","1","B_o068_r08453","B"
"WP09C04703","1","B_o068_r08428","B"
"WP09C04704","1","B_o068_r08505","B"
"WP09C04705","1","B_o068_r08462","B"
"WP09C04706","1","B_o068_r08457","B"
"WP09C04707","1","B_o068_r08435","B"
"WP09C04708","1","B_o068_r08451","B"
"WP09C04709","1","B_o068_r08481","B"
"WP09C04710","1","B_o068_r08491","B"
"WP09C04711","1","B_o068_r08477","B"
"WP09C04712","1","B_o068_r08494","B"
"WP09C04713","1","B_o068_r08493","B"
"WP09C04714","1","B_o068_r08417","B"
"WP09C04715","1","B_o068_r08403","B"
"WP09C04716","1","B_o068_r08459","B"
"WP09C04717","1","B_o068_r08499","B"
"WP09C04718","1","B_o068_r08419","B"
"WP09C04719","1","B_o068_r08438","B"
"WP09C04720","1","B_o068_r08421","B"
"WP09C04721","1","B_o068_r08436","B"
"WP09C04722","1","B_o068_r08411","B"
"WP09C04723","1","B_o068_r08475","B"
"WP09C04724","1","B_o068_r08434","B"
"WP09C04725","1","B_o068_r08410","B"
"WP09C04726","1","B_o068_r08441","B"
"WP09C04727","1","B_o068_r08426","B"
"WP09C04728","1","B_o068_r08425","B"
"WP09C04729","1","B_o068_r08431","B"
"WP09C04730","1","B_o068_r08406","B"
"WP09C04731","1","B_o068_r08483","B"
"WP09C04732","1","B_o068_r08473","B"
"WP09C04733","1","B_o068_r08430","B"
"WP09C04734","1","B_o068_r08496","B"
"WP09C04735","1","B_o068_r08439","B"
"WP09C04736","1","B_o068_r08432","B"
"WP09C04737","1","B_o068_r08452","B"
"WP09C04738","1","B_o068_r08429","B"
"WP09C04739","1","B_o068_r08412","B"
"WP09C04740","1","B_o068_r08495","B"
"WP09C04741","1","B_o068_r08497","B"
"WP09C04742","1","B_o068_r08409","B"
"WP09C04743","1","B_o068_r08465","B"
"WP09C04744","1","B_o068_r08427","B"
"WP09C04745","1","B_o068_r08445","B"
"WP09C04746","1","B_o068_r08454","B"
"WP09C04747","1","B_o068_r08415","B"
"WP09C04748","1","B_o069_r08544","B"
"WP09C04749","1","B_o069_r08553","B"
"WP09C04750","1","B_o069_r08599","B"
"WP09C04751","1","B_o069_r08563","B"
"WP09C04752","1","B_o069_r08524","B"
"WP09C04753","1","B_o069_r08623","B"
"WP09C04754","1","B_o069_r08521","B"
"WP09C04755","1","B_o069_r08554","B"
"WP09C04756","1","B_o069_r08581","B"
"WP09C04757","1","B_o069_r08525","B"
"WP09C04758","1","B_o069_r08522","B"
"WP09C04759","1","B_o069_r08557","B"
"WP09C04760","1","B_o069_r08533","B"
"WP09C04761","1","B_o069_r08607","B"
"WP09C04762","1","B_o069_r08573","B"
"WP09C04763","1","B_o069_r08536","B"
"WP09C04764","1","B_o069_r08548","B"
"WP09C04765","1","B_o069_r08560","B"
"WP09C04766","1","B_o069_r08625","B"
"WP09C04767","1","B_o069_r08582","B"
"WP09C04768","1","B_o069_r08532","B"
"WP09C04769","1","B_o069_r08577","B"
"WP09C04770","1","B_o069_r08555","B"
"WP09C04771","1","B_o069_r08571","B"
"WP09C04772","1","B_o069_r08601","B"
"WP09C04773","1","B_o069_r08587","B"
"WP09C04774","1","B_o069_r08611","B"
"WP09C04775","1","B_o069_r08597","B"
"WP09C04776","1","B_o069_r08572","B"
"WP09C04777","1","B_o069_r08613","B"
"WP09C04778","1","B_o069_r08605","B"
"WP09C04779","1","B_o069_r08537","B"
"WP09C04780","1","B_o069_r08523","B"
"WP09C04781","1","B_o069_r08579","B"
"WP09C04782","1","B_o069_r08619","B"
"WP09C04783","1","B_o069_r08539","B"
"WP09C04784","1","B_o069_r08583","B"
"WP09C04785","1","B_o069_r08558","B"
"WP09C04786","1","B_o069_r08541","B"
"WP09C04787","1","B_o069_r08531","B"
"WP09C04788","1","B_o069_r08595","B"
"WP09C04789","1","B_o069_r08556","B"
"WP09C04790","1","B_o069_r08629","B"
"WP09C04791","1","B_o069_r08561","B"
"WP09C04792","1","B_o069_r08546","B"
"WP09C04793","1","B_o069_r08545","B"
"WP09C04794","1","B_o069_r08551","B"
"WP09C04795","1","B_o069_r08538","B"
"WP09C04796","1","B_o069_r08589","B"
"WP09C04797","1","B_o069_r08530","B"
"WP09C04798","1","B_o069_r08526","B"
"WP09C04799","1","B_o069_r08603","B"
"WP09C04800","1","B_o069_r08593","B"
"WP09C04801","1","B_o069_r08550","B"
"WP09C04802","1","B_o069_r08559","B"
"WP09C04803","1","B_o069_r08552","B"
"WP09C04804","1","B_o069_r08566","B"
"WP09C04805","1","B_o069_r08631","B"
"WP09C04806","1","B_o069_r08568","B"
"WP09C04807","1","B_o069_r08549","B"
"WP09C04808","1","B_o069_r08617","B"
"WP09C04809","1","B_o069_r08562","B"
"WP09C04810","1","B_o069_r08574","B"
"WP09C04811","1","B_o069_r08529","B"
"WP09C04812","1","B_o069_r08585","B"
"WP09C04813","1","B_o069_r08547","B"
"WP09C04814","1","B_o069_r08565","B"
"WP09C04815","1","B_o069_r08542","B"
"WP09C04816","1","B_o069_r08535","B"
"WP09C04817","1","B_o070_r08664","B"
"WP09C04818","1","B_o070_r08673","B"
"WP09C04819","1","B_o070_r08719","B"
"WP09C04820","1","B_o070_r08683","B"
"WP09C04821","1","B_o070_r08644","B"
"WP09C04822","1","B_o070_r08743","B"
"WP09C04823","1","B_o070_r08682","B"
"WP09C04824","1","B_o070_r08641","B"
"WP09C04825","1","B_o070_r08701","B"
"WP09C04826","1","B_o070_r08676","B"
"WP09C04827","1","B_o070_r08751","B"
"WP09C04828","1","B_o070_r08645","B"
"WP09C04829","1","B_o070_r08642","B"
"WP09C04830","1","B_o070_r08677","B"
"WP09C04831","1","B_o070_r08653","B"
"WP09C04832","1","B_o070_r08703","B"
"WP09C04833","1","B_o070_r08656","B"
"WP09C04834","1","B_o070_r08668","B"
"WP09C04835","1","B_o070_r08745","B"
"WP09C04836","1","B_o070_r08702","B"
"WP09C04837","1","B_o070_r08652","B"
"WP09C04838","1","B_o070_r08675","B"
"WP09C04839","1","B_o070_r08709","B"
"WP09C04840","1","B_o070_r08721","B"
"WP09C04841","1","B_o070_r08707","B"
"WP09C04842","1","B_o070_r08731","B"
"WP09C04843","1","B_o070_r08733","B"
"WP09C04844","1","B_o070_r08692","B"
"WP09C04845","1","B_o070_r08725","B"
"WP09C04846","1","B_o070_r08680","B"
"WP09C04847","1","B_o070_r08643","B"
"WP09C04848","1","B_o070_r08739","B"
"WP09C04849","1","B_o070_r08659","B"
"WP09C04850","1","B_o070_r08678","B"
"WP09C04851","1","B_o070_r08661","B"
"WP09C04852","1","B_o070_r08715","B"
"WP09C04853","1","B_o070_r08749","B"
"WP09C04854","1","B_o070_r08681","B"
"WP09C04855","1","B_o070_r08666","B"
"WP09C04856","1","B_o070_r08665","B"
"WP09C04857","1","B_o070_r08671","B"
"WP09C04858","1","B_o070_r08658","B"
"WP09C04859","1","B_o070_r08650","B"
"WP09C04860","1","B_o070_r08646","B"
"WP09C04861","1","B_o070_r08713","B"
"WP09C04862","1","B_o070_r08670","B"
"WP09C04863","1","B_o070_r08679","B"
"WP09C04864","1","B_o070_r08727","B"
"WP09C04865","1","B_o070_r08672","B"
"WP09C04866","1","B_o070_r08674","B"
"WP09C04867","1","B_o070_r08669","B"
"WP09C04868","1","B_o070_r08688","B"
"WP09C04869","1","B_o070_r08737","B"
"WP09C04870","1","B_o070_r08686","B"
"WP09C04871","1","B_o070_r08694","B"
"WP09C04872","1","B_o070_r08705","B"
"WP09C04873","1","B_o070_r08667","B"
"WP09C04874","1","B_o070_r08685","B"
"WP09C04875","1","B_o070_r08662","B"
"WP09C04876","1","B_o070_r08655","B"
"WP09C04877","1","B_o071_r08804","B"
"WP09C04878","1","B_o071_r08851","B"
"WP09C04879","1","B_o071_r08831","B"
"WP09C04880","1","B_o071_r08840","B"
"WP09C04881","1","B_o071_r08834","B"
"WP09C04882","1","B_o071_r08768","B"
"WP09C04883","1","B_o071_r08770","B"
"WP09C04884","1","B_o071_r08765","B"
"WP09C04884","1","B_o071_r08771","B"
"WP09C04884","1","B_o071_r08795","B"
"WP09C04885","1","B_o071_r08761","B"
"WP09C04886","1","B_o071_r08863","B"
"WP09C04887","1","B_o071_r08852","B"
"WP09C04888","1","B_o071_r08779","B"
"WP09C04889","1","B_o071_r08858","B"
"WP09C04890","1","B_o071_r08767","B"
"WP09C04890","1","B_o071_r08773","B"
"WP09C04891","1","B_o071_r08774","B"
"WP09C04892","1","B_o071_r08763","B"
"WP09C04892","1","B_o071_r08769","B"
"WP09C04892","1","B_o071_r08793","B"
"WP09C04893","1","B_o071_r08822","B"
"WP09C04894","1","B_o071_r08791","B"
"WP09C04894","1","B_o071_r08797","B"
"WP09C04894","1","B_o071_r08821","B"
"WP09C04895","1","B_o071_r08794","B"
"WP09C04896","1","B_o071_r08857","B"
"WP09C04897","1","B_o071_r08778","B"
"WP09C04898","1","B_o071_r08828","B"
"WP09C04899","1","B_o071_r08772","B"
"WP09C04900","1","B_o071_r08810","B"
"WP09C04901","1","B_o071_r08826","B"
"WP09C04902","1","B_o071_r08780","B"
"WP09C04903","1","B_o071_r08802","B"
"WP09C04904","1","B_o071_r08777","B"
"WP09C04904","1","B_o071_r08801","B"
"WP09C04905","1","B_o071_r08825","B"
"WP09C04906","1","B_o071_r08798","B"
"WP09C04907","1","B_o071_r08809","B"
"WP09C04907","1","B_o071_r08833","B"
"WP09C04908","1","B_o071_r08808","B"
"WP09C04909","1","B_o071_r08764","B"
"WP09C04910","1","B_o071_r08815","B"
"WP09C04910","1","B_o071_r08839","B"
"WP09C04911","1","B_o071_r08832","B"
"WP09C04912","1","B_o071_r08783","B"
"WP09C04912","1","B_o071_r08807","B"
"WP09C04913","1","B_o071_r08803","B"
"WP09C04913","1","B_o071_r08827","B"
"WP09C04914","1","B_o071_r08792","B"
"WP09C04915","1","B_o071_r08784","B"
"WP09C04916","1","B_o071_r08762","B"
"WP09C04917","1","B_o071_r08796","B"
"WP09C04918","1","B_o071_r08766","B"
"WP09C04919","1","B_o071_r08864","B"
"WP09C04920","1","B_o071_r08816","B"
"WP09C04921","1","B_o072_r08923","B"
"WP09C04921","1","B_o072_r08947","B"
"WP09C04922","1","B_o072_r08960","B"
"WP09C04923","1","B_o072_r08954","B"
"WP09C04924","1","B_o072_r08888","B"
"WP09C04925","1","B_o072_r08885","B"
"WP09C04925","1","B_o072_r08891","B"
"WP09C04925","1","B_o072_r08915","B"
"WP09C04926","1","B_o072_r08882","B"
"WP09C04927","1","B_o072_r08881","B"
"WP09C04928","1","B_o072_r08951","B"
"WP09C04929","1","B_o072_r08902","B"
"WP09C04930","1","B_o072_r08972","B"
"WP09C04931","1","B_o072_r08887","B"
"WP09C04931","1","B_o072_r08893","B"
"WP09C04932","1","B_o072_r08894","B"
"WP09C04933","1","B_o072_r08883","B"
"WP09C04933","1","B_o072_r08889","B"
"WP09C04933","1","B_o072_r08913","B"
"WP09C04934","1","B_o072_r08942","B"
"WP09C04935","1","B_o072_r08911","B"
"WP09C04935","1","B_o072_r08917","B"
"WP09C04935","1","B_o072_r08941","B"
"WP09C04936","1","B_o072_r08926","B"
"WP09C04937","1","B_o072_r08898","B"
"WP09C04938","1","B_o072_r08890","B"
"WP09C04939","1","B_o072_r08971","B"
"WP09C04940","1","B_o072_r08892","B"
"WP09C04941","1","B_o072_r08903","B"
"WP09C04941","1","B_o072_r08927","B"
"WP09C04942","1","B_o072_r08900","B"
"WP09C04943","1","B_o072_r08930","B"
"WP09C04944","1","B_o072_r08946","B"
"WP09C04945","1","B_o072_r08884","B"
"WP09C04946","1","B_o072_r08904","B"
"WP09C04947","1","B_o072_r08922","B"
"WP09C04948","1","B_o072_r08897","B"
"WP09C04948","1","B_o072_r08921","B"
"WP09C04949","1","B_o072_r08952","B"
"WP09C04950","1","B_o072_r08948","B"
"WP09C04951","1","B_o072_r08899","B"
"WP09C04951","1","B_o072_r08901","B"
"WP09C04951","1","B_o072_r08925","B"
"WP09C04952","1","B_o072_r08945","B"
"WP09C04953","1","B_o072_r08918","B"
"WP09C04954","1","B_o072_r08929","B"
"WP09C04954","1","B_o072_r08953","B"
"WP09C04955","1","B_o072_r08935","B"
"WP09C04955","1","B_o072_r08959","B"
"WP09C04956","1","B_o072_r08914","B"
"WP09C04957","1","B_o072_r08912","B"
"WP09C04958","1","B_o072_r08928","B"
"WP09C04959","1","B_o072_r08916","B"
"WP09C04960","1","B_o072_r08924","B"
"WP09C04961","1","B_o072_r08886","B"
"WP09C04962","1","B_o072_r08936","B"
"WP09C04963","1","B_o073_r09110","B"
"WP09C04964","1","B_o073_r09043","B"
"WP09C04964","1","B_o073_r09067","B"
"WP09C04965","1","B_o073_r09103","B"
"WP09C04965","1","B_o073_r09109","B"
"WP09C04965","1","B_o073_r09111","B"
"WP09C04966","1","B_o073_r09080","B"
"WP09C04967","1","B_o073_r09074","B"
"WP09C04968","1","B_o073_r09001","B"
"WP09C04969","1","B_o073_r09112","B"
"WP09C04970","1","B_o073_r09008","B"
"WP09C04971","1","B_o073_r09005","B"
"WP09C04971","1","B_o073_r09011","B"
"WP09C04971","1","B_o073_r09035","B"
"WP09C04972","1","B_o073_r09007","B"
"WP09C04973","1","B_o073_r09115","B"
"WP09C04973","1","B_o073_r09117","B"
"WP09C04974","1","B_o073_r09002","B"
"WP09C04975","1","B_o073_r09055","B"
"WP09C04976","1","B_o073_r09071","B"
"WP09C04977","1","B_o073_r09022","B"
"WP09C04978","1","B_o073_r09092","B"
"WP09C04979","1","B_o073_r09100","B"
"WP09C04980","1","B_o073_r09013","B"
"WP09C04981","1","B_o073_r09014","B"
"WP09C04982","1","B_o073_r09003","B"
"WP09C04982","1","B_o073_r09009","B"
"WP09C04982","1","B_o073_r09033","B"
"WP09C04983","1","B_o073_r09116","B"
"WP09C04984","1","B_o073_r09062","B"
"WP09C04985","1","B_o073_r09037","B"
"WP09C04985","1","B_o073_r09061","B"
"WP09C04986","1","B_o073_r09046","B"
"WP09C04987","1","B_o073_r09018","B"
"WP09C04988","1","B_o073_r09010","B"
"WP09C04989","1","B_o073_r09091","B"
"WP09C04990","1","B_o073_r09012","B"
"WP09C04991","1","B_o073_r09118","B"
"WP09C04992","1","B_o073_r09023","B"
"WP09C04992","1","B_o073_r09047","B"
"WP09C04993","1","B_o073_r09020","B"
"WP09C04994","1","B_o073_r09050","B"
"WP09C04995","1","B_o073_r09066","B"
"WP09C04996","1","B_o073_r09004","B"
"WP09C04997","1","B_o073_r09024","B"
"WP09C04998","1","B_o073_r09042","B"
"WP09C04999","1","B_o073_r09017","B"
"WP09C04999","1","B_o073_r09041","B"
"WP09C05000","1","B_o073_r09072","B"
"WP09C05001","1","B_o073_r09068","B"
"WP09C05002","1","B_o073_r09019","B"
"WP09C05002","1","B_o073_r09021","B"
"WP09C05002","1","B_o073_r09045","B"
"WP09C05003","1","B_o073_r09065","B"
"WP09C05004","1","B_o073_r09038","B"
"WP09C05005","1","B_o073_r09104","B"
"WP09C05006","1","B_o073_r09073","B"
"WP09C05007","1","B_o073_r09079","B"
"WP09C05008","1","B_o073_r09031","B"
"WP09C05009","1","B_o073_r09034","B"
"WP09C05010","1","B_o073_r09032","B"
"WP09C05011","1","B_o073_r09048","B"
"WP09C05012","1","B_o073_r09036","B"
"WP09C05013","1","B_o073_r09049","B"
"WP09C05014","1","B_o073_r09097","B"
"WP09C05014","1","B_o073_r09099","B"
"WP09C05014","1","B_o073_r09105","B"
"WP09C05015","1","B_o073_r09106","B"
"WP09C05016","1","B_o073_r09044","B"
"WP09C05017","1","B_o073_r09098","B"
"WP09C05018","1","B_o073_r09006","B"
"WP09C05019","1","B_o073_r09056","B"
"WP09C05020","1","B_o074_r09230","B"
"WP09C05021","1","B_o074_r09163","B"
"WP09C05021","1","B_o074_r09187","B"
"WP09C05022","1","B_o074_r09223","B"
"WP09C05022","1","B_o074_r09229","B"
"WP09C05022","1","B_o074_r09231","B"
"WP09C05023","1","B_o074_r09200","B"
"WP09C05024","1","B_o074_r09194","B"
"WP09C05025","1","B_o074_r09121","B"
"WP09C05026","1","B_o074_r09232","B"
"WP09C05027","1","B_o074_r09128","B"
"WP09C05028","1","B_o074_r09125","B"
"WP09C05028","1","B_o074_r09131","B"
"WP09C05028","1","B_o074_r09155","B"
"WP09C05029","1","B_o074_r09127","B"
"WP09C05030","1","B_o074_r09235","B"
"WP09C05030","1","B_o074_r09237","B"
"WP09C05031","1","B_o074_r09122","B"
"WP09C05032","1","B_o074_r09175","B"
"WP09C05033","1","B_o074_r09191","B"
"WP09C05034","1","B_o074_r09142","B"
"WP09C05035","1","B_o074_r09212","B"
"WP09C05036","1","B_o074_r09220","B"
"WP09C05037","1","B_o074_r09133","B"
"WP09C05038","1","B_o074_r09134","B"
"WP09C05039","1","B_o074_r09123","B"
"WP09C05039","1","B_o074_r09129","B"
"WP09C05039","1","B_o074_r09153","B"
"WP09C05040","1","B_o074_r09236","B"
"WP09C05041","1","B_o074_r09182","B"
"WP09C05042","1","B_o074_r09157","B"
"WP09C05042","1","B_o074_r09181","B"
"WP09C05043","1","B_o074_r09166","B"
"WP09C05044","1","B_o074_r09138","B"
"WP09C05045","1","B_o074_r09130","B"
"WP09C05046","1","B_o074_r09211","B"
"WP09C05047","1","B_o074_r09132","B"
"WP09C05048","1","B_o074_r09238","B"
"WP09C05049","1","B_o074_r09143","B"
"WP09C05049","1","B_o074_r09167","B"
"WP09C05050","1","B_o074_r09140","B"
"WP09C05051","1","B_o074_r09170","B"
"WP09C05052","1","B_o074_r09186","B"
"WP09C05053","1","B_o074_r09124","B"
"WP09C05054","1","B_o074_r09144","B"
"WP09C05055","1","B_o074_r09162","B"
"WP09C05056","1","B_o074_r09137","B"
"WP09C05056","1","B_o074_r09161","B"
"WP09C05057","1","B_o074_r09192","B"
"WP09C05058","1","B_o074_r09188","B"
"WP09C05059","1","B_o074_r09139","B"
"WP09C05059","1","B_o074_r09141","B"
"WP09C05059","1","B_o074_r09165","B"
"WP09C05060","1","B_o074_r09185","B"
"WP09C05061","1","B_o074_r09158","B"
"WP09C05062","1","B_o074_r09224","B"
"WP09C05063","1","B_o074_r09193","B"
"WP09C05064","1","B_o074_r09199","B"
"WP09C05065","1","B_o074_r09151","B"
"WP09C05066","1","B_o074_r09154","B"
"WP09C05067","1","B_o074_r09152","B"
"WP09C05068","1","B_o074_r09168","B"
"WP09C05069","1","B_o074_r09156","B"
"WP09C05070","1","B_o074_r09169","B"
"WP09C05071","1","B_o074_r09217","B"
"WP09C05071","1","B_o074_r09219","B"
"WP09C05071","1","B_o074_r09225","B"
"WP09C05072","1","B_o074_r09226","B"
"WP09C05073","1","B_o074_r09164","B"
"WP09C05074","1","B_o074_r09218","B"
"WP09C05075","1","B_o074_r09126","B"
"WP09C05076","1","B_o074_r09176","B"
"WP09C05077","1","B_o075_r09330","B"
"WP09C05078","1","B_o075_r09283","B"
"WP09C05078","1","B_o075_r09307","B"
"WP09C05079","1","B_o075_r09320","B"
"WP09C05080","1","B_o075_r09314","B"
"WP09C05081","1","B_o075_r09318","B"
"WP09C05082","1","B_o075_r09248","B"
"WP09C05083","1","B_o075_r09245","B"
"WP09C05083","1","B_o075_r09251","B"
"WP09C05083","1","B_o075_r09275","B"
"WP09C05084","1","B_o075_r09242","B"
"WP09C05085","1","B_o075_r09241","B"
"WP09C05086","1","B_o075_r09311","B"
"WP09C05087","1","B_o075_r09262","B"
"WP09C05088","1","B_o075_r09243","B"
"WP09C05088","1","B_o075_r09249","B"
"WP09C05088","1","B_o075_r09273","B"
"WP09C05089","1","B_o075_r09247","B"
"WP09C05089","1","B_o075_r09253","B"
"WP09C05090","1","B_o075_r09254","B"
"WP09C05091","1","B_o075_r09324","B"
"WP09C05092","1","B_o075_r09302","B"
"WP09C05093","1","B_o075_r09271","B"
"WP09C05093","1","B_o075_r09277","B"
"WP09C05093","1","B_o075_r09301","B"
"WP09C05094","1","B_o075_r09286","B"
"WP09C05095","1","B_o075_r09258","B"
"WP09C05096","1","B_o075_r09288","B"
"WP09C05097","1","B_o075_r09250","B"
"WP09C05098","1","B_o075_r09252","B"
"WP09C05099","1","B_o075_r09260","B"
"WP09C05100","1","B_o075_r09317","B"
"WP09C05100","1","B_o075_r09323","B"
"WP09C05101","1","B_o075_r09312","B"
"WP09C05102","1","B_o075_r09290","B"
"WP09C05103","1","B_o075_r09306","B"
"WP09C05104","1","B_o075_r09244","B"
"WP09C05105","1","B_o075_r09282","B"
"WP09C05106","1","B_o075_r09257","B"
"WP09C05106","1","B_o075_r09281","B"
"WP09C05107","1","B_o075_r09308","B"
"WP09C05108","1","B_o075_r09259","B"
"WP09C05108","1","B_o075_r09261","B"
"WP09C05108","1","B_o075_r09285","B"
"WP09C05109","1","B_o075_r09305","B"
"WP09C05110","1","B_o075_r09278","B"
"WP09C05111","1","B_o075_r09289","B"
"WP09C05111","1","B_o075_r09313","B"
"WP09C05112","1","B_o075_r09295","B"
"WP09C05112","1","B_o075_r09319","B"
"WP09C05113","1","B_o075_r09329","B"
"WP09C05114","1","B_o075_r09274","B"
"WP09C05115","1","B_o075_r09272","B"
"WP09C05116","1","B_o075_r09276","B"
"WP09C05117","1","B_o075_r09263","B"
"WP09C05117","1","B_o075_r09287","B"
"WP09C05118","1","B_o075_r09264","B"
"WP09C05119","1","B_o075_r09284","B"
"WP09C05120","1","B_o075_r09246","B"
"WP09C05121","1","B_o075_r09296","B"
"WP09C05122","1","B_o076_r09470","B"
"WP09C05123","1","B_o076_r09450","B"
"WP09C05124","1","B_o076_r09403","B"
"WP09C05124","1","B_o076_r09427","B"
"WP09C05125","1","B_o076_r09463","B"
"WP09C05125","1","B_o076_r09469","B"
"WP09C05125","1","B_o076_r09471","B"
"WP09C05126","1","B_o076_r09440","B"
"WP09C05127","1","B_o076_r09434","B"
"WP09C05128","1","B_o076_r09361","B"
"WP09C05129","1","B_o076_r09438","B"
"WP09C05130","1","B_o076_r09472","B"
"WP09C05131","1","B_o076_r09368","B"
"WP09C05132","1","B_o076_r09365","B"
"WP09C05132","1","B_o076_r09371","B"
"WP09C05132","1","B_o076_r09395","B"
"WP09C05133","1","B_o076_r09367","B"
"WP09C05134","1","B_o076_r09362","B"
"WP09C05135","1","B_o076_r09415","B"
"WP09C05136","1","B_o076_r09431","B"
"WP09C05137","1","B_o076_r09382","B"
"WP09C05138","1","B_o076_r09369","B"
"WP09C05138","1","B_o076_r09393","B"
"WP09C05139","1","B_o076_r09468","B"
"WP09C05140","1","B_o076_r09460","B"
"WP09C05141","1","B_o076_r09373","B"
"WP09C05142","1","B_o076_r09374","B"
"WP09C05143","1","B_o076_r09444","B"
"WP09C05144","1","B_o076_r09422","B"
"WP09C05145","1","B_o076_r09397","B"
"WP09C05145","1","B_o076_r09421","B"
"WP09C05146","1","B_o076_r09406","B"
"WP09C05147","1","B_o076_r09378","B"
"WP09C05148","1","B_o076_r09408","B"
"WP09C05149","1","B_o076_r09370","B"
"WP09C05150","1","B_o076_r09372","B"
"WP09C05151","1","B_o076_r09380","B"
"WP09C05152","1","B_o076_r09437","B"
"WP09C05152","1","B_o076_r09443","B"
"WP09C05153","1","B_o076_r09432","B"
"WP09C05154","1","B_o076_r09410","B"
"WP09C05155","1","B_o076_r09426","B"
"WP09C05156","1","B_o076_r09364","B"
"WP09C05157","1","B_o076_r09402","B"
"WP09C05158","1","B_o076_r09377","B"
"WP09C05158","1","B_o076_r09401","B"
"WP09C05159","1","B_o076_r09363","B"
"WP09C05160","1","B_o076_r09428","B"
"WP09C05161","1","B_o076_r09379","B"
"WP09C05161","1","B_o076_r09381","B"
"WP09C05161","1","B_o076_r09405","B"
"WP09C05162","1","B_o076_r09425","B"
"WP09C05163","1","B_o076_r09398","B"
"WP09C05164","1","B_o076_r09464","B"
"WP09C05165","1","B_o076_r09461","B"
"WP09C05165","1","B_o076_r09467","B"
"WP09C05166","1","B_o076_r09433","B"
"WP09C05167","1","B_o076_r09439","B"
"WP09C05168","1","B_o076_r09391","B"
"WP09C05169","1","B_o076_r09449","B"
"WP09C05170","1","B_o076_r09462","B"
"WP09C05171","1","B_o076_r09394","B"
"WP09C05172","1","B_o076_r09392","B"
"WP09C05173","1","B_o076_r09396","B"
"WP09C05174","1","B_o076_r09409","B"
"WP09C05175","1","B_o076_r09383","B"
"WP09C05175","1","B_o076_r09407","B"
"WP09C05176","1","B_o076_r09474","B"
"WP09C05177","1","B_o076_r09457","B"
"WP09C05177","1","B_o076_r09459","B"
"WP09C05177","1","B_o076_r09465","B"
"WP09C05178","1","B_o076_r09473","B"
"WP09C05179","1","B_o076_r09384","B"
"WP09C05180","1","B_o076_r09466","B"
"WP09C05181","1","B_o076_r09404","B"
"WP09C05182","1","B_o076_r09458","B"
"WP09C05183","1","B_o076_r09366","B"
"WP09C05184","1","B_o076_r09416","B"
"WP09C05185","1","B_o077_r09590","B"
"WP09C05186","1","B_o077_r09570","B"
"WP09C05187","1","B_o077_r09523","B"
"WP09C05187","1","B_o077_r09547","B"
"WP09C05188","1","B_o077_r09583","B"
"WP09C05188","1","B_o077_r09589","B"
"WP09C05188","1","B_o077_r09591","B"
"WP09C05189","1","B_o077_r09560","B"
"WP09C05190","1","B_o077_r09554","B"
"WP09C05191","1","B_o077_r09481","B"
"WP09C05192","1","B_o077_r09558","B"
"WP09C05193","1","B_o077_r09592","B"
"WP09C05194","1","B_o077_r09488","B"
"WP09C05195","1","B_o077_r09485","B"
"WP09C05195","1","B_o077_r09491","B"
"WP09C05195","1","B_o077_r09515","B"
"WP09C05196","1","B_o077_r09487","B"
"WP09C05197","1","B_o077_r09482","B"
"WP09C05198","1","B_o077_r09535","B"
"WP09C05199","1","B_o077_r09551","B"
"WP09C05200","1","B_o077_r09502","B"
"WP09C05201","1","B_o077_r09489","B"
"WP09C05201","1","B_o077_r09513","B"
"WP09C05202","1","B_o077_r09588","B"
"WP09C05203","1","B_o077_r09580","B"
"WP09C05204","1","B_o077_r09493","B"
"WP09C05205","1","B_o077_r09494","B"
"WP09C05206","1","B_o077_r09564","B"
"WP09C05207","1","B_o077_r09542","B"
"WP09C05208","1","B_o077_r09517","B"
"WP09C05208","1","B_o077_r09541","B"
"WP09C05209","1","B_o077_r09526","B"
"WP09C05210","1","B_o077_r09498","B"
"WP09C05211","1","B_o077_r09528","B"
"WP09C05212","1","B_o077_r09490","B"
"WP09C05213","1","B_o077_r09492","B"
"WP09C05214","1","B_o077_r09500","B"
"WP09C05215","1","B_o077_r09557","B"
"WP09C05215","1","B_o077_r09563","B"
"WP09C05216","1","B_o077_r09552","B"
"WP09C05217","1","B_o077_r09530","B"
"WP09C05218","1","B_o077_r09546","B"
"WP09C05219","1","B_o077_r09484","B"
"WP09C05220","1","B_o077_r09522","B"
"WP09C05221","1","B_o077_r09497","B"
"WP09C05221","1","B_o077_r09521","B"
"WP09C05222","1","B_o077_r09483","B"
"WP09C05223","1","B_o077_r09548","B"
"WP09C05224","1","B_o077_r09499","B"
"WP09C05224","1","B_o077_r09501","B"
"WP09C05224","1","B_o077_r09525","B"
"WP09C05225","1","B_o077_r09545","B"
"WP09C05226","1","B_o077_r09518","B"
"WP09C05227","1","B_o077_r09584","B"
"WP09C05228","1","B_o077_r09581","B"
"WP09C05228","1","B_o077_r09587","B"
"WP09C05229","1","B_o077_r09553","B"
"WP09C05230","1","B_o077_r09559","B"
"WP09C05231","1","B_o077_r09511","B"
"WP09C05232","1","B_o077_r09569","B"
"WP09C05233","1","B_o077_r09582","B"
"WP09C05234","1","B_o077_r09514","B"
"WP09C05235","1","B_o077_r09512","B"
"WP09C05236","1","B_o077_r09516","B"
"WP09C05237","1","B_o077_r09529","B"
"WP09C05238","1","B_o077_r09503","B"
"WP09C05238","1","B_o077_r09527","B"
"WP09C05239","1","B_o077_r09594","B"
"WP09C05240","1","B_o077_r09577","B"
"WP09C05240","1","B_o077_r09579","B"
"WP09C05240","1","B_o077_r09585","B"
"WP09C05241","1","B_o077_r09593","B"
"WP09C05242","1","B_o077_r09504","B"
"WP09C05243","1","B_o077_r09586","B"
"WP09C05244","1","B_o077_r09524","B"
"WP09C05245","1","B_o077_r09578","B"
"WP09C05246","1","B_o077_r09486","B"
"WP09C05247","1","B_o077_r09536","B"
"WP09C05248","1","B_o078_r09710","B"
"WP09C05249","1","B_o078_r09690","B"
"WP09C05250","1","B_o078_r09643","B"
"WP09C05250","1","B_o078_r09667","B"
"WP09C05251","1","B_o078_r09703","B"
"WP09C05251","1","B_o078_r09709","B"
"WP09C05251","1","B_o078_r09711","B"
"WP09C05252","1","B_o078_r09680","B"
"WP09C05253","1","B_o078_r09674","B"
"WP09C05254","1","B_o078_r09692","B"
"WP09C05255","1","B_o078_r09601","B"
"WP09C05256","1","B_o078_r09678","B"
"WP09C05257","1","B_o078_r09712","B"
"WP09C05258","1","B_o078_r09608","B"
"WP09C05259","1","B_o078_r09695","B"
"WP09C05260","1","B_o078_r09605","B"
"WP09C05260","1","B_o078_r09611","B"
"WP09C05260","1","B_o078_r09635","B"
"WP09C05261","1","B_o078_r09607","B"
"WP09C05262","1","B_o078_r09602","B"
"WP09C05263","1","B_o078_r09637","B"
"WP09C05264","1","B_o078_r09613","B"
"WP09C05265","1","B_o078_r09716","B"
"WP09C05266","1","B_o078_r09655","B"
"WP09C05267","1","B_o078_r09671","B"
"WP09C05268","1","B_o078_r09622","B"
"WP09C05269","1","B_o078_r09696","B"
"WP09C05270","1","B_o078_r09609","B"
"WP09C05270","1","B_o078_r09633","B"
"WP09C05271","1","B_o078_r09708","B"
"WP09C05272","1","B_o078_r09719","B"
"WP09C05273","1","B_o078_r09700","B"
"WP09C05274","1","B_o078_r09614","B"
"WP09C05275","1","B_o078_r09684","B"
"WP09C05276","1","B_o078_r09662","B"
"WP09C05277","1","B_o078_r09646","B"
"WP09C05278","1","B_o078_r09618","B"
"WP09C05279","1","B_o078_r09648","B"
"WP09C05280","1","B_o078_r09610","B"
"WP09C05281","1","B_o078_r09612","B"
"WP09C05282","1","B_o078_r09691","B"
"WP09C05282","1","B_o078_r09693","B"
"WP09C05283","1","B_o078_r09620","B"
"WP09C05284","1","B_o078_r09677","B"
"WP09C05284","1","B_o078_r09683","B"
"WP09C05285","1","B_o078_r09672","B"
"WP09C05286","1","B_o078_r09650","B"
"WP09C05287","1","B_o078_r09694","B"
"WP09C05288","1","B_o078_r09666","B"
"WP09C05289","1","B_o078_r09604","B"
"WP09C05290","1","B_o078_r09642","B"
"WP09C05291","1","B_o078_r09617","B"
"WP09C05291","1","B_o078_r09641","B"
"WP09C05292","1","B_o078_r09603","B"
"WP09C05293","1","B_o078_r09668","B"
"WP09C05294","1","B_o078_r09619","B"
"WP09C05294","1","B_o078_r09621","B"
"WP09C05294","1","B_o078_r09645","B"
"WP09C05295","1","B_o078_r09665","B"
"WP09C05296","1","B_o078_r09638","B"
"WP09C05297","1","B_o078_r09704","B"
"WP09C05298","1","B_o078_r09701","B"
"WP09C05298","1","B_o078_r09707","B"
"WP09C05299","1","B_o078_r09715","B"
"WP09C05299","1","B_o078_r09717","B"
"WP09C05300","1","B_o078_r09631","B"
"WP09C05301","1","B_o078_r09720","B"
"WP09C05302","1","B_o078_r09689","B"
"WP09C05303","1","B_o078_r09702","B"
"WP09C05304","1","B_o078_r09634","B"
"WP09C05305","1","B_o078_r09632","B"
"WP09C05306","1","B_o078_r09718","B"
"WP09C05307","1","B_o078_r09661","B"
"WP09C05308","1","B_o078_r09636","B"
"WP09C05309","1","B_o078_r09649","B"
"WP09C05310","1","B_o078_r09623","B"
"WP09C05310","1","B_o078_r09647","B"
"WP09C05311","1","B_o078_r09714","B"
"WP09C05312","1","B_o078_r09697","B"
"WP09C05312","1","B_o078_r09699","B"
"WP09C05312","1","B_o078_r09705","B"
"WP09C05313","1","B_o078_r09713","B"
"WP09C05314","1","B_o078_r09624","B"
"WP09C05315","1","B_o078_r09706","B"
"WP09C05316","1","B_o078_r09644","B"
"WP09C05317","1","B_o078_r09698","B"
"WP09C05318","1","B_o078_r09606","B"
"WP09C05319","1","B_o078_r09615","B"
"WP09C05319","1","B_o078_r09639","B"
"WP09C05320","1","B_o078_r09656","B"
"WP09C05321","1","B_o079_r09830","B"
"WP09C05322","1","B_o079_r09810","B"
"WP09C05323","1","B_o079_r09763","B"
"WP09C05323","1","B_o079_r09787","B"
"WP09C05324","1","B_o079_r09823","B"
"WP09C05324","1","B_o079_r09829","B"
"WP09C05324","1","B_o079_r09831","B"
"WP09C05325","1","B_o079_r09800","B"
"WP09C05326","1","B_o079_r09794","B"
"WP09C05327","1","B_o079_r09812","B"
"WP09C05328","1","B_o079_r09721","B"
"WP09C05329","1","B_o079_r09798","B"
"WP09C05330","1","B_o079_r09832","B"
"WP09C05331","1","B_o079_r09728","B"
"WP09C05332","1","B_o079_r09815","B"
"WP09C05333","1","B_o079_r09725","B"
"WP09C05333","1","B_o079_r09731","B"
"WP09C05333","1","B_o079_r09755","B"
"WP09C05334","1","B_o079_r09727","B"
"WP09C05335","1","B_o079_r09722","B"
"WP09C05336","1","B_o079_r09757","B"
"WP09C05337","1","B_o079_r09733","B"
"WP09C05338","1","B_o079_r09836","B"
"WP09C05339","1","B_o079_r09775","B"
"WP09C05340","1","B_o079_r09791","B"
"WP09C05341","1","B_o079_r09742","B"
"WP09C05342","1","B_o079_r09816","B"
"WP09C05343","1","B_o079_r09729","B"
"WP09C05343","1","B_o079_r09753","B"
"WP09C05344","1","B_o079_r09828","B"
"WP09C05345","1","B_o079_r09839","B"
"WP09C05346","1","B_o079_r09820","B"
"WP09C05347","1","B_o079_r09734","B"
"WP09C05348","1","B_o079_r09804","B"
"WP09C05349","1","B_o079_r09782","B"
"WP09C05350","1","B_o079_r09766","B"
"WP09C05351","1","B_o079_r09738","B"
"WP09C05352","1","B_o079_r09768","B"
"WP09C05353","1","B_o079_r09730","B"
"WP09C05354","1","B_o079_r09732","B"
"WP09C05355","1","B_o079_r09811","B"
"WP09C05355","1","B_o079_r09813","B"
"WP09C05356","1","B_o079_r09740","B"
"WP09C05357","1","B_o079_r09797","B"
"WP09C05357","1","B_o079_r09803","B"
"WP09C05358","1","B_o079_r09792","B"
"WP09C05359","1","B_o079_r09770","B"
"WP09C05360","1","B_o079_r09814","B"
"WP09C05361","1","B_o079_r09786","B"
"WP09C05362","1","B_o079_r09724","B"
"WP09C05363","1","B_o079_r09762","B"
"WP09C05364","1","B_o079_r09737","B"
"WP09C05364","1","B_o079_r09761","B"
"WP09C05365","1","B_o079_r09723","B"
"WP09C05366","1","B_o079_r09788","B"
"WP09C05367","1","B_o079_r09739","B"
"WP09C05367","1","B_o079_r09741","B"
"WP09C05367","1","B_o079_r09765","B"
"WP09C05368","1","B_o079_r09785","B"
"WP09C05369","1","B_o079_r09758","B"
"WP09C05370","1","B_o079_r09824","B"
"WP09C05371","1","B_o079_r09821","B"
"WP09C05371","1","B_o079_r09827","B"
"WP09C05372","1","B_o079_r09835","B"
"WP09C05372","1","B_o079_r09837","B"
"WP09C05373","1","B_o079_r09751","B"
"WP09C05374","1","B_o079_r09840","B"
"WP09C05375","1","B_o079_r09809","B"
"WP09C05376","1","B_o079_r09822","B"
"WP09C05377","1","B_o079_r09754","B"
"WP09C05378","1","B_o079_r09752","B"
"WP09C05379","1","B_o079_r09838","B"
"WP09C05380","1","B_o079_r09781","B"
"WP09C05381","1","B_o079_r09756","B"
"WP09C05382","1","B_o079_r09769","B"
"WP09C05383","1","B_o079_r09743","B"
"WP09C05383","1","B_o079_r09767","B"
"WP09C05384","1","B_o079_r09834","B"
"WP09C05385","1","B_o079_r09817","B"
"WP09C05385","1","B_o079_r09819","B"
"WP09C05385","1","B_o079_r09825","B"
"WP09C05386","1","B_o079_r09833","B"
"WP09C05387","1","B_o079_r09744","B"
"WP09C05388","1","B_o079_r09826","B"
"WP09C05389","1","B_o079_r09764","B"
"WP09C05390","1","B_o079_r09818","B"
"WP09C05391","1","B_o079_r09726","B"
"WP09C05392","1","B_o079_r09735","B"
"WP09C05392","1","B_o079_r09759","B"
"WP09C05393","1","B_o079_r09776","B"
"WP09C05394","1","B_o080_r09930","B"
"WP09C05395","1","B_o080_r09919","B"
"WP09C05396","1","B_o080_r09883","B"
"WP09C05396","1","B_o080_r09907","B"
"WP09C05397","1","B_o080_r09844","B"
"WP09C05398","1","B_o080_r09943","B"
"WP09C05398","1","B_o080_r09949","B"
"WP09C05398","1","B_o080_r09951","B"
"WP09C05399","1","B_o080_r09920","B"
"WP09C05400","1","B_o080_r09914","B"
"WP09C05401","1","B_o080_r09932","B"
"WP09C05402","1","B_o080_r09841","B"
"WP09C05403","1","B_o080_r09918","B"
"WP09C05404","1","B_o080_r09915","B"
"WP09C05404","1","B_o080_r09921","B"
"WP09C05405","1","B_o080_r09848","B"
"WP09C05406","1","B_o080_r09935","B"
"WP09C05407","1","B_o080_r09845","B"
"WP09C05407","1","B_o080_r09851","B"
"WP09C05407","1","B_o080_r09875","B"
"WP09C05408","1","B_o080_r09847","B"
"WP09C05409","1","B_o080_r09842","B"
"WP09C05410","1","B_o080_r09877","B"
"WP09C05411","1","B_o080_r09853","B"
"WP09C05412","1","B_o080_r09895","B"
"WP09C05413","1","B_o080_r09936","B"
"WP09C05414","1","B_o080_r09849","B"
"WP09C05414","1","B_o080_r09873","B"
"WP09C05415","1","B_o080_r09854","B"
"WP09C05416","1","B_o080_r09924","B"
"WP09C05417","1","B_o080_r09902","B"
"WP09C05418","1","B_o080_r09858","B"
"WP09C05419","1","B_o080_r09931","B"
"WP09C05419","1","B_o080_r09933","B"
"WP09C05420","1","B_o080_r09917","B"
"WP09C05420","1","B_o080_r09923","B"
"WP09C05421","1","B_o080_r09890","B"
"WP09C05422","1","B_o080_r09934","B"
"WP09C05423","1","B_o080_r09906","B"
"WP09C05424","1","B_o080_r09882","B"
"WP09C05425","1","B_o080_r09857","B"
"WP09C05425","1","B_o080_r09881","B"
"WP09C05426","1","B_o080_r09843","B"
"WP09C05427","1","B_o080_r09859","B"
"WP09C05427","1","B_o080_r09861","B"
"WP09C05427","1","B_o080_r09885","B"
"WP09C05428","1","B_o080_r09905","B"
"WP09C05429","1","B_o080_r09878","B"
"WP09C05430","1","B_o080_r09925","B"
"WP09C05430","1","B_o080_r09927","B"
"WP09C05431","1","B_o080_r09876","B"
"WP09C05432","1","B_o080_r09874","B"
"WP09C05433","1","B_o080_r09850","B"
"WP09C05434","1","B_o080_r09871","B"
"WP09C05435","1","B_o080_r09846","B"
"WP09C05436","1","B_o080_r09913","B"
"WP09C05437","1","B_o080_r09929","B"
"WP09C05438","1","B_o080_r09872","B"
"WP09C05439","1","B_o080_r09901","B"
"WP09C05440","1","B_o080_r09889","B"
"WP09C05441","1","B_o080_r09852","B"
"WP09C05442","1","B_o080_r09937","B"
"WP09C05442","1","B_o080_r09939","B"
"WP09C05442","1","B_o080_r09945","B"
"WP09C05443","1","B_o080_r09855","B"
"WP09C05443","1","B_o080_r09879","B"
"WP09C05444","1","B_o080_r09896","B"
"WP09C05445","1","B_o081_r09975","B"
"WP09C05445","1","B_o081_r09999","B"
"WP09C05446","1","B_o081_r10003","B"
"WP09C05446","1","B_o081_r10027","B"
"WP09C05447","1","B_o081_r10040","B"
"WP09C05448","1","B_o081_r10034","B"
"WP09C05449","1","B_o081_r10038","B"
"WP09C05450","1","B_o081_r09968","B"
"WP09C05451","1","B_o081_r09965","B"
"WP09C05452","1","B_o081_r09969","B"
"WP09C05452","1","B_o081_r09993","B"
"WP09C05453","1","B_o081_r09962","B"
"WP09C05454","1","B_o081_r09961","B"
"WP09C05455","1","B_o081_r09982","B"
"WP09C05456","1","B_o081_r09963","B"
"WP09C05457","1","B_o081_r10049","B"
"WP09C05458","1","B_o081_r09967","B"
"WP09C05458","1","B_o081_r09973","B"
"WP09C05459","1","B_o081_r09974","B"
"WP09C05460","1","B_o081_r10044","B"
"WP09C05461","1","B_o081_r10026","B"
"WP09C05462","1","B_o081_r10022","B"
"WP09C05463","1","B_o081_r09991","B"
"WP09C05463","1","B_o081_r09997","B"
"WP09C05463","1","B_o081_r10021","B"
"WP09C05464","1","B_o081_r10006","B"
"WP09C05465","1","B_o081_r09978","B"
"WP09C05466","1","B_o081_r10008","B"
"WP09C05467","1","B_o081_r09970","B"
"WP09C05468","1","B_o081_r09972","B"
"WP09C05469","1","B_o081_r09980","B"
"WP09C05470","1","B_o081_r10037","B"
"WP09C05470","1","B_o081_r10043","B"
"WP09C05471","1","B_o081_r10010","B"
"WP09C05472","1","B_o081_r09964","B"
"WP09C05473","1","B_o081_r10002","B"
"WP09C05474","1","B_o081_r09977","B"
"WP09C05474","1","B_o081_r10001","B"
"WP09C05475","1","B_o081_r09981","B"
"WP09C05475","1","B_o081_r10005","B"
"WP09C05476","1","B_o081_r10028","B"
"WP09C05477","1","B_o081_r09979","B"
"WP09C05478","1","B_o081_r09998","B"
"WP09C05479","1","B_o081_r09971","B"
"WP09C05479","1","B_o081_r09995","B"
"WP09C05480","1","B_o081_r10009","B"
"WP09C05480","1","B_o081_r10033","B"
"WP09C05481","1","B_o081_r10015","B"
"WP09C05481","1","B_o081_r10039","B"
"WP09C05482","1","B_o081_r10050","B"
"WP09C05483","1","B_o081_r09994","B"
"WP09C05484","1","B_o081_r09992","B"
"WP09C05485","1","B_o081_r09996","B"
"WP09C05486","1","B_o081_r09983","B"
"WP09C05486","1","B_o081_r10007","B"
"WP09C05487","1","B_o081_r10031","B"
"WP09C05488","1","B_o081_r10032","B"
"WP09C05489","1","B_o081_r09984","B"
"WP09C05490","1","B_o081_r10004","B"
"WP09C05491","1","B_o081_r09966","B"
"WP09C05492","1","B_o081_r10025","B"
"WP09C05493","1","B_o081_r10016","B"
"WP09C05494","1","B_o082_r10190","B"
"WP09C05495","1","B_o082_r10095","B"
"WP09C05495","1","B_o082_r10119","B"
"WP09C05496","1","B_o082_r10123","B"
"WP09C05496","1","B_o082_r10147","B"
"WP09C05497","1","B_o082_r10183","B"
"WP09C05497","1","B_o082_r10189","B"
"WP09C05497","1","B_o082_r10191","B"
"WP09C05498","1","B_o082_r10160","B"
"WP09C05499","1","B_o082_r10154","B"
"WP09C05500","1","B_o082_r10081","B"
"WP09C05501","1","B_o082_r10158","B"
"WP09C05502","1","B_o082_r10193","B"
"WP09C05503","1","B_o082_r10192","B"
"WP09C05504","1","B_o082_r10088","B"
"WP09C05505","1","B_o082_r10085","B"
"WP09C05506","1","B_o082_r10087","B"
"WP09C05507","1","B_o082_r10113","B"
"WP09C05508","1","B_o082_r10082","B"
"WP09C05509","1","B_o082_r10135","B"
"WP09C05510","1","B_o082_r10102","B"
"WP09C05511","1","B_o082_r10188","B"
"WP09C05512","1","B_o082_r10180","B"
"WP09C05513","1","B_o082_r10169","B"
"WP09C05514","1","B_o082_r10093","B"
"WP09C05515","1","B_o082_r10094","B"
"WP09C05516","1","B_o082_r10164","B"
"WP09C05517","1","B_o082_r10146","B"
"WP09C05518","1","B_o082_r10142","B"
"WP09C05519","1","B_o082_r10117","B"
"WP09C05519","1","B_o082_r10141","B"
"WP09C05520","1","B_o082_r10194","B"
"WP09C05521","1","B_o082_r10126","B"
"WP09C05522","1","B_o082_r10098","B"
"WP09C05523","1","B_o082_r10128","B"
"WP09C05524","1","B_o082_r10090","B"
"WP09C05525","1","B_o082_r10092","B"
"WP09C05526","1","B_o082_r10100","B"
"WP09C05527","1","B_o082_r10157","B"
"WP09C05527","1","B_o082_r10163","B"
"WP09C05528","1","B_o082_r10130","B"
"WP09C05529","1","B_o082_r10084","B"
"WP09C05530","1","B_o082_r10122","B"
"WP09C05531","1","B_o082_r10097","B"
"WP09C05531","1","B_o082_r10121","B"
"WP09C05532","1","B_o082_r10083","B"
"WP09C05533","1","B_o082_r10101","B"
"WP09C05533","1","B_o082_r10125","B"
"WP09C05534","1","B_o082_r10148","B"
"WP09C05535","1","B_o082_r10099","B"
"WP09C05536","1","B_o082_r10118","B"
"WP09C05537","1","B_o082_r10184","B"
"WP09C05538","1","B_o082_r10181","B"
"WP09C05538","1","B_o082_r10187","B"
"WP09C05539","1","B_o082_r10091","B"
"WP09C05539","1","B_o082_r10115","B"
"WP09C05540","1","B_o082_r10153","B"
"WP09C05541","1","B_o082_r10159","B"
"WP09C05542","1","B_o082_r10111","B"
"WP09C05543","1","B_o082_r10170","B"
"WP09C05544","1","B_o082_r10182","B"
"WP09C05545","1","B_o082_r10114","B"
"WP09C05546","1","B_o082_r10112","B"
"WP09C05547","1","B_o082_r10116","B"
"WP09C05548","1","B_o082_r10129","B"
"WP09C05549","1","B_o082_r10103","B"
"WP09C05549","1","B_o082_r10127","B"
"WP09C05550","1","B_o082_r10151","B"
"WP09C05551","1","B_o082_r10152","B"
"WP09C05552","1","B_o082_r10177","B"
"WP09C05553","1","B_o082_r10104","B"
"WP09C05554","1","B_o082_r10186","B"
"WP09C05555","1","B_o082_r10089","B"
"WP09C05556","1","B_o082_r10124","B"
"WP09C05557","1","B_o082_r10178","B"
"WP09C05558","1","B_o082_r10086","B"
"WP09C05559","1","B_o082_r10145","B"
"WP09C05560","1","B_o082_r10136","B"
"WP09C05561","1","B_o083_r10310","B"
"WP09C05562","1","B_o083_r10215","B"
"WP09C05562","1","B_o083_r10239","B"
"WP09C05563","1","B_o083_r10243","B"
"WP09C05563","1","B_o083_r10267","B"
"WP09C05564","1","B_o083_r10303","B"
"WP09C05564","1","B_o083_r10309","B"
"WP09C05564","1","B_o083_r10311","B"
"WP09C05565","1","B_o083_r10280","B"
"WP09C05566","1","B_o083_r10274","B"
"WP09C05567","1","B_o083_r10201","B"
"WP09C05568","1","B_o083_r10278","B"
"WP09C05569","1","B_o083_r10313","B"
"WP09C05570","1","B_o083_r10312","B"
"WP09C05571","1","B_o083_r10208","B"
"WP09C05572","1","B_o083_r10205","B"
"WP09C05573","1","B_o083_r10207","B"
"WP09C05574","1","B_o083_r10233","B"
"WP09C05575","1","B_o083_r10202","B"
"WP09C05576","1","B_o083_r10255","B"
"WP09C05577","1","B_o083_r10222","B"
"WP09C05578","1","B_o083_r10308","B"
"WP09C05579","1","B_o083_r10300","B"
"WP09C05580","1","B_o083_r10289","B"
"WP09C05581","1","B_o083_r10213","B"
"WP09C05582","1","B_o083_r10214","B"
"WP09C05583","1","B_o083_r10284","B"
"WP09C05584","1","B_o083_r10266","B"
"WP09C05585","1","B_o083_r10262","B"
"WP09C05586","1","B_o083_r10237","B"
"WP09C05586","1","B_o083_r10261","B"
"WP09C05587","1","B_o083_r10314","B"
"WP09C05588","1","B_o083_r10246","B"
"WP09C05589","1","B_o083_r10218","B"
"WP09C05590","1","B_o083_r10248","B"
"WP09C05591","1","B_o083_r10210","B"
"WP09C05592","1","B_o083_r10212","B"
"WP09C05593","1","B_o083_r10220","B"
"WP09C05594","1","B_o083_r10277","B"
"WP09C05594","1","B_o083_r10283","B"
"WP09C05595","1","B_o083_r10250","B"
"WP09C05596","1","B_o083_r10204","B"
"WP09C05597","1","B_o083_r10242","B"
"WP09C05598","1","B_o083_r10217","B"
"WP09C05598","1","B_o083_r10241","B"
"WP09C05599","1","B_o083_r10203","B"
"WP09C05600","1","B_o083_r10221","B"
"WP09C05600","1","B_o083_r10245","B"
"WP09C05601","1","B_o083_r10268","B"
"WP09C05602","1","B_o083_r10219","B"
"WP09C05603","1","B_o083_r10238","B"
"WP09C05604","1","B_o083_r10304","B"
"WP09C05605","1","B_o083_r10301","B"
"WP09C05605","1","B_o083_r10307","B"
"WP09C05606","1","B_o083_r10211","B"
"WP09C05606","1","B_o083_r10235","B"
"WP09C05607","1","B_o083_r10273","B"
"WP09C05608","1","B_o083_r10279","B"
"WP09C05609","1","B_o083_r10231","B"
"WP09C05610","1","B_o083_r10290","B"
"WP09C05611","1","B_o083_r10302","B"
"WP09C05612","1","B_o083_r10234","B"
"WP09C05613","1","B_o083_r10232","B"
"WP09C05614","1","B_o083_r10236","B"
"WP09C05615","1","B_o083_r10249","B"
"WP09C05616","1","B_o083_r10223","B"
"WP09C05616","1","B_o083_r10247","B"
"WP09C05617","1","B_o083_r10271","B"
"WP09C05618","1","B_o083_r10272","B"
"WP09C05619","1","B_o083_r10297","B"
"WP09C05620","1","B_o083_r10224","B"
"WP09C05621","1","B_o083_r10306","B"
"WP09C05622","1","B_o083_r10209","B"
"WP09C05623","1","B_o083_r10244","B"
"WP09C05624","1","B_o083_r10298","B"
"WP09C05625","1","B_o083_r10206","B"
"WP09C05626","1","B_o083_r10265","B"
"WP09C05627","1","B_o083_r10256","B"
"WP09C05628","1","B_o084_r10430","B"
"WP09C05629","1","B_o084_r10363","B"
"WP09C05629","1","B_o084_r10387","B"
"WP09C05630","1","B_o084_r10423","B"
"WP09C05630","1","B_o084_r10429","B"
"WP09C05630","1","B_o084_r10431","B"
"WP09C05631","1","B_o084_r10400","B"
"WP09C05632","1","B_o084_r10394","B"
"WP09C05633","1","B_o084_r10412","B"
"WP09C05634","1","B_o084_r10321","B"
"WP09C05635","1","B_o084_r10398","B"
"WP09C05636","1","B_o084_r10433","B"
"WP09C05637","1","B_o084_r10432","B"
"WP09C05638","1","B_o084_r10328","B"
"WP09C05639","1","B_o084_r10325","B"
"WP09C05640","1","B_o084_r10327","B"
"WP09C05641","1","B_o084_r10353","B"
"WP09C05642","1","B_o084_r10322","B"
"WP09C05643","1","B_o084_r10357","B"
"WP09C05644","1","B_o084_r10333","B"
"WP09C05645","1","B_o084_r10436","B"
"WP09C05646","1","B_o084_r10375","B"
"WP09C05647","1","B_o084_r10342","B"
"WP09C05648","1","B_o084_r10428","B"
"WP09C05649","1","B_o084_r10335","B"
"WP09C05650","1","B_o084_r10420","B"
"WP09C05651","1","B_o084_r10409","B"
"WP09C05652","1","B_o084_r10334","B"
"WP09C05653","1","B_o084_r10404","B"
"WP09C05654","1","B_o084_r10386","B"
"WP09C05655","1","B_o084_r10382","B"
"WP09C05656","1","B_o084_r10440","B"
"WP09C05657","1","B_o084_r10434","B"
"WP09C05658","1","B_o084_r10366","B"
"WP09C05659","1","B_o084_r10338","B"
"WP09C05660","1","B_o084_r10368","B"
"WP09C05661","1","B_o084_r10330","B"
"WP09C05662","1","B_o084_r10332","B"
"WP09C05663","1","B_o084_r10411","B"
"WP09C05663","1","B_o084_r10413","B"
"WP09C05664","1","B_o084_r10340","B"
"WP09C05665","1","B_o084_r10397","B"
"WP09C05665","1","B_o084_r10403","B"
"WP09C05666","1","B_o084_r10370","B"
"WP09C05667","1","B_o084_r10414","B"
"WP09C05668","1","B_o084_r10324","B"
"WP09C05669","1","B_o084_r10362","B"
"WP09C05670","1","B_o084_r10337","B"
"WP09C05670","1","B_o084_r10361","B"
"WP09C05671","1","B_o084_r10323","B"
"WP09C05672","1","B_o084_r10341","B"
"WP09C05672","1","B_o084_r10365","B"
"WP09C05673","1","B_o084_r10388","B"
"WP09C05674","1","B_o084_r10339","B"
"WP09C05675","1","B_o084_r10358","B"
"WP09C05676","1","B_o084_r10424","B"
"WP09C05677","1","B_o084_r10421","B"
"WP09C05677","1","B_o084_r10427","B"
"WP09C05678","1","B_o084_r10331","B"
"WP09C05678","1","B_o084_r10355","B"
"WP09C05679","1","B_o084_r10435","B"
"WP09C05679","1","B_o084_r10437","B"
"WP09C05680","1","B_o084_r10351","B"
"WP09C05681","1","B_o084_r10410","B"
"WP09C05682","1","B_o084_r10415","B"
"WP09C05683","1","B_o084_r10416","B"
"WP09C05684","1","B_o084_r10422","B"
"WP09C05685","1","B_o084_r10359","B"
"WP09C05686","1","B_o084_r10354","B"
"WP09C05687","1","B_o084_r10352","B"
"WP09C05688","1","B_o084_r10438","B"
"WP09C05689","1","B_o084_r10381","B"
"WP09C05690","1","B_o084_r10439","B"
"WP09C05691","1","B_o084_r10356","B"
"WP09C05692","1","B_o084_r10369","B"
"WP09C05693","1","B_o084_r10343","B"
"WP09C05693","1","B_o084_r10367","B"
"WP09C05694","1","B_o084_r10391","B"
"WP09C05695","1","B_o084_r10392","B"
"WP09C05696","1","B_o084_r10417","B"
"WP09C05697","1","B_o084_r10344","B"
"WP09C05698","1","B_o084_r10426","B"
"WP09C05699","1","B_o084_r10329","B"
"WP09C05700","1","B_o084_r10364","B"
"WP09C05701","1","B_o084_r10418","B"
"WP09C05702","1","B_o084_r10326","B"
"WP09C05703","1","B_o084_r10385","B"
"WP09C05704","1","B_o084_r10376","B"
"WP09C05705","1","B_o085_r10550","B"
"WP09C05706","1","B_o085_r10483","B"
"WP09C05706","1","B_o085_r10507","B"
"WP09C05707","1","B_o085_r10543","B"
"WP09C05707","1","B_o085_r10549","B"
"WP09C05707","1","B_o085_r10551","B"
"WP09C05708","1","B_o085_r10520","B"
"WP09C05709","1","B_o085_r10514","B"
"WP09C05710","1","B_o085_r10532","B"
"WP09C05711","1","B_o085_r10441","B"
"WP09C05712","1","B_o085_r10518","B"
"WP09C05713","1","B_o085_r10553","B"
"WP09C05714","1","B_o085_r10552","B"
"WP09C05715","1","B_o085_r10448","B"
"WP09C05716","1","B_o085_r10445","B"
"WP09C05717","1","B_o085_r10447","B"
"WP09C05718","1","B_o085_r10473","B"
"WP09C05719","1","B_o085_r10442","B"
"WP09C05720","1","B_o085_r10477","B"
"WP09C05721","1","B_o085_r10453","B"
"WP09C05722","1","B_o085_r10556","B"
"WP09C05723","1","B_o085_r10495","B"
"WP09C05724","1","B_o085_r10462","B"
"WP09C05725","1","B_o085_r10548","B"
"WP09C05726","1","B_o085_r10455","B"
"WP09C05727","1","B_o085_r10540","B"
"WP09C05728","1","B_o085_r10529","B"
"WP09C05729","1","B_o085_r10454","B"
"WP09C05730","1","B_o085_r10524","B"
"WP09C05731","1","B_o085_r10506","B"
"WP09C05732","1","B_o085_r10502","B"
"WP09C05733","1","B_o085_r10560","B"
"WP09C05734","1","B_o085_r10554","B"
"WP09C05735","1","B_o085_r10486","B"
"WP09C05736","1","B_o085_r10458","B"
"WP09C05737","1","B_o085_r10488","B"
"WP09C05738","1","B_o085_r10450","B"
"WP09C05739","1","B_o085_r10452","B"
"WP09C05740","1","B_o085_r10531","B"
"WP09C05740","1","B_o085_r10533","B"
"WP09C05741","1","B_o085_r10460","B"
"WP09C05742","1","B_o085_r10517","B"
"WP09C05742","1","B_o085_r10523","B"
"WP09C05743","1","B_o085_r10490","B"
"WP09C05744","1","B_o085_r10534","B"
"WP09C05745","1","B_o085_r10444","B"
"WP09C05746","1","B_o085_r10482","B"
"WP09C05747","1","B_o085_r10457","B"
"WP09C05747","1","B_o085_r10481","B"
"WP09C05748","1","B_o085_r10443","B"
"WP09C05749","1","B_o085_r10461","B"
"WP09C05749","1","B_o085_r10485","B"
"WP09C05750","1","B_o085_r10508","B"
"WP09C05751","1","B_o085_r10459","B"
"WP09C05752","1","B_o085_r10478","B"
"WP09C05753","1","B_o085_r10544","B"
"WP09C05754","1","B_o085_r10541","B"
"WP09C05754","1","B_o085_r10547","B"
"WP09C05755","1","B_o085_r10451","B"
"WP09C05755","1","B_o085_r10475","B"
"WP09C05756","1","B_o085_r10555","B"
"WP09C05756","1","B_o085_r10557","B"
"WP09C05757","1","B_o085_r10471","B"
"WP09C05758","1","B_o085_r10530","B"
"WP09C05759","1","B_o085_r10535","B"
"WP09C05760","1","B_o085_r10536","B"
"WP09C05761","1","B_o085_r10542","B"
"WP09C05762","1","B_o085_r10479","B"
"WP09C05763","1","B_o085_r10474","B"
"WP09C05764","1","B_o085_r10472","B"
"WP09C05765","1","B_o085_r10558","B"
"WP09C05766","1","B_o085_r10501","B"
"WP09C05767","1","B_o085_r10559","B"
"WP09C05768","1","B_o085_r10476","B"
"WP09C05769","1","B_o085_r10489","B"
"WP09C05770","1","B_o085_r10463","B"
"WP09C05770","1","B_o085_r10487","B"
"WP09C05771","1","B_o085_r10511","B"
"WP09C05772","1","B_o085_r10512","B"
"WP09C05773","1","B_o085_r10537","B"
"WP09C05774","1","B_o085_r10464","B"
"WP09C05775","1","B_o085_r10546","B"
"WP09C05776","1","B_o085_r10449","B"
"WP09C05777","1","B_o085_r10484","B"
"WP09C05778","1","B_o085_r10538","B"
"WP09C05779","1","B_o085_r10446","B"
"WP09C05780","1","B_o085_r10505","B"
"WP09C05781","1","B_o085_r10496","B"
"WP09C05782","1","B_o086_r10639","B"
"WP09C05783","1","B_o086_r10603","B"
"WP09C05783","1","B_o086_r10627","B"
"WP09C05784","1","B_o086_r10564","B"
"WP09C05785","1","B_o086_r10663","B"
"WP09C05785","1","B_o086_r10669","B"
"WP09C05785","1","B_o086_r10671","B"
"WP09C05786","1","B_o086_r10640","B"
"WP09C05787","1","B_o086_r10634","B"
"WP09C05788","1","B_o086_r10652","B"
"WP09C05789","1","B_o086_r10561","B"
"WP09C05790","1","B_o086_r10638","B"
"WP09C05791","1","B_o086_r10568","B"
"WP09C05792","1","B_o086_r10565","B"
"WP09C05793","1","B_o086_r10567","B"
"WP09C05794","1","B_o086_r10593","B"
"WP09C05795","1","B_o086_r10562","B"
"WP09C05796","1","B_o086_r10597","B"
"WP09C05797","1","B_o086_r10573","B"
"WP09C05798","1","B_o086_r10615","B"
"WP09C05799","1","B_o086_r10575","B"
"WP09C05800","1","B_o086_r10649","B"
"WP09C05801","1","B_o086_r10574","B"
"WP09C05802","1","B_o086_r10644","B"
"WP09C05803","1","B_o086_r10626","B"
"WP09C05804","1","B_o086_r10622","B"
"WP09C05805","1","B_o086_r10578","B"
"WP09C05806","1","B_o086_r10651","B"
"WP09C05806","1","B_o086_r10653","B"
"WP09C05807","1","B_o086_r10637","B"
"WP09C05807","1","B_o086_r10643","B"
"WP09C05808","1","B_o086_r10610","B"
"WP09C05809","1","B_o086_r10654","B"
"WP09C05810","1","B_o086_r10602","B"
"WP09C05811","1","B_o086_r10577","B"
"WP09C05811","1","B_o086_r10601","B"
"WP09C05812","1","B_o086_r10563","B"
"WP09C05813","1","B_o086_r10581","B"
"WP09C05813","1","B_o086_r10605","B"
"WP09C05814","1","B_o086_r10579","B"
"WP09C05815","1","B_o086_r10598","B"
"WP09C05816","1","B_o086_r10645","B"
"WP09C05816","1","B_o086_r10647","B"
"WP09C05817","1","B_o086_r10596","B"
"WP09C05818","1","B_o086_r10571","B"
"WP09C05818","1","B_o086_r10595","B"
"WP09C05819","1","B_o086_r10594","B"
"WP09C05820","1","B_o086_r10570","B"
"WP09C05821","1","B_o086_r10591","B"
"WP09C05822","1","B_o086_r10650","B"
"WP09C05823","1","B_o086_r10655","B"
"WP09C05824","1","B_o086_r10566","B"
"WP09C05825","1","B_o086_r10633","B"
"WP09C05826","1","B_o086_r10656","B"
"WP09C05827","1","B_o086_r10599","B"
"WP09C05828","1","B_o086_r10592","B"
"WP09C05829","1","B_o086_r10621","B"
"WP09C05830","1","B_o086_r10609","B"
"WP09C05831","1","B_o086_r10572","B"
"WP09C05832","1","B_o086_r10657","B"
"WP09C05833","1","B_o086_r10569","B"
"WP09C05834","1","B_o086_r10625","B"
"WP09C05835","1","B_o086_r10616","B"
"WP09C05836","1","B_o087_r10790","B"
"WP09C05837","1","B_o087_r10723","B"
"WP09C05838","1","B_o087_r10783","B"
"WP09C05839","1","B_o087_r10760","B"
"WP09C05840","1","B_o087_r10754","B"
"WP09C05841","1","B_o087_r10772","B"
"WP09C05842","1","B_o087_r10681","B"
"WP09C05843","1","B_o087_r10793","B"
"WP09C05844","1","B_o087_r10792","B"
"WP09C05845","1","B_o087_r10688","B"
"WP09C05846","1","B_o087_r10685","B"
"WP09C05847","1","B_o087_r10687","B"
"WP09C05848","1","B_o087_r10713","B"
"WP09C05849","1","B_o087_r10682","B"
"WP09C05850","1","B_o087_r10717","B"
"WP09C05851","1","B_o087_r10693","B"
"WP09C05852","1","B_o087_r10796","B"
"WP09C05853","1","B_o087_r10735","B"
"WP09C05854","1","B_o087_r10702","B"
"WP09C05855","1","B_o087_r10733","B"
"WP09C05855","1","B_o087_r10739","B"
"WP09C05856","1","B_o087_r10788","B"
"WP09C05857","1","B_o087_r10737","B"
"WP09C05858","1","B_o087_r10780","B"
"WP09C05859","1","B_o087_r10694","B"
"WP09C05860","1","B_o087_r10746","B"
"WP09C05861","1","B_o087_r10742","B"
"WP09C05862","1","B_o087_r10794","B"
"WP09C05863","1","B_o087_r10726","B"
"WP09C05864","1","B_o087_r10728","B"
"WP09C05865","1","B_o087_r10731","B"
"WP09C05866","1","B_o087_r10690","B"
"WP09C05867","1","B_o087_r10692","B"
"WP09C05868","1","B_o087_r10771","B"
"WP09C05868","1","B_o087_r10773","B"
"WP09C05869","1","B_o087_r10700","B"
"WP09C05870","1","B_o087_r10757","B"
"WP09C05870","1","B_o087_r10763","B"
"WP09C05871","1","B_o087_r10730","B"
"WP09C05872","1","B_o087_r10774","B"
"WP09C05873","1","B_o087_r10684","B"
"WP09C05874","1","B_o087_r10697","B"
"WP09C05874","1","B_o087_r10721","B"
"WP09C05875","1","B_o087_r10683","B"
"WP09C05876","1","B_o087_r10779","B"
"WP09C05876","1","B_o087_r10785","B"
"WP09C05877","1","B_o087_r10748","B"
"WP09C05878","1","B_o087_r10699","B"
"WP09C05879","1","B_o087_r10718","B"
"WP09C05880","1","B_o087_r10701","B"
"WP09C05880","1","B_o087_r10725","B"
"WP09C05881","1","B_o087_r10784","B"
"WP09C05882","1","B_o087_r10781","B"
"WP09C05882","1","B_o087_r10787","B"
"WP09C05883","1","B_o087_r10691","B"
"WP09C05883","1","B_o087_r10715","B"
"WP09C05884","1","B_o087_r10795","B"
"WP09C05884","1","B_o087_r10797","B"
"WP09C05885","1","B_o087_r10711","B"
"WP09C05886","1","B_o087_r10800","B"
"WP09C05887","1","B_o087_r10782","B"
"WP09C05888","1","B_o087_r10776","B"
"WP09C05889","1","B_o087_r10714","B"
"WP09C05890","1","B_o087_r10712","B"
"WP09C05891","1","B_o087_r10798","B"
"WP09C05892","1","B_o087_r10716","B"
"WP09C05893","1","B_o087_r10729","B"
"WP09C05894","1","B_o087_r10703","B"
"WP09C05894","1","B_o087_r10727","B"
"WP09C05895","1","B_o087_r10799","B"
"WP09C05896","1","B_o087_r10751","B"
"WP09C05897","1","B_o087_r10752","B"
"WP09C05898","1","B_o087_r10775","B"
"WP09C05899","1","B_o087_r10777","B"
"WP09C05900","1","B_o087_r10704","B"
"WP09C05901","1","B_o087_r10786","B"
"WP09C05902","1","B_o087_r10689","B"
"WP09C05903","1","B_o087_r10724","B"
"WP09C05904","1","B_o087_r10778","B"
"WP09C05905","1","B_o087_r10686","B"
"WP09C05906","1","B_o087_r10745","B"
"WP09C05907","1","B_o087_r10719","B"
"WP09C05908","1","B_o087_r10736","B"
"WP09C05909","1","B_o087_r10695","B"
"WP09C05910","1","B_o088_r10910","B"
"WP09C05911","1","B_o088_r10843","B"
"WP09C05912","1","B_o088_r10903","B"
"WP09C05913","1","B_o088_r10880","B"
"WP09C05914","1","B_o088_r10874","B"
"WP09C05915","1","B_o088_r10892","B"
"WP09C05916","1","B_o088_r10801","B"
"WP09C05917","1","B_o088_r10913","B"
"WP09C05918","1","B_o088_r10912","B"
"WP09C05919","1","B_o088_r10808","B"
"WP09C05920","1","B_o088_r10805","B"
"WP09C05921","1","B_o088_r10807","B"
"WP09C05922","1","B_o088_r10833","B"
"WP09C05923","1","B_o088_r10802","B"
"WP09C05924","1","B_o088_r10837","B"
"WP09C05925","1","B_o088_r10813","B"
"WP09C05926","1","B_o088_r10916","B"
"WP09C05927","1","B_o088_r10855","B"
"WP09C05928","1","B_o088_r10822","B"
"WP09C05929","1","B_o088_r10853","B"
"WP09C05929","1","B_o088_r10859","B"
"WP09C05930","1","B_o088_r10908","B"
"WP09C05931","1","B_o088_r10857","B"
"WP09C05932","1","B_o088_r10900","B"
"WP09C05933","1","B_o088_r10814","B"
"WP09C05934","1","B_o088_r10866","B"
"WP09C05935","1","B_o088_r10862","B"
"WP09C05936","1","B_o088_r10914","B"
"WP09C05937","1","B_o088_r10846","B"
"WP09C05938","1","B_o088_r10848","B"
"WP09C05939","1","B_o088_r10851","B"
"WP09C05940","1","B_o088_r10810","B"
"WP09C05941","1","B_o088_r10812","B"
"WP09C05942","1","B_o088_r10891","B"
"WP09C05942","1","B_o088_r10893","B"
"WP09C05943","1","B_o088_r10820","B"
"WP09C05944","1","B_o088_r10877","B"
"WP09C05944","1","B_o088_r10883","B"
"WP09C05945","1","B_o088_r10850","B"
"WP09C05946","1","B_o088_r10894","B"
"WP09C05947","1","B_o088_r10804","B"
"WP09C05948","1","B_o088_r10817","B"
"WP09C05948","1","B_o088_r10841","B"
"WP09C05949","1","B_o088_r10803","B"
"WP09C05950","1","B_o088_r10899","B"
"WP09C05950","1","B_o088_r10905","B"
"WP09C05951","1","B_o088_r10868","B"
"WP09C05952","1","B_o088_r10819","B"
"WP09C05953","1","B_o088_r10838","B"
"WP09C05954","1","B_o088_r10821","B"
"WP09C05954","1","B_o088_r10845","B"
"WP09C05955","1","B_o088_r10904","B"
"WP09C05956","1","B_o088_r10901","B"
"WP09C05956","1","B_o088_r10907","B"
"WP09C05957","1","B_o088_r10811","B"
"WP09C05957","1","B_o088_r10835","B"
"WP09C05958","1","B_o088_r10915","B"
"WP09C05958","1","B_o088_r10917","B"
"WP09C05959","1","B_o088_r10831","B"
"WP09C05960","1","B_o088_r10920","B"
"WP09C05961","1","B_o088_r10902","B"
"WP09C05962","1","B_o088_r10896","B"
"WP09C05963","1","B_o088_r10834","B"
"WP09C05964","1","B_o088_r10832","B"
"WP09C05965","1","B_o088_r10918","B"
"WP09C05966","1","B_o088_r10836","B"
"WP09C05967","1","B_o088_r10849","B"
"WP09C05968","1","B_o088_r10823","B"
"WP09C05968","1","B_o088_r10847","B"
"WP09C05969","1","B_o088_r10919","B"
"WP09C05970","1","B_o088_r10871","B"
"WP09C05971","1","B_o088_r10872","B"
"WP09C05972","1","B_o088_r10895","B"
"WP09C05973","1","B_o088_r10897","B"
"WP09C05974","1","B_o088_r10824","B"
"WP09C05975","1","B_o088_r10906","B"
"WP09C05976","1","B_o088_r10809","B"
"WP09C05977","1","B_o088_r10844","B"
"WP09C05978","1","B_o088_r10898","B"
"WP09C05979","1","B_o088_r10806","B"
"WP09C05980","1","B_o088_r10865","B"
"WP09C05981","1","B_o088_r10839","B"
"WP09C05982","1","B_o088_r10856","B"
"WP09C05983","1","B_o088_r10815","B"
"WP09C05984","1","B_o089_r10999","B"
"WP09C05985","1","B_o089_r10963","B"
"WP09C05986","1","B_o089_r10924","B"
"WP09C05987","1","B_o089_r11023","B"
"WP09C05988","1","B_o089_r11000","B"
"WP09C05989","1","B_o089_r10994","B"
"WP09C05990","1","B_o089_r11012","B"
"WP09C05991","1","B_o089_r10921","B"
"WP09C05992","1","B_o089_r10928","B"
"WP09C05993","1","B_o089_r10925","B"
"WP09C05994","1","B_o089_r10927","B"
"WP09C05995","1","B_o089_r10953","B"
"WP09C05996","1","B_o089_r10922","B"
"WP09C05997","1","B_o089_r10957","B"
"WP09C05998","1","B_o089_r10933","B"
"WP09C05999","1","B_o089_r10975","B"
"WP09C06000","1","B_o089_r10973","B"
"WP09C06000","1","B_o089_r10979","B"
"WP09C06001","1","B_o089_r10977","B"
"WP09C06002","1","B_o089_r10934","B"
"WP09C06003","1","B_o089_r10986","B"
"WP09C06004","1","B_o089_r10982","B"
"WP09C06005","1","B_o089_r10971","B"
"WP09C06006","1","B_o089_r11011","B"
"WP09C06006","1","B_o089_r11013","B"
"WP09C06007","1","B_o089_r10997","B"
"WP09C06007","1","B_o089_r11003","B"
"WP09C06008","1","B_o089_r10970","B"
"WP09C06009","1","B_o089_r11014","B"
"WP09C06010","1","B_o089_r10937","B"
"WP09C06010","1","B_o089_r10961","B"
"WP09C06011","1","B_o089_r10923","B"
"WP09C06012","1","B_o089_r11019","B"
"WP09C06012","1","B_o089_r11025","B"
"WP09C06013","1","B_o089_r10939","B"
"WP09C06014","1","B_o089_r10958","B"
"WP09C06015","1","B_o089_r10941","B"
"WP09C06015","1","B_o089_r10965","B"
"WP09C06016","1","B_o089_r10956","B"
"WP09C06017","1","B_o089_r10931","B"
"WP09C06017","1","B_o089_r10955","B"
"WP09C06018","1","B_o089_r10995","B"
"WP09C06019","1","B_o089_r10954","B"
"WP09C06020","1","B_o089_r10930","B"
"WP09C06021","1","B_o089_r10951","B"
"WP09C06022","1","B_o089_r10926","B"
"WP09C06023","1","B_o089_r10993","B"
"WP09C06024","1","B_o089_r11016","B"
"WP09C06025","1","B_o089_r10952","B"
"WP09C06026","1","B_o089_r10969","B"
"WP09C06027","1","B_o089_r11001","B"
"WP09C06028","1","B_o089_r10932","B"
"WP09C06029","1","B_o089_r11015","B"
"WP09C06030","1","B_o089_r11017","B"
"WP09C06031","1","B_o089_r10929","B"
"WP09C06032","1","B_o089_r10985","B"
"WP09C06033","1","B_o089_r10959","B"
"WP09C06034","1","B_o089_r10976","B"
"WP09C06035","1","B_o089_r10935","B"
"WP09C06036","1","B_o090_r11064","B"
"WP09C06037","1","B_o090_r11119","B"
"WP09C06038","1","B_o090_r11083","B"
"WP09C06039","1","B_o090_r11044","B"
"WP09C06040","1","B_o090_r11143","B"
"WP09C06041","1","B_o090_r11120","B"
"WP09C06042","1","B_o090_r11114","B"
"WP09C06043","1","B_o090_r11041","B"
"WP09C06044","1","B_o090_r11074","B"
"WP09C06045","1","B_o090_r11101","B"
"WP09C06046","1","B_o090_r11048","B"
"WP09C06047","1","B_o090_r11045","B"
"WP09C06048","1","B_o090_r11047","B"
"WP09C06049","1","B_o090_r11073","B"
"WP09C06050","1","B_o090_r11042","B"
"WP09C06051","1","B_o090_r11077","B"
"WP09C06052","1","B_o090_r11053","B"
"WP09C06053","1","B_o090_r11103","B"
"WP09C06054","1","B_o090_r11095","B"
"WP09C06055","1","B_o090_r11093","B"
"WP09C06055","1","B_o090_r11099","B"
"WP09C06056","1","B_o090_r11097","B"
"WP09C06057","1","B_o090_r11056","B"
"WP09C06058","1","B_o090_r11054","B"
"WP09C06059","1","B_o090_r11080","B"
"WP09C06060","1","B_o090_r11106","B"
"WP09C06061","1","B_o090_r11102","B"
"WP09C06062","1","B_o090_r11052","B"
"WP09C06063","1","B_o090_r11091","B"
"WP09C06064","1","B_o090_r11107","B"
"WP09C06064","1","B_o090_r11109","B"
"WP09C06065","1","B_o090_r11131","B"
"WP09C06065","1","B_o090_r11133","B"
"WP09C06066","1","B_o090_r11127","B"
"WP09C06067","1","B_o090_r11117","B"
"WP09C06067","1","B_o090_r11123","B"
"WP09C06068","1","B_o090_r11090","B"
"WP09C06069","1","B_o090_r11125","B"
"WP09C06070","1","B_o090_r11057","B"
"WP09C06070","1","B_o090_r11081","B"
"WP09C06071","1","B_o090_r11043","B"
"WP09C06072","1","B_o090_r11139","B"
"WP09C06072","1","B_o090_r11145","B"
"WP09C06073","1","B_o090_r11059","B"
"WP09C06074","1","B_o090_r11078","B"
"WP09C06075","1","B_o090_r11061","B"
"WP09C06075","1","B_o090_r11085","B"
"WP09C06076","1","B_o090_r11051","B"
"WP09C06076","1","B_o090_r11075","B"
"WP09C06077","1","B_o090_r11115","B"
"WP09C06078","1","B_o090_r11076","B"
"WP09C06079","1","B_o090_r11149","B"
"WP09C06079","1","B_o090_r11151","B"
"WP09C06080","1","B_o090_r11071","B"
"WP09C06081","1","B_o090_r11058","B"
"WP09C06082","1","B_o090_r11050","B"
"WP09C06083","1","B_o090_r11046","B"
"WP09C06084","1","B_o090_r11113","B"
"WP09C06085","1","B_o090_r11072","B"
"WP09C06086","1","B_o090_r11086","B"
"WP09C06087","1","B_o090_r11088","B"
"WP09C06088","1","B_o090_r11089","B"
"WP09C06089","1","B_o090_r11121","B"
"WP09C06090","1","B_o090_r11137","B"
"WP09C06091","1","B_o090_r11082","B"
"WP09C06092","1","B_o090_r11049","B"
"WP09C06093","1","B_o090_r11105","B"
"WP09C06094","1","B_o090_r11079","B"
"WP09C06095","1","B_o090_r11096","B"
"WP09C06096","1","B_o090_r11062","B"
"WP09C06097","1","B_o090_r11055","B"
"WP09C06098","1","B_o091_r11175","B"
"WP09C06099","1","B_o091_r11203","B"
"WP09C06099","1","B_o091_r11227","B"
"WP09C06100","1","B_o091_r11238","B"
"WP09C06101","1","B_o091_r11195","B"
"WP09C06102","1","B_o091_r11165","B"
"WP09C06103","1","B_o091_r11169","B"
"WP09C06104","1","B_o091_r11162","B"
"WP09C06105","1","B_o091_r11201","B"
"WP09C06106","1","B_o091_r11161","B"
"WP09C06107","1","B_o091_r11182","B"
"WP09C06108","1","B_o091_r11163","B"
"WP09C06109","1","B_o091_r11249","B"
"WP09C06110","1","B_o091_r11244","B"
"WP09C06111","1","B_o091_r11226","B"
"WP09C06112","1","B_o091_r11222","B"
"WP09C06113","1","B_o091_r11191","B"
"WP09C06113","1","B_o091_r11197","B"
"WP09C06113","1","B_o091_r11221","B"
"WP09C06114","1","B_o091_r11206","B"
"WP09C06115","1","B_o091_r11207","B"
"WP09C06116","1","B_o091_r11178","B"
"WP09C06117","1","B_o091_r11208","B"
"WP09C06118","1","B_o091_r11170","B"
"WP09C06119","1","B_o091_r11172","B"
"WP09C06120","1","B_o091_r11243","B"
"WP09C06121","1","B_o091_r11180","B"
"WP09C06122","1","B_o091_r11237","B"
"WP09C06123","1","B_o091_r11164","B"
"WP09C06124","1","B_o091_r11202","B"
"WP09C06125","1","B_o091_r11177","B"
"WP09C06126","1","B_o091_r11181","B"
"WP09C06127","1","B_o091_r11228","B"
"WP09C06128","1","B_o091_r11179","B"
"WP09C06129","1","B_o091_r11198","B"
"WP09C06130","1","B_o091_r11171","B"
"WP09C06131","1","B_o091_r11250","B"
"WP09C06132","1","B_o091_r11193","B"
"WP09C06133","1","B_o091_r11194","B"
"WP09C06134","1","B_o091_r11192","B"
"WP09C06135","1","B_o091_r11196","B"
"WP09C06136","1","B_o091_r11183","B"
"WP09C06137","1","B_o091_r11205","B"
"WP09C06138","1","B_o091_r11231","B"
"WP09C06139","1","B_o091_r11232","B"
"WP09C06140","1","B_o091_r11184","B"
"WP09C06141","1","B_o091_r11204","B"
"WP09C06142","1","B_o091_r11166","B"
"WP09C06143","1","B_o091_r11225","B"
"WP09C06144","1","B_o091_r11199","B"
"WP09C06145","1","B_o092_r11390","B"
"WP09C06146","1","B_o092_r11295","B"
"WP09C06147","1","B_o092_r11323","B"
"WP09C06147","1","B_o092_r11347","B"
"WP09C06148","1","B_o092_r11383","B"
"WP09C06148","1","B_o092_r11389","B"
"WP09C06149","1","B_o092_r11281","B"
"WP09C06150","1","B_o092_r11358","B"
"WP09C06151","1","B_o092_r11393","B"
"WP09C06152","1","B_o092_r11315","B"
"WP09C06153","1","B_o092_r11285","B"
"WP09C06154","1","B_o092_r11282","B"
"WP09C06155","1","B_o092_r11321","B"
"WP09C06156","1","B_o092_r11302","B"
"WP09C06157","1","B_o092_r11388","B"
"WP09C06158","1","B_o092_r11380","B"
"WP09C06159","1","B_o092_r11369","B"
"WP09C06160","1","B_o092_r11364","B"
"WP09C06161","1","B_o092_r11346","B"
"WP09C06162","1","B_o092_r11342","B"
"WP09C06163","1","B_o092_r11317","B"
"WP09C06163","1","B_o092_r11341","B"
"WP09C06164","1","B_o092_r11394","B"
"WP09C06165","1","B_o092_r11326","B"
"WP09C06166","1","B_o092_r11327","B"
"WP09C06167","1","B_o092_r11298","B"
"WP09C06168","1","B_o092_r11328","B"
"WP09C06169","1","B_o092_r11290","B"
"WP09C06170","1","B_o092_r11292","B"
"WP09C06171","1","B_o092_r11363","B"
"WP09C06172","1","B_o092_r11300","B"
"WP09C06173","1","B_o092_r11357","B"
"WP09C06174","1","B_o092_r11284","B"
"WP09C06175","1","B_o092_r11322","B"
"WP09C06176","1","B_o092_r11297","B"
"WP09C06177","1","B_o092_r11283","B"
"WP09C06178","1","B_o092_r11387","B"
"WP09C06179","1","B_o092_r11301","B"
"WP09C06180","1","B_o092_r11348","B"
"WP09C06181","1","B_o092_r11299","B"
"WP09C06182","1","B_o092_r11318","B"
"WP09C06183","1","B_o092_r11384","B"
"WP09C06184","1","B_o092_r11381","B"
"WP09C06185","1","B_o092_r11291","B"
"WP09C06186","1","B_o092_r11311","B"
"WP09C06187","1","B_o092_r11370","B"
"WP09C06188","1","B_o092_r11313","B"
"WP09C06189","1","B_o092_r11382","B"
"WP09C06190","1","B_o092_r11314","B"
"WP09C06191","1","B_o092_r11312","B"
"WP09C06192","1","B_o092_r11316","B"
"WP09C06193","1","B_o092_r11303","B"
"WP09C06194","1","B_o092_r11325","B"
"WP09C06195","1","B_o092_r11351","B"
"WP09C06196","1","B_o092_r11352","B"
"WP09C06197","1","B_o092_r11377","B"
"WP09C06198","1","B_o092_r11304","B"
"WP09C06199","1","B_o092_r11386","B"
"WP09C06200","1","B_o092_r11289","B"
"WP09C06201","1","B_o092_r11324","B"
"WP09C06202","1","B_o092_r11378","B"
"WP09C06203","1","B_o092_r11286","B"
"WP09C06204","1","B_o092_r11345","B"
"WP09C06205","1","B_o092_r11319","B"
"WP09C06206","1","B_o093_r11510","B"
"WP09C06207","1","B_o093_r11415","B"
"WP09C06208","1","B_o093_r11443","B"
"WP09C06208","1","B_o093_r11467","B"
"WP09C06209","1","B_o093_r11503","B"
"WP09C06209","1","B_o093_r11509","B"
"WP09C06210","1","B_o093_r11401","B"
"WP09C06211","1","B_o093_r11478","B"
"WP09C06212","1","B_o093_r11513","B"
"WP09C06213","1","B_o093_r11435","B"
"WP09C06214","1","B_o093_r11405","B"
"WP09C06215","1","B_o093_r11402","B"
"WP09C06216","1","B_o093_r11441","B"
"WP09C06217","1","B_o093_r11422","B"
"WP09C06218","1","B_o093_r11508","B"
"WP09C06219","1","B_o093_r11500","B"
"WP09C06220","1","B_o093_r11489","B"
"WP09C06221","1","B_o093_r11484","B"
"WP09C06222","1","B_o093_r11466","B"
"WP09C06223","1","B_o093_r11462","B"
"WP09C06224","1","B_o093_r11437","B"
"WP09C06224","1","B_o093_r11461","B"
"WP09C06225","1","B_o093_r11514","B"
"WP09C06226","1","B_o093_r11446","B"
"WP09C06227","1","B_o093_r11447","B"
"WP09C06228","1","B_o093_r11418","B"
"WP09C06229","1","B_o093_r11448","B"
"WP09C06230","1","B_o093_r11410","B"
"WP09C06231","1","B_o093_r11412","B"
"WP09C06232","1","B_o093_r11483","B"
"WP09C06233","1","B_o093_r11420","B"
"WP09C06234","1","B_o093_r11477","B"
"WP09C06235","1","B_o093_r11404","B"
"WP09C06236","1","B_o093_r11442","B"
"WP09C06237","1","B_o093_r11417","B"
"WP09C06238","1","B_o093_r11403","B"
"WP09C06239","1","B_o093_r11507","B"
"WP09C06240","1","B_o093_r11421","B"
"WP09C06241","1","B_o093_r11468","B"
"WP09C06242","1","B_o093_r11419","B"
"WP09C06243","1","B_o093_r11438","B"
"WP09C06244","1","B_o093_r11504","B"
"WP09C06245","1","B_o093_r11501","B"
"WP09C06246","1","B_o093_r11411","B"
"WP09C06247","1","B_o093_r11431","B"
"WP09C06248","1","B_o093_r11490","B"
"WP09C06249","1","B_o093_r11433","B"
"WP09C06250","1","B_o093_r11502","B"
"WP09C06251","1","B_o093_r11434","B"
"WP09C06252","1","B_o093_r11432","B"
"WP09C06253","1","B_o093_r11436","B"
"WP09C06254","1","B_o093_r11423","B"
"WP09C06255","1","B_o093_r11445","B"
"WP09C06256","1","B_o093_r11471","B"
"WP09C06257","1","B_o093_r11472","B"
"WP09C06258","1","B_o093_r11497","B"
"WP09C06259","1","B_o093_r11424","B"
"WP09C06260","1","B_o093_r11506","B"
"WP09C06261","1","B_o093_r11409","B"
"WP09C06262","1","B_o093_r11444","B"
"WP09C06263","1","B_o093_r11498","B"
"WP09C06264","1","B_o093_r11406","B"
"WP09C06265","1","B_o093_r11465","B"
"WP09C06266","1","B_o093_r11439","B"
"WP09C06267","1","B_o094_r11630","B"
"WP09C06268","1","B_o094_r11563","B"
"WP09C06268","1","B_o094_r11587","B"
"WP09C06269","1","B_o094_r11623","B"
"WP09C06269","1","B_o094_r11629","B"
"WP09C06270","1","B_o094_r11637","B"
"WP09C06271","1","B_o094_r11612","B"
"WP09C06272","1","B_o094_r11521","B"
"WP09C06273","1","B_o094_r11598","B"
"WP09C06274","1","B_o094_r11633","B"
"WP09C06275","1","B_o094_r11555","B"
"WP09C06276","1","B_o094_r11525","B"
"WP09C06277","1","B_o094_r11522","B"
"WP09C06278","1","B_o094_r11561","B"
"WP09C06279","1","B_o094_r11557","B"
"WP09C06280","1","B_o094_r11533","B"
"WP09C06281","1","B_o094_r11636","B"
"WP09C06282","1","B_o094_r11542","B"
"WP09C06283","1","B_o094_r11628","B"
"WP09C06284","1","B_o094_r11535","B"
"WP09C06285","1","B_o094_r11620","B"
"WP09C06286","1","B_o094_r11609","B"
"WP09C06287","1","B_o094_r11604","B"
"WP09C06288","1","B_o094_r11586","B"
"WP09C06289","1","B_o094_r11582","B"
"WP09C06290","1","B_o094_r11640","B"
"WP09C06291","1","B_o094_r11634","B"
"WP09C06292","1","B_o094_r11566","B"
"WP09C06293","1","B_o094_r11613","B"
"WP09C06294","1","B_o094_r11567","B"
"WP09C06295","1","B_o094_r11538","B"
"WP09C06296","1","B_o094_r11568","B"
"WP09C06297","1","B_o094_r11530","B"
"WP09C06298","1","B_o094_r11532","B"
"WP09C06299","1","B_o094_r11603","B"
"WP09C06300","1","B_o094_r11611","B"
"WP09C06301","1","B_o094_r11540","B"
"WP09C06302","1","B_o094_r11597","B"
"WP09C06303","1","B_o094_r11614","B"
"WP09C06304","1","B_o094_r11524","B"
"WP09C06305","1","B_o094_r11559","B"
"WP09C06306","1","B_o094_r11562","B"
"WP09C06307","1","B_o094_r11537","B"
"WP09C06308","1","B_o094_r11523","B"
"WP09C06309","1","B_o094_r11627","B"
"WP09C06310","1","B_o094_r11541","B"
"WP09C06311","1","B_o094_r11588","B"
"WP09C06312","1","B_o094_r11539","B"
"WP09C06313","1","B_o094_r11558","B"
"WP09C06314","1","B_o094_r11624","B"
"WP09C06315","1","B_o094_r11621","B"
"WP09C06316","1","B_o094_r11531","B"
"WP09C06317","1","B_o094_r11635","B"
"WP09C06318","1","B_o094_r11551","B"
"WP09C06319","1","B_o094_r11610","B"
"WP09C06320","1","B_o094_r11553","B"
"WP09C06321","1","B_o094_r11615","B"
"WP09C06322","1","B_o094_r11616","B"
"WP09C06323","1","B_o094_r11622","B"
"WP09C06324","1","B_o094_r11554","B"
"WP09C06325","1","B_o094_r11552","B"
"WP09C06326","1","B_o094_r11638","B"
"WP09C06327","1","B_o094_r11581","B"
"WP09C06328","1","B_o094_r11639","B"
"WP09C06329","1","B_o094_r11556","B"
"WP09C06330","1","B_o094_r11543","B"
"WP09C06331","1","B_o094_r11565","B"
"WP09C06332","1","B_o094_r11591","B"
"WP09C06333","1","B_o094_r11592","B"
"WP09C06334","1","B_o094_r11617","B"
"WP09C06335","1","B_o094_r11544","B"
"WP09C06336","1","B_o094_r11626","B"
"WP09C06337","1","B_o094_r11529","B"
"WP09C06338","1","B_o094_r11564","B"
"WP09C06339","1","B_o094_r11618","B"
"WP09C06340","1","B_o094_r11526","B"
"WP09C06341","1","B_o094_r11585","B"
"WP09C06342","1","B_o095_r11750","B"
"WP09C06343","1","B_o095_r11683","B"
"WP09C06343","1","B_o095_r11707","B"
"WP09C06344","1","B_o095_r11743","B"
"WP09C06344","1","B_o095_r11749","B"
"WP09C06345","1","B_o095_r11757","B"
"WP09C06346","1","B_o095_r11732","B"
"WP09C06347","1","B_o095_r11641","B"
"WP09C06348","1","B_o095_r11718","B"
"WP09C06349","1","B_o095_r11753","B"
"WP09C06350","1","B_o095_r11675","B"
"WP09C06351","1","B_o095_r11645","B"
"WP09C06352","1","B_o095_r11642","B"
"WP09C06353","1","B_o095_r11681","B"
"WP09C06354","1","B_o095_r11677","B"
"WP09C06355","1","B_o095_r11653","B"
"WP09C06356","1","B_o095_r11756","B"
"WP09C06357","1","B_o095_r11662","B"
"WP09C06358","1","B_o095_r11748","B"
"WP09C06359","1","B_o095_r11655","B"
"WP09C06360","1","B_o095_r11740","B"
"WP09C06361","1","B_o095_r11729","B"
"WP09C06362","1","B_o095_r11724","B"
"WP09C06363","1","B_o095_r11706","B"
"WP09C06364","1","B_o095_r11702","B"
"WP09C06365","1","B_o095_r11760","B"
"WP09C06366","1","B_o095_r11754","B"
"WP09C06367","1","B_o095_r11686","B"
"WP09C06368","1","B_o095_r11733","B"
"WP09C06369","1","B_o095_r11687","B"
"WP09C06370","1","B_o095_r11658","B"
"WP09C06371","1","B_o095_r11688","B"
"WP09C06372","1","B_o095_r11650","B"
"WP09C06373","1","B_o095_r11652","B"
"WP09C06374","1","B_o095_r11723","B"
"WP09C06375","1","B_o095_r11731","B"
"WP09C06376","1","B_o095_r11660","B"
"WP09C06377","1","B_o095_r11717","B"
"WP09C06378","1","B_o095_r11734","B"
"WP09C06379","1","B_o095_r11644","B"
"WP09C06380","1","B_o095_r11679","B"
"WP09C06381","1","B_o095_r11682","B"
"WP09C06382","1","B_o095_r11657","B"
"WP09C06383","1","B_o095_r11643","B"
"WP09C06384","1","B_o095_r11747","B"
"WP09C06385","1","B_o095_r11661","B"
"WP09C06386","1","B_o095_r11708","B"
"WP09C06387","1","B_o095_r11659","B"
"WP09C06388","1","B_o095_r11678","B"
"WP09C06389","1","B_o095_r11744","B"
"WP09C06390","1","B_o095_r11741","B"
"WP09C06391","1","B_o095_r11651","B"
"WP09C06392","1","B_o095_r11755","B"
"WP09C06393","1","B_o095_r11671","B"
"WP09C06394","1","B_o095_r11730","B"
"WP09C06395","1","B_o095_r11673","B"
"WP09C06396","1","B_o095_r11735","B"
"WP09C06397","1","B_o095_r11736","B"
"WP09C06398","1","B_o095_r11742","B"
"WP09C06399","1","B_o095_r11674","B"
"WP09C06400","1","B_o095_r11672","B"
"WP09C06401","1","B_o095_r11758","B"
"WP09C06402","1","B_o095_r11701","B"
"WP09C06403","1","B_o095_r11759","B"
"WP09C06404","1","B_o095_r11676","B"
"WP09C06405","1","B_o095_r11663","B"
"WP09C06406","1","B_o095_r11685","B"
"WP09C06407","1","B_o095_r11711","B"
"WP09C06408","1","B_o095_r11712","B"
"WP09C06409","1","B_o095_r11737","B"
"WP09C06410","1","B_o095_r11664","B"
"WP09C06411","1","B_o095_r11746","B"
"WP09C06412","1","B_o095_r11649","B"
"WP09C06413","1","B_o095_r11684","B"
"WP09C06414","1","B_o095_r11738","B"
"WP09C06415","1","B_o095_r11646","B"
"WP09C06416","1","B_o095_r11705","B"
"WP09C06417","1","B_o096_r11839","B"
"WP09C06418","1","B_o096_r11803","B"
"WP09C06418","1","B_o096_r11827","B"
"WP09C06419","1","B_o096_r11764","B"
"WP09C06420","1","B_o096_r11863","B"
"WP09C06420","1","B_o096_r11869","B"
"WP09C06421","1","B_o096_r11852","B"
"WP09C06422","1","B_o096_r11761","B"
"WP09C06423","1","B_o096_r11838","B"
"WP09C06424","1","B_o096_r11795","B"
"WP09C06425","1","B_o096_r11765","B"
"WP09C06426","1","B_o096_r11762","B"
"WP09C06427","1","B_o096_r11801","B"
"WP09C06428","1","B_o096_r11797","B"
"WP09C06429","1","B_o096_r11773","B"
"WP09C06430","1","B_o096_r11775","B"
"WP09C06431","1","B_o096_r11849","B"
"WP09C06432","1","B_o096_r11844","B"
"WP09C06433","1","B_o096_r11826","B"
"WP09C06434","1","B_o096_r11822","B"
"WP09C06435","1","B_o096_r11853","B"
"WP09C06436","1","B_o096_r11778","B"
"WP09C06437","1","B_o096_r11843","B"
"WP09C06438","1","B_o096_r11851","B"
"WP09C06439","1","B_o096_r11837","B"
"WP09C06440","1","B_o096_r11854","B"
"WP09C06441","1","B_o096_r11799","B"
"WP09C06442","1","B_o096_r11802","B"
"WP09C06443","1","B_o096_r11777","B"
"WP09C06444","1","B_o096_r11763","B"
"WP09C06445","1","B_o096_r11781","B"
"WP09C06446","1","B_o096_r11779","B"
"WP09C06447","1","B_o096_r11798","B"
"WP09C06448","1","B_o096_r11845","B"
"WP09C06449","1","B_o096_r11796","B"
"WP09C06450","1","B_o096_r11771","B"
"WP09C06451","1","B_o096_r11794","B"
"WP09C06452","1","B_o096_r11770","B"
"WP09C06453","1","B_o096_r11791","B"
"WP09C06454","1","B_o096_r11850","B"
"WP09C06455","1","B_o096_r11793","B"
"WP09C06456","1","B_o096_r11855","B"
"WP09C06457","1","B_o096_r11766","B"
"WP09C06458","1","B_o096_r11833","B"
"WP09C06459","1","B_o096_r11856","B"
"WP09C06460","1","B_o096_r11792","B"
"WP09C06461","1","B_o096_r11821","B"
"WP09C06462","1","B_o096_r11805","B"
"WP09C06463","1","B_o096_r11772","B"
"WP09C06464","1","B_o096_r11857","B"
"WP09C06465","1","B_o096_r11769","B"
"WP09C06466","1","B_o096_r11825","B"
"WP09C06467","1","B_o097_r11990","B"
"WP09C06468","1","B_o097_r11923","B"
"WP09C06469","1","B_o097_r11983","B"
"WP09C06470","1","B_o097_r11997","B"
"WP09C06471","1","B_o097_r11972","B"
"WP09C06472","1","B_o097_r11881","B"
"WP09C06473","1","B_o097_r11993","B"
"WP09C06474","1","B_o097_r11915","B"
"WP09C06475","1","B_o097_r11885","B"
"WP09C06476","1","B_o097_r11882","B"
"WP09C06477","1","B_o097_r11921","B"
"WP09C06478","1","B_o097_r11917","B"
"WP09C06479","1","B_o097_r11893","B"
"WP09C06480","1","B_o097_r11996","B"
"WP09C06481","1","B_o097_r11985","B"
"WP09C06482","1","B_o097_r11902","B"
"WP09C06483","1","B_o097_r11933","B"
"WP09C06484","1","B_o097_r11988","B"
"WP09C06485","1","B_o097_r11980","B"
"WP09C06486","1","B_o097_r11946","B"
"WP09C06487","1","B_o097_r11942","B"
"WP09C06488","1","B_o097_r11994","B"
"WP09C06489","1","B_o097_r11926","B"
"WP09C06490","1","B_o097_r11973","B"
"WP09C06491","1","B_o097_r11927","B"
"WP09C06492","1","B_o097_r11928","B"
"WP09C06493","1","B_o097_r11931","B"
"WP09C06494","1","B_o097_r11890","B"
"WP09C06495","1","B_o097_r11892","B"
"WP09C06496","1","B_o097_r11963","B"
"WP09C06497","1","B_o097_r11971","B"
"WP09C06498","1","B_o097_r11900","B"
"WP09C06499","1","B_o097_r11925","B"
"WP09C06500","1","B_o097_r11939","B"
"WP09C06501","1","B_o097_r11957","B"
"WP09C06502","1","B_o097_r11974","B"
"WP09C06503","1","B_o097_r11884","B"
"WP09C06504","1","B_o097_r11897","B"
"WP09C06505","1","B_o097_r11883","B"
"WP09C06506","1","B_o097_r11987","B"
"WP09C06507","1","B_o097_r11979","B"
"WP09C06508","1","B_o097_r11948","B"
"WP09C06509","1","B_o097_r11899","B"
"WP09C06510","1","B_o097_r11918","B"
"WP09C06511","1","B_o097_r11901","B"
"WP09C06512","1","B_o097_r11984","B"
"WP09C06513","1","B_o097_r11981","B"
"WP09C06514","1","B_o097_r11891","B"
"WP09C06515","1","B_o097_r11995","B"
"WP09C06516","1","B_o097_r11911","B"
"WP09C06517","1","B_o097_r11913","B"
"WP09C06518","1","B_o097_r11937","B"
"WP09C06519","1","B_o097_r12000","B"
"WP09C06520","1","B_o097_r11982","B"
"WP09C06521","1","B_o097_r11976","B"
"WP09C06522","1","B_o097_r11914","B"
"WP09C06523","1","B_o097_r11912","B"
"WP09C06524","1","B_o097_r11998","B"
"WP09C06525","1","B_o097_r11919","B"
"WP09C06526","1","B_o097_r11916","B"
"WP09C06527","1","B_o097_r11903","B"
"WP09C06528","1","B_o097_r11999","B"
"WP09C06529","1","B_o097_r11951","B"
"WP09C06530","1","B_o097_r11952","B"
"WP09C06531","1","B_o097_r11975","B"
"WP09C06532","1","B_o097_r11977","B"
"WP09C06533","1","B_o097_r11904","B"
"WP09C06534","1","B_o097_r11986","B"
"WP09C06535","1","B_o097_r11889","B"
"WP09C06536","1","B_o097_r11924","B"
"WP09C06537","1","B_o097_r11978","B"
"WP09C06538","1","B_o097_r11886","B"
"WP09C06539","1","B_o097_r11945","B"
"WP09C06540","1","B_o097_r11895","B"
"WP09C06541","1","B_o098_r12110","B"
"WP09C06542","1","B_o098_r12043","B"
"WP09C06543","1","B_o098_r12103","B"
"WP09C06544","1","B_o098_r12117","B"
"WP09C06545","1","B_o098_r12092","B"
"WP09C06546","1","B_o098_r12001","B"
"WP09C06547","1","B_o098_r12113","B"
"WP09C06548","1","B_o098_r12035","B"
"WP09C06549","1","B_o098_r12005","B"
"WP09C06550","1","B_o098_r12002","B"
"WP09C06551","1","B_o098_r12041","B"
"WP09C06552","1","B_o098_r12037","B"
"WP09C06553","1","B_o098_r12013","B"
"WP09C06554","1","B_o098_r12116","B"
"WP09C06555","1","B_o098_r12105","B"
"WP09C06556","1","B_o098_r12022","B"
"WP09C06557","1","B_o098_r12053","B"
"WP09C06558","1","B_o098_r12108","B"
"WP09C06559","1","B_o098_r12100","B"
"WP09C06560","1","B_o098_r12066","B"
"WP09C06561","1","B_o098_r12062","B"
"WP09C06562","1","B_o098_r12114","B"
"WP09C06563","1","B_o098_r12046","B"
"WP09C06564","1","B_o098_r12093","B"
"WP09C06565","1","B_o098_r12047","B"
"WP09C06566","1","B_o098_r12048","B"
"WP09C06567","1","B_o098_r12051","B"
"WP09C06568","1","B_o098_r12010","B"
"WP09C06569","1","B_o098_r12012","B"
"WP09C06570","1","B_o098_r12083","B"
"WP09C06571","1","B_o098_r12091","B"
"WP09C06572","1","B_o098_r12020","B"
"WP09C06573","1","B_o098_r12045","B"
"WP09C06574","1","B_o098_r12059","B"
"WP09C06575","1","B_o098_r12077","B"
"WP09C06576","1","B_o098_r12094","B"
"WP09C06577","1","B_o098_r12004","B"
"WP09C06578","1","B_o098_r12017","B"
"WP09C06579","1","B_o098_r12003","B"
"WP09C06580","1","B_o098_r12107","B"
"WP09C06581","1","B_o098_r12099","B"
"WP09C06582","1","B_o098_r12068","B"
"WP09C06583","1","B_o098_r12019","B"
"WP09C06584","1","B_o098_r12038","B"
"WP09C06585","1","B_o098_r12021","B"
"WP09C06586","1","B_o098_r12104","B"
"WP09C06587","1","B_o098_r12101","B"
"WP09C06588","1","B_o098_r12011","B"
"WP09C06589","1","B_o098_r12115","B"
"WP09C06590","1","B_o098_r12031","B"
"WP09C06591","1","B_o098_r12033","B"
"WP09C06592","1","B_o098_r12057","B"
"WP09C06593","1","B_o098_r12120","B"
"WP09C06594","1","B_o098_r12102","B"
"WP09C06595","1","B_o098_r12096","B"
"WP09C06596","1","B_o098_r12034","B"
"WP09C06597","1","B_o098_r12032","B"
"WP09C06598","1","B_o098_r12118","B"
"WP09C06599","1","B_o098_r12039","B"
"WP09C06600","1","B_o098_r12036","B"
"WP09C06601","1","B_o098_r12023","B"
"WP09C06602","1","B_o098_r12119","B"
"WP09C06603","1","B_o098_r12071","B"
"WP09C06604","1","B_o098_r12072","B"
"WP09C06605","1","B_o098_r12095","B"
"WP09C06606","1","B_o098_r12097","B"
"WP09C06607","1","B_o098_r12024","B"
"WP09C06608","1","B_o098_r12106","B"
"WP09C06609","1","B_o098_r12009","B"
"WP09C06610","1","B_o098_r12044","B"
"WP09C06611","1","B_o098_r12098","B"
"WP09C06612","1","B_o098_r12006","B"
"WP09C06613","1","B_o098_r12065","B"
"WP09C06614","1","B_o098_r12015","B"
"WP09C06615","1","B_o099_r12199","B"
"WP09C06616","1","B_o099_r12163","B"
"WP09C06617","1","B_o099_r12124","B"
"WP09C06618","1","B_o099_r12223","B"
"WP09C06619","1","B_o099_r12212","B"
"WP09C06620","1","B_o099_r12121","B"
"WP09C06621","1","B_o099_r12155","B"
"WP09C06622","1","B_o099_r12125","B"
"WP09C06623","1","B_o099_r12122","B"
"WP09C06624","1","B_o099_r12161","B"
"WP09C06625","1","B_o099_r12157","B"
"WP09C06626","1","B_o099_r12133","B"
"WP09C06627","1","B_o099_r12225","B"
"WP09C06628","1","B_o099_r12173","B"
"WP09C06629","1","B_o099_r12186","B"
"WP09C06630","1","B_o099_r12182","B"
"WP09C06631","1","B_o099_r12213","B"
"WP09C06632","1","B_o099_r12171","B"
"WP09C06633","1","B_o099_r12201","B"
"WP09C06634","1","B_o099_r12203","B"
"WP09C06635","1","B_o099_r12211","B"
"WP09C06636","1","B_o099_r12165","B"
"WP09C06637","1","B_o099_r12179","B"
"WP09C06638","1","B_o099_r12197","B"
"WP09C06639","1","B_o099_r12214","B"
"WP09C06640","1","B_o099_r12137","B"
"WP09C06641","1","B_o099_r12123","B"
"WP09C06642","1","B_o099_r12219","B"
"WP09C06643","1","B_o099_r12139","B"
"WP09C06644","1","B_o099_r12158","B"
"WP09C06645","1","B_o099_r12141","B"
"WP09C06646","1","B_o099_r12156","B"
"WP09C06647","1","B_o099_r12131","B"
"WP09C06648","1","B_o099_r12195","B"
"WP09C06649","1","B_o099_r12154","B"
"WP09C06650","1","B_o099_r12130","B"
"WP09C06651","1","B_o099_r12151","B"
"WP09C06652","1","B_o099_r12153","B"
"WP09C06653","1","B_o099_r12177","B"
"WP09C06654","1","B_o099_r12126","B"
"WP09C06655","1","B_o099_r12193","B"
"WP09C06656","1","B_o099_r12216","B"
"WP09C06657","1","B_o099_r12152","B"
"WP09C06658","1","B_o099_r12159","B"
"WP09C06659","1","B_o099_r12132","B"
"WP09C06660","1","B_o099_r12215","B"
"WP09C06661","1","B_o099_r12217","B"
"WP09C06662","1","B_o099_r12129","B"
"WP09C06663","1","B_o099_r12185","B"
"WP09C06664","1","B_o099_r12135","B"
"WP09C06665","1","B_o100_r12327","B"
"WP09C06666","1","B_o100_r12264","B"
"WP09C06667","1","B_o100_r12319","B"
"WP09C06668","1","B_o100_r12283","B"
"WP09C06669","1","B_o100_r12244","B"
"WP09C06670","1","B_o100_r12343","B"
"WP09C06671","1","B_o100_r12241","B"
"WP09C06672","1","B_o100_r12274","B"
"WP09C06673","1","B_o100_r12301","B"
"WP09C06674","1","B_o100_r12275","B"
"WP09C06675","1","B_o100_r12309","B"
"WP09C06676","1","B_o100_r12245","B"
"WP09C06677","1","B_o100_r12242","B"
"WP09C06678","1","B_o100_r12281","B"
"WP09C06679","1","B_o100_r12277","B"
"WP09C06680","1","B_o100_r12253","B"
"WP09C06681","1","B_o100_r12345","B"
"WP09C06682","1","B_o100_r12293","B"
"WP09C06683","1","B_o100_r12256","B"
"WP09C06684","1","B_o100_r12280","B"
"WP09C06685","1","B_o100_r12306","B"
"WP09C06686","1","B_o100_r12302","B"
"WP09C06687","1","B_o100_r12252","B"
"WP09C06688","1","B_o100_r12333","B"
"WP09C06689","1","B_o100_r12291","B"
"WP09C06690","1","B_o100_r12321","B"
"WP09C06691","1","B_o100_r12323","B"
"WP09C06692","1","B_o100_r12307","B"
"WP09C06693","1","B_o100_r12331","B"
"WP09C06694","1","B_o100_r12285","B"
"WP09C06695","1","B_o100_r12299","B"
"WP09C06696","1","B_o100_r12317","B"
"WP09C06697","1","B_o100_r12351","B"
"WP09C06698","1","B_o100_r12325","B"
"WP09C06699","1","B_o100_r12257","B"
"WP09C06700","1","B_o100_r12243","B"
"WP09C06701","1","B_o100_r12339","B"
"WP09C06702","1","B_o100_r12259","B"
"WP09C06703","1","B_o100_r12278","B"
"WP09C06704","1","B_o100_r12261","B"
"WP09C06705","1","B_o100_r12251","B"
"WP09C06706","1","B_o100_r12315","B"
"WP09C06707","1","B_o100_r12276","B"
"WP09C06708","1","B_o100_r12349","B"
"WP09C06709","1","B_o100_r12271","B"
"WP09C06710","1","B_o100_r12273","B"
"WP09C06711","1","B_o100_r12258","B"
"WP09C06712","1","B_o100_r12297","B"
"WP09C06713","1","B_o100_r12250","B"
"WP09C06714","1","B_o100_r12246","B"
"WP09C06715","1","B_o100_r12313","B"
"WP09C06716","1","B_o100_r12303","B"
"WP09C06717","1","B_o100_r12272","B"
"WP09C06718","1","B_o100_r12286","B"
"WP09C06719","1","B_o100_r12279","B"
"WP09C06720","1","B_o100_r12288","B"
"WP09C06721","1","B_o100_r12337","B"
"WP09C06722","1","B_o100_r12282","B"
"WP09C06723","1","B_o100_r12249","B"
"WP09C06724","1","B_o100_r12305","B"
"WP09C06725","1","B_o100_r12262","B"
"WP09C06726","1","B_o100_r12255","B"
"WP09C06727","1","B_o101_r12470","B"
"WP09C06728","1","B_o101_r12393","B"
"WP09C06729","1","B_o101_r12403","B"
"WP09C06730","1","B_o101_r12463","B"
"WP09C06731","1","B_o101_r12452","B"
"WP09C06732","1","B_o101_r12361","B"
"WP09C06733","1","B_o101_r12473","B"
"WP09C06734","1","B_o101_r12365","B"
"WP09C06735","1","B_o101_r12362","B"
"WP09C06736","1","B_o101_r12397","B"
"WP09C06737","1","B_o101_r12373","B"
"WP09C06738","1","B_o101_r12476","B"
"WP09C06739","1","B_o101_r12382","B"
"WP09C06740","1","B_o101_r12413","B"
"WP09C06741","1","B_o101_r12468","B"
"WP09C06742","1","B_o101_r12460","B"
"WP09C06743","1","B_o101_r12465","B"
"WP09C06744","1","B_o101_r12422","B"
"WP09C06745","1","B_o101_r12417","B"
"WP09C06746","1","B_o101_r12395","B"
"WP09C06747","1","B_o101_r12406","B"
"WP09C06748","1","B_o101_r12408","B"
"WP09C06749","1","B_o101_r12411","B"
"WP09C06750","1","B_o101_r12370","B"
"WP09C06751","1","B_o101_r12372","B"
"WP09C06752","1","B_o101_r12451","B"
"WP09C06753","1","B_o101_r12380","B"
"WP09C06754","1","B_o101_r12437","B"
"WP09C06755","1","B_o101_r12467","B"
"WP09C06756","1","B_o101_r12454","B"
"WP09C06757","1","B_o101_r12453","B"
"WP09C06758","1","B_o101_r12364","B"
"WP09C06759","1","B_o101_r12377","B"
"WP09C06760","1","B_o101_r12363","B"
"WP09C06761","1","B_o101_r12419","B"
"WP09C06762","1","B_o101_r12459","B"
"WP09C06763","1","B_o101_r12428","B"
"WP09C06764","1","B_o101_r12379","B"
"WP09C06765","1","B_o101_r12477","B"
"WP09C06766","1","B_o101_r12398","B"
"WP09C06767","1","B_o101_r12381","B"
"WP09C06768","1","B_o101_r12464","B"
"WP09C06769","1","B_o101_r12461","B"
"WP09C06770","1","B_o101_r12371","B"
"WP09C06771","1","B_o101_r12407","B"
"WP09C06772","1","B_o101_r12401","B"
"WP09C06773","1","B_o101_r12475","B"
"WP09C06774","1","B_o101_r12391","B"
"WP09C06775","1","B_o101_r12443","B"
"WP09C06776","1","B_o101_r12480","B"
"WP09C06777","1","B_o101_r12462","B"
"WP09C06778","1","B_o101_r12456","B"
"WP09C06779","1","B_o101_r12399","B"
"WP09C06780","1","B_o101_r12394","B"
"WP09C06781","1","B_o101_r12392","B"
"WP09C06782","1","B_o101_r12478","B"
"WP09C06783","1","B_o101_r12396","B"
"WP09C06784","1","B_o101_r12383","B"
"WP09C06785","1","B_o101_r12479","B"
"WP09C06786","1","B_o101_r12431","B"
"WP09C06787","1","B_o101_r12455","B"
"WP09C06788","1","B_o101_r12457","B"
"WP09C06789","1","B_o101_r12384","B"
"WP09C06790","1","B_o101_r12466","B"
"WP09C06791","1","B_o101_r12369","B"
"WP09C06792","1","B_o101_r12404","B"
"WP09C06793","1","B_o101_r12458","B"
"WP09C06794","1","B_o101_r12366","B"
"WP09C06795","1","B_o101_r12425","B"
"WP09C06796","1","B_o101_r12405","B"
"WP09C06797","1","B_o101_r12375","B"
"WP09C06798","1","B_o102_r12590","B"
"WP09C06799","1","B_o102_r12513","B"
"WP09C06800","1","B_o102_r12523","B"
"WP09C06801","1","B_o102_r12583","B"
"WP09C06802","1","B_o102_r12572","B"
"WP09C06803","1","B_o102_r12481","B"
"WP09C06804","1","B_o102_r12593","B"
"WP09C06805","1","B_o102_r12485","B"
"WP09C06806","1","B_o102_r12482","B"
"WP09C06807","1","B_o102_r12517","B"
"WP09C06808","1","B_o102_r12493","B"
"WP09C06809","1","B_o102_r12596","B"
"WP09C06810","1","B_o102_r12502","B"
"WP09C06811","1","B_o102_r12533","B"
"WP09C06812","1","B_o102_r12588","B"
"WP09C06813","1","B_o102_r12580","B"
"WP09C06814","1","B_o102_r12585","B"
"WP09C06815","1","B_o102_r12542","B"
"WP09C06816","1","B_o102_r12537","B"
"WP09C06817","1","B_o102_r12515","B"
"WP09C06818","1","B_o102_r12526","B"
"WP09C06819","1","B_o102_r12528","B"
"WP09C06820","1","B_o102_r12531","B"
"WP09C06821","1","B_o102_r12490","B"
"WP09C06822","1","B_o102_r12492","B"
"WP09C06823","1","B_o102_r12571","B"
"WP09C06824","1","B_o102_r12500","B"
"WP09C06825","1","B_o102_r12557","B"
"WP09C06826","1","B_o102_r12587","B"
"WP09C06827","1","B_o102_r12574","B"
"WP09C06828","1","B_o102_r12573","B"
"WP09C06829","1","B_o102_r12484","B"
"WP09C06830","1","B_o102_r12497","B"
"WP09C06831","1","B_o102_r12483","B"
"WP09C06832","1","B_o102_r12539","B"
"WP09C06833","1","B_o102_r12579","B"
"WP09C06834","1","B_o102_r12548","B"
"WP09C06835","1","B_o102_r12499","B"
"WP09C06836","1","B_o102_r12597","B"
"WP09C06837","1","B_o102_r12518","B"
"WP09C06838","1","B_o102_r12501","B"
"WP09C06839","1","B_o102_r12584","B"
"WP09C06840","1","B_o102_r12581","B"
"WP09C06841","1","B_o102_r12491","B"
"WP09C06842","1","B_o102_r12527","B"
"WP09C06843","1","B_o102_r12521","B"
"WP09C06844","1","B_o102_r12595","B"
"WP09C06845","1","B_o102_r12511","B"
"WP09C06846","1","B_o102_r12563","B"
"WP09C06847","1","B_o102_r12600","B"
"WP09C06848","1","B_o102_r12582","B"
"WP09C06849","1","B_o102_r12576","B"
"WP09C06850","1","B_o102_r12519","B"
"WP09C06851","1","B_o102_r12514","B"
"WP09C06852","1","B_o102_r12512","B"
"WP09C06853","1","B_o102_r12598","B"
"WP09C06854","1","B_o102_r12516","B"
"WP09C06855","1","B_o102_r12503","B"
"WP09C06856","1","B_o102_r12599","B"
"WP09C06857","1","B_o102_r12551","B"
"WP09C06858","1","B_o102_r12575","B"
"WP09C06859","1","B_o102_r12577","B"
"WP09C06860","1","B_o102_r12504","B"
"WP09C06861","1","B_o102_r12586","B"
"WP09C06862","1","B_o102_r12489","B"
"WP09C06863","1","B_o102_r12524","B"
"WP09C06864","1","B_o102_r12578","B"
"WP09C06865","1","B_o102_r12486","B"
"WP09C06866","1","B_o102_r12545","B"
"WP09C06867","1","B_o102_r12525","B"
"WP09C06868","1","B_o102_r12495","B"
"WP09C06869","1","B_o103_r12633","B"
"WP09C06870","1","B_o103_r12679","B"
"WP09C06871","1","B_o103_r12643","B"
"WP09C06872","1","B_o103_r12604","B"
"WP09C06873","1","B_o103_r12703","B"
"WP09C06874","1","B_o103_r12692","B"
"WP09C06875","1","B_o103_r12601","B"
"WP09C06876","1","B_o103_r12605","B"
"WP09C06877","1","B_o103_r12602","B"
"WP09C06878","1","B_o103_r12637","B"
"WP09C06879","1","B_o103_r12613","B"
"WP09C06880","1","B_o103_r12653","B"
"WP09C06881","1","B_o103_r12705","B"
"WP09C06882","1","B_o103_r12662","B"
"WP09C06883","1","B_o103_r12657","B"
"WP09C06884","1","B_o103_r12635","B"
"WP09C06885","1","B_o103_r12651","B"
"WP09C06886","1","B_o103_r12681","B"
"WP09C06887","1","B_o103_r12691","B"
"WP09C06888","1","B_o103_r12677","B"
"WP09C06889","1","B_o103_r12694","B"
"WP09C06890","1","B_o103_r12693","B"
"WP09C06891","1","B_o103_r12617","B"
"WP09C06892","1","B_o103_r12603","B"
"WP09C06893","1","B_o103_r12659","B"
"WP09C06894","1","B_o103_r12699","B"
"WP09C06895","1","B_o103_r12619","B"
"WP09C06896","1","B_o103_r12638","B"
"WP09C06897","1","B_o103_r12621","B"
"WP09C06898","1","B_o103_r12636","B"
"WP09C06899","1","B_o103_r12611","B"
"WP09C06900","1","B_o103_r12675","B"
"WP09C06901","1","B_o103_r12634","B"
"WP09C06902","1","B_o103_r12610","B"
"WP09C06903","1","B_o103_r12641","B"
"WP09C06904","1","B_o103_r12631","B"
"WP09C06905","1","B_o103_r12606","B"
"WP09C06906","1","B_o103_r12683","B"
"WP09C06907","1","B_o103_r12673","B"
"WP09C06908","1","B_o103_r12696","B"
"WP09C06909","1","B_o103_r12639","B"
"WP09C06910","1","B_o103_r12632","B"
"WP09C06911","1","B_o103_r12612","B"
"WP09C06912","1","B_o103_r12695","B"
"WP09C06913","1","B_o103_r12697","B"
"WP09C06914","1","B_o103_r12609","B"
"WP09C06915","1","B_o103_r12665","B"
"WP09C06916","1","B_o103_r12645","B"
"WP09C06917","1","B_o103_r12615","B"
"WP09C06918","1","B_o104_r12744","B"
"WP09C06919","1","B_o104_r12753","B"
"WP09C06920","1","B_o104_r12799","B"
"WP09C06921","1","B_o104_r12763","B"
"WP09C06922","1","B_o104_r12724","B"
"WP09C06923","1","B_o104_r12823","B"
"WP09C06924","1","B_o104_r12721","B"
"WP09C06925","1","B_o104_r12754","B"
"WP09C06926","1","B_o104_r12781","B"
"WP09C06927","1","B_o104_r12725","B"
"WP09C06928","1","B_o104_r12722","B"
"WP09C06929","1","B_o104_r12757","B"
"WP09C06930","1","B_o104_r12733","B"
"WP09C06931","1","B_o104_r12807","B"
"WP09C06932","1","B_o104_r12773","B"
"WP09C06933","1","B_o104_r12736","B"
"WP09C06934","1","B_o104_r12760","B"
"WP09C06935","1","B_o104_r12825","B"
"WP09C06936","1","B_o104_r12782","B"
"WP09C06937","1","B_o104_r12732","B"
"WP09C06938","1","B_o104_r12777","B"
"WP09C06939","1","B_o104_r12755","B"
"WP09C06940","1","B_o104_r12771","B"
"WP09C06941","1","B_o104_r12801","B"
"WP09C06942","1","B_o104_r12787","B"
"WP09C06943","1","B_o104_r12811","B"
"WP09C06944","1","B_o104_r12797","B"
"WP09C06945","1","B_o104_r12813","B"
"WP09C06946","1","B_o104_r12805","B"
"WP09C06947","1","B_o104_r12737","B"
"WP09C06948","1","B_o104_r12723","B"
"WP09C06949","1","B_o104_r12779","B"
"WP09C06950","1","B_o104_r12819","B"
"WP09C06951","1","B_o104_r12739","B"
"WP09C06952","1","B_o104_r12783","B"
"WP09C06953","1","B_o104_r12758","B"
"WP09C06954","1","B_o104_r12741","B"
"WP09C06955","1","B_o104_r12731","B"
"WP09C06956","1","B_o104_r12795","B"
"WP09C06957","1","B_o104_r12756","B"
"WP09C06958","1","B_o104_r12829","B"
"WP09C06959","1","B_o104_r12761","B"
"WP09C06960","1","B_o104_r12751","B"
"WP09C06961","1","B_o104_r12738","B"
"WP09C06962","1","B_o104_r12789","B"
"WP09C06963","1","B_o104_r12730","B"
"WP09C06964","1","B_o104_r12726","B"
"WP09C06965","1","B_o104_r12803","B"
"WP09C06966","1","B_o104_r12793","B"
"WP09C06967","1","B_o104_r12759","B"
"WP09C06968","1","B_o104_r12752","B"
"WP09C06969","1","B_o104_r12766","B"
"WP09C06970","1","B_o104_r12831","B"
"WP09C06971","1","B_o104_r12768","B"
"WP09C06972","1","B_o104_r12817","B"
"WP09C06973","1","B_o104_r12762","B"
"WP09C06974","1","B_o104_r12729","B"
"WP09C06975","1","B_o104_r12785","B"
"WP09C06976","1","B_o104_r12765","B"
"WP09C06977","1","B_o104_r12742","B"
"WP09C06978","1","B_o104_r12735","B"
"WP09C06979","1","B_o105_r12864","B"
"WP09C06980","1","B_o105_r12873","B"
"WP09C06981","1","B_o105_r12919","B"
"WP09C06982","1","B_o105_r12883","B"
"WP09C06983","1","B_o105_r12844","B"
"WP09C06984","1","B_o105_r12943","B"
"WP09C06985","1","B_o105_r12882","B"
"WP09C06986","1","B_o105_r12841","B"
"WP09C06987","1","B_o105_r12901","B"
"WP09C06988","1","B_o105_r12876","B"
"WP09C06989","1","B_o105_r12951","B"
"WP09C06990","1","B_o105_r12845","B"
"WP09C06991","1","B_o105_r12842","B"
"WP09C06992","1","B_o105_r12877","B"
"WP09C06993","1","B_o105_r12853","B"
"WP09C06994","1","B_o105_r12903","B"
"WP09C06995","1","B_o105_r12856","B"
"WP09C06996","1","B_o105_r12945","B"
"WP09C06997","1","B_o105_r12902","B"
"WP09C06998","1","B_o105_r12852","B"
"WP09C06999","1","B_o105_r12875","B"
"WP09C07000","1","B_o105_r12909","B"
"WP09C07001","1","B_o105_r12921","B"
"WP09C07002","1","B_o105_r12907","B"
"WP09C07003","1","B_o105_r12931","B"
"WP09C07004","1","B_o105_r12933","B"
"WP09C07005","1","B_o105_r12925","B"
"WP09C07006","1","B_o105_r12880","B"
"WP09C07007","1","B_o105_r12843","B"
"WP09C07008","1","B_o105_r12939","B"
"WP09C07009","1","B_o105_r12859","B"
"WP09C07010","1","B_o105_r12878","B"
"WP09C07011","1","B_o105_r12861","B"
"WP09C07012","1","B_o105_r12915","B"
"WP09C07013","1","B_o105_r12949","B"
"WP09C07014","1","B_o105_r12881","B"
"WP09C07015","1","B_o105_r12871","B"
"WP09C07016","1","B_o105_r12858","B"
"WP09C07017","1","B_o105_r12850","B"
"WP09C07018","1","B_o105_r12846","B"
"WP09C07019","1","B_o105_r12913","B"
"WP09C07020","1","B_o105_r12879","B"
"WP09C07021","1","B_o105_r12927","B"
"WP09C07022","1","B_o105_r12872","B"
"WP09C07023","1","B_o105_r12874","B"
"WP09C07024","1","B_o105_r12888","B"
"WP09C07025","1","B_o105_r12937","B"
"WP09C07026","1","B_o105_r12886","B"
"WP09C07027","1","B_o105_r12905","B"
"WP09C07028","1","B_o105_r12885","B"
"WP09C07029","1","B_o105_r12862","B"
"WP09C07030","1","B_o105_r12855","B"
"WP09C07031","1","B_o106_r12975","B"
"WP09C07032","1","B_o106_r13038","B"
"WP09C07033","1","B_o106_r12995","B"
"WP09C07034","1","B_o106_r12965","B"
"WP09C07035","1","B_o106_r12969","B"
"WP09C07036","1","B_o106_r12962","B"
"WP09C07037","1","B_o106_r13001","B"
"WP09C07038","1","B_o106_r12961","B"
"WP09C07039","1","B_o106_r12982","B"
"WP09C07040","1","B_o106_r12963","B"
"WP09C07041","1","B_o106_r13049","B"
"WP09C07042","1","B_o106_r13044","B"
"WP09C07043","1","B_o106_r13026","B"
"WP09C07044","1","B_o106_r13006","B"
"WP09C07045","1","B_o106_r13007","B"
"WP09C07046","1","B_o106_r12978","B"
"WP09C07047","1","B_o106_r13008","B"
"WP09C07048","1","B_o106_r12970","B"
"WP09C07049","1","B_o106_r12972","B"
"WP09C07050","1","B_o106_r13043","B"
"WP09C07051","1","B_o106_r12980","B"
"WP09C07052","1","B_o106_r13037","B"
"WP09C07053","1","B_o106_r12964","B"
"WP09C07054","1","B_o106_r13002","B"
"WP09C07055","1","B_o106_r12977","B"
"WP09C07056","1","B_o106_r12981","B"
"WP09C07057","1","B_o106_r12979","B"
"WP09C07058","1","B_o106_r12971","B"
"WP09C07059","1","B_o106_r13050","B"
"WP09C07060","1","B_o106_r12993","B"
"WP09C07061","1","B_o106_r12994","B"
"WP09C07062","1","B_o106_r12996","B"
"WP09C07063","1","B_o106_r12983","B"
"WP09C07064","1","B_o106_r13005","B"
"WP09C07065","1","B_o106_r13031","B"
"WP09C07066","1","B_o106_r13032","B"
"WP09C07067","1","B_o106_r12984","B"
"WP09C07068","1","B_o106_r12966","B"
"WP09C07069","1","B_o106_r13025","B"
"WP09C07070","1","B_o106_r12999","B"
"WP09C07071","1","B_o107_r13190","B"
"WP09C07072","1","B_o107_r13095","B"
"WP09C07073","1","B_o107_r13183","B"
"WP09C07073","1","B_o107_r13189","B"
"WP09C07074","1","B_o107_r13081","B"
"WP09C07075","1","B_o107_r13158","B"
"WP09C07076","1","B_o107_r13193","B"
"WP09C07077","1","B_o107_r13115","B"
"WP09C07078","1","B_o107_r13085","B"
"WP09C07079","1","B_o107_r13082","B"
"WP09C07080","1","B_o107_r13121","B"
"WP09C07081","1","B_o107_r13102","B"
"WP09C07082","1","B_o107_r13188","B"
"WP09C07083","1","B_o107_r13180","B"
"WP09C07084","1","B_o107_r13169","B"
"WP09C07085","1","B_o107_r13164","B"
"WP09C07086","1","B_o107_r13146","B"
"WP09C07087","1","B_o107_r13194","B"
"WP09C07088","1","B_o107_r13126","B"
"WP09C07089","1","B_o107_r13127","B"
"WP09C07090","1","B_o107_r13098","B"
"WP09C07091","1","B_o107_r13128","B"
"WP09C07092","1","B_o107_r13090","B"
"WP09C07093","1","B_o107_r13092","B"
"WP09C07094","1","B_o107_r13163","B"
"WP09C07095","1","B_o107_r13100","B"
"WP09C07096","1","B_o107_r13157","B"
"WP09C07097","1","B_o107_r13084","B"
"WP09C07098","1","B_o107_r13122","B"
"WP09C07099","1","B_o107_r13097","B"
"WP09C07100","1","B_o107_r13083","B"
"WP09C07101","1","B_o107_r13187","B"
"WP09C07102","1","B_o107_r13101","B"
"WP09C07103","1","B_o107_r13099","B"
"WP09C07104","1","B_o107_r13184","B"
"WP09C07105","1","B_o107_r13181","B"
"WP09C07106","1","B_o107_r13091","B"
"WP09C07107","1","B_o107_r13170","B"
"WP09C07108","1","B_o107_r13113","B"
"WP09C07109","1","B_o107_r13182","B"
"WP09C07110","1","B_o107_r13114","B"
"WP09C07111","1","B_o107_r13116","B"
"WP09C07112","1","B_o107_r13103","B"
"WP09C07113","1","B_o107_r13125","B"
"WP09C07114","1","B_o107_r13151","B"
"WP09C07115","1","B_o107_r13152","B"
"WP09C07116","1","B_o107_r13177","B"
"WP09C07117","1","B_o107_r13104","B"
"WP09C07118","1","B_o107_r13186","B"
"WP09C07119","1","B_o107_r13089","B"
"WP09C07120","1","B_o107_r13178","B"
"WP09C07121","1","B_o107_r13086","B"
"WP09C07122","1","B_o107_r13145","B"
"WP09C07123","1","B_o107_r13119","B"
"WP09C07124","1","B_o108_r13310","B"
"WP09C07125","1","B_o108_r13215","B"
"WP09C07126","1","B_o108_r13303","B"
"WP09C07126","1","B_o108_r13309","B"
"WP09C07127","1","B_o108_r13201","B"
"WP09C07128","1","B_o108_r13278","B"
"WP09C07129","1","B_o108_r13313","B"
"WP09C07130","1","B_o108_r13235","B"
"WP09C07131","1","B_o108_r13205","B"
"WP09C07132","1","B_o108_r13202","B"
"WP09C07133","1","B_o108_r13241","B"
"WP09C07134","1","B_o108_r13222","B"
"WP09C07135","1","B_o108_r13308","B"
"WP09C07136","1","B_o108_r13300","B"
"WP09C07137","1","B_o108_r13289","B"
"WP09C07138","1","B_o108_r13284","B"
"WP09C07139","1","B_o108_r13266","B"
"WP09C07140","1","B_o108_r13314","B"
"WP09C07141","1","B_o108_r13246","B"
"WP09C07142","1","B_o108_r13247","B"
"WP09C07143","1","B_o108_r13218","B"
"WP09C07144","1","B_o108_r13248","B"
"WP09C07145","1","B_o108_r13210","B"
"WP09C07146","1","B_o108_r13212","B"
"WP09C07147","1","B_o108_r13283","B"
"WP09C07148","1","B_o108_r13220","B"
"WP09C07149","1","B_o108_r13277","B"
"WP09C07150","1","B_o108_r13204","B"
"WP09C07151","1","B_o108_r13242","B"
"WP09C07152","1","B_o108_r13217","B"
"WP09C07153","1","B_o108_r13203","B"
"WP09C07154","1","B_o108_r13307","B"
"WP09C07155","1","B_o108_r13221","B"
"WP09C07156","1","B_o108_r13219","B"
"WP09C07157","1","B_o108_r13304","B"
"WP09C07158","1","B_o108_r13301","B"
"WP09C07159","1","B_o108_r13211","B"
"WP09C07160","1","B_o108_r13290","B"
"WP09C07161","1","B_o108_r13233","B"
"WP09C07162","1","B_o108_r13302","B"
"WP09C07163","1","B_o108_r13234","B"
"WP09C07164","1","B_o108_r13236","B"
"WP09C07165","1","B_o108_r13223","B"
"WP09C07166","1","B_o108_r13245","B"
"WP09C07167","1","B_o108_r13271","B"
"WP09C07168","1","B_o108_r13272","B"
"WP09C07169","1","B_o108_r13297","B"
"WP09C07170","1","B_o108_r13224","B"
"WP09C07171","1","B_o108_r13306","B"
"WP09C07172","1","B_o108_r13209","B"
"WP09C07173","1","B_o108_r13298","B"
"WP09C07174","1","B_o108_r13206","B"
"WP09C07175","1","B_o108_r13265","B"
"WP09C07176","1","B_o108_r13239","B"
"WP09C07177","1","B_o109_r13430","B"
"WP09C07178","1","B_o109_r13423","B"
"WP09C07178","1","B_o109_r13429","B"
"WP09C07179","1","B_o109_r13437","B"
"WP09C07180","1","B_o109_r13412","B"
"WP09C07181","1","B_o109_r13321","B"
"WP09C07182","1","B_o109_r13398","B"
"WP09C07183","1","B_o109_r13433","B"
"WP09C07184","1","B_o109_r13355","B"
"WP09C07185","1","B_o109_r13325","B"
"WP09C07186","1","B_o109_r13322","B"
"WP09C07187","1","B_o109_r13361","B"
"WP09C07188","1","B_o109_r13333","B"
"WP09C07189","1","B_o109_r13436","B"
"WP09C07190","1","B_o109_r13342","B"
"WP09C07191","1","B_o109_r13428","B"
"WP09C07192","1","B_o109_r13335","B"
"WP09C07193","1","B_o109_r13420","B"
"WP09C07194","1","B_o109_r13409","B"
"WP09C07195","1","B_o109_r13404","B"
"WP09C07196","1","B_o109_r13386","B"
"WP09C07197","1","B_o109_r13440","B"
"WP09C07198","1","B_o109_r13434","B"
"WP09C07199","1","B_o109_r13366","B"
"WP09C07200","1","B_o109_r13413","B"
"WP09C07201","1","B_o109_r13367","B"
"WP09C07202","1","B_o109_r13338","B"
"WP09C07203","1","B_o109_r13368","B"
"WP09C07204","1","B_o109_r13330","B"
"WP09C07205","1","B_o109_r13332","B"
"WP09C07206","1","B_o109_r13403","B"
"WP09C07207","1","B_o109_r13411","B"
"WP09C07208","1","B_o109_r13340","B"
"WP09C07209","1","B_o109_r13397","B"
"WP09C07210","1","B_o109_r13414","B"
"WP09C07211","1","B_o109_r13324","B"
"WP09C07212","1","B_o109_r13359","B"
"WP09C07213","1","B_o109_r13362","B"
"WP09C07214","1","B_o109_r13337","B"
"WP09C07215","1","B_o109_r13323","B"
"WP09C07216","1","B_o109_r13427","B"
"WP09C07217","1","B_o109_r13341","B"
"WP09C07218","1","B_o109_r13339","B"
"WP09C07219","1","B_o109_r13424","B"
"WP09C07220","1","B_o109_r13421","B"
"WP09C07221","1","B_o109_r13331","B"
"WP09C07222","1","B_o109_r13435","B"
"WP09C07223","1","B_o109_r13410","B"
"WP09C07224","1","B_o109_r13353","B"
"WP09C07225","1","B_o109_r13415","B"
"WP09C07226","1","B_o109_r13416","B"
"WP09C07227","1","B_o109_r13422","B"
"WP09C07228","1","B_o109_r13354","B"
"WP09C07229","1","B_o109_r13438","B"
"WP09C07230","1","B_o109_r13439","B"
"WP09C07231","1","B_o109_r13356","B"
"WP09C07232","1","B_o109_r13343","B"
"WP09C07233","1","B_o109_r13365","B"
"WP09C07234","1","B_o109_r13391","B"
"WP09C07235","1","B_o109_r13392","B"
"WP09C07236","1","B_o109_r13417","B"
"WP09C07237","1","B_o109_r13344","B"
"WP09C07238","1","B_o109_r13426","B"
"WP09C07239","1","B_o109_r13329","B"
"WP09C07240","1","B_o109_r13418","B"
"WP09C07241","1","B_o109_r13326","B"
"WP09C07242","1","B_o109_r13385","B"
"WP09C07243","1","B_o110_r13550","B"
"WP09C07244","1","B_o110_r13543","B"
"WP09C07244","1","B_o110_r13549","B"
"WP09C07245","1","B_o110_r13557","B"
"WP09C07246","1","B_o110_r13532","B"
"WP09C07247","1","B_o110_r13441","B"
"WP09C07248","1","B_o110_r13518","B"
"WP09C07249","1","B_o110_r13553","B"
"WP09C07250","1","B_o110_r13475","B"
"WP09C07251","1","B_o110_r13445","B"
"WP09C07252","1","B_o110_r13442","B"
"WP09C07253","1","B_o110_r13481","B"
"WP09C07254","1","B_o110_r13453","B"
"WP09C07255","1","B_o110_r13556","B"
"WP09C07256","1","B_o110_r13462","B"
"WP09C07257","1","B_o110_r13548","B"
"WP09C07258","1","B_o110_r13455","B"
"WP09C07259","1","B_o110_r13540","B"
"WP09C07260","1","B_o110_r13529","B"
"WP09C07261","1","B_o110_r13524","B"
"WP09C07262","1","B_o110_r13506","B"
"WP09C07263","1","B_o110_r13560","B"
"WP09C07264","1","B_o110_r13554","B"
"WP09C07265","1","B_o110_r13486","B"
"WP09C07266","1","B_o110_r13533","B"
"WP09C07267","1","B_o110_r13487","B"
"WP09C07268","1","B_o110_r13458","B"
"WP09C07269","1","B_o110_r13488","B"
"WP09C07270","1","B_o110_r13450","B"
"WP09C07271","1","B_o110_r13452","B"
"WP09C07272","1","B_o110_r13523","B"
"WP09C07273","1","B_o110_r13531","B"
"WP09C07274","1","B_o110_r13460","B"
"WP09C07275","1","B_o110_r13517","B"
"WP09C07276","1","B_o110_r13534","B"
"WP09C07277","1","B_o110_r13444","B"
"WP09C07278","1","B_o110_r13479","B"
"WP09C07279","1","B_o110_r13482","B"
"WP09C07280","1","B_o110_r13457","B"
"WP09C07281","1","B_o110_r13443","B"
"WP09C07282","1","B_o110_r13547","B"
"WP09C07283","1","B_o110_r13461","B"
"WP09C07284","1","B_o110_r13459","B"
"WP09C07285","1","B_o110_r13544","B"
"WP09C07286","1","B_o110_r13541","B"
"WP09C07287","1","B_o110_r13451","B"
"WP09C07288","1","B_o110_r13555","B"
"WP09C07289","1","B_o110_r13530","B"
"WP09C07290","1","B_o110_r13473","B"
"WP09C07291","1","B_o110_r13535","B"
"WP09C07292","1","B_o110_r13536","B"
"WP09C07293","1","B_o110_r13542","B"
"WP09C07294","1","B_o110_r13474","B"
"WP09C07295","1","B_o110_r13558","B"
"WP09C07296","1","B_o110_r13559","B"
"WP09C07297","1","B_o110_r13476","B"
"WP09C07298","1","B_o110_r13463","B"
"WP09C07299","1","B_o110_r13485","B"
"WP09C07300","1","B_o110_r13511","B"
"WP09C07301","1","B_o110_r13512","B"
"WP09C07302","1","B_o110_r13537","B"
"WP09C07303","1","B_o110_r13464","B"
"WP09C07304","1","B_o110_r13546","B"
"WP09C07305","1","B_o110_r13449","B"
"WP09C07306","1","B_o110_r13538","B"
"WP09C07307","1","B_o110_r13446","B"
"WP09C07308","1","B_o110_r13505","B"
"WP09C07309","1","B_o111_r13639","B"
"WP09C07310","1","B_o111_r13564","B"
"WP09C07311","1","B_o111_r13663","B"
"WP09C07311","1","B_o111_r13669","B"
"WP09C07312","1","B_o111_r13652","B"
"WP09C07313","1","B_o111_r13561","B"
"WP09C07314","1","B_o111_r13638","B"
"WP09C07315","1","B_o111_r13595","B"
"WP09C07316","1","B_o111_r13565","B"
"WP09C07317","1","B_o111_r13562","B"
"WP09C07318","1","B_o111_r13601","B"
"WP09C07319","1","B_o111_r13573","B"
"WP09C07320","1","B_o111_r13575","B"
"WP09C07321","1","B_o111_r13649","B"
"WP09C07322","1","B_o111_r13644","B"
"WP09C07323","1","B_o111_r13626","B"
"WP09C07324","1","B_o111_r13653","B"
"WP09C07325","1","B_o111_r13578","B"
"WP09C07326","1","B_o111_r13643","B"
"WP09C07327","1","B_o111_r13651","B"
"WP09C07328","1","B_o111_r13637","B"
"WP09C07329","1","B_o111_r13654","B"
"WP09C07330","1","B_o111_r13599","B"
"WP09C07331","1","B_o111_r13602","B"
"WP09C07332","1","B_o111_r13577","B"
"WP09C07333","1","B_o111_r13563","B"
"WP09C07334","1","B_o111_r13581","B"
"WP09C07335","1","B_o111_r13579","B"
"WP09C07336","1","B_o111_r13645","B"
"WP09C07337","1","B_o111_r13596","B"
"WP09C07338","1","B_o111_r13571","B"
"WP09C07339","1","B_o111_r13594","B"
"WP09C07340","1","B_o111_r13570","B"
"WP09C07341","1","B_o111_r13650","B"
"WP09C07342","1","B_o111_r13593","B"
"WP09C07343","1","B_o111_r13655","B"
"WP09C07344","1","B_o111_r13566","B"
"WP09C07345","1","B_o111_r13633","B"
"WP09C07346","1","B_o111_r13656","B"
"WP09C07347","1","B_o111_r13605","B"
"WP09C07348","1","B_o111_r13572","B"
"WP09C07349","1","B_o111_r13657","B"
"WP09C07350","1","B_o111_r13569","B"
"WP09C07351","1","B_o111_r13625","B"
"WP09C07352","1","B_o112_r13790","B"
"WP09C07353","1","B_o112_r13783","B"
"WP09C07354","1","B_o112_r13797","B"
"WP09C07355","1","B_o112_r13772","B"
"WP09C07356","1","B_o112_r13681","B"
"WP09C07357","1","B_o112_r13793","B"
"WP09C07358","1","B_o112_r13715","B"
"WP09C07359","1","B_o112_r13685","B"
"WP09C07360","1","B_o112_r13682","B"
"WP09C07361","1","B_o112_r13721","B"
"WP09C07362","1","B_o112_r13693","B"
"WP09C07363","1","B_o112_r13796","B"
"WP09C07364","1","B_o112_r13785","B"
"WP09C07365","1","B_o112_r13702","B"
"WP09C07366","1","B_o112_r13733","B"
"WP09C07367","1","B_o112_r13788","B"
"WP09C07368","1","B_o112_r13780","B"
"WP09C07369","1","B_o112_r13746","B"
"WP09C07370","1","B_o112_r13794","B"
"WP09C07371","1","B_o112_r13726","B"
"WP09C07372","1","B_o112_r13773","B"
"WP09C07373","1","B_o112_r13727","B"
"WP09C07374","1","B_o112_r13728","B"
"WP09C07375","1","B_o112_r13731","B"
"WP09C07376","1","B_o112_r13690","B"
"WP09C07377","1","B_o112_r13692","B"
"WP09C07378","1","B_o112_r13763","B"
"WP09C07379","1","B_o112_r13771","B"
"WP09C07380","1","B_o112_r13700","B"
"WP09C07381","1","B_o112_r13725","B"
"WP09C07382","1","B_o112_r13739","B"
"WP09C07383","1","B_o112_r13757","B"
"WP09C07384","1","B_o112_r13774","B"
"WP09C07385","1","B_o112_r13684","B"
"WP09C07386","1","B_o112_r13697","B"
"WP09C07387","1","B_o112_r13683","B"
"WP09C07388","1","B_o112_r13787","B"
"WP09C07389","1","B_o112_r13779","B"
"WP09C07390","1","B_o112_r13699","B"
"WP09C07391","1","B_o112_r13701","B"
"WP09C07392","1","B_o112_r13784","B"
"WP09C07393","1","B_o112_r13781","B"
"WP09C07394","1","B_o112_r13691","B"
"WP09C07395","1","B_o112_r13795","B"
"WP09C07396","1","B_o112_r13713","B"
"WP09C07397","1","B_o112_r13737","B"
"WP09C07398","1","B_o112_r13800","B"
"WP09C07399","1","B_o112_r13782","B"
"WP09C07400","1","B_o112_r13776","B"
"WP09C07401","1","B_o112_r13714","B"
"WP09C07402","1","B_o112_r13798","B"
"WP09C07403","1","B_o112_r13719","B"
"WP09C07404","1","B_o112_r13716","B"
"WP09C07405","1","B_o112_r13703","B"
"WP09C07406","1","B_o112_r13799","B"
"WP09C07407","1","B_o112_r13751","B"
"WP09C07408","1","B_o112_r13752","B"
"WP09C07409","1","B_o112_r13775","B"
"WP09C07410","1","B_o112_r13777","B"
"WP09C07411","1","B_o112_r13704","B"
"WP09C07412","1","B_o112_r13786","B"
"WP09C07413","1","B_o112_r13689","B"
"WP09C07414","1","B_o112_r13778","B"
"WP09C07415","1","B_o112_r13686","B"
"WP09C07416","1","B_o112_r13745","B"
"WP09C07417","1","B_o112_r13695","B"
"WP09C07418","1","B_o113_r13910","B"
"WP09C07419","1","B_o113_r13903","B"
"WP09C07420","1","B_o113_r13917","B"
"WP09C07421","1","B_o113_r13892","B"
"WP09C07422","1","B_o113_r13801","B"
"WP09C07423","1","B_o113_r13913","B"
"WP09C07424","1","B_o113_r13835","B"
"WP09C07425","1","B_o113_r13805","B"
"WP09C07426","1","B_o113_r13802","B"
"WP09C07427","1","B_o113_r13841","B"
"WP09C07428","1","B_o113_r13813","B"
"WP09C07429","1","B_o113_r13916","B"
"WP09C07430","1","B_o113_r13905","B"
"WP09C07431","1","B_o113_r13822","B"
"WP09C07432","1","B_o113_r13853","B"
"WP09C07433","1","B_o113_r13908","B"
"WP09C07434","1","B_o113_r13900","B"
"WP09C07435","1","B_o113_r13866","B"
"WP09C07436","1","B_o113_r13914","B"
"WP09C07437","1","B_o113_r13846","B"
"WP09C07438","1","B_o113_r13893","B"
"WP09C07439","1","B_o113_r13847","B"
"WP09C07440","1","B_o113_r13848","B"
"WP09C07441","1","B_o113_r13851","B"
"WP09C07442","1","B_o113_r13810","B"
"WP09C07443","1","B_o113_r13812","B"
"WP09C07444","1","B_o113_r13883","B"
"WP09C07445","1","B_o113_r13891","B"
"WP09C07446","1","B_o113_r13820","B"
"WP09C07447","1","B_o113_r13845","B"
"WP09C07448","1","B_o113_r13859","B"
"WP09C07449","1","B_o113_r13877","B"
"WP09C07450","1","B_o113_r13894","B"
"WP09C07451","1","B_o113_r13804","B"
"WP09C07452","1","B_o113_r13817","B"
"WP09C07453","1","B_o113_r13803","B"
"WP09C07454","1","B_o113_r13907","B"
"WP09C07455","1","B_o113_r13899","B"
"WP09C07456","1","B_o113_r13819","B"
"WP09C07457","1","B_o113_r13821","B"
"WP09C07458","1","B_o113_r13904","B"
"WP09C07459","1","B_o113_r13901","B"
"WP09C07460","1","B_o113_r13811","B"
"WP09C07461","1","B_o113_r13915","B"
"WP09C07462","1","B_o113_r13833","B"
"WP09C07463","1","B_o113_r13857","B"
"WP09C07464","1","B_o113_r13920","B"
"WP09C07465","1","B_o113_r13902","B"
"WP09C07466","1","B_o113_r13896","B"
"WP09C07467","1","B_o113_r13834","B"
"WP09C07468","1","B_o113_r13918","B"
"WP09C07469","1","B_o113_r13839","B"
"WP09C07470","1","B_o113_r13836","B"
"WP09C07471","1","B_o113_r13823","B"
"WP09C07472","1","B_o113_r13919","B"
"WP09C07473","1","B_o113_r13871","B"
"WP09C07474","1","B_o113_r13872","B"
"WP09C07475","1","B_o113_r13895","B"
"WP09C07476","1","B_o113_r13897","B"
"WP09C07477","1","B_o113_r13824","B"
"WP09C07478","1","B_o113_r13906","B"
"WP09C07479","1","B_o113_r13809","B"
"WP09C07480","1","B_o113_r13898","B"
"WP09C07481","1","B_o113_r13806","B"
"WP09C07482","1","B_o113_r13865","B"
"WP09C07483","1","B_o113_r13815","B"
"WP09C07484","1","B_o114_r13999","B"
"WP09C07485","1","B_o114_r13924","B"
"WP09C07486","1","B_o114_r14023","B"
"WP09C07487","1","B_o114_r14012","B"
"WP09C07488","1","B_o114_r13921","B"
"WP09C07489","1","B_o114_r13955","B"
"WP09C07490","1","B_o114_r13925","B"
"WP09C07491","1","B_o114_r13922","B"
"WP09C07492","1","B_o114_r13961","B"
"WP09C07493","1","B_o114_r13933","B"
"WP09C07494","1","B_o114_r14025","B"
"WP09C07495","1","B_o114_r13973","B"
"WP09C07496","1","B_o114_r13986","B"
"WP09C07497","1","B_o114_r14013","B"
"WP09C07498","1","B_o114_r13971","B"
"WP09C07499","1","B_o114_r14001","B"
"WP09C07500","1","B_o114_r14003","B"
"WP09C07501","1","B_o114_r14011","B"
"WP09C07502","1","B_o114_r13965","B"
"WP09C07503","1","B_o114_r13979","B"
"WP09C07504","1","B_o114_r13997","B"
"WP09C07505","1","B_o114_r14014","B"
"WP09C07506","1","B_o114_r13937","B"
"WP09C07507","1","B_o114_r13923","B"
"WP09C07508","1","B_o114_r14019","B"
"WP09C07509","1","B_o114_r13939","B"
"WP09C07510","1","B_o114_r13941","B"
"WP09C07511","1","B_o114_r13956","B"
"WP09C07512","1","B_o114_r13931","B"
"WP09C07513","1","B_o114_r13995","B"
"WP09C07514","1","B_o114_r13954","B"
"WP09C07515","1","B_o114_r13930","B"
"WP09C07516","1","B_o114_r13953","B"
"WP09C07517","1","B_o114_r13977","B"
"WP09C07518","1","B_o114_r13926","B"
"WP09C07519","1","B_o114_r13993","B"
"WP09C07520","1","B_o114_r14016","B"
"WP09C07521","1","B_o114_r13959","B"
"WP09C07522","1","B_o114_r13932","B"
"WP09C07523","1","B_o114_r14015","B"
"WP09C07524","1","B_o114_r14017","B"
"WP09C07525","1","B_o114_r13929","B"
"WP09C07526","1","B_o114_r13985","B"
"WP09C07527","1","B_o114_r13935","B"
"WP09C07528","1","B_o115_r14127","B"
"WP09C07529","1","B_o115_r14064","B"
"WP09C07530","1","B_o115_r14119","B"
"WP09C07531","1","B_o115_r14044","B"
"WP09C07532","1","B_o115_r14143","B"
"WP09C07533","1","B_o115_r14041","B"
"WP09C07534","1","B_o115_r14074","B"
"WP09C07535","1","B_o115_r14101","B"
"WP09C07536","1","B_o115_r14075","B"
"WP09C07537","1","B_o115_r14109","B"
"WP09C07538","1","B_o115_r14045","B"
"WP09C07539","1","B_o115_r14042","B"
"WP09C07540","1","B_o115_r14081","B"
"WP09C07541","1","B_o115_r14053","B"
"WP09C07542","1","B_o115_r14145","B"
"WP09C07543","1","B_o115_r14093","B"
"WP09C07544","1","B_o115_r14056","B"
"WP09C07545","1","B_o115_r14080","B"
"WP09C07546","1","B_o115_r14106","B"
"WP09C07547","1","B_o115_r14052","B"
"WP09C07548","1","B_o115_r14133","B"
"WP09C07549","1","B_o115_r14091","B"
"WP09C07550","1","B_o115_r14121","B"
"WP09C07551","1","B_o115_r14123","B"
"WP09C07552","1","B_o115_r14107","B"
"WP09C07553","1","B_o115_r14131","B"
"WP09C07554","1","B_o115_r14085","B"
"WP09C07555","1","B_o115_r14099","B"
"WP09C07556","1","B_o115_r14117","B"
"WP09C07557","1","B_o115_r14151","B"
"WP09C07558","1","B_o115_r14125","B"
"WP09C07559","1","B_o115_r14057","B"
"WP09C07560","1","B_o115_r14043","B"
"WP09C07561","1","B_o115_r14139","B"
"WP09C07562","1","B_o115_r14059","B"
"WP09C07563","1","B_o115_r14061","B"
"WP09C07564","1","B_o115_r14051","B"
"WP09C07565","1","B_o115_r14115","B"
"WP09C07566","1","B_o115_r14076","B"
"WP09C07567","1","B_o115_r14149","B"
"WP09C07568","1","B_o115_r14073","B"
"WP09C07569","1","B_o115_r14058","B"
"WP09C07570","1","B_o115_r14097","B"
"WP09C07571","1","B_o115_r14050","B"
"WP09C07572","1","B_o115_r14046","B"
"WP09C07573","1","B_o115_r14113","B"
"WP09C07574","1","B_o115_r14103","B"
"WP09C07575","1","B_o115_r14086","B"
"WP09C07576","1","B_o115_r14079","B"
"WP09C07577","1","B_o115_r14088","B"
"WP09C07578","1","B_o115_r14137","B"
"WP09C07579","1","B_o115_r14082","B"
"WP09C07580","1","B_o115_r14049","B"
"WP09C07581","1","B_o115_r14105","B"
"WP09C07582","1","B_o115_r14062","B"
"WP09C07583","1","B_o115_r14055","B"
"WP09C07584","1","B_o116_r14270","B"
"WP09C07585","1","B_o116_r14193","B"
"WP09C07586","1","B_o116_r14263","B"
"WP09C07587","1","B_o116_r14252","B"
"WP09C07588","1","B_o116_r14161","B"
"WP09C07589","1","B_o116_r14273","B"
"WP09C07590","1","B_o116_r14165","B"
"WP09C07591","1","B_o116_r14162","B"
"WP09C07592","1","B_o116_r14173","B"
"WP09C07593","1","B_o116_r14276","B"
"WP09C07594","1","B_o116_r14182","B"
"WP09C07595","1","B_o116_r14213","B"
"WP09C07596","1","B_o116_r14268","B"
"WP09C07597","1","B_o116_r14260","B"
"WP09C07598","1","B_o116_r14265","B"
"WP09C07599","1","B_o116_r14217","B"
"WP09C07600","1","B_o116_r14195","B"
"WP09C07601","1","B_o116_r14206","B"
"WP09C07602","1","B_o116_r14208","B"
"WP09C07603","1","B_o116_r14211","B"
"WP09C07604","1","B_o116_r14170","B"
"WP09C07605","1","B_o116_r14172","B"
"WP09C07606","1","B_o116_r14251","B"
"WP09C07607","1","B_o116_r14180","B"
"WP09C07608","1","B_o116_r14237","B"
"WP09C07609","1","B_o116_r14267","B"
"WP09C07610","1","B_o116_r14254","B"
"WP09C07611","1","B_o116_r14253","B"
"WP09C07612","1","B_o116_r14164","B"
"WP09C07613","1","B_o116_r14177","B"
"WP09C07614","1","B_o116_r14163","B"
"WP09C07615","1","B_o116_r14219","B"
"WP09C07616","1","B_o116_r14259","B"
"WP09C07617","1","B_o116_r14179","B"
"WP09C07618","1","B_o116_r14277","B"
"WP09C07619","1","B_o116_r14181","B"
"WP09C07620","1","B_o116_r14264","B"
"WP09C07621","1","B_o116_r14261","B"
"WP09C07622","1","B_o116_r14171","B"
"WP09C07623","1","B_o116_r14207","B"
"WP09C07624","1","B_o116_r14201","B"
"WP09C07625","1","B_o116_r14275","B"
"WP09C07626","1","B_o116_r14243","B"
"WP09C07627","1","B_o116_r14280","B"
"WP09C07628","1","B_o116_r14262","B"
"WP09C07629","1","B_o116_r14256","B"
"WP09C07630","1","B_o116_r14199","B"
"WP09C07631","1","B_o116_r14194","B"
"WP09C07632","1","B_o116_r14278","B"
"WP09C07633","1","B_o116_r14196","B"
"WP09C07634","1","B_o116_r14183","B"
"WP09C07635","1","B_o116_r14279","B"
"WP09C07636","1","B_o116_r14231","B"
"WP09C07637","1","B_o116_r14255","B"
"WP09C07638","1","B_o116_r14257","B"
"WP09C07639","1","B_o116_r14184","B"
"WP09C07640","1","B_o116_r14266","B"
"WP09C07641","1","B_o116_r14169","B"
"WP09C07642","1","B_o116_r14258","B"
"WP09C07643","1","B_o116_r14166","B"
"WP09C07644","1","B_o116_r14225","B"
"WP09C07645","1","B_o116_r14205","B"
"WP09C07646","1","B_o116_r14175","B"
"WP09C07647","1","B_o117_r14390","B"
"WP09C07648","1","B_o117_r14313","B"
"WP09C07649","1","B_o117_r14383","B"
"WP09C07650","1","B_o117_r14372","B"
"WP09C07651","1","B_o117_r14281","B"
"WP09C07652","1","B_o117_r14393","B"
"WP09C07653","1","B_o117_r14285","B"
"WP09C07654","1","B_o117_r14282","B"
"WP09C07655","1","B_o117_r14293","B"
"WP09C07656","1","B_o117_r14396","B"
"WP09C07657","1","B_o117_r14302","B"
"WP09C07658","1","B_o117_r14333","B"
"WP09C07659","1","B_o117_r14388","B"
"WP09C07660","1","B_o117_r14380","B"
"WP09C07661","1","B_o117_r14385","B"
"WP09C07662","1","B_o117_r14337","B"
"WP09C07663","1","B_o117_r14315","B"
"WP09C07664","1","B_o117_r14326","B"
"WP09C07665","1","B_o117_r14328","B"
"WP09C07666","1","B_o117_r14331","B"
"WP09C07667","1","B_o117_r14290","B"
"WP09C07668","1","B_o117_r14292","B"
"WP09C07669","1","B_o117_r14371","B"
"WP09C07670","1","B_o117_r14300","B"
"WP09C07671","1","B_o117_r14357","B"
"WP09C07672","1","B_o117_r14387","B"
"WP09C07673","1","B_o117_r14374","B"
"WP09C07674","1","B_o117_r14373","B"
"WP09C07675","1","B_o117_r14284","B"
"WP09C07676","1","B_o117_r14297","B"
"WP09C07677","1","B_o117_r14283","B"
"WP09C07678","1","B_o117_r14339","B"
"WP09C07679","1","B_o117_r14379","B"
"WP09C07680","1","B_o117_r14299","B"
"WP09C07681","1","B_o117_r14397","B"
"WP09C07682","1","B_o117_r14301","B"
"WP09C07683","1","B_o117_r14384","B"
"WP09C07684","1","B_o117_r14381","B"
"WP09C07685","1","B_o117_r14291","B"
"WP09C07686","1","B_o117_r14327","B"
"WP09C07687","1","B_o117_r14321","B"
"WP09C07688","1","B_o117_r14395","B"
"WP09C07689","1","B_o117_r14363","B"
"WP09C07690","1","B_o117_r14400","B"
"WP09C07691","1","B_o117_r14382","B"
"WP09C07692","1","B_o117_r14376","B"
"WP09C07693","1","B_o117_r14319","B"
"WP09C07694","1","B_o117_r14314","B"
"WP09C07695","1","B_o117_r14398","B"
"WP09C07696","1","B_o117_r14316","B"
"WP09C07697","1","B_o117_r14303","B"
"WP09C07698","1","B_o117_r14399","B"
"WP09C07699","1","B_o117_r14351","B"
"WP09C07700","1","B_o117_r14375","B"
"WP09C07701","1","B_o117_r14377","B"
"WP09C07702","1","B_o117_r14304","B"
"WP09C07703","1","B_o117_r14386","B"
"WP09C07704","1","B_o117_r14289","B"
"WP09C07705","1","B_o117_r14378","B"
"WP09C07706","1","B_o117_r14286","B"
"WP09C07707","1","B_o117_r14345","B"
"WP09C07708","1","B_o117_r14325","B"
"WP09C07709","1","B_o117_r14295","B"
"WP09C07710","1","B_o118_r14433","B"
"WP09C07711","1","B_o118_r14479","B"
"WP09C07712","1","B_o118_r14404","B"
"WP09C07713","1","B_o118_r14503","B"
"WP09C07714","1","B_o118_r14492","B"
"WP09C07715","1","B_o118_r14401","B"
"WP09C07716","1","B_o118_r14405","B"
"WP09C07717","1","B_o118_r14402","B"
"WP09C07718","1","B_o118_r14413","B"
"WP09C07719","1","B_o118_r14453","B"
"WP09C07720","1","B_o118_r14505","B"
"WP09C07721","1","B_o118_r14457","B"
"WP09C07722","1","B_o118_r14435","B"
"WP09C07723","1","B_o118_r14451","B"
"WP09C07724","1","B_o118_r14481","B"
"WP09C07725","1","B_o118_r14491","B"
"WP09C07726","1","B_o118_r14477","B"
"WP09C07727","1","B_o118_r14494","B"
"WP09C07728","1","B_o118_r14493","B"
"WP09C07729","1","B_o118_r14417","B"
"WP09C07730","1","B_o118_r14403","B"
"WP09C07731","1","B_o118_r14459","B"
"WP09C07732","1","B_o118_r14499","B"
"WP09C07733","1","B_o118_r14419","B"
"WP09C07734","1","B_o118_r14421","B"
"WP09C07735","1","B_o118_r14436","B"
"WP09C07736","1","B_o118_r14411","B"
"WP09C07737","1","B_o118_r14475","B"
"WP09C07738","1","B_o118_r14434","B"
"WP09C07739","1","B_o118_r14410","B"
"WP09C07740","1","B_o118_r14441","B"
"WP09C07741","1","B_o118_r14406","B"
"WP09C07742","1","B_o118_r14483","B"
"WP09C07743","1","B_o118_r14473","B"
"WP09C07744","1","B_o118_r14496","B"
"WP09C07745","1","B_o118_r14439","B"
"WP09C07746","1","B_o118_r14412","B"
"WP09C07747","1","B_o118_r14495","B"
"WP09C07748","1","B_o118_r14497","B"
"WP09C07749","1","B_o118_r14409","B"
"WP09C07750","1","B_o118_r14465","B"
"WP09C07751","1","B_o118_r14445","B"
"WP09C07752","1","B_o118_r14415","B"
"WP09C07753","1","B_o119_r14544","B"
"WP09C07754","1","B_o119_r14553","B"
"WP09C07755","1","B_o119_r14599","B"
"WP09C07756","1","B_o119_r14524","B"
"WP09C07757","1","B_o119_r14623","B"
"WP09C07758","1","B_o119_r14521","B"
"WP09C07759","1","B_o119_r14554","B"
"WP09C07760","1","B_o119_r14581","B"
"WP09C07761","1","B_o119_r14525","B"
"WP09C07762","1","B_o119_r14522","B"
"WP09C07763","1","B_o119_r14533","B"
"WP09C07764","1","B_o119_r14607","B"
"WP09C07765","1","B_o119_r14573","B"
"WP09C07766","1","B_o119_r14536","B"
"WP09C07767","1","B_o119_r14560","B"
"WP09C07768","1","B_o119_r14625","B"
"WP09C07769","1","B_o119_r14532","B"
"WP09C07770","1","B_o119_r14577","B"
"WP09C07771","1","B_o119_r14555","B"
"WP09C07772","1","B_o119_r14571","B"
"WP09C07773","1","B_o119_r14601","B"
"WP09C07774","1","B_o119_r14587","B"
"WP09C07775","1","B_o119_r14611","B"
"WP09C07776","1","B_o119_r14597","B"
"WP09C07777","1","B_o119_r14613","B"
"WP09C07778","1","B_o119_r14605","B"
"WP09C07779","1","B_o119_r14537","B"
"WP09C07780","1","B_o119_r14523","B"
"WP09C07781","1","B_o119_r14579","B"
"WP09C07782","1","B_o119_r14619","B"
"WP09C07783","1","B_o119_r14539","B"
"WP09C07784","1","B_o119_r14583","B"
"WP09C07785","1","B_o119_r14541","B"
"WP09C07786","1","B_o119_r14531","B"
"WP09C07787","1","B_o119_r14595","B"
"WP09C07788","1","B_o119_r14556","B"
"WP09C07789","1","B_o119_r14629","B"
"WP09C07790","1","B_o119_r14561","B"
"WP09C07791","1","B_o119_r14538","B"
"WP09C07792","1","B_o119_r14589","B"
"WP09C07793","1","B_o119_r14530","B"
"WP09C07794","1","B_o119_r14526","B"
"WP09C07795","1","B_o119_r14603","B"
"WP09C07796","1","B_o119_r14593","B"
"WP09C07797","1","B_o119_r14559","B"
"WP09C07798","1","B_o119_r14566","B"
"WP09C07799","1","B_o119_r14631","B"
"WP09C07800","1","B_o119_r14568","B"
"WP09C07801","1","B_o119_r14617","B"
"WP09C07802","1","B_o119_r14562","B"
"WP09C07803","1","B_o119_r14529","B"
"WP09C07804","1","B_o119_r14585","B"
"WP09C07805","1","B_o119_r14565","B"
"WP09C07806","1","B_o119_r14542","B"
"WP09C07807","1","B_o119_r14535","B"
"WP09C07808","1","B_o120_r14664","B"
"WP09C07809","1","B_o120_r14673","B"
"WP09C07810","1","B_o120_r14719","B"
"WP09C07811","1","B_o120_r14644","B"
"WP09C07812","1","B_o120_r14743","B"
"WP09C07813","1","B_o120_r14682","B"
"WP09C07814","1","B_o120_r14641","B"
"WP09C07815","1","B_o120_r14701","B"
"WP09C07816","1","B_o120_r14676","B"
"WP09C07817","1","B_o120_r14751","B"
"WP09C07818","1","B_o120_r14645","B"
"WP09C07819","1","B_o120_r14642","B"
"WP09C07820","1","B_o120_r14653","B"
"WP09C07821","1","B_o120_r14703","B"
"WP09C07822","1","B_o120_r14656","B"
"WP09C07823","1","B_o120_r14745","B"
"WP09C07824","1","B_o120_r14652","B"
"WP09C07825","1","B_o120_r14675","B"
"WP09C07826","1","B_o120_r14709","B"
"WP09C07827","1","B_o120_r14721","B"
"WP09C07828","1","B_o120_r14707","B"
"WP09C07829","1","B_o120_r14731","B"
"WP09C07830","1","B_o120_r14733","B"
"WP09C07831","1","B_o120_r14725","B"
"WP09C07832","1","B_o120_r14680","B"
"WP09C07833","1","B_o120_r14643","B"
"WP09C07834","1","B_o120_r14739","B"
"WP09C07835","1","B_o120_r14659","B"
"WP09C07836","1","B_o120_r14661","B"
"WP09C07837","1","B_o120_r14715","B"
"WP09C07838","1","B_o120_r14749","B"
"WP09C07839","1","B_o120_r14681","B"
"WP09C07840","1","B_o120_r14658","B"
"WP09C07841","1","B_o120_r14650","B"
"WP09C07842","1","B_o120_r14646","B"
"WP09C07843","1","B_o120_r14713","B"
"WP09C07844","1","B_o120_r14679","B"
"WP09C07845","1","B_o120_r14727","B"
"WP09C07846","1","B_o120_r14674","B"
"WP09C07847","1","B_o120_r14688","B"
"WP09C07848","1","B_o120_r14737","B"
"WP09C07849","1","B_o120_r14686","B"
"WP09C07850","1","B_o120_r14705","B"
"WP09C07851","1","B_o120_r14685","B"
"WP09C07852","1","B_o120_r14662","B"
"WP09C07853","1","B_o120_r14655","B"
"WP09C07854","1","B_o121_r14793","B"
"WP09C07855","1","B_o121_r14852","B"
"WP09C07856","1","B_o121_r14761","B"
"WP09C07857","1","B_o121_r14873","B"
"WP09C07858","1","B_o121_r14765","B"
"WP09C07859","1","B_o121_r14762","B"
"WP09C07860","1","B_o121_r14773","B"
"WP09C07861","1","B_o121_r14876","B"
"WP09C07862","1","B_o121_r14782","B"
"WP09C07863","1","B_o121_r14813","B"
"WP09C07864","1","B_o121_r14868","B"
"WP09C07865","1","B_o121_r14860","B"
"WP09C07866","1","B_o121_r14865","B"
"WP09C07867","1","B_o121_r14817","B"
"WP09C07868","1","B_o121_r14795","B"
"WP09C07869","1","B_o121_r14806","B"
"WP09C07870","1","B_o121_r14808","B"
"WP09C07871","1","B_o121_r14811","B"
"WP09C07872","1","B_o121_r14770","B"
"WP09C07873","1","B_o121_r14772","B"
"WP09C07874","1","B_o121_r14851","B"
"WP09C07875","1","B_o121_r14780","B"
"WP09C07876","1","B_o121_r14837","B"
"WP09C07877","1","B_o121_r14867","B"
"WP09C07878","1","B_o121_r14854","B"
"WP09C07879","1","B_o121_r14853","B"
"WP09C07880","1","B_o121_r14764","B"
"WP09C07881","1","B_o121_r14777","B"
"WP09C07882","1","B_o121_r14763","B"
"WP09C07883","1","B_o121_r14819","B"
"WP09C07884","1","B_o121_r14859","B"
"WP09C07885","1","B_o121_r14779","B"
"WP09C07886","1","B_o121_r14877","B"
"WP09C07887","1","B_o121_r14781","B"
"WP09C07888","1","B_o121_r14861","B"
"WP09C07889","1","B_o121_r14771","B"
"WP09C07890","1","B_o121_r14807","B"
"WP09C07891","1","B_o121_r14801","B"
"WP09C07892","1","B_o121_r14875","B"
"WP09C07893","1","B_o121_r14843","B"
"WP09C07894","1","B_o121_r14880","B"
"WP09C07895","1","B_o121_r14862","B"
"WP09C07896","1","B_o121_r14856","B"
"WP09C07897","1","B_o121_r14799","B"
"WP09C07898","1","B_o121_r14794","B"
"WP09C07899","1","B_o121_r14878","B"
"WP09C07900","1","B_o121_r14796","B"
"WP09C07901","1","B_o121_r14783","B"
"WP09C07902","1","B_o121_r14879","B"
"WP09C07903","1","B_o121_r14831","B"
"WP09C07904","1","B_o121_r14855","B"
"WP09C07905","1","B_o121_r14857","B"
"WP09C07906","1","B_o121_r14784","B"
"WP09C07907","1","B_o121_r14866","B"
"WP09C07908","1","B_o121_r14769","B"
"WP09C07909","1","B_o121_r14858","B"
"WP09C07910","1","B_o121_r14766","B"
"WP09C07911","1","B_o121_r14825","B"
"WP09C07912","1","B_o121_r14805","B"
"WP09C07913","1","B_o121_r14775","B"
"WP09C07914","1","B_o122_r14913","B"
"WP09C07915","1","B_o122_r14972","B"
"WP09C07916","1","B_o122_r14881","B"
"WP09C07917","1","B_o122_r14993","B"
"WP09C07918","1","B_o122_r14885","B"
"WP09C07919","1","B_o122_r14882","B"
"WP09C07920","1","B_o122_r14893","B"
"WP09C07921","1","B_o122_r14996","B"
"WP09C07922","1","B_o122_r14902","B"
"WP09C07923","1","B_o122_r14933","B"
"WP09C07924","1","B_o122_r14988","B"
"WP09C07925","1","B_o122_r14980","B"
"WP09C07926","1","B_o122_r14985","B"
"WP09C07927","1","B_o122_r14937","B"
"WP09C07928","1","B_o122_r14915","B"
"WP09C07929","1","B_o122_r14926","B"
"WP09C07930","1","B_o122_r14928","B"
"WP09C07931","1","B_o122_r14931","B"
"WP09C07932","1","B_o122_r14890","B"
"WP09C07933","1","B_o122_r14892","B"
"WP09C07934","1","B_o122_r14971","B"
"WP09C07935","1","B_o122_r14900","B"
"WP09C07936","1","B_o122_r14957","B"
"WP09C07937","1","B_o122_r14987","B"
"WP09C07938","1","B_o122_r14974","B"
"WP09C07939","1","B_o122_r14973","B"
"WP09C07940","1","B_o122_r14884","B"
"WP09C07941","1","B_o122_r14897","B"
"WP09C07942","1","B_o122_r14883","B"
"WP09C07943","1","B_o122_r14939","B"
"WP09C07944","1","B_o122_r14979","B"
"WP09C07945","1","B_o122_r14899","B"
"WP09C07946","1","B_o122_r14997","B"
"WP09C07947","1","B_o122_r14901","B"
"WP09C07948","1","B_o122_r14981","B"
"WP09C07949","1","B_o122_r14891","B"
"WP09C07950","1","B_o122_r14927","B"
"WP09C07951","1","B_o122_r14921","B"
"WP09C07952","1","B_o122_r14995","B"
"WP09C07953","1","B_o122_r14963","B"
"WP09C07954","1","B_o122_r15000","B"
"WP09C07955","1","B_o122_r14982","B"
"WP09C07956","1","B_o122_r14976","B"
"WP09C07957","1","B_o122_r14919","B"
"WP09C07958","1","B_o122_r14914","B"
"WP09C07959","1","B_o122_r14998","B"
"WP09C07960","1","B_o122_r14916","B"
"WP09C07961","1","B_o122_r14903","B"
"WP09C07962","1","B_o122_r14999","B"
"WP09C07963","1","B_o122_r14951","B"
"WP09C07964","1","B_o122_r14975","B"
"WP09C07965","1","B_o122_r14977","B"
"WP09C07966","1","B_o122_r14904","B"
"WP09C07967","1","B_o122_r14986","B"
"WP09C07968","1","B_o122_r14889","B"
"WP09C07969","1","B_o122_r14978","B"
"WP09C07970","1","B_o122_r14886","B"
"WP09C07971","1","B_o122_r14945","B"
"WP09C07972","1","B_o122_r14925","B"
"WP09C07973","1","B_o122_r14895","B"
"WP09C07974","1","B_o123_r15033","B"
"WP09C07975","1","B_o123_r15004","B"
"WP09C07976","1","B_o123_r15092","B"
"WP09C07977","1","B_o123_r15001","B"
"WP09C07978","1","B_o123_r15005","B"
"WP09C07979","1","B_o123_r15002","B"
"WP09C07980","1","B_o123_r15013","B"
"WP09C07981","1","B_o123_r15053","B"
"WP09C07982","1","B_o123_r15105","B"
"WP09C07983","1","B_o123_r15057","B"
"WP09C07984","1","B_o123_r15035","B"
"WP09C07985","1","B_o123_r15051","B"
"WP09C07986","1","B_o123_r15081","B"
"WP09C07987","1","B_o123_r15091","B"
"WP09C07988","1","B_o123_r15077","B"
"WP09C07989","1","B_o123_r15094","B"
"WP09C07990","1","B_o123_r15093","B"
"WP09C07991","1","B_o123_r15017","B"
"WP09C07992","1","B_o123_r15003","B"
"WP09C07993","1","B_o123_r15059","B"
"WP09C07994","1","B_o123_r15099","B"
"WP09C07995","1","B_o123_r15019","B"
"WP09C07996","1","B_o123_r15021","B"
"WP09C07997","1","B_o123_r15036","B"
"WP09C07998","1","B_o123_r15011","B"
"WP09C07999","1","B_o123_r15075","B"
"WP09C08000","1","B_o123_r15034","B"
"WP09C08001","1","B_o123_r15010","B"
"WP09C08002","1","B_o123_r15041","B"
"WP09C08003","1","B_o123_r15006","B"
"WP09C08004","1","B_o123_r15083","B"
"WP09C08005","1","B_o123_r15073","B"
"WP09C08006","1","B_o123_r15096","B"
"WP09C08007","1","B_o123_r15039","B"
"WP09C08008","1","B_o123_r15012","B"
"WP09C08009","1","B_o123_r15095","B"
"WP09C08010","1","B_o123_r15097","B"
"WP09C08011","1","B_o123_r15009","B"
"WP09C08012","1","B_o123_r15065","B"
"WP09C08013","1","B_o123_r15045","B"
"WP09C08014","1","B_o123_r15015","B"
"WP09C08015","1","B_o124_r15144","B"
"WP09C08016","1","B_o124_r15153","B"
"WP09C08017","1","B_o124_r15124","B"
"WP09C08018","1","B_o124_r15121","B"
"WP09C08019","1","B_o124_r15154","B"
"WP09C08020","1","B_o124_r15181","B"
"WP09C08021","1","B_o124_r15125","B"
"WP09C08022","1","B_o124_r15122","B"
"WP09C08023","1","B_o124_r15133","B"
"WP09C08024","1","B_o124_r15207","B"
"WP09C08025","1","B_o124_r15173","B"
"WP09C08026","1","B_o124_r15136","B"
"WP09C08027","1","B_o124_r15160","B"
"WP09C08028","1","B_o124_r15225","B"
"WP09C08029","1","B_o124_r15132","B"
"WP09C08030","1","B_o124_r15177","B"
"WP09C08031","1","B_o124_r15155","B"
"WP09C08032","1","B_o124_r15171","B"
"WP09C08033","1","B_o124_r15201","B"
"WP09C08034","1","B_o124_r15187","B"
"WP09C08035","1","B_o124_r15211","B"
"WP09C08036","1","B_o124_r15197","B"
"WP09C08037","1","B_o124_r15213","B"
"WP09C08038","1","B_o124_r15205","B"
"WP09C08039","1","B_o124_r15137","B"
"WP09C08040","1","B_o124_r15123","B"
"WP09C08041","1","B_o124_r15179","B"
"WP09C08042","1","B_o124_r15219","B"
"WP09C08043","1","B_o124_r15139","B"
"WP09C08044","1","B_o124_r15183","B"
"WP09C08045","1","B_o124_r15141","B"
"WP09C08046","1","B_o124_r15131","B"
"WP09C08047","1","B_o124_r15195","B"
"WP09C08048","1","B_o124_r15156","B"
"WP09C08049","1","B_o124_r15229","B"
"WP09C08050","1","B_o124_r15161","B"
"WP09C08051","1","B_o124_r15138","B"
"WP09C08052","1","B_o124_r15189","B"
"WP09C08053","1","B_o124_r15130","B"
"WP09C08054","1","B_o124_r15126","B"
"WP09C08055","1","B_o124_r15203","B"
"WP09C08056","1","B_o124_r15193","B"
"WP09C08057","1","B_o124_r15159","B"
"WP09C08058","1","B_o124_r15166","B"
"WP09C08059","1","B_o124_r15231","B"
"WP09C08060","1","B_o124_r15168","B"
"WP09C08061","1","B_o124_r15217","B"
"WP09C08062","1","B_o124_r15162","B"
"WP09C08063","1","B_o124_r15129","B"
"WP09C08064","1","B_o124_r15185","B"
"WP09C08065","1","B_o124_r15165","B"
"WP09C08066","1","B_o124_r15142","B"
"WP09C08067","1","B_o124_r15135","B"
"WP09C08068","1","B_o125_r15264","B"
"WP09C08069","1","B_o125_r15273","B"
"WP09C08070","1","B_o125_r15244","B"
"WP09C08071","1","B_o125_r15282","B"
"WP09C08072","1","B_o125_r15241","B"
"WP09C08073","1","B_o125_r15301","B"
"WP09C08074","1","B_o125_r15276","B"
"WP09C08075","1","B_o125_r15351","B"
"WP09C08076","1","B_o125_r15245","B"
"WP09C08077","1","B_o125_r15242","B"
"WP09C08078","1","B_o125_r15253","B"
"WP09C08079","1","B_o125_r15303","B"
"WP09C08080","1","B_o125_r15256","B"
"WP09C08081","1","B_o125_r15345","B"
"WP09C08082","1","B_o125_r15252","B"
"WP09C08083","1","B_o125_r15275","B"
"WP09C08084","1","B_o125_r15309","B"
"WP09C08085","1","B_o125_r15321","B"
"WP09C08086","1","B_o125_r15307","B"
"WP09C08087","1","B_o125_r15331","B"
"WP09C08088","1","B_o125_r15333","B"
"WP09C08089","1","B_o125_r15325","B"
"WP09C08090","1","B_o125_r15280","B"
"WP09C08091","1","B_o125_r15243","B"
"WP09C08092","1","B_o125_r15339","B"
"WP09C08093","1","B_o125_r15259","B"
"WP09C08094","1","B_o125_r15261","B"
"WP09C08095","1","B_o125_r15315","B"
"WP09C08096","1","B_o125_r15349","B"
"WP09C08097","1","B_o125_r15281","B"
"WP09C08098","1","B_o125_r15258","B"
"WP09C08099","1","B_o125_r15250","B"
"WP09C08100","1","B_o125_r15246","B"
"WP09C08101","1","B_o125_r15313","B"
"WP09C08102","1","B_o125_r15279","B"
"WP09C08103","1","B_o125_r15327","B"
"WP09C08104","1","B_o125_r15274","B"
"WP09C08105","1","B_o125_r15288","B"
"WP09C08106","1","B_o125_r15337","B"
"WP09C08107","1","B_o125_r15286","B"
"WP09C08108","1","B_o125_r15305","B"
"WP09C08109","1","B_o125_r15285","B"
"WP09C08110","1","B_o125_r15262","B"
"WP09C08111","1","B_o125_r15255","B"
"WP09C08112","1","B_o126_r15384","B"
"WP09C08113","1","B_o126_r15364","B"
"WP09C08114","1","B_o126_r15402","B"
"WP09C08115","1","B_o126_r15361","B"
"WP09C08116","1","B_o126_r15421","B"
"WP09C08117","1","B_o126_r15396","B"
"WP09C08118","1","B_o126_r15471","B"
"WP09C08119","1","B_o126_r15365","B"
"WP09C08120","1","B_o126_r15362","B"
"WP09C08121","1","B_o126_r15373","B"
"WP09C08122","1","B_o126_r15423","B"
"WP09C08123","1","B_o126_r15376","B"
"WP09C08124","1","B_o126_r15372","B"
"WP09C08125","1","B_o126_r15429","B"
"WP09C08126","1","B_o126_r15427","B"
"WP09C08127","1","B_o126_r15451","B"
"WP09C08128","1","B_o126_r15453","B"
"WP09C08129","1","B_o126_r15445","B"
"WP09C08130","1","B_o126_r15400","B"
"WP09C08131","1","B_o126_r15363","B"
"WP09C08132","1","B_o126_r15459","B"
"WP09C08133","1","B_o126_r15379","B"
"WP09C08134","1","B_o126_r15381","B"
"WP09C08135","1","B_o126_r15435","B"
"WP09C08136","1","B_o126_r15469","B"
"WP09C08137","1","B_o126_r15378","B"
"WP09C08138","1","B_o126_r15370","B"
"WP09C08139","1","B_o126_r15366","B"
"WP09C08140","1","B_o126_r15433","B"
"WP09C08141","1","B_o126_r15447","B"
"WP09C08142","1","B_o126_r15394","B"
"WP09C08143","1","B_o126_r15408","B"
"WP09C08144","1","B_o126_r15457","B"
"WP09C08145","1","B_o126_r15406","B"
"WP09C08146","1","B_o126_r15382","B"
"WP09C08147","1","B_o126_r15375","B"
