"FULL_family_count","closure_count","equivalence_valid","instance_id","panel","reason"
"1","2","True","B_o001_r00367","B","closure_count>1"
"1","2","True","B_o001_r00368","B","closure_count>1"
"1","2","True","B_o001_r00383","B","closure_count>1"
"1","2","True","B_o001_r00384","B","closure_count>1"
"1","2","True","B_o001_r00391","B","closure_count>1"
"1","2","True","B_o001_r00392","B","closure_count>1"
"1","2","True","B_o001_r00407","B","closure_count>1"
"1","2","True","B_o001_r00408","B","closure_count>1"
"1","2","True","B_o001_r00415","B","closure_count>1"
"1","2","True","B_o001_r00416","B","closure_count>1"
"1","2","True","B_o001_r00417","B","closure_count>1"
"1","2","True","B_o001_r00418","B","closure_count>1"
"1","2","True","B_o001_r00419","B","closure_count>1"
"1","2","True","B_o001_r00420","B","closure_count>1"
"1","2","True","B_o001_r00431","B","closure_count>1"
"1","2","True","B_o001_r00432","B","closure_count>1"
"1","2","True","B_o001_r00443","B","closure_count>1"
"1","2","True","B_o001_r00444","B","closure_count>1"
"1","2","True","B_o001_r00449","B","closure_count>1"
"1","2","True","B_o001_r00450","B","closure_count>1"
"1","2","True","B_o001_r00455","B","closure_count>1"
"1","2","True","B_o001_r00456","B","closure_count>1"
"1","2","True","B_o001_r00461","B","closure_count>1"
"1","2","True","B_o001_r00462","B","closure_count>1"
"1","3","True","B_o001_r00467","B","closure_count>1"
"1","3","True","B_o001_r00468","B","closure_count>1"
"1","3","True","B_o001_r00473","B","closure_count>1"
"1","3","True","B_o001_r00474","B","closure_count>1"
"1","2","True","B_o001_r00475","B","closure_count>1"
"1","2","True","B_o001_r00476","B","closure_count>1"
"1","2","True","B_o001_r00477","B","closure_count>1"
"1","2","True","B_o001_r00478","B","closure_count>1"
"1","3","True","B_o001_r00479","B","closure_count>1"
"1","3","True","B_o001_r00480","B","closure_count>1"
"1","2","True","B_o002_r00487","B","closure_count>1"
"1","2","True","B_o002_r00488","B","closure_count>1"
"1","2","True","B_o002_r00503","B","closure_count>1"
"1","2","True","B_o002_r00504","B","closure_count>1"
"1","2","True","B_o002_r00511","B","closure_count>1"
"1","2","True","B_o002_r00512","B","closure_count>1"
"1","2","True","B_o002_r00527","B","closure_count>1"
"1","2","True","B_o002_r00528","B","closure_count>1"
"1","2","True","B_o002_r00535","B","closure_count>1"
"1","2","True","B_o002_r00536","B","closure_count>1"
"1","2","True","B_o002_r00537","B","closure_count>1"
"1","2","True","B_o002_r00538","B","closure_count>1"
"1","2","True","B_o002_r00539","B","closure_count>1"
"1","2","True","B_o002_r00540","B","closure_count>1"
"1","2","True","B_o002_r00551","B","closure_count>1"
"1","2","True","B_o002_r00552","B","closure_count>1"
"1","2","True","B_o002_r00563","B","closure_count>1"
"1","2","True","B_o002_r00564","B","closure_count>1"
"1","2","True","B_o002_r00569","B","closure_count>1"
"1","2","True","B_o002_r00570","B","closure_count>1"
"1","2","True","B_o002_r00575","B","closure_count>1"
"1","2","True","B_o002_r00576","B","closure_count>1"
"1","2","True","B_o002_r00581","B","closure_count>1"
"1","2","True","B_o002_r00582","B","closure_count>1"
"1","3","True","B_o002_r00587","B","closure_count>1"
"1","3","True","B_o002_r00588","B","closure_count>1"
"1","3","True","B_o002_r00593","B","closure_count>1"
"1","3","True","B_o002_r00594","B","closure_count>1"
"1","2","True","B_o002_r00595","B","closure_count>1"
"1","2","True","B_o002_r00596","B","closure_count>1"
"1","2","True","B_o002_r00597","B","closure_count>1"
"1","2","True","B_o002_r00598","B","closure_count>1"
"1","3","True","B_o002_r00599","B","closure_count>1"
"1","3","True","B_o002_r00600","B","closure_count>1"
"1","2","True","B_o003_r00607","B","closure_count>1"
"1","2","True","B_o003_r00608","B","closure_count>1"
"1","2","True","B_o003_r00631","B","closure_count>1"
"1","2","True","B_o003_r00632","B","closure_count>1"
"1","2","True","B_o003_r00655","B","closure_count>1"
"1","2","True","B_o003_r00656","B","closure_count>1"
"1","2","True","B_o003_r00657","B","closure_count>1"
"1","2","True","B_o003_r00658","B","closure_count>1"
"1","2","True","B_o003_r00659","B","closure_count>1"
"1","2","True","B_o003_r00660","B","closure_count>1"
"1","2","True","B_o003_r00683","B","closure_count>1"
"1","2","True","B_o003_r00684","B","closure_count>1"
"1","2","True","B_o003_r00689","B","closure_count>1"
"1","2","True","B_o003_r00690","B","closure_count>1"
"1","2","True","B_o003_r00695","B","closure_count>1"
"1","2","True","B_o003_r00696","B","closure_count>1"
"1","2","True","B_o003_r00697","B","closure_count>1"
"1","2","True","B_o003_r00698","B","closure_count>1"
"1","2","True","B_o003_r00699","B","closure_count>1"
"1","2","True","B_o003_r00700","B","closure_count>1"
"1","3","True","B_o003_r00701","B","closure_count>1"
"1","3","True","B_o003_r00702","B","closure_count>1"
"1","2","True","B_o003_r00703","B","closure_count>1"
"1","2","True","B_o003_r00704","B","closure_count>1"
"1","2","True","B_o003_r00705","B","closure_count>1"
"1","2","True","B_o003_r00706","B","closure_count>1"
"1","4","True","B_o003_r00707","B","closure_count>1"
"1","4","True","B_o003_r00708","B","closure_count>1"
"1","2","True","B_o003_r00709","B","closure_count>1"
"1","2","True","B_o003_r00710","B","closure_count>1"
"1","2","True","B_o003_r00711","B","closure_count>1"
"1","2","True","B_o003_r00712","B","closure_count>1"
"1","4","True","B_o003_r00713","B","closure_count>1"
"1","4","True","B_o003_r00714","B","closure_count>1"
"1","3","True","B_o003_r00715","B","closure_count>1"
"1","3","True","B_o003_r00716","B","closure_count>1"
"1","3","True","B_o003_r00717","B","closure_count>1"
"1","3","True","B_o003_r00718","B","closure_count>1"
"1","4","True","B_o003_r00719","B","closure_count>1"
"1","4","True","B_o003_r00720","B","closure_count>1"
"1","2","True","B_o004_r00727","B","closure_count>1"
"1","2","True","B_o004_r00728","B","closure_count>1"
"1","2","True","B_o004_r00751","B","closure_count>1"
"1","2","True","B_o004_r00752","B","closure_count>1"
"1","2","True","B_o004_r00775","B","closure_count>1"
"1","2","True","B_o004_r00776","B","closure_count>1"
"1","2","True","B_o004_r00777","B","closure_count>1"
"1","2","True","B_o004_r00778","B","closure_count>1"
"1","2","True","B_o004_r00779","B","closure_count>1"
"1","2","True","B_o004_r00780","B","closure_count>1"
"1","2","True","B_o004_r00803","B","closure_count>1"
"1","2","True","B_o004_r00804","B","closure_count>1"
"1","2","True","B_o004_r00809","B","closure_count>1"
"1","2","True","B_o004_r00810","B","closure_count>1"
"1","2","True","B_o004_r00815","B","closure_count>1"
"1","2","True","B_o004_r00816","B","closure_count>1"
"1","2","True","B_o005_r00847","B","closure_count>1"
"1","2","True","B_o005_r00848","B","closure_count>1"
"1","2","True","B_o005_r00871","B","closure_count>1"
"1","2","True","B_o005_r00872","B","closure_count>1"
"1","2","True","B_o005_r00895","B","closure_count>1"
"1","2","True","B_o005_r00896","B","closure_count>1"
"1","2","True","B_o005_r00897","B","closure_count>1"
"1","2","True","B_o005_r00898","B","closure_count>1"
"1","2","True","B_o005_r00899","B","closure_count>1"
"1","2","True","B_o005_r00900","B","closure_count>1"
"1","2","True","B_o005_r00923","B","closure_count>1"
"1","2","True","B_o005_r00924","B","closure_count>1"
"1","2","True","B_o005_r00929","B","closure_count>1"
"1","2","True","B_o005_r00930","B","closure_count>1"
"1","2","True","B_o005_r00935","B","closure_count>1"
"1","2","True","B_o005_r00936","B","closure_count>1"
"1","2","True","B_o006_r00967","B","closure_count>1"
"1","2","True","B_o006_r00968","B","closure_count>1"
"1","2","True","B_o006_r00991","B","closure_count>1"
"1","2","True","B_o006_r00992","B","closure_count>1"
"1","2","True","B_o006_r01015","B","closure_count>1"
"1","2","True","B_o006_r01016","B","closure_count>1"
"1","2","True","B_o006_r01017","B","closure_count>1"
"1","2","True","B_o006_r01018","B","closure_count>1"
"1","2","True","B_o006_r01019","B","closure_count>1"
"1","2","True","B_o006_r01020","B","closure_count>1"
"1","2","True","B_o006_r01037","B","closure_count>1"
"1","2","True","B_o006_r01038","B","closure_count>1"
"1","3","True","B_o006_r01043","B","closure_count>1"
"1","3","True","B_o006_r01044","B","closure_count>1"
"1","3","True","B_o006_r01049","B","closure_count>1"
"1","3","True","B_o006_r01050","B","closure_count>1"
"1","2","True","B_o006_r01055","B","closure_count>1"
"1","2","True","B_o006_r01056","B","closure_count>1"
"1","2","True","B_o006_r01061","B","closure_count>1"
"1","2","True","B_o006_r01062","B","closure_count>1"
"1","3","True","B_o006_r01067","B","closure_count>1"
"1","3","True","B_o006_r01068","B","closure_count>1"
"1","3","True","B_o006_r01073","B","closure_count>1"
"1","3","True","B_o006_r01074","B","closure_count>1"
"1","2","True","B_o006_r01075","B","closure_count>1"
"1","2","True","B_o006_r01076","B","closure_count>1"
"1","2","True","B_o006_r01077","B","closure_count>1"
"1","2","True","B_o006_r01078","B","closure_count>1"
"1","3","True","B_o006_r01079","B","closure_count>1"
"1","3","True","B_o006_r01080","B","closure_count>1"
"1","2","True","B_o007_r01087","B","closure_count>1"
"1","2","True","B_o007_r01088","B","closure_count>1"
"1","2","True","B_o007_r01111","B","closure_count>1"
"1","2","True","B_o007_r01112","B","closure_count>1"
"1","2","True","B_o007_r01135","B","closure_count>1"
"1","2","True","B_o007_r01136","B","closure_count>1"
"1","2","True","B_o007_r01137","B","closure_count>1"
"1","2","True","B_o007_r01138","B","closure_count>1"
"1","2","True","B_o007_r01139","B","closure_count>1"
"1","2","True","B_o007_r01140","B","closure_count>1"
"1","2","True","B_o007_r01157","B","closure_count>1"
"1","2","True","B_o007_r01158","B","closure_count>1"
"1","3","True","B_o007_r01163","B","closure_count>1"
"1","3","True","B_o007_r01164","B","closure_count>1"
"1","3","True","B_o007_r01169","B","closure_count>1"
"1","3","True","B_o007_r01170","B","closure_count>1"
"1","2","True","B_o007_r01175","B","closure_count>1"
"1","2","True","B_o007_r01176","B","closure_count>1"
"1","2","True","B_o007_r01177","B","closure_count>1"
"1","2","True","B_o007_r01178","B","closure_count>1"
"1","2","True","B_o007_r01179","B","closure_count>1"
"1","2","True","B_o007_r01180","B","closure_count>1"
"1","5","True","B_o007_r01181","B","closure_count>1"
"1","5","True","B_o007_r01182","B","closure_count>1"
"1","2","True","B_o007_r01183","B","closure_count>1"
"1","2","True","B_o007_r01184","B","closure_count>1"
"1","2","True","B_o007_r01185","B","closure_count>1"
"1","2","True","B_o007_r01186","B","closure_count>1"
"1","6","True","B_o007_r01187","B","closure_count>1"
"1","6","True","B_o007_r01188","B","closure_count>1"
"1","2","True","B_o007_r01189","B","closure_count>1"
"1","2","True","B_o007_r01190","B","closure_count>1"
"1","2","True","B_o007_r01191","B","closure_count>1"
"1","2","True","B_o007_r01192","B","closure_count>1"
"1","6","True","B_o007_r01193","B","closure_count>1"
"1","6","True","B_o007_r01194","B","closure_count>1"
"1","3","True","B_o007_r01195","B","closure_count>1"
"1","3","True","B_o007_r01196","B","closure_count>1"
"1","3","True","B_o007_r01197","B","closure_count>1"
"1","3","True","B_o007_r01198","B","closure_count>1"
"1","4","True","B_o007_r01199","B","closure_count>1"
"1","4","True","B_o007_r01200","B","closure_count>1"
"1","2","True","B_o008_r01207","B","closure_count>1"
"1","2","True","B_o008_r01208","B","closure_count>1"
"1","2","True","B_o008_r01231","B","closure_count>1"
"1","2","True","B_o008_r01232","B","closure_count>1"
"1","2","True","B_o008_r01255","B","closure_count>1"
"1","2","True","B_o008_r01256","B","closure_count>1"
"1","2","True","B_o008_r01257","B","closure_count>1"
"1","2","True","B_o008_r01258","B","closure_count>1"
"1","2","True","B_o008_r01259","B","closure_count>1"
"1","2","True","B_o008_r01260","B","closure_count>1"
"1","2","True","B_o008_r01277","B","closure_count>1"
"1","2","True","B_o008_r01278","B","closure_count>1"
"1","3","True","B_o008_r01283","B","closure_count>1"
"1","3","True","B_o008_r01284","B","closure_count>1"
"1","3","True","B_o008_r01289","B","closure_count>1"
"1","3","True","B_o008_r01290","B","closure_count>1"
"1","2","True","B_o008_r01295","B","closure_count>1"
"1","2","True","B_o008_r01296","B","closure_count>1"
"1","2","True","B_o008_r01301","B","closure_count>1"
"1","2","True","B_o008_r01302","B","closure_count>1"
"1","2","True","B_o008_r01307","B","closure_count>1"
"1","2","True","B_o008_r01308","B","closure_count>1"
"1","2","True","B_o008_r01313","B","closure_count>1"
"1","2","True","B_o008_r01314","B","closure_count>1"
"1","2","True","B_o009_r01327","B","closure_count>1"
"1","2","True","B_o009_r01328","B","closure_count>1"
"1","2","True","B_o009_r01351","B","closure_count>1"
"1","2","True","B_o009_r01352","B","closure_count>1"
"1","2","True","B_o009_r01375","B","closure_count>1"
"1","2","True","B_o009_r01376","B","closure_count>1"
"1","2","True","B_o009_r01377","B","closure_count>1"
"1","2","True","B_o009_r01378","B","closure_count>1"
"1","2","True","B_o009_r01379","B","closure_count>1"
"1","2","True","B_o009_r01380","B","closure_count>1"
"1","2","True","B_o009_r01397","B","closure_count>1"
"1","2","True","B_o009_r01398","B","closure_count>1"
"1","3","True","B_o009_r01403","B","closure_count>1"
"1","3","True","B_o009_r01404","B","closure_count>1"
"1","3","True","B_o009_r01409","B","closure_count>1"
"1","3","True","B_o009_r01410","B","closure_count>1"
"1","2","True","B_o009_r01415","B","closure_count>1"
"1","2","True","B_o009_r01416","B","closure_count>1"
"1","2","True","B_o009_r01421","B","closure_count>1"
"1","2","True","B_o009_r01422","B","closure_count>1"
"1","2","True","B_o009_r01427","B","closure_count>1"
"1","2","True","B_o009_r01428","B","closure_count>1"
"1","2","True","B_o009_r01433","B","closure_count>1"
"1","2","True","B_o009_r01434","B","closure_count>1"
"1","2","True","B_o010_r01447","B","closure_count>1"
"1","2","True","B_o010_r01448","B","closure_count>1"
"1","2","True","B_o010_r01471","B","closure_count>1"
"1","2","True","B_o010_r01472","B","closure_count>1"
"1","2","True","B_o010_r01495","B","closure_count>1"
"1","2","True","B_o010_r01496","B","closure_count>1"
"1","2","True","B_o010_r01497","B","closure_count>1"
"1","2","True","B_o010_r01498","B","closure_count>1"
"1","2","True","B_o010_r01499","B","closure_count>1"
"1","2","True","B_o010_r01500","B","closure_count>1"
"1","2","True","B_o010_r01531","B","closure_count>1"
"1","2","True","B_o010_r01532","B","closure_count>1"
"1","2","True","B_o010_r01533","B","closure_count>1"
"1","2","True","B_o010_r01534","B","closure_count>1"
"1","3","True","B_o010_r01535","B","closure_count>1"
"1","3","True","B_o010_r01536","B","closure_count>1"
"1","2","True","B_o010_r01537","B","closure_count>1"
"1","2","True","B_o010_r01538","B","closure_count>1"
"1","2","True","B_o010_r01539","B","closure_count>1"
"1","2","True","B_o010_r01540","B","closure_count>1"
"1","2","True","B_o010_r01541","B","closure_count>1"
"1","2","True","B_o010_r01542","B","closure_count>1"
"1","2","True","B_o010_r01543","B","closure_count>1"
"1","2","True","B_o010_r01544","B","closure_count>1"
"1","2","True","B_o010_r01545","B","closure_count>1"
"1","2","True","B_o010_r01546","B","closure_count>1"
"1","2","True","B_o010_r01547","B","closure_count>1"
"1","2","True","B_o010_r01548","B","closure_count>1"
"1","2","True","B_o010_r01549","B","closure_count>1"
"1","2","True","B_o010_r01550","B","closure_count>1"
"1","2","True","B_o010_r01551","B","closure_count>1"
"1","2","True","B_o010_r01552","B","closure_count>1"
"1","2","True","B_o010_r01553","B","closure_count>1"
"1","2","True","B_o010_r01554","B","closure_count>1"
"1","5","True","B_o010_r01555","B","closure_count>1"
"1","5","True","B_o010_r01556","B","closure_count>1"
"1","5","True","B_o010_r01557","B","closure_count>1"
"1","5","True","B_o010_r01558","B","closure_count>1"
"1","6","True","B_o010_r01559","B","closure_count>1"
"1","6","True","B_o010_r01560","B","closure_count>1"
"1","2","True","B_o011_r01567","B","closure_count>1"
"1","2","True","B_o011_r01568","B","closure_count>1"
"1","2","True","B_o011_r01591","B","closure_count>1"
"1","2","True","B_o011_r01592","B","closure_count>1"
"1","2","True","B_o011_r01615","B","closure_count>1"
"1","2","True","B_o011_r01616","B","closure_count>1"
"1","2","True","B_o011_r01617","B","closure_count>1"
"1","2","True","B_o011_r01618","B","closure_count>1"
"1","2","True","B_o011_r01619","B","closure_count>1"
"1","2","True","B_o011_r01620","B","closure_count>1"
"1","2","True","B_o011_r01651","B","closure_count>1"
"1","2","True","B_o011_r01652","B","closure_count>1"
"1","2","True","B_o011_r01653","B","closure_count>1"
"1","2","True","B_o011_r01654","B","closure_count>1"
"1","3","True","B_o011_r01655","B","closure_count>1"
"1","3","True","B_o011_r01656","B","closure_count>1"
"1","2","True","B_o011_r01675","B","closure_count>1"
"1","2","True","B_o011_r01676","B","closure_count>1"
"1","2","True","B_o011_r01677","B","closure_count>1"
"1","2","True","B_o011_r01678","B","closure_count>1"
"1","2","True","B_o011_r01679","B","closure_count>1"
"1","2","True","B_o011_r01680","B","closure_count>1"
"1","2","True","B_o012_r01687","B","closure_count>1"
"1","2","True","B_o012_r01688","B","closure_count>1"
"1","2","True","B_o012_r01711","B","closure_count>1"
"1","2","True","B_o012_r01712","B","closure_count>1"
"1","2","True","B_o012_r01735","B","closure_count>1"
"1","2","True","B_o012_r01736","B","closure_count>1"
"1","2","True","B_o012_r01737","B","closure_count>1"
"1","2","True","B_o012_r01738","B","closure_count>1"
"1","2","True","B_o012_r01739","B","closure_count>1"
"1","2","True","B_o012_r01740","B","closure_count>1"
"1","2","True","B_o012_r01771","B","closure_count>1"
"1","2","True","B_o012_r01772","B","closure_count>1"
"1","2","True","B_o012_r01773","B","closure_count>1"
"1","2","True","B_o012_r01774","B","closure_count>1"
"1","3","True","B_o012_r01775","B","closure_count>1"
"1","3","True","B_o012_r01776","B","closure_count>1"
"1","2","True","B_o012_r01795","B","closure_count>1"
"1","2","True","B_o012_r01796","B","closure_count>1"
"1","2","True","B_o012_r01797","B","closure_count>1"
"1","2","True","B_o012_r01798","B","closure_count>1"
"1","2","True","B_o012_r01799","B","closure_count>1"
"1","2","True","B_o012_r01800","B","closure_count>1"
"1","2","True","B_o013_r01807","B","closure_count>1"
"1","2","True","B_o013_r01808","B","closure_count>1"
"1","2","True","B_o013_r01831","B","closure_count>1"
"1","2","True","B_o013_r01832","B","closure_count>1"
"1","2","True","B_o013_r01855","B","closure_count>1"
"1","2","True","B_o013_r01856","B","closure_count>1"
"1","2","True","B_o013_r01857","B","closure_count>1"
"1","2","True","B_o013_r01858","B","closure_count>1"
"1","2","True","B_o013_r01859","B","closure_count>1"
"1","2","True","B_o013_r01860","B","closure_count>1"
"1","2","True","B_o013_r01873","B","closure_count>1"
"1","2","True","B_o013_r01875","B","closure_count>1"
"1","2","True","B_o013_r01879","B","closure_count>1"
"1","2","True","B_o013_r01881","B","closure_count>1"
"1","2","True","B_o013_r01885","B","closure_count>1"
"1","2","True","B_o013_r01887","B","closure_count>1"
"1","2","True","B_o014_r01927","B","closure_count>1"
"1","2","True","B_o014_r01928","B","closure_count>1"
"1","2","True","B_o014_r01951","B","closure_count>1"
"1","2","True","B_o014_r01952","B","closure_count>1"
"1","2","True","B_o014_r01975","B","closure_count>1"
"1","2","True","B_o014_r01976","B","closure_count>1"
"1","2","True","B_o014_r01977","B","closure_count>1"
"1","2","True","B_o014_r01978","B","closure_count>1"
"1","2","True","B_o014_r01979","B","closure_count>1"
"1","2","True","B_o014_r01980","B","closure_count>1"
"1","2","True","B_o014_r01993","B","closure_count>1"
"1","2","True","B_o014_r01995","B","closure_count>1"
"1","2","True","B_o014_r01999","B","closure_count>1"
"1","2","True","B_o014_r02001","B","closure_count>1"
"1","2","True","B_o014_r02005","B","closure_count>1"
"1","2","True","B_o014_r02007","B","closure_count>1"
"1","2","True","B_o015_r02047","B","closure_count>1"
"1","2","True","B_o015_r02048","B","closure_count>1"
"1","2","True","B_o015_r02060","B","closure_count>1"
"1","2","True","B_o015_r02062","B","closure_count>1"
"1","2","True","B_o015_r02063","B","closure_count>1"
"1","2","True","B_o015_r02064","B","closure_count>1"
"1","2","True","B_o015_r02071","B","closure_count>1"
"1","2","True","B_o015_r02072","B","closure_count>1"
"1","2","True","B_o015_r02084","B","closure_count>1"
"1","2","True","B_o015_r02086","B","closure_count>1"
"1","2","True","B_o015_r02087","B","closure_count>1"
"1","2","True","B_o015_r02088","B","closure_count>1"
"1","2","True","B_o015_r02095","B","closure_count>1"
"1","2","True","B_o015_r02096","B","closure_count>1"
"1","2","True","B_o015_r02097","B","closure_count>1"
"1","2","True","B_o015_r02098","B","closure_count>1"
"1","2","True","B_o015_r02099","B","closure_count>1"
"1","2","True","B_o015_r02100","B","closure_count>1"
"1","2","True","B_o015_r02108","B","closure_count>1"
"1","2","True","B_o015_r02110","B","closure_count>1"
"1","2","True","B_o015_r02111","B","closure_count>1"
"1","2","True","B_o015_r02112","B","closure_count>1"
"1","2","True","B_o015_r02138","B","closure_count>1"
"1","2","True","B_o015_r02140","B","closure_count>1"
"1","2","True","B_o015_r02141","B","closure_count>1"
"1","2","True","B_o015_r02142","B","closure_count>1"
"1","2","True","B_o015_r02144","B","closure_count>1"
"1","2","True","B_o015_r02146","B","closure_count>1"
"1","2","True","B_o015_r02147","B","closure_count>1"
"1","2","True","B_o015_r02148","B","closure_count>1"
"1","2","True","B_o015_r02150","B","closure_count>1"
"1","2","True","B_o015_r02152","B","closure_count>1"
"1","2","True","B_o015_r02153","B","closure_count>1"
"1","2","True","B_o015_r02154","B","closure_count>1"
"1","2","True","B_o015_r02155","B","closure_count>1"
"1","2","True","B_o015_r02156","B","closure_count>1"
"1","2","True","B_o015_r02157","B","closure_count>1"
"1","2","True","B_o015_r02158","B","closure_count>1"
"1","2","True","B_o015_r02159","B","closure_count>1"
"1","2","True","B_o015_r02160","B","closure_count>1"
"1","2","True","B_o016_r02175","B","closure_count>1"
"1","2","True","B_o016_r02176","B","closure_count>1"
"1","2","True","B_o016_r02181","B","closure_count>1"
"1","2","True","B_o016_r02182","B","closure_count>1"
"1","2","True","B_o016_r02199","B","closure_count>1"
"1","2","True","B_o016_r02200","B","closure_count>1"
"1","2","True","B_o016_r02205","B","closure_count>1"
"1","2","True","B_o016_r02206","B","closure_count>1"
"1","2","True","B_o016_r02217","B","closure_count>1"
"1","2","True","B_o016_r02218","B","closure_count>1"
"1","2","True","B_o016_r02219","B","closure_count>1"
"1","2","True","B_o016_r02220","B","closure_count>1"
"1","2","True","B_o016_r02235","B","closure_count>1"
"1","2","True","B_o016_r02236","B","closure_count>1"
"1","2","True","B_o016_r02237","B","closure_count>1"
"1","2","True","B_o016_r02238","B","closure_count>1"
"1","3","True","B_o016_r02241","B","closure_count>1"
"1","3","True","B_o016_r02242","B","closure_count>1"
"1","3","True","B_o016_r02243","B","closure_count>1"
"1","3","True","B_o016_r02244","B","closure_count>1"
"1","2","True","B_o016_r02245","B","closure_count>1"
"1","2","True","B_o016_r02246","B","closure_count>1"
"1","2","True","B_o016_r02247","B","closure_count>1"
"1","2","True","B_o016_r02248","B","closure_count>1"
"1","3","True","B_o016_r02249","B","closure_count>1"
"1","3","True","B_o016_r02250","B","closure_count>1"
"1","4","True","B_o016_r02255","B","closure_count>1"
"1","4","True","B_o016_r02256","B","closure_count>1"
"1","2","True","B_o016_r02259","B","closure_count>1"
"1","2","True","B_o016_r02260","B","closure_count>1"
"1","2","True","B_o016_r02261","B","closure_count>1"
"1","2","True","B_o016_r02262","B","closure_count>1"
"1","3","True","B_o016_r02265","B","closure_count>1"
"1","3","True","B_o016_r02266","B","closure_count>1"
"1","3","True","B_o016_r02267","B","closure_count>1"
"1","3","True","B_o016_r02268","B","closure_count>1"
"1","2","True","B_o016_r02269","B","closure_count>1"
"1","2","True","B_o016_r02270","B","closure_count>1"
"1","2","True","B_o016_r02271","B","closure_count>1"
"1","2","True","B_o016_r02272","B","closure_count>1"
"1","4","True","B_o016_r02273","B","closure_count>1"
"1","4","True","B_o016_r02274","B","closure_count>1"
"1","2","True","B_o016_r02275","B","closure_count>1"
"1","2","True","B_o016_r02276","B","closure_count>1"
"1","2","True","B_o016_r02277","B","closure_count>1"
"1","2","True","B_o016_r02278","B","closure_count>1"
"1","6","True","B_o016_r02279","B","closure_count>1"
"1","6","True","B_o016_r02280","B","closure_count>1"
"1","2","True","B_o017_r02295","B","closure_count>1"
"1","2","True","B_o017_r02296","B","closure_count>1"
"1","2","True","B_o017_r02319","B","closure_count>1"
"1","2","True","B_o017_r02320","B","closure_count>1"
"1","2","True","B_o017_r02337","B","closure_count>1"
"1","2","True","B_o017_r02338","B","closure_count>1"
"1","2","True","B_o017_r02339","B","closure_count>1"
"1","2","True","B_o017_r02340","B","closure_count>1"
"1","2","True","B_o017_r02355","B","closure_count>1"
"1","2","True","B_o017_r02356","B","closure_count>1"
"1","2","True","B_o017_r02357","B","closure_count>1"
"1","2","True","B_o017_r02358","B","closure_count>1"
"1","3","True","B_o017_r02361","B","closure_count>1"
"1","3","True","B_o017_r02362","B","closure_count>1"
"1","3","True","B_o017_r02363","B","closure_count>1"
"1","3","True","B_o017_r02364","B","closure_count>1"
"1","2","True","B_o017_r02365","B","closure_count>1"
"1","2","True","B_o017_r02366","B","closure_count>1"
"1","2","True","B_o017_r02367","B","closure_count>1"
"1","2","True","B_o017_r02368","B","closure_count>1"
"1","3","True","B_o017_r02369","B","closure_count>1"
"1","3","True","B_o017_r02370","B","closure_count>1"
"1","2","True","B_o017_r02375","B","closure_count>1"
"1","2","True","B_o017_r02376","B","closure_count>1"
"1","2","True","B_o017_r02377","B","closure_count>1"
"1","2","True","B_o017_r02378","B","closure_count>1"
"1","3","True","B_o017_r02379","B","closure_count>1"
"1","3","True","B_o017_r02380","B","closure_count>1"
"1","5","True","B_o017_r02381","B","closure_count>1"
"1","5","True","B_o017_r02382","B","closure_count>1"
"1","2","True","B_o017_r02383","B","closure_count>1"
"1","2","True","B_o017_r02384","B","closure_count>1"
"1","4","True","B_o017_r02385","B","closure_count>1"
"1","4","True","B_o017_r02386","B","closure_count>1"
"1","6","True","B_o017_r02387","B","closure_count>1"
"1","6","True","B_o017_r02388","B","closure_count>1"
"1","3","True","B_o017_r02389","B","closure_count>1"
"1","3","True","B_o017_r02390","B","closure_count>1"
"1","3","True","B_o017_r02391","B","closure_count>1"
"1","3","True","B_o017_r02392","B","closure_count>1"
"1","7","True","B_o017_r02393","B","closure_count>1"
"1","7","True","B_o017_r02394","B","closure_count>1"
"1","3","True","B_o017_r02395","B","closure_count>1"
"1","3","True","B_o017_r02396","B","closure_count>1"
"1","3","True","B_o017_r02397","B","closure_count>1"
"1","3","True","B_o017_r02398","B","closure_count>1"
"1","8","True","B_o017_r02399","B","closure_count>1"
"1","8","True","B_o017_r02400","B","closure_count>1"
"1","2","True","B_o018_r02415","B","closure_count>1"
"1","2","True","B_o018_r02416","B","closure_count>1"
"1","2","True","B_o018_r02439","B","closure_count>1"
"1","2","True","B_o018_r02440","B","closure_count>1"
"1","2","True","B_o018_r02457","B","closure_count>1"
"1","2","True","B_o018_r02458","B","closure_count>1"
"1","2","True","B_o018_r02459","B","closure_count>1"
"1","2","True","B_o018_r02460","B","closure_count>1"
"1","2","True","B_o018_r02475","B","closure_count>1"
"1","2","True","B_o018_r02476","B","closure_count>1"
"1","2","True","B_o018_r02477","B","closure_count>1"
"1","2","True","B_o018_r02478","B","closure_count>1"
"1","3","True","B_o018_r02481","B","closure_count>1"
"1","3","True","B_o018_r02482","B","closure_count>1"
"1","3","True","B_o018_r02483","B","closure_count>1"
"1","3","True","B_o018_r02484","B","closure_count>1"
"1","2","True","B_o018_r02485","B","closure_count>1"
"1","2","True","B_o018_r02486","B","closure_count>1"
"1","2","True","B_o018_r02487","B","closure_count>1"
"1","2","True","B_o018_r02488","B","closure_count>1"
"1","3","True","B_o018_r02489","B","closure_count>1"
"1","3","True","B_o018_r02490","B","closure_count>1"
"1","2","True","B_o018_r02495","B","closure_count>1"
"1","2","True","B_o018_r02496","B","closure_count>1"
"1","2","True","B_o018_r02501","B","closure_count>1"
"1","2","True","B_o018_r02502","B","closure_count>1"
"1","2","True","B_o018_r02507","B","closure_count>1"
"1","2","True","B_o018_r02508","B","closure_count>1"
"1","2","True","B_o018_r02513","B","closure_count>1"
"1","2","True","B_o018_r02514","B","closure_count>1"
"1","2","True","B_o018_r02519","B","closure_count>1"
"1","2","True","B_o018_r02520","B","closure_count>1"
"1","2","True","B_o019_r02535","B","closure_count>1"
"1","2","True","B_o019_r02536","B","closure_count>1"
"1","2","True","B_o019_r02559","B","closure_count>1"
"1","2","True","B_o019_r02560","B","closure_count>1"
"1","2","True","B_o019_r02577","B","closure_count>1"
"1","2","True","B_o019_r02578","B","closure_count>1"
"1","2","True","B_o019_r02579","B","closure_count>1"
"1","2","True","B_o019_r02580","B","closure_count>1"
"1","2","True","B_o019_r02595","B","closure_count>1"
"1","2","True","B_o019_r02596","B","closure_count>1"
"1","2","True","B_o019_r02597","B","closure_count>1"
"1","2","True","B_o019_r02598","B","closure_count>1"
"1","3","True","B_o019_r02601","B","closure_count>1"
"1","3","True","B_o019_r02602","B","closure_count>1"
"1","3","True","B_o019_r02603","B","closure_count>1"
"1","3","True","B_o019_r02604","B","closure_count>1"
"1","2","True","B_o019_r02605","B","closure_count>1"
"1","2","True","B_o019_r02606","B","closure_count>1"
"1","2","True","B_o019_r02607","B","closure_count>1"
"1","2","True","B_o019_r02608","B","closure_count>1"
"1","3","True","B_o019_r02609","B","closure_count>1"
"1","3","True","B_o019_r02610","B","closure_count>1"
"1","2","True","B_o019_r02615","B","closure_count>1"
"1","2","True","B_o019_r02616","B","closure_count>1"
"1","2","True","B_o019_r02621","B","closure_count>1"
"1","2","True","B_o019_r02622","B","closure_count>1"
"1","2","True","B_o019_r02627","B","closure_count>1"
"1","2","True","B_o019_r02628","B","closure_count>1"
"1","2","True","B_o019_r02633","B","closure_count>1"
"1","2","True","B_o019_r02634","B","closure_count>1"
"1","2","True","B_o019_r02639","B","closure_count>1"
"1","2","True","B_o019_r02640","B","closure_count>1"
"1","2","True","B_o020_r02655","B","closure_count>1"
"1","2","True","B_o020_r02656","B","closure_count>1"
"1","2","True","B_o020_r02679","B","closure_count>1"
"1","2","True","B_o020_r02680","B","closure_count>1"
"1","2","True","B_o020_r02697","B","closure_count>1"
"1","2","True","B_o020_r02698","B","closure_count>1"
"1","2","True","B_o020_r02699","B","closure_count>1"
"1","2","True","B_o020_r02700","B","closure_count>1"
"1","2","True","B_o020_r02715","B","closure_count>1"
"1","2","True","B_o020_r02716","B","closure_count>1"
"1","3","True","B_o020_r02721","B","closure_count>1"
"1","3","True","B_o020_r02722","B","closure_count>1"
"1","2","True","B_o020_r02725","B","closure_count>1"
"1","2","True","B_o020_r02726","B","closure_count>1"
"1","2","True","B_o020_r02727","B","closure_count>1"
"1","2","True","B_o020_r02728","B","closure_count>1"
"1","2","True","B_o020_r02731","B","closure_count>1"
"1","2","True","B_o020_r02732","B","closure_count>1"
"1","2","True","B_o020_r02733","B","closure_count>1"
"1","2","True","B_o020_r02734","B","closure_count>1"
"1","3","True","B_o020_r02735","B","closure_count>1"
"1","3","True","B_o020_r02736","B","closure_count>1"
"1","2","True","B_o020_r02737","B","closure_count>1"
"1","2","True","B_o020_r02738","B","closure_count>1"
"1","3","True","B_o020_r02739","B","closure_count>1"
"1","3","True","B_o020_r02740","B","closure_count>1"
"1","2","True","B_o020_r02741","B","closure_count>1"
"1","2","True","B_o020_r02742","B","closure_count>1"
"1","2","True","B_o020_r02743","B","closure_count>1"
"1","2","True","B_o020_r02744","B","closure_count>1"
"1","4","True","B_o020_r02745","B","closure_count>1"
"1","4","True","B_o020_r02746","B","closure_count>1"
"1","2","True","B_o020_r02747","B","closure_count>1"
"1","2","True","B_o020_r02748","B","closure_count>1"
"1","3","True","B_o020_r02749","B","closure_count>1"
"1","3","True","B_o020_r02750","B","closure_count>1"
"1","3","True","B_o020_r02751","B","closure_count>1"
"1","3","True","B_o020_r02752","B","closure_count>1"
"1","2","True","B_o020_r02753","B","closure_count>1"
"1","2","True","B_o020_r02754","B","closure_count>1"
"1","5","True","B_o020_r02755","B","closure_count>1"
"1","5","True","B_o020_r02756","B","closure_count>1"
"1","5","True","B_o020_r02757","B","closure_count>1"
"1","5","True","B_o020_r02758","B","closure_count>1"
"1","10","True","B_o020_r02759","B","closure_count>1"
"1","10","True","B_o020_r02760","B","closure_count>1"
"1","2","True","B_o021_r02775","B","closure_count>1"
"1","2","True","B_o021_r02776","B","closure_count>1"
"1","2","True","B_o021_r02799","B","closure_count>1"
"1","2","True","B_o021_r02800","B","closure_count>1"
"1","2","True","B_o021_r02817","B","closure_count>1"
"1","2","True","B_o021_r02818","B","closure_count>1"
"1","2","True","B_o021_r02819","B","closure_count>1"
"1","2","True","B_o021_r02820","B","closure_count>1"
"1","2","True","B_o021_r02835","B","closure_count>1"
"1","2","True","B_o021_r02836","B","closure_count>1"
"1","3","True","B_o021_r02841","B","closure_count>1"
"1","3","True","B_o021_r02842","B","closure_count>1"
"1","2","True","B_o021_r02845","B","closure_count>1"
"1","2","True","B_o021_r02846","B","closure_count>1"
"1","2","True","B_o021_r02847","B","closure_count>1"
"1","2","True","B_o021_r02848","B","closure_count>1"
"1","2","True","B_o021_r02851","B","closure_count>1"
"1","2","True","B_o021_r02852","B","closure_count>1"
"1","2","True","B_o021_r02853","B","closure_count>1"
"1","2","True","B_o021_r02854","B","closure_count>1"
"1","3","True","B_o021_r02855","B","closure_count>1"
"1","3","True","B_o021_r02856","B","closure_count>1"
"1","2","True","B_o021_r02875","B","closure_count>1"
"1","2","True","B_o021_r02876","B","closure_count>1"
"1","2","True","B_o021_r02877","B","closure_count>1"
"1","2","True","B_o021_r02878","B","closure_count>1"
"1","3","True","B_o021_r02879","B","closure_count>1"
"1","3","True","B_o021_r02880","B","closure_count>1"
"1","2","True","B_o022_r02895","B","closure_count>1"
"1","2","True","B_o022_r02896","B","closure_count>1"
"1","2","True","B_o022_r02919","B","closure_count>1"
"1","2","True","B_o022_r02920","B","closure_count>1"
"1","2","True","B_o022_r02937","B","closure_count>1"
"1","2","True","B_o022_r02938","B","closure_count>1"
"1","2","True","B_o022_r02939","B","closure_count>1"
"1","2","True","B_o022_r02940","B","closure_count>1"
"1","2","True","B_o022_r02955","B","closure_count>1"
"1","2","True","B_o022_r02956","B","closure_count>1"
"1","3","True","B_o022_r02961","B","closure_count>1"
"1","3","True","B_o022_r02962","B","closure_count>1"
"1","2","True","B_o022_r02965","B","closure_count>1"
"1","2","True","B_o022_r02966","B","closure_count>1"
"1","2","True","B_o022_r02967","B","closure_count>1"
"1","2","True","B_o022_r02968","B","closure_count>1"
"1","2","True","B_o022_r02971","B","closure_count>1"
"1","2","True","B_o022_r02972","B","closure_count>1"
"1","2","True","B_o022_r02973","B","closure_count>1"
"1","2","True","B_o022_r02974","B","closure_count>1"
"1","3","True","B_o022_r02975","B","closure_count>1"
"1","3","True","B_o022_r02976","B","closure_count>1"
"1","2","True","B_o022_r02995","B","closure_count>1"
"1","2","True","B_o022_r02996","B","closure_count>1"
"1","2","True","B_o022_r02997","B","closure_count>1"
"1","2","True","B_o022_r02998","B","closure_count>1"
"1","3","True","B_o022_r02999","B","closure_count>1"
"1","3","True","B_o022_r03000","B","closure_count>1"
"1","2","True","B_o023_r03016","B","closure_count>1"
"1","2","True","B_o023_r03040","B","closure_count>1"
"1","2","True","B_o023_r03057","B","closure_count>1"
"1","2","True","B_o023_r03058","B","closure_count>1"
"1","2","True","B_o023_r03059","B","closure_count>1"
"1","2","True","B_o023_r03060","B","closure_count>1"
"1","2","True","B_o023_r03073","B","closure_count>1"
"1","3","True","B_o023_r03075","B","closure_count>1"
"1","2","True","B_o023_r03076","B","closure_count>1"
"1","2","True","B_o023_r03079","B","closure_count>1"
"1","4","True","B_o023_r03081","B","closure_count>1"
"1","3","True","B_o023_r03082","B","closure_count>1"
"1","3","True","B_o023_r03085","B","closure_count>1"
"1","2","True","B_o023_r03086","B","closure_count>1"
"1","3","True","B_o023_r03087","B","closure_count>1"
"1","2","True","B_o023_r03088","B","closure_count>1"
"1","2","True","B_o024_r03136","B","closure_count>1"
"1","2","True","B_o024_r03160","B","closure_count>1"
"1","2","True","B_o024_r03177","B","closure_count>1"
"1","2","True","B_o024_r03178","B","closure_count>1"
"1","2","True","B_o024_r03179","B","closure_count>1"
"1","2","True","B_o024_r03180","B","closure_count>1"
"1","2","True","B_o024_r03193","B","closure_count>1"
"1","3","True","B_o024_r03195","B","closure_count>1"
"1","2","True","B_o024_r03196","B","closure_count>1"
"1","2","True","B_o024_r03199","B","closure_count>1"
"1","4","True","B_o024_r03201","B","closure_count>1"
"1","3","True","B_o024_r03202","B","closure_count>1"
"1","3","True","B_o024_r03205","B","closure_count>1"
"1","2","True","B_o024_r03206","B","closure_count>1"
"1","3","True","B_o024_r03207","B","closure_count>1"
"1","2","True","B_o024_r03208","B","closure_count>1"
"1","2","True","B_o025_r03256","B","closure_count>1"
"1","2","True","B_o025_r03260","B","closure_count>1"
"1","3","True","B_o025_r03262","B","closure_count>1"
"1","2","True","B_o025_r03263","B","closure_count>1"
"1","2","True","B_o025_r03264","B","closure_count>1"
"1","2","True","B_o025_r03280","B","closure_count>1"
"1","2","True","B_o025_r03284","B","closure_count>1"
"1","3","True","B_o025_r03286","B","closure_count>1"
"1","2","True","B_o025_r03287","B","closure_count>1"
"1","2","True","B_o025_r03288","B","closure_count>1"
"1","2","True","B_o025_r03297","B","closure_count>1"
"1","2","True","B_o025_r03298","B","closure_count>1"
"1","2","True","B_o025_r03299","B","closure_count>1"
"1","2","True","B_o025_r03300","B","closure_count>1"
"1","2","True","B_o025_r03308","B","closure_count>1"
"1","2","True","B_o025_r03310","B","closure_count>1"
"1","2","True","B_o025_r03311","B","closure_count>1"
"1","2","True","B_o025_r03312","B","closure_count>1"
"1","2","True","B_o025_r03316","B","closure_count>1"
"1","3","True","B_o025_r03322","B","closure_count>1"
"1","2","True","B_o025_r03326","B","closure_count>1"
"1","2","True","B_o025_r03328","B","closure_count>1"
"1","2","True","B_o025_r03338","B","closure_count>1"
"1","3","True","B_o025_r03340","B","closure_count>1"
"1","2","True","B_o025_r03341","B","closure_count>1"
"1","2","True","B_o025_r03342","B","closure_count>1"
"1","2","True","B_o025_r03344","B","closure_count>1"
"1","4","True","B_o025_r03346","B","closure_count>1"
"1","2","True","B_o025_r03347","B","closure_count>1"
"1","2","True","B_o025_r03348","B","closure_count>1"
"1","3","True","B_o025_r03350","B","closure_count>1"
"1","3","True","B_o025_r03352","B","closure_count>1"
"1","2","True","B_o025_r03353","B","closure_count>1"
"1","2","True","B_o025_r03354","B","closure_count>1"
"1","2","True","B_o025_r03355","B","closure_count>1"
"1","2","True","B_o025_r03356","B","closure_count>1"
"1","2","True","B_o025_r03357","B","closure_count>1"
"1","2","True","B_o025_r03358","B","closure_count>1"
"1","2","True","B_o025_r03359","B","closure_count>1"
"1","2","True","B_o025_r03360","B","closure_count>1"
"1","2","True","B_o026_r03376","B","closure_count>1"
"1","2","True","B_o026_r03400","B","closure_count>1"
"1","2","True","B_o026_r03411","B","closure_count>1"
"1","2","True","B_o026_r03413","B","closure_count>1"
"1","3","True","B_o026_r03417","B","closure_count>1"
"1","2","True","B_o026_r03418","B","closure_count>1"
"1","3","True","B_o026_r03419","B","closure_count>1"
"1","2","True","B_o026_r03420","B","closure_count>1"
"1","2","True","B_o026_r03435","B","closure_count>1"
"1","2","True","B_o026_r03436","B","closure_count>1"
"1","3","True","B_o026_r03441","B","closure_count>1"
"1","3","True","B_o026_r03442","B","closure_count>1"
"1","2","True","B_o026_r03445","B","closure_count>1"
"1","2","True","B_o026_r03446","B","closure_count>1"
"1","2","True","B_o026_r03447","B","closure_count>1"
"1","2","True","B_o026_r03448","B","closure_count>1"
"1","2","True","B_o026_r03451","B","closure_count>1"
"1","2","True","B_o026_r03452","B","closure_count>1"
"1","2","True","B_o026_r03453","B","closure_count>1"
"1","2","True","B_o026_r03454","B","closure_count>1"
"1","2","True","B_o026_r03455","B","closure_count>1"
"1","2","True","B_o026_r03456","B","closure_count>1"
"1","2","True","B_o026_r03457","B","closure_count>1"
"1","2","True","B_o026_r03458","B","closure_count>1"
"1","5","True","B_o026_r03459","B","closure_count>1"
"1","3","True","B_o026_r03460","B","closure_count>1"
"1","2","True","B_o026_r03461","B","closure_count>1"
"1","2","True","B_o026_r03462","B","closure_count>1"
"1","2","True","B_o026_r03463","B","closure_count>1"
"1","2","True","B_o026_r03464","B","closure_count>1"
"1","6","True","B_o026_r03465","B","closure_count>1"
"1","4","True","B_o026_r03466","B","closure_count>1"
"1","2","True","B_o026_r03467","B","closure_count>1"
"1","2","True","B_o026_r03468","B","closure_count>1"
"1","3","True","B_o026_r03469","B","closure_count>1"
"1","3","True","B_o026_r03470","B","closure_count>1"
"1","3","True","B_o026_r03471","B","closure_count>1"
"1","3","True","B_o026_r03472","B","closure_count>1"
"1","2","True","B_o026_r03473","B","closure_count>1"
"1","2","True","B_o026_r03474","B","closure_count>1"
"1","5","True","B_o026_r03475","B","closure_count>1"
"1","5","True","B_o026_r03476","B","closure_count>1"
"1","5","True","B_o026_r03477","B","closure_count>1"
"1","5","True","B_o026_r03478","B","closure_count>1"
"1","5","True","B_o026_r03479","B","closure_count>1"
"1","5","True","B_o026_r03480","B","closure_count>1"
"1","2","True","B_o027_r03496","B","closure_count>1"
"1","2","True","B_o027_r03520","B","closure_count>1"
"1","2","True","B_o027_r03531","B","closure_count>1"
"1","2","True","B_o027_r03533","B","closure_count>1"
"1","3","True","B_o027_r03537","B","closure_count>1"
"1","2","True","B_o027_r03538","B","closure_count>1"
"1","3","True","B_o027_r03539","B","closure_count>1"
"1","2","True","B_o027_r03540","B","closure_count>1"
"1","2","True","B_o027_r03555","B","closure_count>1"
"1","2","True","B_o027_r03556","B","closure_count>1"
"1","3","True","B_o027_r03561","B","closure_count>1"
"1","3","True","B_o027_r03562","B","closure_count>1"
"1","2","True","B_o027_r03565","B","closure_count>1"
"1","2","True","B_o027_r03566","B","closure_count>1"
"1","2","True","B_o027_r03567","B","closure_count>1"
"1","2","True","B_o027_r03568","B","closure_count>1"
"1","2","True","B_o027_r03571","B","closure_count>1"
"1","2","True","B_o027_r03572","B","closure_count>1"
"1","2","True","B_o027_r03573","B","closure_count>1"
"1","2","True","B_o027_r03574","B","closure_count>1"
"1","2","True","B_o027_r03575","B","closure_count>1"
"1","2","True","B_o027_r03576","B","closure_count>1"
"1","2","True","B_o027_r03579","B","closure_count>1"
"1","2","True","B_o027_r03585","B","closure_count>1"
"1","2","True","B_o027_r03595","B","closure_count>1"
"1","2","True","B_o027_r03596","B","closure_count>1"
"1","2","True","B_o027_r03597","B","closure_count>1"
"1","2","True","B_o027_r03598","B","closure_count>1"
"1","2","True","B_o027_r03599","B","closure_count>1"
"1","2","True","B_o027_r03600","B","closure_count>1"
"1","2","True","B_o028_r03616","B","closure_count>1"
"1","2","True","B_o028_r03640","B","closure_count>1"
"1","2","True","B_o028_r03651","B","closure_count>1"
"1","2","True","B_o028_r03653","B","closure_count>1"
"1","3","True","B_o028_r03657","B","closure_count>1"
"1","2","True","B_o028_r03658","B","closure_count>1"
"1","3","True","B_o028_r03659","B","closure_count>1"
"1","2","True","B_o028_r03660","B","closure_count>1"
"1","2","True","B_o028_r03675","B","closure_count>1"
"1","2","True","B_o028_r03676","B","closure_count>1"
"1","3","True","B_o028_r03681","B","closure_count>1"
"1","3","True","B_o028_r03682","B","closure_count>1"
"1","2","True","B_o028_r03685","B","closure_count>1"
"1","2","True","B_o028_r03686","B","closure_count>1"
"1","2","True","B_o028_r03687","B","closure_count>1"
"1","2","True","B_o028_r03688","B","closure_count>1"
"1","2","True","B_o028_r03691","B","closure_count>1"
"1","2","True","B_o028_r03692","B","closure_count>1"
"1","2","True","B_o028_r03693","B","closure_count>1"
"1","2","True","B_o028_r03694","B","closure_count>1"
"1","2","True","B_o028_r03695","B","closure_count>1"
"1","2","True","B_o028_r03696","B","closure_count>1"
"1","2","True","B_o028_r03699","B","closure_count>1"
"1","2","True","B_o028_r03705","B","closure_count>1"
"1","2","True","B_o028_r03715","B","closure_count>1"
"1","2","True","B_o028_r03716","B","closure_count>1"
"1","2","True","B_o028_r03717","B","closure_count>1"
"1","2","True","B_o028_r03718","B","closure_count>1"
"1","2","True","B_o028_r03719","B","closure_count>1"
"1","2","True","B_o028_r03720","B","closure_count>1"
"1","2","True","B_o029_r03736","B","closure_count>1"
"1","2","True","B_o029_r03760","B","closure_count>1"
"1","2","True","B_o029_r03771","B","closure_count>1"
"1","2","True","B_o029_r03773","B","closure_count>1"
"1","3","True","B_o029_r03777","B","closure_count>1"
"1","2","True","B_o029_r03778","B","closure_count>1"
"1","3","True","B_o029_r03779","B","closure_count>1"
"1","2","True","B_o029_r03780","B","closure_count>1"
"1","2","True","B_o029_r03793","B","closure_count>1"
"1","5","True","B_o029_r03795","B","closure_count>1"
"1","2","True","B_o029_r03796","B","closure_count>1"
"1","2","True","B_o029_r03799","B","closure_count>1"
"1","6","True","B_o029_r03801","B","closure_count>1"
"1","3","True","B_o029_r03802","B","closure_count>1"
"1","3","True","B_o029_r03805","B","closure_count>1"
"1","2","True","B_o029_r03806","B","closure_count>1"
"1","3","True","B_o029_r03807","B","closure_count>1"
"1","2","True","B_o029_r03808","B","closure_count>1"
"1","2","True","B_o029_r03819","B","closure_count>1"
"1","2","True","B_o029_r03825","B","closure_count>1"
"1","2","True","B_o030_r03856","B","closure_count>1"
"1","2","True","B_o030_r03880","B","closure_count>1"
"1","2","True","B_o030_r03891","B","closure_count>1"
"1","2","True","B_o030_r03893","B","closure_count>1"
"1","3","True","B_o030_r03897","B","closure_count>1"
"1","2","True","B_o030_r03898","B","closure_count>1"
"1","3","True","B_o030_r03899","B","closure_count>1"
"1","2","True","B_o030_r03900","B","closure_count>1"
"1","2","True","B_o030_r03913","B","closure_count>1"
"1","5","True","B_o030_r03915","B","closure_count>1"
"1","2","True","B_o030_r03916","B","closure_count>1"
"1","2","True","B_o030_r03919","B","closure_count>1"
"1","6","True","B_o030_r03921","B","closure_count>1"
"1","3","True","B_o030_r03922","B","closure_count>1"
"1","3","True","B_o030_r03925","B","closure_count>1"
"1","2","True","B_o030_r03926","B","closure_count>1"
"1","3","True","B_o030_r03927","B","closure_count>1"
"1","2","True","B_o030_r03928","B","closure_count>1"
"1","2","True","B_o030_r03939","B","closure_count>1"
"1","2","True","B_o030_r03945","B","closure_count>1"
"1","2","True","B_o031_r03976","B","closure_count>1"
"1","2","True","B_o031_r03980","B","closure_count>1"
"1","3","True","B_o031_r03982","B","closure_count>1"
"1","2","True","B_o031_r03983","B","closure_count>1"
"1","2","True","B_o031_r03984","B","closure_count>1"
"1","2","True","B_o031_r04000","B","closure_count>1"
"1","2","True","B_o031_r04004","B","closure_count>1"
"1","3","True","B_o031_r04006","B","closure_count>1"
"1","2","True","B_o031_r04007","B","closure_count>1"
"1","2","True","B_o031_r04008","B","closure_count>1"
"1","2","True","B_o031_r04011","B","closure_count>1"
"1","2","True","B_o031_r04013","B","closure_count>1"
"1","3","True","B_o031_r04017","B","closure_count>1"
"1","2","True","B_o031_r04018","B","closure_count>1"
"1","3","True","B_o031_r04019","B","closure_count>1"
"1","2","True","B_o031_r04020","B","closure_count>1"
"1","2","True","B_o031_r04028","B","closure_count>1"
"1","2","True","B_o031_r04030","B","closure_count>1"
"1","2","True","B_o031_r04031","B","closure_count>1"
"1","2","True","B_o031_r04032","B","closure_count>1"
"1","2","True","B_o031_r04035","B","closure_count>1"
"1","2","True","B_o031_r04036","B","closure_count>1"
"1","2","True","B_o031_r04041","B","closure_count>1"
"1","3","True","B_o031_r04042","B","closure_count>1"
"1","2","True","B_o031_r04046","B","closure_count>1"
"1","2","True","B_o031_r04048","B","closure_count>1"
"1","2","True","B_o031_r04058","B","closure_count>1"
"1","2","True","B_o031_r04059","B","closure_count>1"
"1","3","True","B_o031_r04060","B","closure_count>1"
"1","2","True","B_o031_r04061","B","closure_count>1"
"1","2","True","B_o031_r04062","B","closure_count>1"
"1","2","True","B_o031_r04064","B","closure_count>1"
"1","2","True","B_o031_r04065","B","closure_count>1"
"1","4","True","B_o031_r04066","B","closure_count>1"
"1","2","True","B_o031_r04067","B","closure_count>1"
"1","2","True","B_o031_r04068","B","closure_count>1"
"1","3","True","B_o031_r04070","B","closure_count>1"
"1","3","True","B_o031_r04072","B","closure_count>1"
"1","2","True","B_o031_r04073","B","closure_count>1"
"1","2","True","B_o031_r04074","B","closure_count>1"
"1","2","True","B_o031_r04075","B","closure_count>1"
"1","2","True","B_o031_r04076","B","closure_count>1"
"1","2","True","B_o031_r04077","B","closure_count>1"
"1","2","True","B_o031_r04078","B","closure_count>1"
"1","2","True","B_o031_r04079","B","closure_count>1"
"1","2","True","B_o031_r04080","B","closure_count>1"
"1","2","True","B_o032_r04096","B","closure_count>1"
"1","2","True","B_o032_r04098","B","closure_count>1"
"1","2","True","B_o032_r04120","B","closure_count>1"
"1","2","True","B_o032_r04122","B","closure_count>1"
"1","2","True","B_o032_r04138","B","closure_count>1"
"1","2","True","B_o032_r04140","B","closure_count>1"
"1","2","True","B_o032_r04141","B","closure_count>1"
"1","2","True","B_o032_r04143","B","closure_count>1"
"1","2","True","B_o032_r04147","B","closure_count>1"
"1","2","True","B_o032_r04149","B","closure_count>1"
"1","2","True","B_o032_r04153","B","closure_count>1"
"1","2","True","B_o032_r04155","B","closure_count>1"
"1","2","True","B_o032_r04156","B","closure_count>1"
"1","2","True","B_o032_r04158","B","closure_count>1"
"1","2","True","B_o032_r04159","B","closure_count>1"
"1","2","True","B_o032_r04161","B","closure_count>1"
"1","3","True","B_o032_r04162","B","closure_count>1"
"1","3","True","B_o032_r04164","B","closure_count>1"
"1","5","True","B_o032_r04165","B","closure_count>1"
"1","2","True","B_o032_r04166","B","closure_count>1"
"1","5","True","B_o032_r04167","B","closure_count>1"
"1","2","True","B_o032_r04168","B","closure_count>1"
"1","2","True","B_o032_r04169","B","closure_count>1"
"1","2","True","B_o032_r04170","B","closure_count>1"
"1","2","True","B_o032_r04189","B","closure_count>1"
"1","2","True","B_o032_r04191","B","closure_count>1"
"1","2","True","B_o033_r04216","B","closure_count>1"
"1","2","True","B_o033_r04218","B","closure_count>1"
"1","2","True","B_o033_r04240","B","closure_count>1"
"1","2","True","B_o033_r04242","B","closure_count>1"
"1","2","True","B_o033_r04258","B","closure_count>1"
"1","2","True","B_o033_r04260","B","closure_count>1"
"1","2","True","B_o033_r04261","B","closure_count>1"
"1","2","True","B_o033_r04263","B","closure_count>1"
"1","2","True","B_o033_r04267","B","closure_count>1"
"1","2","True","B_o033_r04269","B","closure_count>1"
"1","2","True","B_o033_r04273","B","closure_count>1"
"1","2","True","B_o033_r04275","B","closure_count>1"
"1","2","True","B_o033_r04276","B","closure_count>1"
"1","2","True","B_o033_r04278","B","closure_count>1"
"1","2","True","B_o033_r04279","B","closure_count>1"
"1","2","True","B_o033_r04281","B","closure_count>1"
"1","3","True","B_o033_r04282","B","closure_count>1"
"1","3","True","B_o033_r04284","B","closure_count>1"
"1","5","True","B_o033_r04285","B","closure_count>1"
"1","2","True","B_o033_r04286","B","closure_count>1"
"1","5","True","B_o033_r04287","B","closure_count>1"
"1","2","True","B_o033_r04288","B","closure_count>1"
"1","2","True","B_o033_r04289","B","closure_count>1"
"1","2","True","B_o033_r04290","B","closure_count>1"
"1","2","True","B_o033_r04309","B","closure_count>1"
"1","2","True","B_o033_r04311","B","closure_count>1"
"1","2","True","B_o034_r04336","B","closure_count>1"
"1","2","True","B_o034_r04338","B","closure_count>1"
"1","2","True","B_o034_r04340","B","closure_count>1"
"1","3","True","B_o034_r04342","B","closure_count>1"
"1","2","True","B_o034_r04343","B","closure_count>1"
"1","3","True","B_o034_r04344","B","closure_count>1"
"1","2","True","B_o034_r04360","B","closure_count>1"
"1","2","True","B_o034_r04362","B","closure_count>1"
"1","2","True","B_o034_r04364","B","closure_count>1"
"1","3","True","B_o034_r04366","B","closure_count>1"
"1","2","True","B_o034_r04367","B","closure_count>1"
"1","3","True","B_o034_r04368","B","closure_count>1"
"1","2","True","B_o034_r04378","B","closure_count>1"
"1","2","True","B_o034_r04380","B","closure_count>1"
"1","2","True","B_o034_r04381","B","closure_count>1"
"1","2","True","B_o034_r04383","B","closure_count>1"
"1","2","True","B_o034_r04387","B","closure_count>1"
"1","2","True","B_o034_r04388","B","closure_count>1"
"1","2","True","B_o034_r04389","B","closure_count>1"
"1","2","True","B_o034_r04390","B","closure_count>1"
"1","2","True","B_o034_r04391","B","closure_count>1"
"1","2","True","B_o034_r04392","B","closure_count>1"
"1","2","True","B_o034_r04396","B","closure_count>1"
"1","2","True","B_o034_r04398","B","closure_count>1"
"1","3","True","B_o034_r04402","B","closure_count>1"
"1","3","True","B_o034_r04404","B","closure_count>1"
"1","2","True","B_o034_r04405","B","closure_count>1"
"1","2","True","B_o034_r04406","B","closure_count>1"
"1","2","True","B_o034_r04407","B","closure_count>1"
"1","2","True","B_o034_r04408","B","closure_count>1"
"1","2","True","B_o034_r04409","B","closure_count>1"
"1","2","True","B_o034_r04410","B","closure_count>1"
"1","2","True","B_o034_r04418","B","closure_count>1"
"1","3","True","B_o034_r04420","B","closure_count>1"
"1","2","True","B_o034_r04421","B","closure_count>1"
"1","3","True","B_o034_r04422","B","closure_count>1"
"1","2","True","B_o034_r04424","B","closure_count>1"
"1","4","True","B_o034_r04426","B","closure_count>1"
"1","2","True","B_o034_r04427","B","closure_count>1"
"1","4","True","B_o034_r04428","B","closure_count>1"
"1","2","True","B_o034_r04429","B","closure_count>1"
"1","3","True","B_o034_r04430","B","closure_count>1"
"1","2","True","B_o034_r04431","B","closure_count>1"
"1","3","True","B_o034_r04432","B","closure_count>1"
"1","3","True","B_o034_r04433","B","closure_count>1"
"1","3","True","B_o034_r04434","B","closure_count>1"
"1","2","True","B_o034_r04435","B","closure_count>1"
"1","2","True","B_o034_r04436","B","closure_count>1"
"1","2","True","B_o034_r04437","B","closure_count>1"
"1","2","True","B_o034_r04438","B","closure_count>1"
"1","2","True","B_o034_r04439","B","closure_count>1"
"1","2","True","B_o034_r04440","B","closure_count>1"
"1","2","True","B_o035_r04460","B","closure_count>1"
"1","2","True","B_o035_r04463","B","closure_count>1"
"1","2","True","B_o035_r04484","B","closure_count>1"
"1","2","True","B_o035_r04487","B","closure_count>1"
"1","2","True","B_o035_r04498","B","closure_count>1"
"1","2","True","B_o035_r04500","B","closure_count>1"
"1","2","True","B_o035_r04508","B","closure_count>1"
"1","2","True","B_o035_r04510","B","closure_count>1"
"1","2","True","B_o035_r04511","B","closure_count>1"
"1","2","True","B_o035_r04512","B","closure_count>1"
"1","2","True","B_o035_r04516","B","closure_count>1"
"1","2","True","B_o035_r04518","B","closure_count>1"
"1","3","True","B_o035_r04522","B","closure_count>1"
"1","3","True","B_o035_r04524","B","closure_count>1"
"1","2","True","B_o035_r04526","B","closure_count>1"
"1","2","True","B_o035_r04528","B","closure_count>1"
"1","2","True","B_o035_r04529","B","closure_count>1"
"1","2","True","B_o035_r04530","B","closure_count>1"
"1","2","True","B_o035_r04532","B","closure_count>1"
"1","2","True","B_o035_r04534","B","closure_count>1"
"1","2","True","B_o035_r04535","B","closure_count>1"
"1","2","True","B_o035_r04536","B","closure_count>1"
"1","2","True","B_o035_r04538","B","closure_count>1"
"1","3","True","B_o035_r04540","B","closure_count>1"
"1","2","True","B_o035_r04541","B","closure_count>1"
"1","4","True","B_o035_r04542","B","closure_count>1"
"1","2","True","B_o035_r04544","B","closure_count>1"
"1","4","True","B_o035_r04546","B","closure_count>1"
"1","2","True","B_o035_r04547","B","closure_count>1"
"1","5","True","B_o035_r04548","B","closure_count>1"
"1","3","True","B_o035_r04550","B","closure_count>1"
"1","3","True","B_o035_r04552","B","closure_count>1"
"1","3","True","B_o035_r04553","B","closure_count>1"
"1","3","True","B_o035_r04554","B","closure_count>1"
"1","2","True","B_o035_r04555","B","closure_count>1"
"1","4","True","B_o035_r04556","B","closure_count>1"
"1","2","True","B_o035_r04557","B","closure_count>1"
"1","4","True","B_o035_r04558","B","closure_count>1"
"1","4","True","B_o035_r04559","B","closure_count>1"
"1","4","True","B_o035_r04560","B","closure_count>1"
"1","2","True","B_o036_r04575","B","closure_count>1"
"1","2","True","B_o036_r04576","B","closure_count>1"
"1","2","True","B_o036_r04581","B","closure_count>1"
"1","2","True","B_o036_r04582","B","closure_count>1"
"1","2","True","B_o036_r04599","B","closure_count>1"
"1","2","True","B_o036_r04600","B","closure_count>1"
"1","2","True","B_o036_r04605","B","closure_count>1"
"1","2","True","B_o036_r04606","B","closure_count>1"
"1","2","True","B_o036_r04617","B","closure_count>1"
"1","2","True","B_o036_r04618","B","closure_count>1"
"1","2","True","B_o036_r04619","B","closure_count>1"
"1","2","True","B_o036_r04620","B","closure_count>1"
"1","2","True","B_o036_r04623","B","closure_count>1"
"1","2","True","B_o036_r04624","B","closure_count>1"
"1","2","True","B_o036_r04629","B","closure_count>1"
"1","2","True","B_o036_r04630","B","closure_count>1"
"1","2","True","B_o036_r04635","B","closure_count>1"
"1","2","True","B_o036_r04636","B","closure_count>1"
"1","2","True","B_o036_r04637","B","closure_count>1"
"1","2","True","B_o036_r04638","B","closure_count>1"
"1","3","True","B_o036_r04641","B","closure_count>1"
"1","3","True","B_o036_r04642","B","closure_count>1"
"1","3","True","B_o036_r04643","B","closure_count>1"
"1","3","True","B_o036_r04644","B","closure_count>1"
"1","2","True","B_o036_r04645","B","closure_count>1"
"1","2","True","B_o036_r04646","B","closure_count>1"
"1","3","True","B_o036_r04647","B","closure_count>1"
"1","3","True","B_o036_r04648","B","closure_count>1"
"1","3","True","B_o036_r04649","B","closure_count>1"
"1","3","True","B_o036_r04650","B","closure_count>1"
"1","2","True","B_o036_r04653","B","closure_count>1"
"1","2","True","B_o036_r04654","B","closure_count>1"
"1","4","True","B_o036_r04655","B","closure_count>1"
"1","4","True","B_o036_r04656","B","closure_count>1"
"1","2","True","B_o036_r04659","B","closure_count>1"
"1","2","True","B_o036_r04660","B","closure_count>1"
"1","2","True","B_o036_r04661","B","closure_count>1"
"1","2","True","B_o036_r04662","B","closure_count>1"
"1","3","True","B_o036_r04665","B","closure_count>1"
"1","3","True","B_o036_r04666","B","closure_count>1"
"1","3","True","B_o036_r04667","B","closure_count>1"
"1","3","True","B_o036_r04668","B","closure_count>1"
"1","2","True","B_o036_r04669","B","closure_count>1"
"1","2","True","B_o036_r04670","B","closure_count>1"
"1","3","True","B_o036_r04671","B","closure_count>1"
"1","3","True","B_o036_r04672","B","closure_count>1"
"1","4","True","B_o036_r04673","B","closure_count>1"
"1","4","True","B_o036_r04674","B","closure_count>1"
"1","2","True","B_o036_r04675","B","closure_count>1"
"1","2","True","B_o036_r04676","B","closure_count>1"
"1","3","True","B_o036_r04677","B","closure_count>1"
"1","3","True","B_o036_r04678","B","closure_count>1"
"1","6","True","B_o036_r04679","B","closure_count>1"
"1","6","True","B_o036_r04680","B","closure_count>1"
"1","2","True","B_o037_r04695","B","closure_count>1"
"1","2","True","B_o037_r04696","B","closure_count>1"
"1","2","True","B_o037_r04719","B","closure_count>1"
"1","2","True","B_o037_r04720","B","closure_count>1"
"1","2","True","B_o037_r04737","B","closure_count>1"
"1","2","True","B_o037_r04738","B","closure_count>1"
"1","2","True","B_o037_r04739","B","closure_count>1"
"1","2","True","B_o037_r04740","B","closure_count>1"
"1","2","True","B_o037_r04743","B","closure_count>1"
"1","2","True","B_o037_r04744","B","closure_count>1"
"1","2","True","B_o037_r04749","B","closure_count>1"
"1","2","True","B_o037_r04750","B","closure_count>1"
"1","2","True","B_o037_r04755","B","closure_count>1"
"1","2","True","B_o037_r04756","B","closure_count>1"
"1","2","True","B_o037_r04757","B","closure_count>1"
"1","2","True","B_o037_r04758","B","closure_count>1"
"1","3","True","B_o037_r04761","B","closure_count>1"
"1","3","True","B_o037_r04762","B","closure_count>1"
"1","3","True","B_o037_r04763","B","closure_count>1"
"1","3","True","B_o037_r04764","B","closure_count>1"
"1","2","True","B_o037_r04765","B","closure_count>1"
"1","2","True","B_o037_r04766","B","closure_count>1"
"1","3","True","B_o037_r04767","B","closure_count>1"
"1","3","True","B_o037_r04768","B","closure_count>1"
"1","3","True","B_o037_r04769","B","closure_count>1"
"1","3","True","B_o037_r04770","B","closure_count>1"
"1","2","True","B_o037_r04773","B","closure_count>1"
"1","2","True","B_o037_r04774","B","closure_count>1"
"1","2","True","B_o037_r04775","B","closure_count>1"
"1","2","True","B_o037_r04776","B","closure_count>1"
"1","2","True","B_o037_r04777","B","closure_count>1"
"1","2","True","B_o037_r04778","B","closure_count>1"
"1","3","True","B_o037_r04779","B","closure_count>1"
"1","3","True","B_o037_r04780","B","closure_count>1"
"1","5","True","B_o037_r04781","B","closure_count>1"
"1","5","True","B_o037_r04782","B","closure_count>1"
"1","2","True","B_o037_r04783","B","closure_count>1"
"1","2","True","B_o037_r04784","B","closure_count>1"
"1","4","True","B_o037_r04785","B","closure_count>1"
"1","4","True","B_o037_r04786","B","closure_count>1"
"1","6","True","B_o037_r04787","B","closure_count>1"
"1","6","True","B_o037_r04788","B","closure_count>1"
"1","3","True","B_o037_r04789","B","closure_count>1"
"1","3","True","B_o037_r04790","B","closure_count>1"
"1","4","True","B_o037_r04791","B","closure_count>1"
"1","4","True","B_o037_r04792","B","closure_count>1"
"1","7","True","B_o037_r04793","B","closure_count>1"
"1","7","True","B_o037_r04794","B","closure_count>1"
"1","3","True","B_o037_r04795","B","closure_count>1"
"1","3","True","B_o037_r04796","B","closure_count>1"
"1","4","True","B_o037_r04797","B","closure_count>1"
"1","4","True","B_o037_r04798","B","closure_count>1"
"1","8","True","B_o037_r04799","B","closure_count>1"
"1","8","True","B_o037_r04800","B","closure_count>1"
"1","2","True","B_o038_r04815","B","closure_count>1"
"1","2","True","B_o038_r04816","B","closure_count>1"
"1","2","True","B_o038_r04839","B","closure_count>1"
"1","2","True","B_o038_r04840","B","closure_count>1"
"1","2","True","B_o038_r04857","B","closure_count>1"
"1","2","True","B_o038_r04858","B","closure_count>1"
"1","2","True","B_o038_r04859","B","closure_count>1"
"1","2","True","B_o038_r04860","B","closure_count>1"
"1","2","True","B_o038_r04863","B","closure_count>1"
"1","2","True","B_o038_r04864","B","closure_count>1"
"1","2","True","B_o038_r04869","B","closure_count>1"
"1","2","True","B_o038_r04870","B","closure_count>1"
"1","2","True","B_o038_r04875","B","closure_count>1"
"1","2","True","B_o038_r04876","B","closure_count>1"
"1","2","True","B_o038_r04877","B","closure_count>1"
"1","2","True","B_o038_r04878","B","closure_count>1"
"1","3","True","B_o038_r04881","B","closure_count>1"
"1","3","True","B_o038_r04882","B","closure_count>1"
"1","3","True","B_o038_r04883","B","closure_count>1"
"1","3","True","B_o038_r04884","B","closure_count>1"
"1","2","True","B_o038_r04885","B","closure_count>1"
"1","2","True","B_o038_r04886","B","closure_count>1"
"1","3","True","B_o038_r04887","B","closure_count>1"
"1","3","True","B_o038_r04888","B","closure_count>1"
"1","3","True","B_o038_r04889","B","closure_count>1"
"1","3","True","B_o038_r04890","B","closure_count>1"
"1","2","True","B_o038_r04893","B","closure_count>1"
"1","2","True","B_o038_r04894","B","closure_count>1"
"1","2","True","B_o038_r04895","B","closure_count>1"
"1","2","True","B_o038_r04896","B","closure_count>1"
"1","2","True","B_o038_r04901","B","closure_count>1"
"1","2","True","B_o038_r04902","B","closure_count>1"
"1","2","True","B_o038_r04907","B","closure_count>1"
"1","2","True","B_o038_r04908","B","closure_count>1"
"1","2","True","B_o038_r04913","B","closure_count>1"
"1","2","True","B_o038_r04914","B","closure_count>1"
"1","2","True","B_o038_r04919","B","closure_count>1"
"1","2","True","B_o038_r04920","B","closure_count>1"
"1","2","True","B_o039_r04935","B","closure_count>1"
"1","2","True","B_o039_r04936","B","closure_count>1"
"1","2","True","B_o039_r04959","B","closure_count>1"
"1","2","True","B_o039_r04960","B","closure_count>1"
"1","2","True","B_o039_r04977","B","closure_count>1"
"1","2","True","B_o039_r04978","B","closure_count>1"
"1","2","True","B_o039_r04979","B","closure_count>1"
"1","2","True","B_o039_r04980","B","closure_count>1"
"1","2","True","B_o039_r04983","B","closure_count>1"
"1","2","True","B_o039_r04984","B","closure_count>1"
"1","2","True","B_o039_r04989","B","closure_count>1"
"1","2","True","B_o039_r04990","B","closure_count>1"
"1","2","True","B_o039_r04995","B","closure_count>1"
"1","2","True","B_o039_r04996","B","closure_count>1"
"1","2","True","B_o039_r04997","B","closure_count>1"
"1","2","True","B_o039_r04998","B","closure_count>1"
"1","3","True","B_o039_r05001","B","closure_count>1"
"1","3","True","B_o039_r05002","B","closure_count>1"
"1","3","True","B_o039_r05003","B","closure_count>1"
"1","3","True","B_o039_r05004","B","closure_count>1"
"1","2","True","B_o039_r05005","B","closure_count>1"
"1","2","True","B_o039_r05006","B","closure_count>1"
"1","3","True","B_o039_r05007","B","closure_count>1"
"1","3","True","B_o039_r05008","B","closure_count>1"
"1","3","True","B_o039_r05009","B","closure_count>1"
"1","3","True","B_o039_r05010","B","closure_count>1"
"1","2","True","B_o039_r05013","B","closure_count>1"
"1","2","True","B_o039_r05014","B","closure_count>1"
"1","2","True","B_o039_r05015","B","closure_count>1"
"1","2","True","B_o039_r05016","B","closure_count>1"
"1","2","True","B_o039_r05021","B","closure_count>1"
"1","2","True","B_o039_r05022","B","closure_count>1"
"1","2","True","B_o039_r05027","B","closure_count>1"
"1","2","True","B_o039_r05028","B","closure_count>1"
"1","2","True","B_o039_r05033","B","closure_count>1"
"1","2","True","B_o039_r05034","B","closure_count>1"
"1","2","True","B_o039_r05039","B","closure_count>1"
"1","2","True","B_o039_r05040","B","closure_count>1"
"1","2","True","B_o040_r05055","B","closure_count>1"
"1","2","True","B_o040_r05056","B","closure_count>1"
"1","2","True","B_o040_r05079","B","closure_count>1"
"1","2","True","B_o040_r05080","B","closure_count>1"
"1","2","True","B_o040_r05097","B","closure_count>1"
"1","2","True","B_o040_r05098","B","closure_count>1"
"1","2","True","B_o040_r05099","B","closure_count>1"
"1","2","True","B_o040_r05100","B","closure_count>1"
"1","2","True","B_o040_r05103","B","closure_count>1"
"1","2","True","B_o040_r05104","B","closure_count>1"
"1","2","True","B_o040_r05109","B","closure_count>1"
"1","2","True","B_o040_r05110","B","closure_count>1"
"1","2","True","B_o040_r05115","B","closure_count>1"
"1","2","True","B_o040_r05116","B","closure_count>1"
"1","3","True","B_o040_r05121","B","closure_count>1"
"1","3","True","B_o040_r05122","B","closure_count>1"
"1","2","True","B_o040_r05125","B","closure_count>1"
"1","2","True","B_o040_r05126","B","closure_count>1"
"1","3","True","B_o040_r05127","B","closure_count>1"
"1","3","True","B_o040_r05128","B","closure_count>1"
"1","2","True","B_o040_r05131","B","closure_count>1"
"1","2","True","B_o040_r05132","B","closure_count>1"
"1","3","True","B_o040_r05133","B","closure_count>1"
"1","3","True","B_o040_r05134","B","closure_count>1"
"1","3","True","B_o040_r05135","B","closure_count>1"
"1","3","True","B_o040_r05136","B","closure_count>1"
"1","2","True","B_o040_r05137","B","closure_count>1"
"1","2","True","B_o040_r05138","B","closure_count>1"
"1","3","True","B_o040_r05139","B","closure_count>1"
"1","3","True","B_o040_r05140","B","closure_count>1"
"1","2","True","B_o040_r05141","B","closure_count>1"
"1","2","True","B_o040_r05142","B","closure_count>1"
"1","2","True","B_o040_r05143","B","closure_count>1"
"1","2","True","B_o040_r05144","B","closure_count>1"
"1","4","True","B_o040_r05145","B","closure_count>1"
"1","4","True","B_o040_r05146","B","closure_count>1"
"1","2","True","B_o040_r05147","B","closure_count>1"
"1","2","True","B_o040_r05148","B","closure_count>1"
"1","3","True","B_o040_r05149","B","closure_count>1"
"1","3","True","B_o040_r05150","B","closure_count>1"
"1","4","True","B_o040_r05151","B","closure_count>1"
"1","4","True","B_o040_r05152","B","closure_count>1"
"1","2","True","B_o040_r05153","B","closure_count>1"
"1","2","True","B_o040_r05154","B","closure_count>1"
"1","5","True","B_o040_r05155","B","closure_count>1"
"1","5","True","B_o040_r05156","B","closure_count>1"
"1","6","True","B_o040_r05157","B","closure_count>1"
"1","6","True","B_o040_r05158","B","closure_count>1"
"1","10","True","B_o040_r05159","B","closure_count>1"
"1","10","True","B_o040_r05160","B","closure_count>1"
"1","2","True","B_o041_r05175","B","closure_count>1"
"1","2","True","B_o041_r05176","B","closure_count>1"
"1","2","True","B_o041_r05199","B","closure_count>1"
"1","2","True","B_o041_r05200","B","closure_count>1"
"1","2","True","B_o041_r05217","B","closure_count>1"
"1","2","True","B_o041_r05218","B","closure_count>1"
"1","2","True","B_o041_r05219","B","closure_count>1"
"1","2","True","B_o041_r05220","B","closure_count>1"
"1","2","True","B_o041_r05223","B","closure_count>1"
"1","2","True","B_o041_r05224","B","closure_count>1"
"1","2","True","B_o041_r05229","B","closure_count>1"
"1","2","True","B_o041_r05230","B","closure_count>1"
"1","2","True","B_o041_r05235","B","closure_count>1"
"1","2","True","B_o041_r05236","B","closure_count>1"
"1","3","True","B_o041_r05241","B","closure_count>1"
"1","3","True","B_o041_r05242","B","closure_count>1"
"1","2","True","B_o041_r05245","B","closure_count>1"
"1","2","True","B_o041_r05246","B","closure_count>1"
"1","3","True","B_o041_r05247","B","closure_count>1"
"1","3","True","B_o041_r05248","B","closure_count>1"
"1","2","True","B_o041_r05251","B","closure_count>1"
"1","2","True","B_o041_r05252","B","closure_count>1"
"1","3","True","B_o041_r05253","B","closure_count>1"
"1","3","True","B_o041_r05254","B","closure_count>1"
"1","3","True","B_o041_r05255","B","closure_count>1"
"1","3","True","B_o041_r05256","B","closure_count>1"
"1","2","True","B_o041_r05275","B","closure_count>1"
"1","2","True","B_o041_r05276","B","closure_count>1"
"1","2","True","B_o041_r05277","B","closure_count>1"
"1","2","True","B_o041_r05278","B","closure_count>1"
"1","3","True","B_o041_r05279","B","closure_count>1"
"1","3","True","B_o041_r05280","B","closure_count>1"
"1","2","True","B_o042_r05295","B","closure_count>1"
"1","2","True","B_o042_r05296","B","closure_count>1"
"1","2","True","B_o042_r05319","B","closure_count>1"
"1","2","True","B_o042_r05320","B","closure_count>1"
"1","2","True","B_o042_r05337","B","closure_count>1"
"1","2","True","B_o042_r05338","B","closure_count>1"
"1","2","True","B_o042_r05339","B","closure_count>1"
"1","2","True","B_o042_r05340","B","closure_count>1"
"1","2","True","B_o042_r05343","B","closure_count>1"
"1","2","True","B_o042_r05344","B","closure_count>1"
"1","2","True","B_o042_r05349","B","closure_count>1"
"1","2","True","B_o042_r05350","B","closure_count>1"
"1","2","True","B_o042_r05355","B","closure_count>1"
"1","2","True","B_o042_r05356","B","closure_count>1"
"1","3","True","B_o042_r05361","B","closure_count>1"
"1","3","True","B_o042_r05362","B","closure_count>1"
"1","2","True","B_o042_r05365","B","closure_count>1"
"1","2","True","B_o042_r05366","B","closure_count>1"
"1","3","True","B_o042_r05367","B","closure_count>1"
"1","3","True","B_o042_r05368","B","closure_count>1"
"1","2","True","B_o042_r05371","B","closure_count>1"
"1","2","True","B_o042_r05372","B","closure_count>1"
"1","3","True","B_o042_r05373","B","closure_count>1"
"1","3","True","B_o042_r05374","B","closure_count>1"
"1","3","True","B_o042_r05375","B","closure_count>1"
"1","3","True","B_o042_r05376","B","closure_count>1"
"1","2","True","B_o042_r05395","B","closure_count>1"
"1","2","True","B_o042_r05396","B","closure_count>1"
"1","2","True","B_o042_r05397","B","closure_count>1"
"1","2","True","B_o042_r05398","B","closure_count>1"
"1","3","True","B_o042_r05399","B","closure_count>1"
"1","3","True","B_o042_r05400","B","closure_count>1"
"1","2","True","B_o043_r05416","B","closure_count>1"
"1","2","True","B_o043_r05440","B","closure_count>1"
"1","2","True","B_o043_r05457","B","closure_count>1"
"1","2","True","B_o043_r05458","B","closure_count>1"
"1","2","True","B_o043_r05459","B","closure_count>1"
"1","2","True","B_o043_r05460","B","closure_count>1"
"1","2","True","B_o043_r05463","B","closure_count>1"
"1","2","True","B_o043_r05464","B","closure_count>1"
"1","2","True","B_o043_r05469","B","closure_count>1"
"1","2","True","B_o043_r05470","B","closure_count>1"
"1","2","True","B_o043_r05473","B","closure_count>1"
"1","3","True","B_o043_r05475","B","closure_count>1"
"1","2","True","B_o043_r05476","B","closure_count>1"
"1","2","True","B_o043_r05479","B","closure_count>1"
"1","4","True","B_o043_r05481","B","closure_count>1"
"1","3","True","B_o043_r05482","B","closure_count>1"
"1","3","True","B_o043_r05485","B","closure_count>1"
"1","2","True","B_o043_r05486","B","closure_count>1"
"1","4","True","B_o043_r05487","B","closure_count>1"
"1","3","True","B_o043_r05488","B","closure_count>1"
"1","2","True","B_o044_r05536","B","closure_count>1"
"1","2","True","B_o044_r05560","B","closure_count>1"
"1","2","True","B_o044_r05577","B","closure_count>1"
"1","2","True","B_o044_r05578","B","closure_count>1"
"1","2","True","B_o044_r05579","B","closure_count>1"
"1","2","True","B_o044_r05580","B","closure_count>1"
"1","2","True","B_o044_r05583","B","closure_count>1"
"1","2","True","B_o044_r05584","B","closure_count>1"
"1","2","True","B_o044_r05589","B","closure_count>1"
"1","2","True","B_o044_r05590","B","closure_count>1"
"1","2","True","B_o044_r05593","B","closure_count>1"
"1","3","True","B_o044_r05595","B","closure_count>1"
"1","2","True","B_o044_r05596","B","closure_count>1"
"1","2","True","B_o044_r05599","B","closure_count>1"
"1","4","True","B_o044_r05601","B","closure_count>1"
"1","3","True","B_o044_r05602","B","closure_count>1"
"1","3","True","B_o044_r05605","B","closure_count>1"
"1","2","True","B_o044_r05606","B","closure_count>1"
"1","4","True","B_o044_r05607","B","closure_count>1"
"1","3","True","B_o044_r05608","B","closure_count>1"
"1","2","True","B_o045_r05656","B","closure_count>1"
"1","2","True","B_o045_r05660","B","closure_count>1"
"1","3","True","B_o045_r05662","B","closure_count>1"
"1","2","True","B_o045_r05663","B","closure_count>1"
"1","2","True","B_o045_r05664","B","closure_count>1"
"1","2","True","B_o045_r05680","B","closure_count>1"
"1","2","True","B_o045_r05684","B","closure_count>1"
"1","3","True","B_o045_r05686","B","closure_count>1"
"1","2","True","B_o045_r05687","B","closure_count>1"
"1","2","True","B_o045_r05688","B","closure_count>1"
"1","2","True","B_o045_r05697","B","closure_count>1"
"1","2","True","B_o045_r05698","B","closure_count>1"
"1","2","True","B_o045_r05699","B","closure_count>1"
"1","2","True","B_o045_r05700","B","closure_count>1"
"1","2","True","B_o045_r05703","B","closure_count>1"
"1","2","True","B_o045_r05704","B","closure_count>1"
"1","2","True","B_o045_r05708","B","closure_count>1"
"1","2","True","B_o045_r05709","B","closure_count>1"
"1","4","True","B_o045_r05710","B","closure_count>1"
"1","2","True","B_o045_r05711","B","closure_count>1"
"1","2","True","B_o045_r05712","B","closure_count>1"
"1","2","True","B_o045_r05716","B","closure_count>1"
"1","3","True","B_o045_r05722","B","closure_count>1"
"1","2","True","B_o045_r05726","B","closure_count>1"
"1","3","True","B_o045_r05728","B","closure_count>1"
"1","2","True","B_o045_r05738","B","closure_count>1"
"1","3","True","B_o045_r05740","B","closure_count>1"
"1","2","True","B_o045_r05741","B","closure_count>1"
"1","2","True","B_o045_r05742","B","closure_count>1"
"1","2","True","B_o045_r05744","B","closure_count>1"
"1","4","True","B_o045_r05746","B","closure_count>1"
"1","2","True","B_o045_r05747","B","closure_count>1"
"1","2","True","B_o045_r05748","B","closure_count>1"
"1","3","True","B_o045_r05750","B","closure_count>1"
"1","4","True","B_o045_r05752","B","closure_count>1"
"1","2","True","B_o045_r05753","B","closure_count>1"
"1","2","True","B_o045_r05754","B","closure_count>1"
"1","2","True","B_o045_r05755","B","closure_count>1"
"1","2","True","B_o045_r05756","B","closure_count>1"
"1","2","True","B_o045_r05757","B","closure_count>1"
"1","2","True","B_o045_r05758","B","closure_count>1"
"1","2","True","B_o045_r05759","B","closure_count>1"
"1","2","True","B_o045_r05760","B","closure_count>1"
"1","2","True","B_o046_r05776","B","closure_count>1"
"1","2","True","B_o046_r05800","B","closure_count>1"
"1","2","True","B_o046_r05811","B","closure_count>1"
"1","2","True","B_o046_r05813","B","closure_count>1"
"1","3","True","B_o046_r05817","B","closure_count>1"
"1","2","True","B_o046_r05818","B","closure_count>1"
"1","3","True","B_o046_r05819","B","closure_count>1"
"1","2","True","B_o046_r05820","B","closure_count>1"
"1","2","True","B_o046_r05823","B","closure_count>1"
"1","2","True","B_o046_r05824","B","closure_count>1"
"1","2","True","B_o046_r05829","B","closure_count>1"
"1","2","True","B_o046_r05830","B","closure_count>1"
"1","2","True","B_o046_r05835","B","closure_count>1"
"1","2","True","B_o046_r05836","B","closure_count>1"
"1","3","True","B_o046_r05841","B","closure_count>1"
"1","3","True","B_o046_r05842","B","closure_count>1"
"1","2","True","B_o046_r05845","B","closure_count>1"
"1","2","True","B_o046_r05846","B","closure_count>1"
"1","3","True","B_o046_r05847","B","closure_count>1"
"1","3","True","B_o046_r05848","B","closure_count>1"
"1","2","True","B_o046_r05851","B","closure_count>1"
"1","2","True","B_o046_r05852","B","closure_count>1"
"1","3","True","B_o046_r05853","B","closure_count>1"
"1","3","True","B_o046_r05854","B","closure_count>1"
"1","2","True","B_o046_r05855","B","closure_count>1"
"1","2","True","B_o046_r05856","B","closure_count>1"
"1","2","True","B_o046_r05857","B","closure_count>1"
"1","2","True","B_o046_r05858","B","closure_count>1"
"1","5","True","B_o046_r05859","B","closure_count>1"
"1","3","True","B_o046_r05860","B","closure_count>1"
"1","2","True","B_o046_r05861","B","closure_count>1"
"1","2","True","B_o046_r05862","B","closure_count>1"
"1","2","True","B_o046_r05863","B","closure_count>1"
"1","2","True","B_o046_r05864","B","closure_count>1"
"1","6","True","B_o046_r05865","B","closure_count>1"
"1","4","True","B_o046_r05866","B","closure_count>1"
"1","2","True","B_o046_r05867","B","closure_count>1"
"1","2","True","B_o046_r05868","B","closure_count>1"
"1","3","True","B_o046_r05869","B","closure_count>1"
"1","3","True","B_o046_r05870","B","closure_count>1"
"1","4","True","B_o046_r05871","B","closure_count>1"
"1","4","True","B_o046_r05872","B","closure_count>1"
"1","2","True","B_o046_r05873","B","closure_count>1"
"1","2","True","B_o046_r05874","B","closure_count>1"
"1","5","True","B_o046_r05875","B","closure_count>1"
"1","5","True","B_o046_r05876","B","closure_count>1"
"1","6","True","B_o046_r05877","B","closure_count>1"
"1","6","True","B_o046_r05878","B","closure_count>1"
"1","5","True","B_o046_r05879","B","closure_count>1"
"1","5","True","B_o046_r05880","B","closure_count>1"
"1","2","True","B_o047_r05896","B","closure_count>1"
"1","2","True","B_o047_r05920","B","closure_count>1"
"1","2","True","B_o047_r05931","B","closure_count>1"
"1","2","True","B_o047_r05933","B","closure_count>1"
"1","3","True","B_o047_r05937","B","closure_count>1"
"1","2","True","B_o047_r05938","B","closure_count>1"
"1","3","True","B_o047_r05939","B","closure_count>1"
"1","2","True","B_o047_r05940","B","closure_count>1"
"1","2","True","B_o047_r05943","B","closure_count>1"
"1","2","True","B_o047_r05944","B","closure_count>1"
"1","2","True","B_o047_r05949","B","closure_count>1"
"1","2","True","B_o047_r05950","B","closure_count>1"
"1","2","True","B_o047_r05955","B","closure_count>1"
"1","2","True","B_o047_r05956","B","closure_count>1"
"1","3","True","B_o047_r05961","B","closure_count>1"
"1","3","True","B_o047_r05962","B","closure_count>1"
"1","2","True","B_o047_r05965","B","closure_count>1"
"1","2","True","B_o047_r05966","B","closure_count>1"
"1","3","True","B_o047_r05967","B","closure_count>1"
"1","3","True","B_o047_r05968","B","closure_count>1"
"1","2","True","B_o047_r05971","B","closure_count>1"
"1","2","True","B_o047_r05972","B","closure_count>1"
"1","3","True","B_o047_r05973","B","closure_count>1"
"1","3","True","B_o047_r05974","B","closure_count>1"
"1","2","True","B_o047_r05975","B","closure_count>1"
"1","2","True","B_o047_r05976","B","closure_count>1"
"1","2","True","B_o047_r05979","B","closure_count>1"
"1","2","True","B_o047_r05985","B","closure_count>1"
"1","2","True","B_o047_r05995","B","closure_count>1"
"1","2","True","B_o047_r05996","B","closure_count>1"
"1","2","True","B_o047_r05997","B","closure_count>1"
"1","2","True","B_o047_r05998","B","closure_count>1"
"1","2","True","B_o047_r05999","B","closure_count>1"
"1","2","True","B_o047_r06000","B","closure_count>1"
"1","2","True","B_o048_r06016","B","closure_count>1"
"1","2","True","B_o048_r06040","B","closure_count>1"
"1","2","True","B_o048_r06051","B","closure_count>1"
"1","2","True","B_o048_r06053","B","closure_count>1"
"1","3","True","B_o048_r06057","B","closure_count>1"
"1","2","True","B_o048_r06058","B","closure_count>1"
"1","3","True","B_o048_r06059","B","closure_count>1"
"1","2","True","B_o048_r06060","B","closure_count>1"
"1","2","True","B_o048_r06063","B","closure_count>1"
"1","2","True","B_o048_r06064","B","closure_count>1"
"1","2","True","B_o048_r06069","B","closure_count>1"
"1","2","True","B_o048_r06070","B","closure_count>1"
"1","2","True","B_o048_r06075","B","closure_count>1"
"1","2","True","B_o048_r06076","B","closure_count>1"
"1","3","True","B_o048_r06081","B","closure_count>1"
"1","3","True","B_o048_r06082","B","closure_count>1"
"1","2","True","B_o048_r06085","B","closure_count>1"
"1","2","True","B_o048_r06086","B","closure_count>1"
"1","3","True","B_o048_r06087","B","closure_count>1"
"1","3","True","B_o048_r06088","B","closure_count>1"
"1","2","True","B_o048_r06091","B","closure_count>1"
"1","2","True","B_o048_r06092","B","closure_count>1"
"1","3","True","B_o048_r06093","B","closure_count>1"
"1","3","True","B_o048_r06094","B","closure_count>1"
"1","2","True","B_o048_r06095","B","closure_count>1"
"1","2","True","B_o048_r06096","B","closure_count>1"
"1","2","True","B_o048_r06099","B","closure_count>1"
"1","2","True","B_o048_r06105","B","closure_count>1"
"1","2","True","B_o048_r06115","B","closure_count>1"
"1","2","True","B_o048_r06116","B","closure_count>1"
"1","2","True","B_o048_r06117","B","closure_count>1"
"1","2","True","B_o048_r06118","B","closure_count>1"
"1","2","True","B_o048_r06119","B","closure_count>1"
"1","2","True","B_o048_r06120","B","closure_count>1"
"1","2","True","B_o049_r06136","B","closure_count>1"
"1","2","True","B_o049_r06160","B","closure_count>1"
"1","2","True","B_o049_r06171","B","closure_count>1"
"1","2","True","B_o049_r06173","B","closure_count>1"
"1","3","True","B_o049_r06177","B","closure_count>1"
"1","2","True","B_o049_r06178","B","closure_count>1"
"1","3","True","B_o049_r06179","B","closure_count>1"
"1","2","True","B_o049_r06180","B","closure_count>1"
"1","2","True","B_o049_r06183","B","closure_count>1"
"1","2","True","B_o049_r06184","B","closure_count>1"
"1","2","True","B_o049_r06189","B","closure_count>1"
"1","2","True","B_o049_r06190","B","closure_count>1"
"1","2","True","B_o049_r06193","B","closure_count>1"
"1","5","True","B_o049_r06195","B","closure_count>1"
"1","2","True","B_o049_r06196","B","closure_count>1"
"1","2","True","B_o049_r06199","B","closure_count>1"
"1","6","True","B_o049_r06201","B","closure_count>1"
"1","3","True","B_o049_r06202","B","closure_count>1"
"1","3","True","B_o049_r06205","B","closure_count>1"
"1","2","True","B_o049_r06206","B","closure_count>1"
"1","4","True","B_o049_r06207","B","closure_count>1"
"1","3","True","B_o049_r06208","B","closure_count>1"
"1","2","True","B_o049_r06219","B","closure_count>1"
"1","2","True","B_o049_r06225","B","closure_count>1"
"1","2","True","B_o050_r06256","B","closure_count>1"
"1","2","True","B_o050_r06280","B","closure_count>1"
"1","2","True","B_o050_r06291","B","closure_count>1"
"1","2","True","B_o050_r06293","B","closure_count>1"
"1","3","True","B_o050_r06297","B","closure_count>1"
"1","2","True","B_o050_r06298","B","closure_count>1"
"1","3","True","B_o050_r06299","B","closure_count>1"
"1","2","True","B_o050_r06300","B","closure_count>1"
"1","2","True","B_o050_r06303","B","closure_count>1"
"1","2","True","B_o050_r06304","B","closure_count>1"
"1","2","True","B_o050_r06309","B","closure_count>1"
"1","2","True","B_o050_r06310","B","closure_count>1"
"1","2","True","B_o050_r06313","B","closure_count>1"
"1","5","True","B_o050_r06315","B","closure_count>1"
"1","2","True","B_o050_r06316","B","closure_count>1"
"1","2","True","B_o050_r06319","B","closure_count>1"
"1","6","True","B_o050_r06321","B","closure_count>1"
"1","3","True","B_o050_r06322","B","closure_count>1"
"1","3","True","B_o050_r06325","B","closure_count>1"
"1","2","True","B_o050_r06326","B","closure_count>1"
"1","4","True","B_o050_r06327","B","closure_count>1"
"1","3","True","B_o050_r06328","B","closure_count>1"
"1","2","True","B_o050_r06339","B","closure_count>1"
"1","2","True","B_o050_r06345","B","closure_count>1"
"1","2","True","B_o051_r06376","B","closure_count>1"
"1","2","True","B_o051_r06380","B","closure_count>1"
"1","3","True","B_o051_r06382","B","closure_count>1"
"1","2","True","B_o051_r06383","B","closure_count>1"
"1","2","True","B_o051_r06384","B","closure_count>1"
"1","2","True","B_o051_r06400","B","closure_count>1"
"1","2","True","B_o051_r06404","B","closure_count>1"
"1","3","True","B_o051_r06406","B","closure_count>1"
"1","2","True","B_o051_r06407","B","closure_count>1"
"1","2","True","B_o051_r06408","B","closure_count>1"
"1","2","True","B_o051_r06411","B","closure_count>1"
"1","2","True","B_o051_r06413","B","closure_count>1"
"1","3","True","B_o051_r06417","B","closure_count>1"
"1","2","True","B_o051_r06418","B","closure_count>1"
"1","3","True","B_o051_r06419","B","closure_count>1"
"1","2","True","B_o051_r06420","B","closure_count>1"
"1","2","True","B_o051_r06423","B","closure_count>1"
"1","2","True","B_o051_r06424","B","closure_count>1"
"1","2","True","B_o051_r06428","B","closure_count>1"
"1","2","True","B_o051_r06429","B","closure_count>1"
"1","4","True","B_o051_r06430","B","closure_count>1"
"1","2","True","B_o051_r06431","B","closure_count>1"
"1","2","True","B_o051_r06432","B","closure_count>1"
"1","2","True","B_o051_r06435","B","closure_count>1"
"1","2","True","B_o051_r06436","B","closure_count>1"
"1","2","True","B_o051_r06441","B","closure_count>1"
"1","3","True","B_o051_r06442","B","closure_count>1"
"1","2","True","B_o051_r06446","B","closure_count>1"
"1","3","True","B_o051_r06448","B","closure_count>1"
"1","2","True","B_o051_r06458","B","closure_count>1"
"1","2","True","B_o051_r06459","B","closure_count>1"
"1","3","True","B_o051_r06460","B","closure_count>1"
"1","2","True","B_o051_r06461","B","closure_count>1"
"1","2","True","B_o051_r06462","B","closure_count>1"
"1","2","True","B_o051_r06464","B","closure_count>1"
"1","2","True","B_o051_r06465","B","closure_count>1"
"1","4","True","B_o051_r06466","B","closure_count>1"
"1","2","True","B_o051_r06467","B","closure_count>1"
"1","2","True","B_o051_r06468","B","closure_count>1"
"1","3","True","B_o051_r06470","B","closure_count>1"
"1","4","True","B_o051_r06472","B","closure_count>1"
"1","2","True","B_o051_r06473","B","closure_count>1"
"1","2","True","B_o051_r06474","B","closure_count>1"
"1","2","True","B_o051_r06475","B","closure_count>1"
"1","2","True","B_o051_r06476","B","closure_count>1"
"1","2","True","B_o051_r06477","B","closure_count>1"
"1","2","True","B_o051_r06478","B","closure_count>1"
"1","2","True","B_o051_r06479","B","closure_count>1"
"1","2","True","B_o051_r06480","B","closure_count>1"
"1","2","True","B_o052_r06496","B","closure_count>1"
"1","2","True","B_o052_r06498","B","closure_count>1"
"1","2","True","B_o052_r06520","B","closure_count>1"
"1","2","True","B_o052_r06522","B","closure_count>1"
"1","2","True","B_o052_r06538","B","closure_count>1"
"1","2","True","B_o052_r06540","B","closure_count>1"
"1","2","True","B_o052_r06541","B","closure_count>1"
"1","3","True","B_o052_r06543","B","closure_count>1"
"1","2","True","B_o052_r06544","B","closure_count>1"
"1","2","True","B_o052_r06547","B","closure_count>1"
"1","3","True","B_o052_r06549","B","closure_count>1"
"1","2","True","B_o052_r06550","B","closure_count>1"
"1","2","True","B_o052_r06553","B","closure_count>1"
"1","2","True","B_o052_r06555","B","closure_count>1"
"1","2","True","B_o052_r06556","B","closure_count>1"
"1","2","True","B_o052_r06558","B","closure_count>1"
"1","2","True","B_o052_r06559","B","closure_count>1"
"1","2","True","B_o052_r06561","B","closure_count>1"
"1","3","True","B_o052_r06562","B","closure_count>1"
"1","3","True","B_o052_r06564","B","closure_count>1"
"1","5","True","B_o052_r06565","B","closure_count>1"
"1","2","True","B_o052_r06566","B","closure_count>1"
"1","6","True","B_o052_r06567","B","closure_count>1"
"1","3","True","B_o052_r06568","B","closure_count>1"
"1","2","True","B_o052_r06569","B","closure_count>1"
"1","2","True","B_o052_r06570","B","closure_count>1"
"1","2","True","B_o052_r06589","B","closure_count>1"
"1","2","True","B_o052_r06591","B","closure_count>1"
"1","2","True","B_o053_r06616","B","closure_count>1"
"1","2","True","B_o053_r06618","B","closure_count>1"
"1","2","True","B_o053_r06640","B","closure_count>1"
"1","2","True","B_o053_r06642","B","closure_count>1"
"1","2","True","B_o053_r06658","B","closure_count>1"
"1","2","True","B_o053_r06660","B","closure_count>1"
"1","2","True","B_o053_r06661","B","closure_count>1"
"1","3","True","B_o053_r06663","B","closure_count>1"
"1","2","True","B_o053_r06664","B","closure_count>1"
"1","2","True","B_o053_r06667","B","closure_count>1"
"1","3","True","B_o053_r06669","B","closure_count>1"
"1","2","True","B_o053_r06670","B","closure_count>1"
"1","2","True","B_o053_r06673","B","closure_count>1"
"1","2","True","B_o053_r06675","B","closure_count>1"
"1","2","True","B_o053_r06676","B","closure_count>1"
"1","2","True","B_o053_r06678","B","closure_count>1"
"1","2","True","B_o053_r06679","B","closure_count>1"
"1","2","True","B_o053_r06681","B","closure_count>1"
"1","3","True","B_o053_r06682","B","closure_count>1"
"1","3","True","B_o053_r06684","B","closure_count>1"
"1","5","True","B_o053_r06685","B","closure_count>1"
"1","2","True","B_o053_r06686","B","closure_count>1"
"1","6","True","B_o053_r06687","B","closure_count>1"
"1","3","True","B_o053_r06688","B","closure_count>1"
"1","2","True","B_o053_r06689","B","closure_count>1"
"1","2","True","B_o053_r06690","B","closure_count>1"
"1","2","True","B_o053_r06709","B","closure_count>1"
"1","2","True","B_o053_r06711","B","closure_count>1"
"1","2","True","B_o054_r06736","B","closure_count>1"
"1","2","True","B_o054_r06738","B","closure_count>1"
"1","2","True","B_o054_r06740","B","closure_count>1"
"1","3","True","B_o054_r06742","B","closure_count>1"
"1","2","True","B_o054_r06743","B","closure_count>1"
"1","3","True","B_o054_r06744","B","closure_count>1"
"1","2","True","B_o054_r06760","B","closure_count>1"
"1","2","True","B_o054_r06762","B","closure_count>1"
"1","2","True","B_o054_r06764","B","closure_count>1"
"1","3","True","B_o054_r06766","B","closure_count>1"
"1","2","True","B_o054_r06767","B","closure_count>1"
"1","3","True","B_o054_r06768","B","closure_count>1"
"1","2","True","B_o054_r06778","B","closure_count>1"
"1","2","True","B_o054_r06780","B","closure_count>1"
"1","2","True","B_o054_r06781","B","closure_count>1"
"1","3","True","B_o054_r06783","B","closure_count>1"
"1","2","True","B_o054_r06784","B","closure_count>1"
"1","2","True","B_o054_r06787","B","closure_count>1"
"1","2","True","B_o054_r06788","B","closure_count>1"
"1","3","True","B_o054_r06789","B","closure_count>1"
"1","4","True","B_o054_r06790","B","closure_count>1"
"1","2","True","B_o054_r06791","B","closure_count>1"
"1","2","True","B_o054_r06792","B","closure_count>1"
"1","2","True","B_o054_r06796","B","closure_count>1"
"1","2","True","B_o054_r06798","B","closure_count>1"
"1","3","True","B_o054_r06802","B","closure_count>1"
"1","3","True","B_o054_r06804","B","closure_count>1"
"1","2","True","B_o054_r06805","B","closure_count>1"
"1","2","True","B_o054_r06806","B","closure_count>1"
"1","2","True","B_o054_r06807","B","closure_count>1"
"1","3","True","B_o054_r06808","B","closure_count>1"
"1","2","True","B_o054_r06809","B","closure_count>1"
"1","2","True","B_o054_r06810","B","closure_count>1"
"1","2","True","B_o054_r06818","B","closure_count>1"
"1","3","True","B_o054_r06820","B","closure_count>1"
"1","2","True","B_o054_r06821","B","closure_count>1"
"1","3","True","B_o054_r06822","B","closure_count>1"
"1","2","True","B_o054_r06824","B","closure_count>1"
"1","4","True","B_o054_r06826","B","closure_count>1"
"1","2","True","B_o054_r06827","B","closure_count>1"
"1","4","True","B_o054_r06828","B","closure_count>1"
"1","2","True","B_o054_r06829","B","closure_count>1"
"1","3","True","B_o054_r06830","B","closure_count>1"
"1","2","True","B_o054_r06831","B","closure_count>1"
"1","4","True","B_o054_r06832","B","closure_count>1"
"1","3","True","B_o054_r06833","B","closure_count>1"
"1","3","True","B_o054_r06834","B","closure_count>1"
"1","2","True","B_o054_r06835","B","closure_count>1"
"1","2","True","B_o054_r06836","B","closure_count>1"
"1","2","True","B_o054_r06837","B","closure_count>1"
"1","2","True","B_o054_r06838","B","closure_count>1"
"1","2","True","B_o054_r06839","B","closure_count>1"
"1","2","True","B_o054_r06840","B","closure_count>1"
"1","2","True","B_o055_r06860","B","closure_count>1"
"1","2","True","B_o055_r06863","B","closure_count>1"
"1","2","True","B_o055_r06884","B","closure_count>1"
"1","2","True","B_o055_r06887","B","closure_count>1"
"1","2","True","B_o055_r06898","B","closure_count>1"
"1","2","True","B_o055_r06900","B","closure_count>1"
"1","2","True","B_o055_r06904","B","closure_count>1"
"1","2","True","B_o055_r06908","B","closure_count>1"
"1","4","True","B_o055_r06910","B","closure_count>1"
"1","2","True","B_o055_r06911","B","closure_count>1"
"1","2","True","B_o055_r06912","B","closure_count>1"
"1","2","True","B_o055_r06916","B","closure_count>1"
"1","2","True","B_o055_r06918","B","closure_count>1"
"1","3","True","B_o055_r06922","B","closure_count>1"
"1","3","True","B_o055_r06924","B","closure_count>1"
"1","2","True","B_o055_r06926","B","closure_count>1"
"1","3","True","B_o055_r06928","B","closure_count>1"
"1","2","True","B_o055_r06929","B","closure_count>1"
"1","2","True","B_o055_r06930","B","closure_count>1"
"1","2","True","B_o055_r06932","B","closure_count>1"
"1","3","True","B_o055_r06934","B","closure_count>1"
"1","2","True","B_o055_r06935","B","closure_count>1"
"1","2","True","B_o055_r06936","B","closure_count>1"
"1","2","True","B_o055_r06938","B","closure_count>1"
"1","3","True","B_o055_r06940","B","closure_count>1"
"1","2","True","B_o055_r06941","B","closure_count>1"
"1","4","True","B_o055_r06942","B","closure_count>1"
"1","2","True","B_o055_r06944","B","closure_count>1"
"1","4","True","B_o055_r06946","B","closure_count>1"
"1","2","True","B_o055_r06947","B","closure_count>1"
"1","5","True","B_o055_r06948","B","closure_count>1"
"1","3","True","B_o055_r06950","B","closure_count>1"
"1","4","True","B_o055_r06952","B","closure_count>1"
"1","3","True","B_o055_r06953","B","closure_count>1"
"1","3","True","B_o055_r06954","B","closure_count>1"
"1","2","True","B_o055_r06955","B","closure_count>1"
"1","4","True","B_o055_r06956","B","closure_count>1"
"1","2","True","B_o055_r06957","B","closure_count>1"
"1","5","True","B_o055_r06958","B","closure_count>1"
"1","4","True","B_o055_r06959","B","closure_count>1"
"1","4","True","B_o055_r06960","B","closure_count>1"
"1","2","True","B_o056_r06967","B","closure_count>1"
"1","2","True","B_o056_r06968","B","closure_count>1"
"1","2","True","B_o056_r06973","B","closure_count>1"
"1","2","True","B_o056_r06974","B","closure_count>1"
"1","2","True","B_o056_r06976","B","closure_count>1"
"1","2","True","B_o056_r07000","B","closure_count>1"
"1","2","True","B_o056_r07009","B","closure_count>1"
"1","2","True","B_o056_r07010","B","closure_count>1"
"1","2","True","B_o056_r07011","B","closure_count>1"
"1","2","True","B_o056_r07013","B","closure_count>1"
"1","2","True","B_o056_r07015","B","closure_count>1"
"1","2","True","B_o056_r07016","B","closure_count>1"
"1","3","True","B_o056_r07017","B","closure_count>1"
"1","2","True","B_o056_r07018","B","closure_count>1"
"1","3","True","B_o056_r07019","B","closure_count>1"
"1","2","True","B_o056_r07020","B","closure_count>1"
"1","4","True","B_o056_r07023","B","closure_count>1"
"1","4","True","B_o056_r07024","B","closure_count>1"
"1","2","True","B_o056_r07029","B","closure_count>1"
"1","2","True","B_o056_r07030","B","closure_count>1"
"1","2","True","B_o056_r07033","B","closure_count>1"
"1","2","True","B_o056_r07034","B","closure_count>1"
"1","2","True","B_o056_r07035","B","closure_count>1"
"1","2","True","B_o056_r07036","B","closure_count>1"
"1","2","True","B_o056_r07039","B","closure_count>1"
"1","2","True","B_o056_r07040","B","closure_count>1"
"1","4","True","B_o056_r07041","B","closure_count>1"
"1","4","True","B_o056_r07042","B","closure_count>1"
"1","2","True","B_o056_r07045","B","closure_count>1"
"1","2","True","B_o056_r07046","B","closure_count>1"
"1","6","True","B_o056_r07047","B","closure_count>1"
"1","6","True","B_o056_r07048","B","closure_count>1"
"1","2","True","B_o056_r07051","B","closure_count>1"
"1","2","True","B_o056_r07052","B","closure_count>1"
"1","3","True","B_o056_r07053","B","closure_count>1"
"1","3","True","B_o056_r07054","B","closure_count>1"
"1","2","True","B_o056_r07055","B","closure_count>1"
"1","2","True","B_o056_r07056","B","closure_count>1"
"1","3","True","B_o056_r07057","B","closure_count>1"
"1","3","True","B_o056_r07058","B","closure_count>1"
"1","5","True","B_o056_r07059","B","closure_count>1"
"1","3","True","B_o056_r07060","B","closure_count>1"
"1","2","True","B_o056_r07061","B","closure_count>1"
"1","2","True","B_o056_r07062","B","closure_count>1"
"1","3","True","B_o056_r07063","B","closure_count>1"
"1","3","True","B_o056_r07064","B","closure_count>1"
"1","7","True","B_o056_r07065","B","closure_count>1"
"1","5","True","B_o056_r07066","B","closure_count>1"
"1","2","True","B_o056_r07067","B","closure_count>1"
"1","2","True","B_o056_r07068","B","closure_count>1"
"1","3","True","B_o056_r07069","B","closure_count>1"
"1","3","True","B_o056_r07070","B","closure_count>1"
"1","8","True","B_o056_r07071","B","closure_count>1"
"1","8","True","B_o056_r07072","B","closure_count>1"
"1","2","True","B_o056_r07073","B","closure_count>1"
"1","2","True","B_o056_r07074","B","closure_count>1"
"1","5","True","B_o056_r07075","B","closure_count>1"
"1","5","True","B_o056_r07076","B","closure_count>1"
"1","10","True","B_o056_r07077","B","closure_count>1"
"1","10","True","B_o056_r07078","B","closure_count>1"
"1","5","True","B_o056_r07079","B","closure_count>1"
"1","5","True","B_o056_r07080","B","closure_count>1"
"1","2","True","B_o057_r07087","B","closure_count>1"
"1","2","True","B_o057_r07088","B","closure_count>1"
"1","2","True","B_o057_r07093","B","closure_count>1"
"1","2","True","B_o057_r07094","B","closure_count>1"
"1","2","True","B_o057_r07096","B","closure_count>1"
"1","2","True","B_o057_r07120","B","closure_count>1"
"1","2","True","B_o057_r07129","B","closure_count>1"
"1","2","True","B_o057_r07130","B","closure_count>1"
"1","2","True","B_o057_r07131","B","closure_count>1"
"1","2","True","B_o057_r07133","B","closure_count>1"
"1","2","True","B_o057_r07135","B","closure_count>1"
"1","2","True","B_o057_r07136","B","closure_count>1"
"1","3","True","B_o057_r07137","B","closure_count>1"
"1","2","True","B_o057_r07138","B","closure_count>1"
"1","3","True","B_o057_r07139","B","closure_count>1"
"1","2","True","B_o057_r07140","B","closure_count>1"
"1","4","True","B_o057_r07143","B","closure_count>1"
"1","4","True","B_o057_r07144","B","closure_count>1"
"1","2","True","B_o057_r07149","B","closure_count>1"
"1","2","True","B_o057_r07150","B","closure_count>1"
"1","2","True","B_o057_r07153","B","closure_count>1"
"1","2","True","B_o057_r07154","B","closure_count>1"
"1","2","True","B_o057_r07155","B","closure_count>1"
"1","2","True","B_o057_r07156","B","closure_count>1"
"1","2","True","B_o057_r07159","B","closure_count>1"
"1","2","True","B_o057_r07160","B","closure_count>1"
"1","4","True","B_o057_r07161","B","closure_count>1"
"1","4","True","B_o057_r07162","B","closure_count>1"
"1","2","True","B_o057_r07165","B","closure_count>1"
"1","2","True","B_o057_r07166","B","closure_count>1"
"1","6","True","B_o057_r07167","B","closure_count>1"
"1","6","True","B_o057_r07168","B","closure_count>1"
"1","2","True","B_o057_r07171","B","closure_count>1"
"1","2","True","B_o057_r07172","B","closure_count>1"
"1","3","True","B_o057_r07173","B","closure_count>1"
"1","3","True","B_o057_r07174","B","closure_count>1"
"1","2","True","B_o057_r07175","B","closure_count>1"
"1","2","True","B_o057_r07176","B","closure_count>1"
"1","2","True","B_o057_r07179","B","closure_count>1"
"1","2","True","B_o057_r07185","B","closure_count>1"
"1","2","True","B_o057_r07191","B","closure_count>1"
"1","2","True","B_o057_r07192","B","closure_count>1"
"1","2","True","B_o057_r07195","B","closure_count>1"
"1","2","True","B_o057_r07196","B","closure_count>1"
"1","3","True","B_o057_r07197","B","closure_count>1"
"1","3","True","B_o057_r07198","B","closure_count>1"
"1","2","True","B_o057_r07199","B","closure_count>1"
"1","2","True","B_o057_r07200","B","closure_count>1"
"1","2","True","B_o058_r07207","B","closure_count>1"
"1","2","True","B_o058_r07208","B","closure_count>1"
"1","2","True","B_o058_r07213","B","closure_count>1"
"1","2","True","B_o058_r07214","B","closure_count>1"
"1","2","True","B_o058_r07216","B","closure_count>1"
"1","2","True","B_o058_r07240","B","closure_count>1"
"1","2","True","B_o058_r07249","B","closure_count>1"
"1","2","True","B_o058_r07250","B","closure_count>1"
"1","2","True","B_o058_r07251","B","closure_count>1"
"1","2","True","B_o058_r07253","B","closure_count>1"
"1","2","True","B_o058_r07255","B","closure_count>1"
"1","2","True","B_o058_r07256","B","closure_count>1"
"1","3","True","B_o058_r07257","B","closure_count>1"
"1","2","True","B_o058_r07258","B","closure_count>1"
"1","3","True","B_o058_r07259","B","closure_count>1"
"1","2","True","B_o058_r07260","B","closure_count>1"
"1","4","True","B_o058_r07263","B","closure_count>1"
"1","4","True","B_o058_r07264","B","closure_count>1"
"1","2","True","B_o058_r07269","B","closure_count>1"
"1","2","True","B_o058_r07270","B","closure_count>1"
"1","2","True","B_o058_r07273","B","closure_count>1"
"1","2","True","B_o058_r07274","B","closure_count>1"
"1","2","True","B_o058_r07275","B","closure_count>1"
"1","2","True","B_o058_r07276","B","closure_count>1"
"1","2","True","B_o058_r07279","B","closure_count>1"
"1","2","True","B_o058_r07280","B","closure_count>1"
"1","4","True","B_o058_r07281","B","closure_count>1"
"1","4","True","B_o058_r07282","B","closure_count>1"
"1","2","True","B_o058_r07285","B","closure_count>1"
"1","2","True","B_o058_r07286","B","closure_count>1"
"1","6","True","B_o058_r07287","B","closure_count>1"
"1","6","True","B_o058_r07288","B","closure_count>1"
"1","2","True","B_o058_r07291","B","closure_count>1"
"1","2","True","B_o058_r07292","B","closure_count>1"
"1","3","True","B_o058_r07293","B","closure_count>1"
"1","3","True","B_o058_r07294","B","closure_count>1"
"1","2","True","B_o058_r07295","B","closure_count>1"
"1","2","True","B_o058_r07296","B","closure_count>1"
"1","2","True","B_o058_r07299","B","closure_count>1"
"1","2","True","B_o058_r07305","B","closure_count>1"
"1","2","True","B_o058_r07311","B","closure_count>1"
"1","2","True","B_o058_r07312","B","closure_count>1"
"1","2","True","B_o058_r07315","B","closure_count>1"
"1","2","True","B_o058_r07316","B","closure_count>1"
"1","3","True","B_o058_r07317","B","closure_count>1"
"1","3","True","B_o058_r07318","B","closure_count>1"
"1","2","True","B_o058_r07319","B","closure_count>1"
"1","2","True","B_o058_r07320","B","closure_count>1"
"1","2","True","B_o059_r07327","B","closure_count>1"
"1","2","True","B_o059_r07328","B","closure_count>1"
"1","2","True","B_o059_r07334","B","closure_count>1"
"1","2","True","B_o059_r07336","B","closure_count>1"
"1","2","True","B_o059_r07360","B","closure_count>1"
"1","2","True","B_o059_r07369","B","closure_count>1"
"1","2","True","B_o059_r07370","B","closure_count>1"
"1","2","True","B_o059_r07371","B","closure_count>1"
"1","2","True","B_o059_r07373","B","closure_count>1"
"1","2","True","B_o059_r07375","B","closure_count>1"
"1","2","True","B_o059_r07376","B","closure_count>1"
"1","3","True","B_o059_r07377","B","closure_count>1"
"1","2","True","B_o059_r07378","B","closure_count>1"
"1","3","True","B_o059_r07379","B","closure_count>1"
"1","2","True","B_o059_r07380","B","closure_count>1"
"1","2","True","B_o059_r07383","B","closure_count>1"
"1","4","True","B_o059_r07384","B","closure_count>1"
"1","2","True","B_o059_r07389","B","closure_count>1"
"1","2","True","B_o059_r07390","B","closure_count>1"
"1","3","True","B_o059_r07393","B","closure_count>1"
"1","2","True","B_o059_r07394","B","closure_count>1"
"1","5","True","B_o059_r07395","B","closure_count>1"
"1","2","True","B_o059_r07396","B","closure_count>1"
"1","3","True","B_o059_r07399","B","closure_count>1"
"1","2","True","B_o059_r07400","B","closure_count>1"
"1","7","True","B_o059_r07401","B","closure_count>1"
"1","4","True","B_o059_r07402","B","closure_count>1"
"1","3","True","B_o059_r07405","B","closure_count>1"
"1","2","True","B_o059_r07406","B","closure_count>1"
"1","8","True","B_o059_r07407","B","closure_count>1"
"1","6","True","B_o059_r07408","B","closure_count>1"
"1","2","True","B_o059_r07419","B","closure_count>1"
"1","2","True","B_o059_r07425","B","closure_count>1"
"1","2","True","B_o059_r07431","B","closure_count>1"
"1","2","True","B_o059_r07432","B","closure_count>1"
"1","2","True","B_o060_r07447","B","closure_count>1"
"1","2","True","B_o060_r07448","B","closure_count>1"
"1","2","True","B_o060_r07454","B","closure_count>1"
"1","2","True","B_o060_r07456","B","closure_count>1"
"1","2","True","B_o060_r07480","B","closure_count>1"
"1","2","True","B_o060_r07489","B","closure_count>1"
"1","2","True","B_o060_r07490","B","closure_count>1"
"1","2","True","B_o060_r07491","B","closure_count>1"
"1","2","True","B_o060_r07493","B","closure_count>1"
"1","2","True","B_o060_r07495","B","closure_count>1"
"1","2","True","B_o060_r07496","B","closure_count>1"
"1","3","True","B_o060_r07497","B","closure_count>1"
"1","2","True","B_o060_r07498","B","closure_count>1"
"1","3","True","B_o060_r07499","B","closure_count>1"
"1","2","True","B_o060_r07500","B","closure_count>1"
"1","2","True","B_o060_r07503","B","closure_count>1"
"1","4","True","B_o060_r07504","B","closure_count>1"
"1","2","True","B_o060_r07509","B","closure_count>1"
"1","2","True","B_o060_r07510","B","closure_count>1"
"1","3","True","B_o060_r07513","B","closure_count>1"
"1","2","True","B_o060_r07514","B","closure_count>1"
"1","5","True","B_o060_r07515","B","closure_count>1"
"1","2","True","B_o060_r07516","B","closure_count>1"
"1","3","True","B_o060_r07519","B","closure_count>1"
"1","2","True","B_o060_r07520","B","closure_count>1"
"1","7","True","B_o060_r07521","B","closure_count>1"
"1","4","True","B_o060_r07522","B","closure_count>1"
"1","3","True","B_o060_r07525","B","closure_count>1"
"1","2","True","B_o060_r07526","B","closure_count>1"
"1","8","True","B_o060_r07527","B","closure_count>1"
"1","6","True","B_o060_r07528","B","closure_count>1"
"1","2","True","B_o060_r07539","B","closure_count>1"
"1","2","True","B_o060_r07545","B","closure_count>1"
"1","2","True","B_o060_r07551","B","closure_count>1"
"1","2","True","B_o060_r07552","B","closure_count>1"
"1","2","True","B_o061_r07567","B","closure_count>1"
"1","2","True","B_o061_r07568","B","closure_count>1"
"1","2","True","B_o061_r07574","B","closure_count>1"
"1","2","True","B_o061_r07576","B","closure_count>1"
"1","3","True","B_o061_r07580","B","closure_count>1"
"1","3","True","B_o061_r07582","B","closure_count>1"
"1","2","True","B_o061_r07583","B","closure_count>1"
"1","2","True","B_o061_r07584","B","closure_count>1"
"1","2","True","B_o061_r07600","B","closure_count>1"
"1","2","True","B_o061_r07604","B","closure_count>1"
"1","3","True","B_o061_r07606","B","closure_count>1"
"1","2","True","B_o061_r07607","B","closure_count>1"
"1","2","True","B_o061_r07608","B","closure_count>1"
"1","2","True","B_o061_r07609","B","closure_count>1"
"1","2","True","B_o061_r07610","B","closure_count>1"
"1","2","True","B_o061_r07611","B","closure_count>1"
"1","2","True","B_o061_r07613","B","closure_count>1"
"1","2","True","B_o061_r07615","B","closure_count>1"
"1","2","True","B_o061_r07616","B","closure_count>1"
"1","3","True","B_o061_r07617","B","closure_count>1"
"1","2","True","B_o061_r07618","B","closure_count>1"
"1","3","True","B_o061_r07619","B","closure_count>1"
"1","2","True","B_o061_r07620","B","closure_count>1"
"1","2","True","B_o061_r07623","B","closure_count>1"
"1","4","True","B_o061_r07624","B","closure_count>1"
"1","2","True","B_o061_r07628","B","closure_count>1"
"1","2","True","B_o061_r07629","B","closure_count>1"
"1","6","True","B_o061_r07630","B","closure_count>1"
"1","2","True","B_o061_r07631","B","closure_count>1"
"1","2","True","B_o061_r07632","B","closure_count>1"
"1","2","True","B_o061_r07634","B","closure_count>1"
"1","2","True","B_o061_r07635","B","closure_count>1"
"1","2","True","B_o061_r07636","B","closure_count>1"
"1","2","True","B_o061_r07640","B","closure_count>1"
"1","2","True","B_o061_r07641","B","closure_count>1"
"1","4","True","B_o061_r07642","B","closure_count>1"
"1","2","True","B_o061_r07646","B","closure_count>1"
"1","2","True","B_o061_r07647","B","closure_count>1"
"1","6","True","B_o061_r07648","B","closure_count>1"
"1","3","True","B_o061_r07658","B","closure_count>1"
"1","2","True","B_o061_r07659","B","closure_count>1"
"1","3","True","B_o061_r07660","B","closure_count>1"
"1","2","True","B_o061_r07661","B","closure_count>1"
"1","2","True","B_o061_r07662","B","closure_count>1"
"1","3","True","B_o061_r07664","B","closure_count>1"
"1","2","True","B_o061_r07665","B","closure_count>1"
"1","5","True","B_o061_r07666","B","closure_count>1"
"1","2","True","B_o061_r07667","B","closure_count>1"
"1","2","True","B_o061_r07668","B","closure_count>1"
"1","3","True","B_o061_r07670","B","closure_count>1"
"1","2","True","B_o061_r07671","B","closure_count>1"
"1","8","True","B_o061_r07672","B","closure_count>1"
"1","2","True","B_o061_r07673","B","closure_count>1"
"1","2","True","B_o061_r07674","B","closure_count>1"
"1","2","True","B_o061_r07675","B","closure_count>1"
"1","2","True","B_o061_r07676","B","closure_count>1"
"1","2","True","B_o061_r07677","B","closure_count>1"
"1","2","True","B_o061_r07678","B","closure_count>1"
"1","2","True","B_o061_r07679","B","closure_count>1"
"1","2","True","B_o061_r07680","B","closure_count>1"
"1","2","True","B_o062_r07687","B","closure_count>1"
"1","2","True","B_o062_r07688","B","closure_count>1"
"1","2","True","B_o062_r07694","B","closure_count>1"
"1","2","True","B_o062_r07696","B","closure_count>1"
"1","2","True","B_o062_r07698","B","closure_count>1"
"1","2","True","B_o062_r07720","B","closure_count>1"
"1","2","True","B_o062_r07722","B","closure_count>1"
"1","2","True","B_o062_r07729","B","closure_count>1"
"1","2","True","B_o062_r07730","B","closure_count>1"
"1","2","True","B_o062_r07735","B","closure_count>1"
"1","2","True","B_o062_r07736","B","closure_count>1"
"1","2","True","B_o062_r07738","B","closure_count>1"
"1","2","True","B_o062_r07740","B","closure_count>1"
"1","2","True","B_o062_r07741","B","closure_count>1"
"1","3","True","B_o062_r07743","B","closure_count>1"
"1","4","True","B_o062_r07744","B","closure_count>1"
"1","2","True","B_o062_r07747","B","closure_count>1"
"1","3","True","B_o062_r07749","B","closure_count>1"
"1","2","True","B_o062_r07750","B","closure_count>1"
"1","3","True","B_o062_r07753","B","closure_count>1"
"1","2","True","B_o062_r07754","B","closure_count>1"
"1","2","True","B_o062_r07755","B","closure_count>1"
"1","2","True","B_o062_r07756","B","closure_count>1"
"1","2","True","B_o062_r07758","B","closure_count>1"
"1","3","True","B_o062_r07759","B","closure_count>1"
"1","2","True","B_o062_r07760","B","closure_count>1"
"1","2","True","B_o062_r07761","B","closure_count>1"
"1","4","True","B_o062_r07762","B","closure_count>1"
"1","3","True","B_o062_r07764","B","closure_count>1"
"1","5","True","B_o062_r07765","B","closure_count>1"
"1","2","True","B_o062_r07766","B","closure_count>1"
"1","10","True","B_o062_r07767","B","closure_count>1"
"1","6","True","B_o062_r07768","B","closure_count>1"
"1","2","True","B_o062_r07769","B","closure_count>1"
"1","2","True","B_o062_r07770","B","closure_count>1"
"1","2","True","B_o062_r07789","B","closure_count>1"
"1","3","True","B_o062_r07791","B","closure_count>1"
"1","2","True","B_o062_r07792","B","closure_count>1"
"1","2","True","B_o063_r07807","B","closure_count>1"
"1","2","True","B_o063_r07808","B","closure_count>1"
"1","2","True","B_o063_r07814","B","closure_count>1"
"1","2","True","B_o063_r07816","B","closure_count>1"
"1","2","True","B_o063_r07818","B","closure_count>1"
"1","2","True","B_o063_r07840","B","closure_count>1"
"1","2","True","B_o063_r07842","B","closure_count>1"
"1","2","True","B_o063_r07849","B","closure_count>1"
"1","2","True","B_o063_r07850","B","closure_count>1"
"1","2","True","B_o063_r07855","B","closure_count>1"
"1","2","True","B_o063_r07856","B","closure_count>1"
"1","2","True","B_o063_r07858","B","closure_count>1"
"1","2","True","B_o063_r07860","B","closure_count>1"
"1","2","True","B_o063_r07861","B","closure_count>1"
"1","3","True","B_o063_r07863","B","closure_count>1"
"1","4","True","B_o063_r07864","B","closure_count>1"
"1","2","True","B_o063_r07867","B","closure_count>1"
"1","3","True","B_o063_r07869","B","closure_count>1"
"1","2","True","B_o063_r07870","B","closure_count>1"
"1","3","True","B_o063_r07873","B","closure_count>1"
"1","2","True","B_o063_r07874","B","closure_count>1"
"1","2","True","B_o063_r07875","B","closure_count>1"
"1","2","True","B_o063_r07876","B","closure_count>1"
"1","2","True","B_o063_r07878","B","closure_count>1"
"1","3","True","B_o063_r07879","B","closure_count>1"
"1","2","True","B_o063_r07880","B","closure_count>1"
"1","2","True","B_o063_r07881","B","closure_count>1"
"1","4","True","B_o063_r07882","B","closure_count>1"
"1","3","True","B_o063_r07884","B","closure_count>1"
"1","5","True","B_o063_r07885","B","closure_count>1"
"1","2","True","B_o063_r07886","B","closure_count>1"
"1","10","True","B_o063_r07887","B","closure_count>1"
"1","6","True","B_o063_r07888","B","closure_count>1"
"1","2","True","B_o063_r07889","B","closure_count>1"
"1","2","True","B_o063_r07890","B","closure_count>1"
"1","2","True","B_o063_r07909","B","closure_count>1"
"1","3","True","B_o063_r07911","B","closure_count>1"
"1","2","True","B_o063_r07912","B","closure_count>1"
"1","2","True","B_o064_r07927","B","closure_count>1"
"1","2","True","B_o064_r07928","B","closure_count>1"
"1","2","True","B_o064_r07934","B","closure_count>1"
"1","2","True","B_o064_r07936","B","closure_count>1"
"1","2","True","B_o064_r07938","B","closure_count>1"
"1","3","True","B_o064_r07940","B","closure_count>1"
"1","3","True","B_o064_r07942","B","closure_count>1"
"1","2","True","B_o064_r07943","B","closure_count>1"
"1","3","True","B_o064_r07944","B","closure_count>1"
"1","2","True","B_o064_r07960","B","closure_count>1"
"1","2","True","B_o064_r07962","B","closure_count>1"
"1","2","True","B_o064_r07964","B","closure_count>1"
"1","3","True","B_o064_r07966","B","closure_count>1"
"1","2","True","B_o064_r07967","B","closure_count>1"
"1","3","True","B_o064_r07968","B","closure_count>1"
"1","2","True","B_o064_r07969","B","closure_count>1"
"1","2","True","B_o064_r07970","B","closure_count>1"
"1","2","True","B_o064_r07975","B","closure_count>1"
"1","2","True","B_o064_r07976","B","closure_count>1"
"1","2","True","B_o064_r07978","B","closure_count>1"
"1","2","True","B_o064_r07980","B","closure_count>1"
"1","2","True","B_o064_r07981","B","closure_count>1"
"1","3","True","B_o064_r07983","B","closure_count>1"
"1","4","True","B_o064_r07984","B","closure_count>1"
"1","2","True","B_o064_r07987","B","closure_count>1"
"1","2","True","B_o064_r07988","B","closure_count>1"
"1","3","True","B_o064_r07989","B","closure_count>1"
"1","6","True","B_o064_r07990","B","closure_count>1"
"1","2","True","B_o064_r07991","B","closure_count>1"
"1","2","True","B_o064_r07992","B","closure_count>1"
"1","2","True","B_o064_r07994","B","closure_count>1"
"1","2","True","B_o064_r07996","B","closure_count>1"
"1","2","True","B_o064_r07998","B","closure_count>1"
"1","2","True","B_o064_r08000","B","closure_count>1"
"1","4","True","B_o064_r08002","B","closure_count>1"
"1","3","True","B_o064_r08004","B","closure_count>1"
"1","2","True","B_o064_r08005","B","closure_count>1"
"1","2","True","B_o064_r08006","B","closure_count>1"
"1","3","True","B_o064_r08007","B","closure_count>1"
"1","6","True","B_o064_r08008","B","closure_count>1"
"1","2","True","B_o064_r08009","B","closure_count>1"
"1","2","True","B_o064_r08010","B","closure_count>1"
"1","3","True","B_o064_r08018","B","closure_count>1"
"1","3","True","B_o064_r08020","B","closure_count>1"
"1","2","True","B_o064_r08021","B","closure_count>1"
"1","3","True","B_o064_r08022","B","closure_count>1"
"1","3","True","B_o064_r08024","B","closure_count>1"
"1","5","True","B_o064_r08026","B","closure_count>1"
"1","2","True","B_o064_r08027","B","closure_count>1"
"1","4","True","B_o064_r08028","B","closure_count>1"
"1","2","True","B_o064_r08029","B","closure_count>1"
"1","3","True","B_o064_r08030","B","closure_count>1"
"1","3","True","B_o064_r08031","B","closure_count>1"
"1","8","True","B_o064_r08032","B","closure_count>1"
"1","3","True","B_o064_r08033","B","closure_count>1"
"1","3","True","B_o064_r08034","B","closure_count>1"
"1","2","True","B_o064_r08035","B","closure_count>1"
"1","2","True","B_o064_r08036","B","closure_count>1"
"1","2","True","B_o064_r08037","B","closure_count>1"
"1","2","True","B_o064_r08038","B","closure_count>1"
"1","2","True","B_o064_r08039","B","closure_count>1"
"1","2","True","B_o064_r08040","B","closure_count>1"
"1","2","True","B_o065_r08047","B","closure_count>1"
"1","2","True","B_o065_r08048","B","closure_count>1"
"1","2","True","B_o065_r08054","B","closure_count>1"
"1","3","True","B_o065_r08060","B","closure_count>1"
"1","2","True","B_o065_r08063","B","closure_count>1"
"1","2","True","B_o065_r08084","B","closure_count>1"
"1","2","True","B_o065_r08087","B","closure_count>1"
"1","2","True","B_o065_r08089","B","closure_count>1"
"1","2","True","B_o065_r08090","B","closure_count>1"
"1","2","True","B_o065_r08095","B","closure_count>1"
"1","2","True","B_o065_r08096","B","closure_count>1"
"1","2","True","B_o065_r08098","B","closure_count>1"
"1","2","True","B_o065_r08100","B","closure_count>1"
"1","4","True","B_o065_r08104","B","closure_count>1"
"1","2","True","B_o065_r08108","B","closure_count>1"
"1","6","True","B_o065_r08110","B","closure_count>1"
"1","2","True","B_o065_r08111","B","closure_count>1"
"1","2","True","B_o065_r08112","B","closure_count>1"
"1","2","True","B_o065_r08114","B","closure_count>1"
"1","2","True","B_o065_r08116","B","closure_count>1"
"1","2","True","B_o065_r08118","B","closure_count>1"
"1","2","True","B_o065_r08120","B","closure_count>1"
"1","4","True","B_o065_r08122","B","closure_count>1"
"1","3","True","B_o065_r08124","B","closure_count>1"
"1","2","True","B_o065_r08126","B","closure_count>1"
"1","6","True","B_o065_r08128","B","closure_count>1"
"1","2","True","B_o065_r08129","B","closure_count>1"
"1","2","True","B_o065_r08130","B","closure_count>1"
"1","2","True","B_o065_r08132","B","closure_count>1"
"1","3","True","B_o065_r08134","B","closure_count>1"
"1","2","True","B_o065_r08135","B","closure_count>1"
"1","2","True","B_o065_r08136","B","closure_count>1"
"1","3","True","B_o065_r08138","B","closure_count>1"
"1","3","True","B_o065_r08140","B","closure_count>1"
"1","2","True","B_o065_r08141","B","closure_count>1"
"1","4","True","B_o065_r08142","B","closure_count>1"
"1","3","True","B_o065_r08144","B","closure_count>1"
"1","5","True","B_o065_r08146","B","closure_count>1"
"1","2","True","B_o065_r08147","B","closure_count>1"
"1","5","True","B_o065_r08148","B","closure_count>1"
"1","3","True","B_o065_r08150","B","closure_count>1"
"1","8","True","B_o065_r08152","B","closure_count>1"
"1","3","True","B_o065_r08153","B","closure_count>1"
"1","3","True","B_o065_r08154","B","closure_count>1"
"1","2","True","B_o065_r08155","B","closure_count>1"
"1","4","True","B_o065_r08156","B","closure_count>1"
"1","2","True","B_o065_r08157","B","closure_count>1"
"1","6","True","B_o065_r08158","B","closure_count>1"
"1","4","True","B_o065_r08159","B","closure_count>1"
"1","4","True","B_o065_r08160","B","closure_count>1"
"1","2","True","B_o066_r08167","B","closure_count>1"
"1","2","True","B_o066_r08168","B","closure_count>1"
"1","2","True","B_o066_r08174","B","closure_count>1"
"1","2","True","B_o066_r08176","B","closure_count>1"
"1","2","True","B_o066_r08178","B","closure_count>1"
"1","2","True","B_o066_r08200","B","closure_count>1"
"1","2","True","B_o066_r08202","B","closure_count>1"
"1","2","True","B_o066_r08209","B","closure_count>1"
"1","2","True","B_o066_r08210","B","closure_count>1"
"1","2","True","B_o066_r08215","B","closure_count>1"
"1","2","True","B_o066_r08216","B","closure_count>1"
"1","2","True","B_o066_r08218","B","closure_count>1"
"1","2","True","B_o066_r08220","B","closure_count>1"
"1","2","True","B_o066_r08221","B","closure_count>1"
"1","2","True","B_o066_r08223","B","closure_count>1"
"1","4","True","B_o066_r08224","B","closure_count>1"
"1","2","True","B_o066_r08226","B","closure_count>1"
"1","2","True","B_o066_r08227","B","closure_count>1"
"1","2","True","B_o066_r08229","B","closure_count>1"
"1","2","True","B_o066_r08230","B","closure_count>1"
"1","2","True","B_o066_r08232","B","closure_count>1"
"1","3","True","B_o066_r08233","B","closure_count>1"
"1","2","True","B_o066_r08234","B","closure_count>1"
"1","2","True","B_o066_r08235","B","closure_count>1"
"1","2","True","B_o066_r08236","B","closure_count>1"
"1","2","True","B_o066_r08238","B","closure_count>1"
"1","3","True","B_o066_r08239","B","closure_count>1"
"1","2","True","B_o066_r08240","B","closure_count>1"
"1","2","True","B_o066_r08241","B","closure_count>1"
"1","4","True","B_o066_r08242","B","closure_count>1"
"1","3","True","B_o066_r08244","B","closure_count>1"
"1","5","True","B_o066_r08245","B","closure_count>1"
"1","2","True","B_o066_r08246","B","closure_count>1"
"1","5","True","B_o066_r08247","B","closure_count>1"
"1","6","True","B_o066_r08248","B","closure_count>1"
"1","2","True","B_o066_r08249","B","closure_count>1"
"1","4","True","B_o066_r08250","B","closure_count>1"
"1","2","True","B_o066_r08269","B","closure_count>1"
"1","2","True","B_o066_r08271","B","closure_count>1"
"1","2","True","B_o066_r08272","B","closure_count>1"
"1","2","True","B_o066_r08274","B","closure_count>1"
"1","2","True","B_o067_r08287","B","closure_count>1"
"1","2","True","B_o067_r08288","B","closure_count>1"
"1","2","True","B_o067_r08294","B","closure_count>1"
"1","2","True","B_o067_r08296","B","closure_count>1"
"1","2","True","B_o067_r08298","B","closure_count>1"
"1","2","True","B_o067_r08320","B","closure_count>1"
"1","2","True","B_o067_r08322","B","closure_count>1"
"1","2","True","B_o067_r08329","B","closure_count>1"
"1","2","True","B_o067_r08330","B","closure_count>1"
"1","2","True","B_o067_r08335","B","closure_count>1"
"1","2","True","B_o067_r08336","B","closure_count>1"
"1","2","True","B_o067_r08338","B","closure_count>1"
"1","2","True","B_o067_r08340","B","closure_count>1"
"1","2","True","B_o067_r08341","B","closure_count>1"
"1","2","True","B_o067_r08343","B","closure_count>1"
"1","4","True","B_o067_r08344","B","closure_count>1"
"1","2","True","B_o067_r08346","B","closure_count>1"
"1","2","True","B_o067_r08347","B","closure_count>1"
"1","2","True","B_o067_r08349","B","closure_count>1"
"1","2","True","B_o067_r08350","B","closure_count>1"
"1","2","True","B_o067_r08352","B","closure_count>1"
"1","3","True","B_o067_r08353","B","closure_count>1"
"1","2","True","B_o067_r08354","B","closure_count>1"
"1","2","True","B_o067_r08355","B","closure_count>1"
"1","2","True","B_o067_r08356","B","closure_count>1"
"1","2","True","B_o067_r08358","B","closure_count>1"
"1","3","True","B_o067_r08359","B","closure_count>1"
"1","2","True","B_o067_r08360","B","closure_count>1"
"1","2","True","B_o067_r08361","B","closure_count>1"
"1","4","True","B_o067_r08362","B","closure_count>1"
"1","3","True","B_o067_r08364","B","closure_count>1"
"1","5","True","B_o067_r08365","B","closure_count>1"
"1","2","True","B_o067_r08366","B","closure_count>1"
"1","5","True","B_o067_r08367","B","closure_count>1"
"1","6","True","B_o067_r08368","B","closure_count>1"
"1","2","True","B_o067_r08369","B","closure_count>1"
"1","4","True","B_o067_r08370","B","closure_count>1"
"1","2","True","B_o067_r08389","B","closure_count>1"
"1","2","True","B_o067_r08391","B","closure_count>1"
"1","2","True","B_o067_r08392","B","closure_count>1"
"1","2","True","B_o067_r08394","B","closure_count>1"
"1","2","True","B_o068_r08407","B","closure_count>1"
"1","2","True","B_o068_r08408","B","closure_count>1"
"1","2","True","B_o068_r08414","B","closure_count>1"
"1","2","True","B_o068_r08416","B","closure_count>1"
"1","2","True","B_o068_r08418","B","closure_count>1"
"1","3","True","B_o068_r08420","B","closure_count>1"
"1","3","True","B_o068_r08422","B","closure_count>1"
"1","2","True","B_o068_r08423","B","closure_count>1"
"1","3","True","B_o068_r08424","B","closure_count>1"
"1","2","True","B_o068_r08440","B","closure_count>1"
"1","2","True","B_o068_r08442","B","closure_count>1"
"1","2","True","B_o068_r08444","B","closure_count>1"
"1","3","True","B_o068_r08446","B","closure_count>1"
"1","2","True","B_o068_r08447","B","closure_count>1"
"1","3","True","B_o068_r08448","B","closure_count>1"
"1","2","True","B_o068_r08449","B","closure_count>1"
"1","2","True","B_o068_r08450","B","closure_count>1"
"1","2","True","B_o068_r08455","B","closure_count>1"
"1","2","True","B_o068_r08456","B","closure_count>1"
"1","2","True","B_o068_r08458","B","closure_count>1"
"1","2","True","B_o068_r08460","B","closure_count>1"
"1","2","True","B_o068_r08461","B","closure_count>1"
"1","2","True","B_o068_r08463","B","closure_count>1"
"1","4","True","B_o068_r08464","B","closure_count>1"
"1","2","True","B_o068_r08466","B","closure_count>1"
"1","2","True","B_o068_r08467","B","closure_count>1"
"1","2","True","B_o068_r08468","B","closure_count>1"
"1","2","True","B_o068_r08469","B","closure_count>1"
"1","6","True","B_o068_r08470","B","closure_count>1"
"1","2","True","B_o068_r08471","B","closure_count>1"
"1","4","True","B_o068_r08472","B","closure_count>1"
"1","2","True","B_o068_r08474","B","closure_count>1"
"1","2","True","B_o068_r08476","B","closure_count>1"
"1","2","True","B_o068_r08478","B","closure_count>1"
"1","2","True","B_o068_r08480","B","closure_count>1"
"1","4","True","B_o068_r08482","B","closure_count>1"
"1","3","True","B_o068_r08484","B","closure_count>1"
"1","2","True","B_o068_r08485","B","closure_count>1"
"1","2","True","B_o068_r08486","B","closure_count>1"
"1","2","True","B_o068_r08487","B","closure_count>1"
"1","6","True","B_o068_r08488","B","closure_count>1"
"1","2","True","B_o068_r08489","B","closure_count>1"
"1","4","True","B_o068_r08490","B","closure_count>1"
"1","3","True","B_o068_r08498","B","closure_count>1"
"1","3","True","B_o068_r08500","B","closure_count>1"
"1","2","True","B_o068_r08501","B","closure_count>1"
"1","3","True","B_o068_r08502","B","closure_count>1"
"1","3","True","B_o068_r08504","B","closure_count>1"
"1","5","True","B_o068_r08506","B","closure_count>1"
"1","2","True","B_o068_r08507","B","closure_count>1"
"1","4","True","B_o068_r08508","B","closure_count>1"
"1","2","True","B_o068_r08509","B","closure_count>1"
"1","3","True","B_o068_r08510","B","closure_count>1"
"1","2","True","B_o068_r08511","B","closure_count>1"
"1","8","True","B_o068_r08512","B","closure_count>1"
"1","3","True","B_o068_r08513","B","closure_count>1"
"1","6","True","B_o068_r08514","B","closure_count>1"
"1","2","True","B_o068_r08515","B","closure_count>1"
"1","2","True","B_o068_r08516","B","closure_count>1"
"1","2","True","B_o068_r08517","B","closure_count>1"
"1","2","True","B_o068_r08518","B","closure_count>1"
"1","2","True","B_o068_r08519","B","closure_count>1"
"1","2","True","B_o068_r08520","B","closure_count>1"
"1","2","True","B_o069_r08527","B","closure_count>1"
"1","2","True","B_o069_r08528","B","closure_count>1"
"1","2","True","B_o069_r08534","B","closure_count>1"
"1","3","True","B_o069_r08540","B","closure_count>1"
"1","2","True","B_o069_r08543","B","closure_count>1"
"1","2","True","B_o069_r08564","B","closure_count>1"
"1","2","True","B_o069_r08567","B","closure_count>1"
"1","2","True","B_o069_r08569","B","closure_count>1"
"1","2","True","B_o069_r08570","B","closure_count>1"
"1","2","True","B_o069_r08575","B","closure_count>1"
"1","2","True","B_o069_r08576","B","closure_count>1"
"1","2","True","B_o069_r08578","B","closure_count>1"
"1","2","True","B_o069_r08580","B","closure_count>1"
"1","4","True","B_o069_r08584","B","closure_count>1"
"1","2","True","B_o069_r08586","B","closure_count>1"
"1","2","True","B_o069_r08588","B","closure_count>1"
"1","6","True","B_o069_r08590","B","closure_count>1"
"1","2","True","B_o069_r08591","B","closure_count>1"
"1","4","True","B_o069_r08592","B","closure_count>1"
"1","2","True","B_o069_r08594","B","closure_count>1"
"1","2","True","B_o069_r08596","B","closure_count>1"
"1","2","True","B_o069_r08598","B","closure_count>1"
"1","2","True","B_o069_r08600","B","closure_count>1"
"1","4","True","B_o069_r08602","B","closure_count>1"
"1","3","True","B_o069_r08604","B","closure_count>1"
"1","2","True","B_o069_r08606","B","closure_count>1"
"1","6","True","B_o069_r08608","B","closure_count>1"
"1","2","True","B_o069_r08609","B","closure_count>1"
"1","4","True","B_o069_r08610","B","closure_count>1"
"1","2","True","B_o069_r08612","B","closure_count>1"
"1","3","True","B_o069_r08614","B","closure_count>1"
"1","2","True","B_o069_r08615","B","closure_count>1"
"1","3","True","B_o069_r08616","B","closure_count>1"
"1","3","True","B_o069_r08618","B","closure_count>1"
"1","3","True","B_o069_r08620","B","closure_count>1"
"1","2","True","B_o069_r08621","B","closure_count>1"
"1","4","True","B_o069_r08622","B","closure_count>1"
"1","3","True","B_o069_r08624","B","closure_count>1"
"1","5","True","B_o069_r08626","B","closure_count>1"
"1","2","True","B_o069_r08627","B","closure_count>1"
"1","5","True","B_o069_r08628","B","closure_count>1"
"1","3","True","B_o069_r08630","B","closure_count>1"
"1","8","True","B_o069_r08632","B","closure_count>1"
"1","3","True","B_o069_r08633","B","closure_count>1"
"1","6","True","B_o069_r08634","B","closure_count>1"
"1","2","True","B_o069_r08635","B","closure_count>1"
"1","4","True","B_o069_r08636","B","closure_count>1"
"1","2","True","B_o069_r08637","B","closure_count>1"
"1","6","True","B_o069_r08638","B","closure_count>1"
"1","4","True","B_o069_r08639","B","closure_count>1"
"1","6","True","B_o069_r08640","B","closure_count>1"
"1","2","True","B_o070_r08647","B","closure_count>1"
"1","2","True","B_o070_r08648","B","closure_count>1"
"1","2","True","B_o070_r08649","B","closure_count>1"
"1","2","True","B_o070_r08651","B","closure_count>1"
"1","2","True","B_o070_r08654","B","closure_count>1"
"1","2","True","B_o070_r08657","B","closure_count>1"
"1","3","True","B_o070_r08660","B","closure_count>1"
"1","3","True","B_o070_r08663","B","closure_count>1"
"1","2","True","B_o070_r08684","B","closure_count>1"
"1","2","True","B_o070_r08687","B","closure_count>1"
"1","2","True","B_o070_r08689","B","closure_count>1"
"1","2","True","B_o070_r08690","B","closure_count>1"
"1","2","True","B_o070_r08691","B","closure_count>1"
"1","2","True","B_o070_r08693","B","closure_count>1"
"1","2","True","B_o070_r08695","B","closure_count>1"
"1","2","True","B_o070_r08696","B","closure_count>1"
"1","2","True","B_o070_r08697","B","closure_count>1"
"1","2","True","B_o070_r08698","B","closure_count>1"
"1","2","True","B_o070_r08699","B","closure_count>1"
"1","2","True","B_o070_r08700","B","closure_count>1"
"1","4","True","B_o070_r08704","B","closure_count>1"
"1","4","True","B_o070_r08706","B","closure_count>1"
"1","2","True","B_o070_r08708","B","closure_count>1"
"1","6","True","B_o070_r08710","B","closure_count>1"
"1","2","True","B_o070_r08711","B","closure_count>1"
"1","6","True","B_o070_r08712","B","closure_count>1"
"1","2","True","B_o070_r08714","B","closure_count>1"
"1","2","True","B_o070_r08716","B","closure_count>1"
"1","2","True","B_o070_r08717","B","closure_count>1"
"1","2","True","B_o070_r08718","B","closure_count>1"
"1","2","True","B_o070_r08720","B","closure_count>1"
"1","4","True","B_o070_r08722","B","closure_count>1"
"1","2","True","B_o070_r08723","B","closure_count>1"
"1","4","True","B_o070_r08724","B","closure_count>1"
"1","2","True","B_o070_r08726","B","closure_count>1"
"1","6","True","B_o070_r08728","B","closure_count>1"
"1","2","True","B_o070_r08729","B","closure_count>1"
"1","6","True","B_o070_r08730","B","closure_count>1"
"1","2","True","B_o070_r08732","B","closure_count>1"
"1","3","True","B_o070_r08734","B","closure_count>1"
"1","2","True","B_o070_r08735","B","closure_count>1"
"1","4","True","B_o070_r08736","B","closure_count>1"
"1","3","True","B_o070_r08738","B","closure_count>1"
"1","3","True","B_o070_r08740","B","closure_count>1"
"1","3","True","B_o070_r08741","B","closure_count>1"
"1","4","True","B_o070_r08742","B","closure_count>1"
"1","3","True","B_o070_r08744","B","closure_count>1"
"1","5","True","B_o070_r08746","B","closure_count>1"
"1","3","True","B_o070_r08747","B","closure_count>1"
"1","6","True","B_o070_r08748","B","closure_count>1"
"1","3","True","B_o070_r08750","B","closure_count>1"
"1","8","True","B_o070_r08752","B","closure_count>1"
"1","3","True","B_o070_r08753","B","closure_count>1"
"1","8","True","B_o070_r08754","B","closure_count>1"
"1","2","True","B_o070_r08755","B","closure_count>1"
"1","4","True","B_o070_r08756","B","closure_count>1"
"1","2","True","B_o070_r08757","B","closure_count>1"
"1","6","True","B_o070_r08758","B","closure_count>1"
"1","4","True","B_o070_r08759","B","closure_count>1"
"1","8","True","B_o070_r08760","B","closure_count>1"
"1","2","True","B_o071_r08775","B","closure_count>1"
"1","2","True","B_o071_r08776","B","closure_count>1"
"1","2","True","B_o071_r08781","B","closure_count>1"
"1","2","True","B_o071_r08782","B","closure_count>1"
"1","2","True","B_o071_r08785","B","closure_count>1"
"1","2","True","B_o071_r08786","B","closure_count>1"
"1","2","True","B_o071_r08787","B","closure_count>1"
"1","2","True","B_o071_r08788","B","closure_count>1"
"1","2","True","B_o071_r08789","B","closure_count>1"
"1","2","True","B_o071_r08790","B","closure_count>1"
"1","2","True","B_o071_r08799","B","closure_count>1"
"1","2","True","B_o071_r08800","B","closure_count>1"
"1","2","True","B_o071_r08805","B","closure_count>1"
"1","2","True","B_o071_r08806","B","closure_count>1"
"1","2","True","B_o071_r08811","B","closure_count>1"
"1","2","True","B_o071_r08812","B","closure_count>1"
"1","2","True","B_o071_r08813","B","closure_count>1"
"1","2","True","B_o071_r08814","B","closure_count>1"
"1","2","True","B_o071_r08817","B","closure_count>1"
"1","2","True","B_o071_r08818","B","closure_count>1"
"1","2","True","B_o071_r08819","B","closure_count>1"
"1","2","True","B_o071_r08820","B","closure_count>1"
"1","2","True","B_o071_r08823","B","closure_count>1"
"1","2","True","B_o071_r08824","B","closure_count>1"
"1","2","True","B_o071_r08829","B","closure_count>1"
"1","2","True","B_o071_r08830","B","closure_count>1"
"1","3","True","B_o071_r08835","B","closure_count>1"
"1","3","True","B_o071_r08836","B","closure_count>1"
"1","3","True","B_o071_r08837","B","closure_count>1"
"1","3","True","B_o071_r08838","B","closure_count>1"
"1","3","True","B_o071_r08841","B","closure_count>1"
"1","3","True","B_o071_r08842","B","closure_count>1"
"1","3","True","B_o071_r08843","B","closure_count>1"
"1","3","True","B_o071_r08844","B","closure_count>1"
"1","2","True","B_o071_r08845","B","closure_count>1"
"1","2","True","B_o071_r08846","B","closure_count>1"
"1","3","True","B_o071_r08847","B","closure_count>1"
"1","3","True","B_o071_r08848","B","closure_count>1"
"1","3","True","B_o071_r08849","B","closure_count>1"
"1","3","True","B_o071_r08850","B","closure_count>1"
"1","2","True","B_o071_r08853","B","closure_count>1"
"1","2","True","B_o071_r08854","B","closure_count>1"
"1","4","True","B_o071_r08855","B","closure_count>1"
"1","4","True","B_o071_r08856","B","closure_count>1"
"1","3","True","B_o071_r08859","B","closure_count>1"
"1","3","True","B_o071_r08860","B","closure_count>1"
"1","3","True","B_o071_r08861","B","closure_count>1"
"1","3","True","B_o071_r08862","B","closure_count>1"
"1","3","True","B_o071_r08865","B","closure_count>1"
"1","3","True","B_o071_r08866","B","closure_count>1"
"1","3","True","B_o071_r08867","B","closure_count>1"
"1","3","True","B_o071_r08868","B","closure_count>1"
"1","2","True","B_o071_r08869","B","closure_count>1"
"1","2","True","B_o071_r08870","B","closure_count>1"
"1","3","True","B_o071_r08871","B","closure_count>1"
"1","3","True","B_o071_r08872","B","closure_count>1"
"1","4","True","B_o071_r08873","B","closure_count>1"
"1","4","True","B_o071_r08874","B","closure_count>1"
"1","2","True","B_o071_r08875","B","closure_count>1"
"1","2","True","B_o071_r08876","B","closure_count>1"
"1","3","True","B_o071_r08877","B","closure_count>1"
"1","3","True","B_o071_r08878","B","closure_count>1"
"1","6","True","B_o071_r08879","B","closure_count>1"
"1","6","True","B_o071_r08880","B","closure_count>1"
"1","2","True","B_o072_r08895","B","closure_count>1"
"1","2","True","B_o072_r08896","B","closure_count>1"
"1","2","True","B_o072_r08905","B","closure_count>1"
"1","2","True","B_o072_r08906","B","closure_count>1"
"1","2","True","B_o072_r08907","B","closure_count>1"
"1","2","True","B_o072_r08908","B","closure_count>1"
"1","2","True","B_o072_r08909","B","closure_count>1"
"1","2","True","B_o072_r08910","B","closure_count>1"
"1","2","True","B_o072_r08919","B","closure_count>1"
"1","2","True","B_o072_r08920","B","closure_count>1"
"1","2","True","B_o072_r08931","B","closure_count>1"
"1","2","True","B_o072_r08932","B","closure_count>1"
"1","2","True","B_o072_r08933","B","closure_count>1"
"1","2","True","B_o072_r08934","B","closure_count>1"
"1","2","True","B_o072_r08937","B","closure_count>1"
"1","2","True","B_o072_r08938","B","closure_count>1"
"1","2","True","B_o072_r08939","B","closure_count>1"
"1","2","True","B_o072_r08940","B","closure_count>1"
"1","2","True","B_o072_r08943","B","closure_count>1"
"1","2","True","B_o072_r08944","B","closure_count>1"
"1","2","True","B_o072_r08949","B","closure_count>1"
"1","2","True","B_o072_r08950","B","closure_count>1"
"1","3","True","B_o072_r08955","B","closure_count>1"
"1","3","True","B_o072_r08956","B","closure_count>1"
"1","3","True","B_o072_r08957","B","closure_count>1"
"1","3","True","B_o072_r08958","B","closure_count>1"
"1","3","True","B_o072_r08961","B","closure_count>1"
"1","3","True","B_o072_r08962","B","closure_count>1"
"1","3","True","B_o072_r08963","B","closure_count>1"
"1","3","True","B_o072_r08964","B","closure_count>1"
"1","2","True","B_o072_r08965","B","closure_count>1"
"1","2","True","B_o072_r08966","B","closure_count>1"
"1","3","True","B_o072_r08967","B","closure_count>1"
"1","3","True","B_o072_r08968","B","closure_count>1"
"1","3","True","B_o072_r08969","B","closure_count>1"
"1","3","True","B_o072_r08970","B","closure_count>1"
"1","2","True","B_o072_r08973","B","closure_count>1"
"1","2","True","B_o072_r08974","B","closure_count>1"
"1","2","True","B_o072_r08975","B","closure_count>1"
"1","2","True","B_o072_r08976","B","closure_count>1"
"1","2","True","B_o072_r08977","B","closure_count>1"
"1","2","True","B_o072_r08978","B","closure_count>1"
"1","4","True","B_o072_r08979","B","closure_count>1"
"1","4","True","B_o072_r08980","B","closure_count>1"
"1","6","True","B_o072_r08981","B","closure_count>1"
"1","6","True","B_o072_r08982","B","closure_count>1"
"1","2","True","B_o072_r08983","B","closure_count>1"
"1","2","True","B_o072_r08984","B","closure_count>1"
"1","4","True","B_o072_r08985","B","closure_count>1"
"1","4","True","B_o072_r08986","B","closure_count>1"
"1","6","True","B_o072_r08987","B","closure_count>1"
"1","6","True","B_o072_r08988","B","closure_count>1"
"1","3","True","B_o072_r08989","B","closure_count>1"
"1","3","True","B_o072_r08990","B","closure_count>1"
"1","4","True","B_o072_r08991","B","closure_count>1"
"1","4","True","B_o072_r08992","B","closure_count>1"
"1","7","True","B_o072_r08993","B","closure_count>1"
"1","7","True","B_o072_r08994","B","closure_count>1"
"1","3","True","B_o072_r08995","B","closure_count>1"
"1","3","True","B_o072_r08996","B","closure_count>1"
"1","4","True","B_o072_r08997","B","closure_count>1"
"1","4","True","B_o072_r08998","B","closure_count>1"
"1","8","True","B_o072_r08999","B","closure_count>1"
"1","8","True","B_o072_r09000","B","closure_count>1"
"1","2","True","B_o073_r09015","B","closure_count>1"
"1","2","True","B_o073_r09016","B","closure_count>1"
"1","2","True","B_o073_r09025","B","closure_count>1"
"1","2","True","B_o073_r09026","B","closure_count>1"
"1","2","True","B_o073_r09027","B","closure_count>1"
"1","2","True","B_o073_r09028","B","closure_count>1"
"1","2","True","B_o073_r09029","B","closure_count>1"
"1","2","True","B_o073_r09030","B","closure_count>1"
"1","2","True","B_o073_r09039","B","closure_count>1"
"1","2","True","B_o073_r09040","B","closure_count>1"
"1","2","True","B_o073_r09051","B","closure_count>1"
"1","2","True","B_o073_r09052","B","closure_count>1"
"1","2","True","B_o073_r09053","B","closure_count>1"
"1","2","True","B_o073_r09054","B","closure_count>1"
"1","2","True","B_o073_r09057","B","closure_count>1"
"1","2","True","B_o073_r09058","B","closure_count>1"
"1","2","True","B_o073_r09059","B","closure_count>1"
"1","2","True","B_o073_r09060","B","closure_count>1"
"1","2","True","B_o073_r09063","B","closure_count>1"
"1","2","True","B_o073_r09064","B","closure_count>1"
"1","2","True","B_o073_r09069","B","closure_count>1"
"1","2","True","B_o073_r09070","B","closure_count>1"
"1","3","True","B_o073_r09075","B","closure_count>1"
"1","3","True","B_o073_r09076","B","closure_count>1"
"1","3","True","B_o073_r09077","B","closure_count>1"
"1","3","True","B_o073_r09078","B","closure_count>1"
"1","3","True","B_o073_r09081","B","closure_count>1"
"1","3","True","B_o073_r09082","B","closure_count>1"
"1","3","True","B_o073_r09083","B","closure_count>1"
"1","3","True","B_o073_r09084","B","closure_count>1"
"1","2","True","B_o073_r09085","B","closure_count>1"
"1","2","True","B_o073_r09086","B","closure_count>1"
"1","3","True","B_o073_r09087","B","closure_count>1"
"1","3","True","B_o073_r09088","B","closure_count>1"
"1","3","True","B_o073_r09089","B","closure_count>1"
"1","3","True","B_o073_r09090","B","closure_count>1"
"1","2","True","B_o073_r09093","B","closure_count>1"
"1","2","True","B_o073_r09094","B","closure_count>1"
"1","2","True","B_o073_r09095","B","closure_count>1"
"1","2","True","B_o073_r09096","B","closure_count>1"
"1","2","True","B_o073_r09101","B","closure_count>1"
"1","2","True","B_o073_r09102","B","closure_count>1"
"1","2","True","B_o073_r09107","B","closure_count>1"
"1","2","True","B_o073_r09108","B","closure_count>1"
"1","2","True","B_o073_r09113","B","closure_count>1"
"1","2","True","B_o073_r09114","B","closure_count>1"
"1","2","True","B_o073_r09119","B","closure_count>1"
"1","2","True","B_o073_r09120","B","closure_count>1"
"1","2","True","B_o074_r09135","B","closure_count>1"
"1","2","True","B_o074_r09136","B","closure_count>1"
"1","2","True","B_o074_r09145","B","closure_count>1"
"1","2","True","B_o074_r09146","B","closure_count>1"
"1","2","True","B_o074_r09147","B","closure_count>1"
"1","2","True","B_o074_r09148","B","closure_count>1"
"1","2","True","B_o074_r09149","B","closure_count>1"
"1","2","True","B_o074_r09150","B","closure_count>1"
"1","2","True","B_o074_r09159","B","closure_count>1"
"1","2","True","B_o074_r09160","B","closure_count>1"
"1","2","True","B_o074_r09171","B","closure_count>1"
"1","2","True","B_o074_r09172","B","closure_count>1"
"1","2","True","B_o074_r09173","B","closure_count>1"
"1","2","True","B_o074_r09174","B","closure_count>1"
"1","2","True","B_o074_r09177","B","closure_count>1"
"1","2","True","B_o074_r09178","B","closure_count>1"
"1","2","True","B_o074_r09179","B","closure_count>1"
"1","2","True","B_o074_r09180","B","closure_count>1"
"1","2","True","B_o074_r09183","B","closure_count>1"
"1","2","True","B_o074_r09184","B","closure_count>1"
"1","2","True","B_o074_r09189","B","closure_count>1"
"1","2","True","B_o074_r09190","B","closure_count>1"
"1","3","True","B_o074_r09195","B","closure_count>1"
"1","3","True","B_o074_r09196","B","closure_count>1"
"1","3","True","B_o074_r09197","B","closure_count>1"
"1","3","True","B_o074_r09198","B","closure_count>1"
"1","3","True","B_o074_r09201","B","closure_count>1"
"1","3","True","B_o074_r09202","B","closure_count>1"
"1","3","True","B_o074_r09203","B","closure_count>1"
"1","3","True","B_o074_r09204","B","closure_count>1"
"1","2","True","B_o074_r09205","B","closure_count>1"
"1","2","True","B_o074_r09206","B","closure_count>1"
"1","3","True","B_o074_r09207","B","closure_count>1"
"1","3","True","B_o074_r09208","B","closure_count>1"
"1","3","True","B_o074_r09209","B","closure_count>1"
"1","3","True","B_o074_r09210","B","closure_count>1"
"1","2","True","B_o074_r09213","B","closure_count>1"
"1","2","True","B_o074_r09214","B","closure_count>1"
"1","2","True","B_o074_r09215","B","closure_count>1"
"1","2","True","B_o074_r09216","B","closure_count>1"
"1","2","True","B_o074_r09221","B","closure_count>1"
"1","2","True","B_o074_r09222","B","closure_count>1"
"1","2","True","B_o074_r09227","B","closure_count>1"
"1","2","True","B_o074_r09228","B","closure_count>1"
"1","2","True","B_o074_r09233","B","closure_count>1"
"1","2","True","B_o074_r09234","B","closure_count>1"
"1","2","True","B_o074_r09239","B","closure_count>1"
"1","2","True","B_o074_r09240","B","closure_count>1"
"1","2","True","B_o075_r09255","B","closure_count>1"
"1","2","True","B_o075_r09256","B","closure_count>1"
"1","2","True","B_o075_r09265","B","closure_count>1"
"1","2","True","B_o075_r09266","B","closure_count>1"
"1","2","True","B_o075_r09267","B","closure_count>1"
"1","2","True","B_o075_r09268","B","closure_count>1"
"1","2","True","B_o075_r09269","B","closure_count>1"
"1","2","True","B_o075_r09270","B","closure_count>1"
"1","2","True","B_o075_r09279","B","closure_count>1"
"1","2","True","B_o075_r09280","B","closure_count>1"
"1","2","True","B_o075_r09291","B","closure_count>1"
"1","2","True","B_o075_r09292","B","closure_count>1"
"1","2","True","B_o075_r09293","B","closure_count>1"
"1","2","True","B_o075_r09294","B","closure_count>1"
"1","2","True","B_o075_r09297","B","closure_count>1"
"1","2","True","B_o075_r09298","B","closure_count>1"
"1","2","True","B_o075_r09299","B","closure_count>1"
"1","2","True","B_o075_r09300","B","closure_count>1"
"1","2","True","B_o075_r09303","B","closure_count>1"
"1","2","True","B_o075_r09304","B","closure_count>1"
"1","2","True","B_o075_r09309","B","closure_count>1"
"1","2","True","B_o075_r09310","B","closure_count>1"
"1","3","True","B_o075_r09315","B","closure_count>1"
"1","3","True","B_o075_r09316","B","closure_count>1"
"1","3","True","B_o075_r09321","B","closure_count>1"
"1","3","True","B_o075_r09322","B","closure_count>1"
"1","2","True","B_o075_r09325","B","closure_count>1"
"1","2","True","B_o075_r09326","B","closure_count>1"
"1","3","True","B_o075_r09327","B","closure_count>1"
"1","3","True","B_o075_r09328","B","closure_count>1"
"1","2","True","B_o075_r09331","B","closure_count>1"
"1","2","True","B_o075_r09332","B","closure_count>1"
"1","3","True","B_o075_r09333","B","closure_count>1"
"1","3","True","B_o075_r09334","B","closure_count>1"
"1","3","True","B_o075_r09335","B","closure_count>1"
"1","3","True","B_o075_r09336","B","closure_count>1"
"1","2","True","B_o075_r09337","B","closure_count>1"
"1","2","True","B_o075_r09338","B","closure_count>1"
"1","4","True","B_o075_r09339","B","closure_count>1"
"1","4","True","B_o075_r09340","B","closure_count>1"
"1","2","True","B_o075_r09341","B","closure_count>1"
"1","2","True","B_o075_r09342","B","closure_count>1"
"1","2","True","B_o075_r09343","B","closure_count>1"
"1","2","True","B_o075_r09344","B","closure_count>1"
"1","4","True","B_o075_r09345","B","closure_count>1"
"1","4","True","B_o075_r09346","B","closure_count>1"
"1","2","True","B_o075_r09347","B","closure_count>1"
"1","2","True","B_o075_r09348","B","closure_count>1"
"1","3","True","B_o075_r09349","B","closure_count>1"
"1","3","True","B_o075_r09350","B","closure_count>1"
"1","4","True","B_o075_r09351","B","closure_count>1"
"1","4","True","B_o075_r09352","B","closure_count>1"
"1","2","True","B_o075_r09353","B","closure_count>1"
"1","2","True","B_o075_r09354","B","closure_count>1"
"1","5","True","B_o075_r09355","B","closure_count>1"
"1","5","True","B_o075_r09356","B","closure_count>1"
"1","6","True","B_o075_r09357","B","closure_count>1"
"1","6","True","B_o075_r09358","B","closure_count>1"
"1","10","True","B_o075_r09359","B","closure_count>1"
"1","10","True","B_o075_r09360","B","closure_count>1"
"1","2","True","B_o076_r09375","B","closure_count>1"
"1","2","True","B_o076_r09376","B","closure_count>1"
"1","2","True","B_o076_r09385","B","closure_count>1"
"1","2","True","B_o076_r09386","B","closure_count>1"
"1","2","True","B_o076_r09387","B","closure_count>1"
"1","2","True","B_o076_r09388","B","closure_count>1"
"1","2","True","B_o076_r09389","B","closure_count>1"
"1","2","True","B_o076_r09390","B","closure_count>1"
"1","2","True","B_o076_r09399","B","closure_count>1"
"1","2","True","B_o076_r09400","B","closure_count>1"
"1","2","True","B_o076_r09411","B","closure_count>1"
"1","2","True","B_o076_r09412","B","closure_count>1"
"1","2","True","B_o076_r09413","B","closure_count>1"
"1","2","True","B_o076_r09414","B","closure_count>1"
"1","2","True","B_o076_r09417","B","closure_count>1"
"1","2","True","B_o076_r09418","B","closure_count>1"
"1","2","True","B_o076_r09419","B","closure_count>1"
"1","2","True","B_o076_r09420","B","closure_count>1"
"1","2","True","B_o076_r09423","B","closure_count>1"
"1","2","True","B_o076_r09424","B","closure_count>1"
"1","2","True","B_o076_r09429","B","closure_count>1"
"1","2","True","B_o076_r09430","B","closure_count>1"
"1","3","True","B_o076_r09435","B","closure_count>1"
"1","3","True","B_o076_r09436","B","closure_count>1"
"1","3","True","B_o076_r09441","B","closure_count>1"
"1","3","True","B_o076_r09442","B","closure_count>1"
"1","2","True","B_o076_r09445","B","closure_count>1"
"1","2","True","B_o076_r09446","B","closure_count>1"
"1","3","True","B_o076_r09447","B","closure_count>1"
"1","3","True","B_o076_r09448","B","closure_count>1"
"1","2","True","B_o076_r09451","B","closure_count>1"
"1","2","True","B_o076_r09452","B","closure_count>1"
"1","3","True","B_o076_r09453","B","closure_count>1"
"1","3","True","B_o076_r09454","B","closure_count>1"
"1","3","True","B_o076_r09455","B","closure_count>1"
"1","3","True","B_o076_r09456","B","closure_count>1"
"1","2","True","B_o076_r09475","B","closure_count>1"
"1","2","True","B_o076_r09476","B","closure_count>1"
"1","2","True","B_o076_r09477","B","closure_count>1"
"1","2","True","B_o076_r09478","B","closure_count>1"
"1","3","True","B_o076_r09479","B","closure_count>1"
"1","3","True","B_o076_r09480","B","closure_count>1"
"1","2","True","B_o077_r09495","B","closure_count>1"
"1","2","True","B_o077_r09496","B","closure_count>1"
"1","2","True","B_o077_r09505","B","closure_count>1"
"1","2","True","B_o077_r09506","B","closure_count>1"
"1","2","True","B_o077_r09507","B","closure_count>1"
"1","2","True","B_o077_r09508","B","closure_count>1"
"1","2","True","B_o077_r09509","B","closure_count>1"
"1","2","True","B_o077_r09510","B","closure_count>1"
"1","2","True","B_o077_r09519","B","closure_count>1"
"1","2","True","B_o077_r09520","B","closure_count>1"
"1","2","True","B_o077_r09531","B","closure_count>1"
"1","2","True","B_o077_r09532","B","closure_count>1"
"1","2","True","B_o077_r09533","B","closure_count>1"
"1","2","True","B_o077_r09534","B","closure_count>1"
"1","2","True","B_o077_r09537","B","closure_count>1"
"1","2","True","B_o077_r09538","B","closure_count>1"
"1","2","True","B_o077_r09539","B","closure_count>1"
"1","2","True","B_o077_r09540","B","closure_count>1"
"1","2","True","B_o077_r09543","B","closure_count>1"
"1","2","True","B_o077_r09544","B","closure_count>1"
"1","2","True","B_o077_r09549","B","closure_count>1"
"1","2","True","B_o077_r09550","B","closure_count>1"
"1","3","True","B_o077_r09555","B","closure_count>1"
"1","3","True","B_o077_r09556","B","closure_count>1"
"1","3","True","B_o077_r09561","B","closure_count>1"
"1","3","True","B_o077_r09562","B","closure_count>1"
"1","2","True","B_o077_r09565","B","closure_count>1"
"1","2","True","B_o077_r09566","B","closure_count>1"
"1","3","True","B_o077_r09567","B","closure_count>1"
"1","3","True","B_o077_r09568","B","closure_count>1"
"1","2","True","B_o077_r09571","B","closure_count>1"
"1","2","True","B_o077_r09572","B","closure_count>1"
"1","3","True","B_o077_r09573","B","closure_count>1"
"1","3","True","B_o077_r09574","B","closure_count>1"
"1","3","True","B_o077_r09575","B","closure_count>1"
"1","3","True","B_o077_r09576","B","closure_count>1"
"1","2","True","B_o077_r09595","B","closure_count>1"
"1","2","True","B_o077_r09596","B","closure_count>1"
"1","2","True","B_o077_r09597","B","closure_count>1"
"1","2","True","B_o077_r09598","B","closure_count>1"
"1","3","True","B_o077_r09599","B","closure_count>1"
"1","3","True","B_o077_r09600","B","closure_count>1"
"1","2","True","B_o078_r09616","B","closure_count>1"
"1","2","True","B_o078_r09625","B","closure_count>1"
"1","2","True","B_o078_r09626","B","closure_count>1"
"1","2","True","B_o078_r09627","B","closure_count>1"
"1","2","True","B_o078_r09628","B","closure_count>1"
"1","2","True","B_o078_r09629","B","closure_count>1"
"1","2","True","B_o078_r09630","B","closure_count>1"
"1","2","True","B_o078_r09640","B","closure_count>1"
"1","2","True","B_o078_r09651","B","closure_count>1"
"1","2","True","B_o078_r09652","B","closure_count>1"
"1","2","True","B_o078_r09653","B","closure_count>1"
"1","2","True","B_o078_r09654","B","closure_count>1"
"1","2","True","B_o078_r09657","B","closure_count>1"
"1","2","True","B_o078_r09658","B","closure_count>1"
"1","2","True","B_o078_r09659","B","closure_count>1"
"1","2","True","B_o078_r09660","B","closure_count>1"
"1","2","True","B_o078_r09663","B","closure_count>1"
"1","2","True","B_o078_r09664","B","closure_count>1"
"1","2","True","B_o078_r09669","B","closure_count>1"
"1","2","True","B_o078_r09670","B","closure_count>1"
"1","2","True","B_o078_r09673","B","closure_count>1"
"1","4","True","B_o078_r09675","B","closure_count>1"
"1","3","True","B_o078_r09676","B","closure_count>1"
"1","2","True","B_o078_r09679","B","closure_count>1"
"1","4","True","B_o078_r09681","B","closure_count>1"
"1","3","True","B_o078_r09682","B","closure_count>1"
"1","3","True","B_o078_r09685","B","closure_count>1"
"1","2","True","B_o078_r09686","B","closure_count>1"
"1","4","True","B_o078_r09687","B","closure_count>1"
"1","3","True","B_o078_r09688","B","closure_count>1"
"1","2","True","B_o079_r09736","B","closure_count>1"
"1","2","True","B_o079_r09745","B","closure_count>1"
"1","2","True","B_o079_r09746","B","closure_count>1"
"1","2","True","B_o079_r09747","B","closure_count>1"
"1","2","True","B_o079_r09748","B","closure_count>1"
"1","2","True","B_o079_r09749","B","closure_count>1"
"1","2","True","B_o079_r09750","B","closure_count>1"
"1","2","True","B_o079_r09760","B","closure_count>1"
"1","2","True","B_o079_r09771","B","closure_count>1"
"1","2","True","B_o079_r09772","B","closure_count>1"
"1","2","True","B_o079_r09773","B","closure_count>1"
"1","2","True","B_o079_r09774","B","closure_count>1"
"1","2","True","B_o079_r09777","B","closure_count>1"
"1","2","True","B_o079_r09778","B","closure_count>1"
"1","2","True","B_o079_r09779","B","closure_count>1"
"1","2","True","B_o079_r09780","B","closure_count>1"
"1","2","True","B_o079_r09783","B","closure_count>1"
"1","2","True","B_o079_r09784","B","closure_count>1"
"1","2","True","B_o079_r09789","B","closure_count>1"
"1","2","True","B_o079_r09790","B","closure_count>1"
"1","2","True","B_o079_r09793","B","closure_count>1"
"1","4","True","B_o079_r09795","B","closure_count>1"
"1","3","True","B_o079_r09796","B","closure_count>1"
"1","2","True","B_o079_r09799","B","closure_count>1"
"1","4","True","B_o079_r09801","B","closure_count>1"
"1","3","True","B_o079_r09802","B","closure_count>1"
"1","3","True","B_o079_r09805","B","closure_count>1"
"1","2","True","B_o079_r09806","B","closure_count>1"
"1","4","True","B_o079_r09807","B","closure_count>1"
"1","3","True","B_o079_r09808","B","closure_count>1"
"1","2","True","B_o080_r09856","B","closure_count>1"
"1","2","True","B_o080_r09860","B","closure_count>1"
"1","3","True","B_o080_r09862","B","closure_count>1"
"1","2","True","B_o080_r09863","B","closure_count>1"
"1","2","True","B_o080_r09864","B","closure_count>1"
"1","2","True","B_o080_r09865","B","closure_count>1"
"1","2","True","B_o080_r09866","B","closure_count>1"
"1","2","True","B_o080_r09867","B","closure_count>1"
"1","2","True","B_o080_r09868","B","closure_count>1"
"1","2","True","B_o080_r09869","B","closure_count>1"
"1","2","True","B_o080_r09870","B","closure_count>1"
"1","2","True","B_o080_r09880","B","closure_count>1"
"1","2","True","B_o080_r09884","B","closure_count>1"
"1","3","True","B_o080_r09886","B","closure_count>1"
"1","2","True","B_o080_r09887","B","closure_count>1"
"1","2","True","B_o080_r09888","B","closure_count>1"
"1","2","True","B_o080_r09891","B","closure_count>1"
"1","2","True","B_o080_r09892","B","closure_count>1"
"1","2","True","B_o080_r09893","B","closure_count>1"
"1","2","True","B_o080_r09894","B","closure_count>1"
"1","2","True","B_o080_r09897","B","closure_count>1"
"1","2","True","B_o080_r09898","B","closure_count>1"
"1","2","True","B_o080_r09899","B","closure_count>1"
"1","2","True","B_o080_r09900","B","closure_count>1"
"1","2","True","B_o080_r09903","B","closure_count>1"
"1","2","True","B_o080_r09904","B","closure_count>1"
"1","2","True","B_o080_r09908","B","closure_count>1"
"1","2","True","B_o080_r09909","B","closure_count>1"
"1","4","True","B_o080_r09910","B","closure_count>1"
"1","2","True","B_o080_r09911","B","closure_count>1"
"1","2","True","B_o080_r09912","B","closure_count>1"
"1","3","True","B_o080_r09916","B","closure_count>1"
"1","3","True","B_o080_r09922","B","closure_count>1"
"1","2","True","B_o080_r09926","B","closure_count>1"
"1","3","True","B_o080_r09928","B","closure_count>1"
"1","2","True","B_o080_r09938","B","closure_count>1"
"1","4","True","B_o080_r09940","B","closure_count>1"
"1","2","True","B_o080_r09941","B","closure_count>1"
"1","2","True","B_o080_r09942","B","closure_count>1"
"1","2","True","B_o080_r09944","B","closure_count>1"
"1","4","True","B_o080_r09946","B","closure_count>1"
"1","2","True","B_o080_r09947","B","closure_count>1"
"1","2","True","B_o080_r09948","B","closure_count>1"
"1","3","True","B_o080_r09950","B","closure_count>1"
"1","4","True","B_o080_r09952","B","closure_count>1"
"1","2","True","B_o080_r09953","B","closure_count>1"
"1","2","True","B_o080_r09954","B","closure_count>1"
"1","2","True","B_o080_r09955","B","closure_count>1"
"1","2","True","B_o080_r09956","B","closure_count>1"
"1","2","True","B_o080_r09957","B","closure_count>1"
"1","2","True","B_o080_r09958","B","closure_count>1"
"1","2","True","B_o080_r09959","B","closure_count>1"
"1","2","True","B_o080_r09960","B","closure_count>1"
"1","2","True","B_o081_r09976","B","closure_count>1"
"1","2","True","B_o081_r09985","B","closure_count>1"
"1","2","True","B_o081_r09986","B","closure_count>1"
"1","2","True","B_o081_r09987","B","closure_count>1"
"1","2","True","B_o081_r09988","B","closure_count>1"
"1","2","True","B_o081_r09989","B","closure_count>1"
"1","2","True","B_o081_r09990","B","closure_count>1"
"1","2","True","B_o081_r10000","B","closure_count>1"
"1","3","True","B_o081_r10011","B","closure_count>1"
"1","2","True","B_o081_r10012","B","closure_count>1"
"1","3","True","B_o081_r10013","B","closure_count>1"
"1","2","True","B_o081_r10014","B","closure_count>1"
"1","3","True","B_o081_r10017","B","closure_count>1"
"1","2","True","B_o081_r10018","B","closure_count>1"
"1","3","True","B_o081_r10019","B","closure_count>1"
"1","2","True","B_o081_r10020","B","closure_count>1"
"1","2","True","B_o081_r10023","B","closure_count>1"
"1","2","True","B_o081_r10024","B","closure_count>1"
"1","2","True","B_o081_r10029","B","closure_count>1"
"1","2","True","B_o081_r10030","B","closure_count>1"
"1","3","True","B_o081_r10035","B","closure_count>1"
"1","3","True","B_o081_r10036","B","closure_count>1"
"1","3","True","B_o081_r10041","B","closure_count>1"
"1","3","True","B_o081_r10042","B","closure_count>1"
"1","2","True","B_o081_r10045","B","closure_count>1"
"1","2","True","B_o081_r10046","B","closure_count>1"
"1","3","True","B_o081_r10047","B","closure_count>1"
"1","3","True","B_o081_r10048","B","closure_count>1"
"1","2","True","B_o081_r10051","B","closure_count>1"
"1","2","True","B_o081_r10052","B","closure_count>1"
"1","3","True","B_o081_r10053","B","closure_count>1"
"1","3","True","B_o081_r10054","B","closure_count>1"
"1","2","True","B_o081_r10055","B","closure_count>1"
"1","2","True","B_o081_r10056","B","closure_count>1"
"1","2","True","B_o081_r10057","B","closure_count>1"
"1","2","True","B_o081_r10058","B","closure_count>1"
"1","6","True","B_o081_r10059","B","closure_count>1"
"1","4","True","B_o081_r10060","B","closure_count>1"
"1","2","True","B_o081_r10061","B","closure_count>1"
"1","2","True","B_o081_r10062","B","closure_count>1"
"1","2","True","B_o081_r10063","B","closure_count>1"
"1","2","True","B_o081_r10064","B","closure_count>1"
"1","6","True","B_o081_r10065","B","closure_count>1"
"1","4","True","B_o081_r10066","B","closure_count>1"
"1","2","True","B_o081_r10067","B","closure_count>1"
"1","2","True","B_o081_r10068","B","closure_count>1"
"1","3","True","B_o081_r10069","B","closure_count>1"
"1","3","True","B_o081_r10070","B","closure_count>1"
"1","4","True","B_o081_r10071","B","closure_count>1"
"1","4","True","B_o081_r10072","B","closure_count>1"
"1","2","True","B_o081_r10073","B","closure_count>1"
"1","2","True","B_o081_r10074","B","closure_count>1"
"1","5","True","B_o081_r10075","B","closure_count>1"
"1","5","True","B_o081_r10076","B","closure_count>1"
"1","6","True","B_o081_r10077","B","closure_count>1"
"1","6","True","B_o081_r10078","B","closure_count>1"
"1","5","True","B_o081_r10079","B","closure_count>1"
"1","5","True","B_o081_r10080","B","closure_count>1"
"1","2","True","B_o082_r10096","B","closure_count>1"
"1","2","True","B_o082_r10105","B","closure_count>1"
"1","2","True","B_o082_r10106","B","closure_count>1"
"1","2","True","B_o082_r10107","B","closure_count>1"
"1","2","True","B_o082_r10108","B","closure_count>1"
"1","2","True","B_o082_r10109","B","closure_count>1"
"1","2","True","B_o082_r10110","B","closure_count>1"
"1","2","True","B_o082_r10120","B","closure_count>1"
"1","3","True","B_o082_r10131","B","closure_count>1"
"1","2","True","B_o082_r10132","B","closure_count>1"
"1","3","True","B_o082_r10133","B","closure_count>1"
"1","2","True","B_o082_r10134","B","closure_count>1"
"1","3","True","B_o082_r10137","B","closure_count>1"
"1","2","True","B_o082_r10138","B","closure_count>1"
"1","3","True","B_o082_r10139","B","closure_count>1"
"1","2","True","B_o082_r10140","B","closure_count>1"
"1","2","True","B_o082_r10143","B","closure_count>1"
"1","2","True","B_o082_r10144","B","closure_count>1"
"1","2","True","B_o082_r10149","B","closure_count>1"
"1","2","True","B_o082_r10150","B","closure_count>1"
"1","3","True","B_o082_r10155","B","closure_count>1"
"1","3","True","B_o082_r10156","B","closure_count>1"
"1","3","True","B_o082_r10161","B","closure_count>1"
"1","3","True","B_o082_r10162","B","closure_count>1"
"1","2","True","B_o082_r10165","B","closure_count>1"
"1","2","True","B_o082_r10166","B","closure_count>1"
"1","3","True","B_o082_r10167","B","closure_count>1"
"1","3","True","B_o082_r10168","B","closure_count>1"
"1","2","True","B_o082_r10171","B","closure_count>1"
"1","2","True","B_o082_r10172","B","closure_count>1"
"1","3","True","B_o082_r10173","B","closure_count>1"
"1","3","True","B_o082_r10174","B","closure_count>1"
"1","2","True","B_o082_r10175","B","closure_count>1"
"1","2","True","B_o082_r10176","B","closure_count>1"
"1","2","True","B_o082_r10179","B","closure_count>1"
"1","2","True","B_o082_r10185","B","closure_count>1"
"1","2","True","B_o082_r10195","B","closure_count>1"
"1","2","True","B_o082_r10196","B","closure_count>1"
"1","2","True","B_o082_r10197","B","closure_count>1"
"1","2","True","B_o082_r10198","B","closure_count>1"
"1","2","True","B_o082_r10199","B","closure_count>1"
"1","2","True","B_o082_r10200","B","closure_count>1"
"1","2","True","B_o083_r10216","B","closure_count>1"
"1","2","True","B_o083_r10225","B","closure_count>1"
"1","2","True","B_o083_r10226","B","closure_count>1"
"1","2","True","B_o083_r10227","B","closure_count>1"
"1","2","True","B_o083_r10228","B","closure_count>1"
"1","2","True","B_o083_r10229","B","closure_count>1"
"1","2","True","B_o083_r10230","B","closure_count>1"
"1","2","True","B_o083_r10240","B","closure_count>1"
"1","3","True","B_o083_r10251","B","closure_count>1"
"1","2","True","B_o083_r10252","B","closure_count>1"
"1","3","True","B_o083_r10253","B","closure_count>1"
"1","2","True","B_o083_r10254","B","closure_count>1"
"1","3","True","B_o083_r10257","B","closure_count>1"
"1","2","True","B_o083_r10258","B","closure_count>1"
"1","3","True","B_o083_r10259","B","closure_count>1"
"1","2","True","B_o083_r10260","B","closure_count>1"
"1","2","True","B_o083_r10263","B","closure_count>1"
"1","2","True","B_o083_r10264","B","closure_count>1"
"1","2","True","B_o083_r10269","B","closure_count>1"
"1","2","True","B_o083_r10270","B","closure_count>1"
"1","3","True","B_o083_r10275","B","closure_count>1"
"1","3","True","B_o083_r10276","B","closure_count>1"
"1","3","True","B_o083_r10281","B","closure_count>1"
"1","3","True","B_o083_r10282","B","closure_count>1"
"1","2","True","B_o083_r10285","B","closure_count>1"
"1","2","True","B_o083_r10286","B","closure_count>1"
"1","3","True","B_o083_r10287","B","closure_count>1"
"1","3","True","B_o083_r10288","B","closure_count>1"
"1","2","True","B_o083_r10291","B","closure_count>1"
"1","2","True","B_o083_r10292","B","closure_count>1"
"1","3","True","B_o083_r10293","B","closure_count>1"
"1","3","True","B_o083_r10294","B","closure_count>1"
"1","2","True","B_o083_r10295","B","closure_count>1"
"1","2","True","B_o083_r10296","B","closure_count>1"
"1","2","True","B_o083_r10299","B","closure_count>1"
"1","2","True","B_o083_r10305","B","closure_count>1"
"1","2","True","B_o083_r10315","B","closure_count>1"
"1","2","True","B_o083_r10316","B","closure_count>1"
"1","2","True","B_o083_r10317","B","closure_count>1"
"1","2","True","B_o083_r10318","B","closure_count>1"
"1","2","True","B_o083_r10319","B","closure_count>1"
"1","2","True","B_o083_r10320","B","closure_count>1"
"1","2","True","B_o084_r10336","B","closure_count>1"
"1","2","True","B_o084_r10345","B","closure_count>1"
"1","2","True","B_o084_r10346","B","closure_count>1"
"1","2","True","B_o084_r10347","B","closure_count>1"
"1","2","True","B_o084_r10348","B","closure_count>1"
"1","2","True","B_o084_r10349","B","closure_count>1"
"1","2","True","B_o084_r10350","B","closure_count>1"
"1","2","True","B_o084_r10360","B","closure_count>1"
"1","3","True","B_o084_r10371","B","closure_count>1"
"1","2","True","B_o084_r10372","B","closure_count>1"
"1","3","True","B_o084_r10373","B","closure_count>1"
"1","2","True","B_o084_r10374","B","closure_count>1"
"1","3","True","B_o084_r10377","B","closure_count>1"
"1","2","True","B_o084_r10378","B","closure_count>1"
"1","3","True","B_o084_r10379","B","closure_count>1"
"1","2","True","B_o084_r10380","B","closure_count>1"
"1","2","True","B_o084_r10383","B","closure_count>1"
"1","2","True","B_o084_r10384","B","closure_count>1"
"1","2","True","B_o084_r10389","B","closure_count>1"
"1","2","True","B_o084_r10390","B","closure_count>1"
"1","2","True","B_o084_r10393","B","closure_count>1"
"1","6","True","B_o084_r10395","B","closure_count>1"
"1","3","True","B_o084_r10396","B","closure_count>1"
"1","2","True","B_o084_r10399","B","closure_count>1"
"1","6","True","B_o084_r10401","B","closure_count>1"
"1","3","True","B_o084_r10402","B","closure_count>1"
"1","3","True","B_o084_r10405","B","closure_count>1"
"1","2","True","B_o084_r10406","B","closure_count>1"
"1","4","True","B_o084_r10407","B","closure_count>1"
"1","3","True","B_o084_r10408","B","closure_count>1"
"1","2","True","B_o084_r10419","B","closure_count>1"
"1","2","True","B_o084_r10425","B","closure_count>1"
"1","2","True","B_o085_r10456","B","closure_count>1"
"1","2","True","B_o085_r10465","B","closure_count>1"
"1","2","True","B_o085_r10466","B","closure_count>1"
"1","2","True","B_o085_r10467","B","closure_count>1"
"1","2","True","B_o085_r10468","B","closure_count>1"
"1","2","True","B_o085_r10469","B","closure_count>1"
"1","2","True","B_o085_r10470","B","closure_count>1"
"1","2","True","B_o085_r10480","B","closure_count>1"
"1","3","True","B_o085_r10491","B","closure_count>1"
"1","2","True","B_o085_r10492","B","closure_count>1"
"1","3","True","B_o085_r10493","B","closure_count>1"
"1","2","True","B_o085_r10494","B","closure_count>1"
"1","3","True","B_o085_r10497","B","closure_count>1"
"1","2","True","B_o085_r10498","B","closure_count>1"
"1","3","True","B_o085_r10499","B","closure_count>1"
"1","2","True","B_o085_r10500","B","closure_count>1"
"1","2","True","B_o085_r10503","B","closure_count>1"
"1","2","True","B_o085_r10504","B","closure_count>1"
"1","2","True","B_o085_r10509","B","closure_count>1"
"1","2","True","B_o085_r10510","B","closure_count>1"
"1","2","True","B_o085_r10513","B","closure_count>1"
"1","6","True","B_o085_r10515","B","closure_count>1"
"1","3","True","B_o085_r10516","B","closure_count>1"
"1","2","True","B_o085_r10519","B","closure_count>1"
"1","6","True","B_o085_r10521","B","closure_count>1"
"1","3","True","B_o085_r10522","B","closure_count>1"
"1","3","True","B_o085_r10525","B","closure_count>1"
"1","2","True","B_o085_r10526","B","closure_count>1"
"1","4","True","B_o085_r10527","B","closure_count>1"
"1","3","True","B_o085_r10528","B","closure_count>1"
"1","2","True","B_o085_r10539","B","closure_count>1"
"1","2","True","B_o085_r10545","B","closure_count>1"
"1","2","True","B_o086_r10576","B","closure_count>1"
"1","2","True","B_o086_r10580","B","closure_count>1"
"1","3","True","B_o086_r10582","B","closure_count>1"
"1","2","True","B_o086_r10583","B","closure_count>1"
"1","2","True","B_o086_r10584","B","closure_count>1"
"1","2","True","B_o086_r10585","B","closure_count>1"
"1","2","True","B_o086_r10586","B","closure_count>1"
"1","2","True","B_o086_r10587","B","closure_count>1"
"1","2","True","B_o086_r10588","B","closure_count>1"
"1","2","True","B_o086_r10589","B","closure_count>1"
"1","2","True","B_o086_r10590","B","closure_count>1"
"1","2","True","B_o086_r10600","B","closure_count>1"
"1","2","True","B_o086_r10604","B","closure_count>1"
"1","3","True","B_o086_r10606","B","closure_count>1"
"1","2","True","B_o086_r10607","B","closure_count>1"
"1","2","True","B_o086_r10608","B","closure_count>1"
"1","3","True","B_o086_r10611","B","closure_count>1"
"1","2","True","B_o086_r10612","B","closure_count>1"
"1","3","True","B_o086_r10613","B","closure_count>1"
"1","2","True","B_o086_r10614","B","closure_count>1"
"1","3","True","B_o086_r10617","B","closure_count>1"
"1","2","True","B_o086_r10618","B","closure_count>1"
"1","3","True","B_o086_r10619","B","closure_count>1"
"1","2","True","B_o086_r10620","B","closure_count>1"
"1","2","True","B_o086_r10623","B","closure_count>1"
"1","2","True","B_o086_r10624","B","closure_count>1"
"1","2","True","B_o086_r10628","B","closure_count>1"
"1","2","True","B_o086_r10629","B","closure_count>1"
"1","4","True","B_o086_r10630","B","closure_count>1"
"1","2","True","B_o086_r10631","B","closure_count>1"
"1","2","True","B_o086_r10632","B","closure_count>1"
"1","2","True","B_o086_r10635","B","closure_count>1"
"1","3","True","B_o086_r10636","B","closure_count>1"
"1","2","True","B_o086_r10641","B","closure_count>1"
"1","3","True","B_o086_r10642","B","closure_count>1"
"1","2","True","B_o086_r10646","B","closure_count>1"
"1","3","True","B_o086_r10648","B","closure_count>1"
"1","2","True","B_o086_r10658","B","closure_count>1"
"1","2","True","B_o086_r10659","B","closure_count>1"
"1","4","True","B_o086_r10660","B","closure_count>1"
"1","2","True","B_o086_r10661","B","closure_count>1"
"1","2","True","B_o086_r10662","B","closure_count>1"
"1","2","True","B_o086_r10664","B","closure_count>1"
"1","2","True","B_o086_r10665","B","closure_count>1"
"1","4","True","B_o086_r10666","B","closure_count>1"
"1","2","True","B_o086_r10667","B","closure_count>1"
"1","2","True","B_o086_r10668","B","closure_count>1"
"1","3","True","B_o086_r10670","B","closure_count>1"
"1","4","True","B_o086_r10672","B","closure_count>1"
"1","2","True","B_o086_r10673","B","closure_count>1"
"1","2","True","B_o086_r10674","B","closure_count>1"
"1","2","True","B_o086_r10675","B","closure_count>1"
"1","2","True","B_o086_r10676","B","closure_count>1"
"1","2","True","B_o086_r10677","B","closure_count>1"
"1","2","True","B_o086_r10678","B","closure_count>1"
"1","2","True","B_o086_r10679","B","closure_count>1"
"1","2","True","B_o086_r10680","B","closure_count>1"
"1","2","True","B_o087_r10696","B","closure_count>1"
"1","2","True","B_o087_r10698","B","closure_count>1"
"1","2","True","B_o087_r10705","B","closure_count>1"
"1","2","True","B_o087_r10706","B","closure_count>1"
"1","2","True","B_o087_r10707","B","closure_count>1"
"1","2","True","B_o087_r10708","B","closure_count>1"
"1","2","True","B_o087_r10709","B","closure_count>1"
"1","2","True","B_o087_r10710","B","closure_count>1"
"1","2","True","B_o087_r10720","B","closure_count>1"
"1","2","True","B_o087_r10722","B","closure_count>1"
"1","2","True","B_o087_r10732","B","closure_count>1"
"1","2","True","B_o087_r10734","B","closure_count>1"
"1","2","True","B_o087_r10738","B","closure_count>1"
"1","2","True","B_o087_r10740","B","closure_count>1"
"1","2","True","B_o087_r10741","B","closure_count>1"
"1","3","True","B_o087_r10743","B","closure_count>1"
"1","2","True","B_o087_r10744","B","closure_count>1"
"1","2","True","B_o087_r10747","B","closure_count>1"
"1","3","True","B_o087_r10749","B","closure_count>1"
"1","2","True","B_o087_r10750","B","closure_count>1"
"1","2","True","B_o087_r10753","B","closure_count>1"
"1","2","True","B_o087_r10755","B","closure_count>1"
"1","3","True","B_o087_r10756","B","closure_count>1"
"1","3","True","B_o087_r10758","B","closure_count>1"
"1","2","True","B_o087_r10759","B","closure_count>1"
"1","2","True","B_o087_r10761","B","closure_count>1"
"1","3","True","B_o087_r10762","B","closure_count>1"
"1","3","True","B_o087_r10764","B","closure_count>1"
"1","5","True","B_o087_r10765","B","closure_count>1"
"1","2","True","B_o087_r10766","B","closure_count>1"
"1","6","True","B_o087_r10767","B","closure_count>1"
"1","3","True","B_o087_r10768","B","closure_count>1"
"1","2","True","B_o087_r10769","B","closure_count>1"
"1","2","True","B_o087_r10770","B","closure_count>1"
"1","2","True","B_o087_r10789","B","closure_count>1"
"1","2","True","B_o087_r10791","B","closure_count>1"
"1","2","True","B_o088_r10816","B","closure_count>1"
"1","2","True","B_o088_r10818","B","closure_count>1"
"1","2","True","B_o088_r10825","B","closure_count>1"
"1","2","True","B_o088_r10826","B","closure_count>1"
"1","2","True","B_o088_r10827","B","closure_count>1"
"1","2","True","B_o088_r10828","B","closure_count>1"
"1","2","True","B_o088_r10829","B","closure_count>1"
"1","2","True","B_o088_r10830","B","closure_count>1"
"1","2","True","B_o088_r10840","B","closure_count>1"
"1","2","True","B_o088_r10842","B","closure_count>1"
"1","2","True","B_o088_r10852","B","closure_count>1"
"1","2","True","B_o088_r10854","B","closure_count>1"
"1","2","True","B_o088_r10858","B","closure_count>1"
"1","2","True","B_o088_r10860","B","closure_count>1"
"1","2","True","B_o088_r10861","B","closure_count>1"
"1","3","True","B_o088_r10863","B","closure_count>1"
"1","2","True","B_o088_r10864","B","closure_count>1"
"1","2","True","B_o088_r10867","B","closure_count>1"
"1","3","True","B_o088_r10869","B","closure_count>1"
"1","2","True","B_o088_r10870","B","closure_count>1"
"1","2","True","B_o088_r10873","B","closure_count>1"
"1","2","True","B_o088_r10875","B","closure_count>1"
"1","3","True","B_o088_r10876","B","closure_count>1"
"1","3","True","B_o088_r10878","B","closure_count>1"
"1","2","True","B_o088_r10879","B","closure_count>1"
"1","2","True","B_o088_r10881","B","closure_count>1"
"1","3","True","B_o088_r10882","B","closure_count>1"
"1","3","True","B_o088_r10884","B","closure_count>1"
"1","5","True","B_o088_r10885","B","closure_count>1"
"1","2","True","B_o088_r10886","B","closure_count>1"
"1","6","True","B_o088_r10887","B","closure_count>1"
"1","3","True","B_o088_r10888","B","closure_count>1"
"1","2","True","B_o088_r10889","B","closure_count>1"
"1","2","True","B_o088_r10890","B","closure_count>1"
"1","2","True","B_o088_r10909","B","closure_count>1"
"1","2","True","B_o088_r10911","B","closure_count>1"
"1","2","True","B_o089_r10936","B","closure_count>1"
"1","2","True","B_o089_r10938","B","closure_count>1"
"1","2","True","B_o089_r10940","B","closure_count>1"
"1","3","True","B_o089_r10942","B","closure_count>1"
"1","2","True","B_o089_r10943","B","closure_count>1"
"1","3","True","B_o089_r10944","B","closure_count>1"
"1","2","True","B_o089_r10945","B","closure_count>1"
"1","2","True","B_o089_r10946","B","closure_count>1"
"1","2","True","B_o089_r10947","B","closure_count>1"
"1","2","True","B_o089_r10948","B","closure_count>1"
"1","2","True","B_o089_r10949","B","closure_count>1"
"1","2","True","B_o089_r10950","B","closure_count>1"
"1","2","True","B_o089_r10960","B","closure_count>1"
"1","2","True","B_o089_r10962","B","closure_count>1"
"1","2","True","B_o089_r10964","B","closure_count>1"
"1","3","True","B_o089_r10966","B","closure_count>1"
"1","2","True","B_o089_r10967","B","closure_count>1"
"1","3","True","B_o089_r10968","B","closure_count>1"
"1","2","True","B_o089_r10972","B","closure_count>1"
"1","2","True","B_o089_r10974","B","closure_count>1"
"1","2","True","B_o089_r10978","B","closure_count>1"
"1","2","True","B_o089_r10980","B","closure_count>1"
"1","2","True","B_o089_r10981","B","closure_count>1"
"1","3","True","B_o089_r10983","B","closure_count>1"
"1","2","True","B_o089_r10984","B","closure_count>1"
"1","2","True","B_o089_r10987","B","closure_count>1"
"1","2","True","B_o089_r10988","B","closure_count>1"
"1","3","True","B_o089_r10989","B","closure_count>1"
"1","4","True","B_o089_r10990","B","closure_count>1"
"1","2","True","B_o089_r10991","B","closure_count>1"
"1","2","True","B_o089_r10992","B","closure_count>1"
"1","3","True","B_o089_r10996","B","closure_count>1"
"1","3","True","B_o089_r10998","B","closure_count>1"
"1","3","True","B_o089_r11002","B","closure_count>1"
"1","3","True","B_o089_r11004","B","closure_count>1"
"1","2","True","B_o089_r11005","B","closure_count>1"
"1","2","True","B_o089_r11006","B","closure_count>1"
"1","2","True","B_o089_r11007","B","closure_count>1"
"1","3","True","B_o089_r11008","B","closure_count>1"
"1","2","True","B_o089_r11009","B","closure_count>1"
"1","2","True","B_o089_r11010","B","closure_count>1"
"1","2","True","B_o089_r11018","B","closure_count>1"
"1","4","True","B_o089_r11020","B","closure_count>1"
"1","2","True","B_o089_r11021","B","closure_count>1"
"1","4","True","B_o089_r11022","B","closure_count>1"
"1","2","True","B_o089_r11024","B","closure_count>1"
"1","4","True","B_o089_r11026","B","closure_count>1"
"1","2","True","B_o089_r11027","B","closure_count>1"
"1","4","True","B_o089_r11028","B","closure_count>1"
"1","2","True","B_o089_r11029","B","closure_count>1"
"1","3","True","B_o089_r11030","B","closure_count>1"
"1","2","True","B_o089_r11031","B","closure_count>1"
"1","4","True","B_o089_r11032","B","closure_count>1"
"1","3","True","B_o089_r11033","B","closure_count>1"
"1","3","True","B_o089_r11034","B","closure_count>1"
"1","2","True","B_o089_r11035","B","closure_count>1"
"1","2","True","B_o089_r11036","B","closure_count>1"
"1","2","True","B_o089_r11037","B","closure_count>1"
"1","2","True","B_o089_r11038","B","closure_count>1"
"1","2","True","B_o089_r11039","B","closure_count>1"
"1","2","True","B_o089_r11040","B","closure_count>1"
"1","2","True","B_o090_r11060","B","closure_count>1"
"1","2","True","B_o090_r11063","B","closure_count>1"
"1","2","True","B_o090_r11065","B","closure_count>1"
"1","2","True","B_o090_r11066","B","closure_count>1"
"1","2","True","B_o090_r11067","B","closure_count>1"
"1","2","True","B_o090_r11068","B","closure_count>1"
"1","2","True","B_o090_r11069","B","closure_count>1"
"1","2","True","B_o090_r11070","B","closure_count>1"
"1","2","True","B_o090_r11084","B","closure_count>1"
"1","2","True","B_o090_r11087","B","closure_count>1"
"1","2","True","B_o090_r11092","B","closure_count>1"
"1","2","True","B_o090_r11094","B","closure_count>1"
"1","2","True","B_o090_r11098","B","closure_count>1"
"1","2","True","B_o090_r11100","B","closure_count>1"
"1","2","True","B_o090_r11104","B","closure_count>1"
"1","2","True","B_o090_r11108","B","closure_count>1"
"1","4","True","B_o090_r11110","B","closure_count>1"
"1","2","True","B_o090_r11111","B","closure_count>1"
"1","2","True","B_o090_r11112","B","closure_count>1"
"1","3","True","B_o090_r11116","B","closure_count>1"
"1","3","True","B_o090_r11118","B","closure_count>1"
"1","3","True","B_o090_r11122","B","closure_count>1"
"1","3","True","B_o090_r11124","B","closure_count>1"
"1","2","True","B_o090_r11126","B","closure_count>1"
"1","3","True","B_o090_r11128","B","closure_count>1"
"1","2","True","B_o090_r11129","B","closure_count>1"
"1","2","True","B_o090_r11130","B","closure_count>1"
"1","2","True","B_o090_r11132","B","closure_count>1"
"1","3","True","B_o090_r11134","B","closure_count>1"
"1","2","True","B_o090_r11135","B","closure_count>1"
"1","2","True","B_o090_r11136","B","closure_count>1"
"1","2","True","B_o090_r11138","B","closure_count>1"
"1","4","True","B_o090_r11140","B","closure_count>1"
"1","2","True","B_o090_r11141","B","closure_count>1"
"1","5","True","B_o090_r11142","B","closure_count>1"
"1","2","True","B_o090_r11144","B","closure_count>1"
"1","4","True","B_o090_r11146","B","closure_count>1"
"1","2","True","B_o090_r11147","B","closure_count>1"
"1","5","True","B_o090_r11148","B","closure_count>1"
"1","3","True","B_o090_r11150","B","closure_count>1"
"1","4","True","B_o090_r11152","B","closure_count>1"
"1","3","True","B_o090_r11153","B","closure_count>1"
"1","3","True","B_o090_r11154","B","closure_count>1"
"1","2","True","B_o090_r11155","B","closure_count>1"
"1","4","True","B_o090_r11156","B","closure_count>1"
"1","2","True","B_o090_r11157","B","closure_count>1"
"1","5","True","B_o090_r11158","B","closure_count>1"
"1","4","True","B_o090_r11159","B","closure_count>1"
"1","4","True","B_o090_r11160","B","closure_count>1"
"1","2","True","B_o091_r11167","B","closure_count>1"
"1","2","True","B_o091_r11168","B","closure_count>1"
"1","2","True","B_o091_r11173","B","closure_count>1"
"1","2","True","B_o091_r11174","B","closure_count>1"
"1","2","True","B_o091_r11176","B","closure_count>1"
"1","2","True","B_o091_r11185","B","closure_count>1"
"1","2","True","B_o091_r11186","B","closure_count>1"
"1","2","True","B_o091_r11187","B","closure_count>1"
"1","2","True","B_o091_r11188","B","closure_count>1"
"1","2","True","B_o091_r11189","B","closure_count>1"
"1","2","True","B_o091_r11190","B","closure_count>1"
"1","2","True","B_o091_r11200","B","closure_count>1"
"1","3","True","B_o091_r11209","B","closure_count>1"
"1","3","True","B_o091_r11210","B","closure_count>1"
"1","3","True","B_o091_r11211","B","closure_count>1"
"1","2","True","B_o091_r11212","B","closure_count>1"
"1","3","True","B_o091_r11213","B","closure_count>1"
"1","2","True","B_o091_r11214","B","closure_count>1"
"1","2","True","B_o091_r11215","B","closure_count>1"
"1","2","True","B_o091_r11216","B","closure_count>1"
"1","3","True","B_o091_r11217","B","closure_count>1"
"1","2","True","B_o091_r11218","B","closure_count>1"
"1","3","True","B_o091_r11219","B","closure_count>1"
"1","2","True","B_o091_r11220","B","closure_count>1"
"1","4","True","B_o091_r11223","B","closure_count>1"
"1","4","True","B_o091_r11224","B","closure_count>1"
"1","2","True","B_o091_r11229","B","closure_count>1"
"1","2","True","B_o091_r11230","B","closure_count>1"
"1","3","True","B_o091_r11233","B","closure_count>1"
"1","3","True","B_o091_r11234","B","closure_count>1"
"1","3","True","B_o091_r11235","B","closure_count>1"
"1","3","True","B_o091_r11236","B","closure_count>1"
"1","2","True","B_o091_r11239","B","closure_count>1"
"1","2","True","B_o091_r11240","B","closure_count>1"
"1","4","True","B_o091_r11241","B","closure_count>1"
"1","4","True","B_o091_r11242","B","closure_count>1"
"1","2","True","B_o091_r11245","B","closure_count>1"
"1","2","True","B_o091_r11246","B","closure_count>1"
"1","6","True","B_o091_r11247","B","closure_count>1"
"1","6","True","B_o091_r11248","B","closure_count>1"
"1","2","True","B_o091_r11251","B","closure_count>1"
"1","2","True","B_o091_r11252","B","closure_count>1"
"1","3","True","B_o091_r11253","B","closure_count>1"
"1","3","True","B_o091_r11254","B","closure_count>1"
"1","2","True","B_o091_r11255","B","closure_count>1"
"1","2","True","B_o091_r11256","B","closure_count>1"
"1","4","True","B_o091_r11257","B","closure_count>1"
"1","4","True","B_o091_r11258","B","closure_count>1"
"1","6","True","B_o091_r11259","B","closure_count>1"
"1","4","True","B_o091_r11260","B","closure_count>1"
"1","2","True","B_o091_r11261","B","closure_count>1"
"1","2","True","B_o091_r11262","B","closure_count>1"
"1","3","True","B_o091_r11263","B","closure_count>1"
"1","3","True","B_o091_r11264","B","closure_count>1"
"1","7","True","B_o091_r11265","B","closure_count>1"
"1","5","True","B_o091_r11266","B","closure_count>1"
"1","2","True","B_o091_r11267","B","closure_count>1"
"1","2","True","B_o091_r11268","B","closure_count>1"
"1","3","True","B_o091_r11269","B","closure_count>1"
"1","3","True","B_o091_r11270","B","closure_count>1"
"1","8","True","B_o091_r11271","B","closure_count>1"
"1","8","True","B_o091_r11272","B","closure_count>1"
"1","2","True","B_o091_r11273","B","closure_count>1"
"1","2","True","B_o091_r11274","B","closure_count>1"
"1","5","True","B_o091_r11275","B","closure_count>1"
"1","5","True","B_o091_r11276","B","closure_count>1"
"1","10","True","B_o091_r11277","B","closure_count>1"
"1","10","True","B_o091_r11278","B","closure_count>1"
"1","5","True","B_o091_r11279","B","closure_count>1"
"1","5","True","B_o091_r11280","B","closure_count>1"
"1","2","True","B_o092_r11287","B","closure_count>1"
"1","2","True","B_o092_r11288","B","closure_count>1"
"1","2","True","B_o092_r11293","B","closure_count>1"
"1","2","True","B_o092_r11294","B","closure_count>1"
"1","2","True","B_o092_r11296","B","closure_count>1"
"1","2","True","B_o092_r11305","B","closure_count>1"
"1","2","True","B_o092_r11306","B","closure_count>1"
"1","2","True","B_o092_r11307","B","closure_count>1"
"1","2","True","B_o092_r11308","B","closure_count>1"
"1","2","True","B_o092_r11309","B","closure_count>1"
"1","2","True","B_o092_r11310","B","closure_count>1"
"1","2","True","B_o092_r11320","B","closure_count>1"
"1","3","True","B_o092_r11329","B","closure_count>1"
"1","3","True","B_o092_r11330","B","closure_count>1"
"1","3","True","B_o092_r11331","B","closure_count>1"
"1","2","True","B_o092_r11332","B","closure_count>1"
"1","3","True","B_o092_r11333","B","closure_count>1"
"1","2","True","B_o092_r11334","B","closure_count>1"
"1","2","True","B_o092_r11335","B","closure_count>1"
"1","2","True","B_o092_r11336","B","closure_count>1"
"1","3","True","B_o092_r11337","B","closure_count>1"
"1","2","True","B_o092_r11338","B","closure_count>1"
"1","3","True","B_o092_r11339","B","closure_count>1"
"1","2","True","B_o092_r11340","B","closure_count>1"
"1","4","True","B_o092_r11343","B","closure_count>1"
"1","4","True","B_o092_r11344","B","closure_count>1"
"1","2","True","B_o092_r11349","B","closure_count>1"
"1","2","True","B_o092_r11350","B","closure_count>1"
"1","3","True","B_o092_r11353","B","closure_count>1"
"1","3","True","B_o092_r11354","B","closure_count>1"
"1","3","True","B_o092_r11355","B","closure_count>1"
"1","3","True","B_o092_r11356","B","closure_count>1"
"1","2","True","B_o092_r11359","B","closure_count>1"
"1","2","True","B_o092_r11360","B","closure_count>1"
"1","4","True","B_o092_r11361","B","closure_count>1"
"1","4","True","B_o092_r11362","B","closure_count>1"
"1","2","True","B_o092_r11365","B","closure_count>1"
"1","2","True","B_o092_r11366","B","closure_count>1"
"1","6","True","B_o092_r11367","B","closure_count>1"
"1","6","True","B_o092_r11368","B","closure_count>1"
"1","2","True","B_o092_r11371","B","closure_count>1"
"1","2","True","B_o092_r11372","B","closure_count>1"
"1","3","True","B_o092_r11373","B","closure_count>1"
"1","3","True","B_o092_r11374","B","closure_count>1"
"1","2","True","B_o092_r11375","B","closure_count>1"
"1","2","True","B_o092_r11376","B","closure_count>1"
"1","2","True","B_o092_r11379","B","closure_count>1"
"1","2","True","B_o092_r11385","B","closure_count>1"
"1","2","True","B_o092_r11391","B","closure_count>1"
"1","2","True","B_o092_r11392","B","closure_count>1"
"1","2","True","B_o092_r11395","B","closure_count>1"
"1","2","True","B_o092_r11396","B","closure_count>1"
"1","3","True","B_o092_r11397","B","closure_count>1"
"1","3","True","B_o092_r11398","B","closure_count>1"
"1","2","True","B_o092_r11399","B","closure_count>1"
"1","2","True","B_o092_r11400","B","closure_count>1"
"1","2","True","B_o093_r11407","B","closure_count>1"
"1","2","True","B_o093_r11408","B","closure_count>1"
"1","2","True","B_o093_r11413","B","closure_count>1"
"1","2","True","B_o093_r11414","B","closure_count>1"
"1","2","True","B_o093_r11416","B","closure_count>1"
"1","2","True","B_o093_r11425","B","closure_count>1"
"1","2","True","B_o093_r11426","B","closure_count>1"
"1","2","True","B_o093_r11427","B","closure_count>1"
"1","2","True","B_o093_r11428","B","closure_count>1"
"1","2","True","B_o093_r11429","B","closure_count>1"
"1","2","True","B_o093_r11430","B","closure_count>1"
"1","2","True","B_o093_r11440","B","closure_count>1"
"1","3","True","B_o093_r11449","B","closure_count>1"
"1","3","True","B_o093_r11450","B","closure_count>1"
"1","3","True","B_o093_r11451","B","closure_count>1"
"1","2","True","B_o093_r11452","B","closure_count>1"
"1","3","True","B_o093_r11453","B","closure_count>1"
"1","2","True","B_o093_r11454","B","closure_count>1"
"1","2","True","B_o093_r11455","B","closure_count>1"
"1","2","True","B_o093_r11456","B","closure_count>1"
"1","3","True","B_o093_r11457","B","closure_count>1"
"1","2","True","B_o093_r11458","B","closure_count>1"
"1","3","True","B_o093_r11459","B","closure_count>1"
"1","2","True","B_o093_r11460","B","closure_count>1"
"1","4","True","B_o093_r11463","B","closure_count>1"
"1","4","True","B_o093_r11464","B","closure_count>1"
"1","2","True","B_o093_r11469","B","closure_count>1"
"1","2","True","B_o093_r11470","B","closure_count>1"
"1","3","True","B_o093_r11473","B","closure_count>1"
"1","3","True","B_o093_r11474","B","closure_count>1"
"1","3","True","B_o093_r11475","B","closure_count>1"
"1","3","True","B_o093_r11476","B","closure_count>1"
"1","2","True","B_o093_r11479","B","closure_count>1"
"1","2","True","B_o093_r11480","B","closure_count>1"
"1","4","True","B_o093_r11481","B","closure_count>1"
"1","4","True","B_o093_r11482","B","closure_count>1"
"1","2","True","B_o093_r11485","B","closure_count>1"
"1","2","True","B_o093_r11486","B","closure_count>1"
"1","6","True","B_o093_r11487","B","closure_count>1"
"1","6","True","B_o093_r11488","B","closure_count>1"
"1","2","True","B_o093_r11491","B","closure_count>1"
"1","2","True","B_o093_r11492","B","closure_count>1"
"1","3","True","B_o093_r11493","B","closure_count>1"
"1","3","True","B_o093_r11494","B","closure_count>1"
"1","2","True","B_o093_r11495","B","closure_count>1"
"1","2","True","B_o093_r11496","B","closure_count>1"
"1","2","True","B_o093_r11499","B","closure_count>1"
"1","2","True","B_o093_r11505","B","closure_count>1"
"1","2","True","B_o093_r11511","B","closure_count>1"
"1","2","True","B_o093_r11512","B","closure_count>1"
"1","2","True","B_o093_r11515","B","closure_count>1"
"1","2","True","B_o093_r11516","B","closure_count>1"
"1","3","True","B_o093_r11517","B","closure_count>1"
"1","3","True","B_o093_r11518","B","closure_count>1"
"1","2","True","B_o093_r11519","B","closure_count>1"
"1","2","True","B_o093_r11520","B","closure_count>1"
"1","2","True","B_o094_r11527","B","closure_count>1"
"1","2","True","B_o094_r11528","B","closure_count>1"
"1","2","True","B_o094_r11534","B","closure_count>1"
"1","2","True","B_o094_r11536","B","closure_count>1"
"1","2","True","B_o094_r11545","B","closure_count>1"
"1","2","True","B_o094_r11546","B","closure_count>1"
"1","2","True","B_o094_r11547","B","closure_count>1"
"1","2","True","B_o094_r11548","B","closure_count>1"
"1","2","True","B_o094_r11549","B","closure_count>1"
"1","2","True","B_o094_r11550","B","closure_count>1"
"1","2","True","B_o094_r11560","B","closure_count>1"
"1","3","True","B_o094_r11569","B","closure_count>1"
"1","3","True","B_o094_r11570","B","closure_count>1"
"1","3","True","B_o094_r11571","B","closure_count>1"
"1","2","True","B_o094_r11572","B","closure_count>1"
"1","3","True","B_o094_r11573","B","closure_count>1"
"1","2","True","B_o094_r11574","B","closure_count>1"
"1","2","True","B_o094_r11575","B","closure_count>1"
"1","2","True","B_o094_r11576","B","closure_count>1"
"1","3","True","B_o094_r11577","B","closure_count>1"
"1","2","True","B_o094_r11578","B","closure_count>1"
"1","3","True","B_o094_r11579","B","closure_count>1"
"1","2","True","B_o094_r11580","B","closure_count>1"
"1","2","True","B_o094_r11583","B","closure_count>1"
"1","4","True","B_o094_r11584","B","closure_count>1"
"1","2","True","B_o094_r11589","B","closure_count>1"
"1","2","True","B_o094_r11590","B","closure_count>1"
"1","4","True","B_o094_r11593","B","closure_count>1"
"1","3","True","B_o094_r11594","B","closure_count>1"
"1","6","True","B_o094_r11595","B","closure_count>1"
"1","3","True","B_o094_r11596","B","closure_count>1"
"1","3","True","B_o094_r11599","B","closure_count>1"
"1","2","True","B_o094_r11600","B","closure_count>1"
"1","7","True","B_o094_r11601","B","closure_count>1"
"1","4","True","B_o094_r11602","B","closure_count>1"
"1","3","True","B_o094_r11605","B","closure_count>1"
"1","2","True","B_o094_r11606","B","closure_count>1"
"1","8","True","B_o094_r11607","B","closure_count>1"
"1","6","True","B_o094_r11608","B","closure_count>1"
"1","2","True","B_o094_r11619","B","closure_count>1"
"1","2","True","B_o094_r11625","B","closure_count>1"
"1","2","True","B_o094_r11631","B","closure_count>1"
"1","2","True","B_o094_r11632","B","closure_count>1"
"1","2","True","B_o095_r11647","B","closure_count>1"
"1","2","True","B_o095_r11648","B","closure_count>1"
"1","2","True","B_o095_r11654","B","closure_count>1"
"1","2","True","B_o095_r11656","B","closure_count>1"
"1","2","True","B_o095_r11665","B","closure_count>1"
"1","2","True","B_o095_r11666","B","closure_count>1"
"1","2","True","B_o095_r11667","B","closure_count>1"
"1","2","True","B_o095_r11668","B","closure_count>1"
"1","2","True","B_o095_r11669","B","closure_count>1"
"1","2","True","B_o095_r11670","B","closure_count>1"
"1","2","True","B_o095_r11680","B","closure_count>1"
"1","3","True","B_o095_r11689","B","closure_count>1"
"1","3","True","B_o095_r11690","B","closure_count>1"
"1","3","True","B_o095_r11691","B","closure_count>1"
"1","2","True","B_o095_r11692","B","closure_count>1"
"1","3","True","B_o095_r11693","B","closure_count>1"
"1","2","True","B_o095_r11694","B","closure_count>1"
"1","2","True","B_o095_r11695","B","closure_count>1"
"1","2","True","B_o095_r11696","B","closure_count>1"
"1","3","True","B_o095_r11697","B","closure_count>1"
"1","2","True","B_o095_r11698","B","closure_count>1"
"1","3","True","B_o095_r11699","B","closure_count>1"
"1","2","True","B_o095_r11700","B","closure_count>1"
"1","2","True","B_o095_r11703","B","closure_count>1"
"1","4","True","B_o095_r11704","B","closure_count>1"
"1","2","True","B_o095_r11709","B","closure_count>1"
"1","2","True","B_o095_r11710","B","closure_count>1"
"1","4","True","B_o095_r11713","B","closure_count>1"
"1","3","True","B_o095_r11714","B","closure_count>1"
"1","6","True","B_o095_r11715","B","closure_count>1"
"1","3","True","B_o095_r11716","B","closure_count>1"
"1","3","True","B_o095_r11719","B","closure_count>1"
"1","2","True","B_o095_r11720","B","closure_count>1"
"1","7","True","B_o095_r11721","B","closure_count>1"
"1","4","True","B_o095_r11722","B","closure_count>1"
"1","3","True","B_o095_r11725","B","closure_count>1"
"1","2","True","B_o095_r11726","B","closure_count>1"
"1","8","True","B_o095_r11727","B","closure_count>1"
"1","6","True","B_o095_r11728","B","closure_count>1"
"1","2","True","B_o095_r11739","B","closure_count>1"
"1","2","True","B_o095_r11745","B","closure_count>1"
"1","2","True","B_o095_r11751","B","closure_count>1"
"1","2","True","B_o095_r11752","B","closure_count>1"
"1","2","True","B_o096_r11767","B","closure_count>1"
"1","2","True","B_o096_r11768","B","closure_count>1"
"1","2","True","B_o096_r11774","B","closure_count>1"
"1","2","True","B_o096_r11776","B","closure_count>1"
"1","3","True","B_o096_r11780","B","closure_count>1"
"1","3","True","B_o096_r11782","B","closure_count>1"
"1","2","True","B_o096_r11783","B","closure_count>1"
"1","2","True","B_o096_r11784","B","closure_count>1"
"1","2","True","B_o096_r11785","B","closure_count>1"
"1","2","True","B_o096_r11786","B","closure_count>1"
"1","2","True","B_o096_r11787","B","closure_count>1"
"1","2","True","B_o096_r11788","B","closure_count>1"
"1","2","True","B_o096_r11789","B","closure_count>1"
"1","2","True","B_o096_r11790","B","closure_count>1"
"1","2","True","B_o096_r11800","B","closure_count>1"
"1","2","True","B_o096_r11804","B","closure_count>1"
"1","3","True","B_o096_r11806","B","closure_count>1"
"1","2","True","B_o096_r11807","B","closure_count>1"
"1","2","True","B_o096_r11808","B","closure_count>1"
"1","3","True","B_o096_r11809","B","closure_count>1"
"1","3","True","B_o096_r11810","B","closure_count>1"
"1","3","True","B_o096_r11811","B","closure_count>1"
"1","2","True","B_o096_r11812","B","closure_count>1"
"1","3","True","B_o096_r11813","B","closure_count>1"
"1","2","True","B_o096_r11814","B","closure_count>1"
"1","2","True","B_o096_r11815","B","closure_count>1"
"1","2","True","B_o096_r11816","B","closure_count>1"
"1","3","True","B_o096_r11817","B","closure_count>1"
"1","2","True","B_o096_r11818","B","closure_count>1"
"1","3","True","B_o096_r11819","B","closure_count>1"
"1","2","True","B_o096_r11820","B","closure_count>1"
"1","2","True","B_o096_r11823","B","closure_count>1"
"1","4","True","B_o096_r11824","B","closure_count>1"
"1","2","True","B_o096_r11828","B","closure_count>1"
"1","2","True","B_o096_r11829","B","closure_count>1"
"1","6","True","B_o096_r11830","B","closure_count>1"
"1","2","True","B_o096_r11831","B","closure_count>1"
"1","2","True","B_o096_r11832","B","closure_count>1"
"1","3","True","B_o096_r11834","B","closure_count>1"
"1","2","True","B_o096_r11835","B","closure_count>1"
"1","3","True","B_o096_r11836","B","closure_count>1"
"1","2","True","B_o096_r11840","B","closure_count>1"
"1","2","True","B_o096_r11841","B","closure_count>1"
"1","4","True","B_o096_r11842","B","closure_count>1"
"1","2","True","B_o096_r11846","B","closure_count>1"
"1","2","True","B_o096_r11847","B","closure_count>1"
"1","6","True","B_o096_r11848","B","closure_count>1"
"1","4","True","B_o096_r11858","B","closure_count>1"
"1","2","True","B_o096_r11859","B","closure_count>1"
"1","4","True","B_o096_r11860","B","closure_count>1"
"1","2","True","B_o096_r11861","B","closure_count>1"
"1","2","True","B_o096_r11862","B","closure_count>1"
"1","3","True","B_o096_r11864","B","closure_count>1"
"1","2","True","B_o096_r11865","B","closure_count>1"
"1","5","True","B_o096_r11866","B","closure_count>1"
"1","2","True","B_o096_r11867","B","closure_count>1"
"1","2","True","B_o096_r11868","B","closure_count>1"
"1","3","True","B_o096_r11870","B","closure_count>1"
"1","2","True","B_o096_r11871","B","closure_count>1"
"1","8","True","B_o096_r11872","B","closure_count>1"
"1","2","True","B_o096_r11873","B","closure_count>1"
"1","2","True","B_o096_r11874","B","closure_count>1"
"1","2","True","B_o096_r11875","B","closure_count>1"
"1","2","True","B_o096_r11876","B","closure_count>1"
"1","2","True","B_o096_r11877","B","closure_count>1"
"1","2","True","B_o096_r11878","B","closure_count>1"
"1","2","True","B_o096_r11879","B","closure_count>1"
"1","2","True","B_o096_r11880","B","closure_count>1"
"1","2","True","B_o097_r11887","B","closure_count>1"
"1","2","True","B_o097_r11888","B","closure_count>1"
"1","2","True","B_o097_r11894","B","closure_count>1"
"1","2","True","B_o097_r11896","B","closure_count>1"
"1","2","True","B_o097_r11898","B","closure_count>1"
"1","2","True","B_o097_r11905","B","closure_count>1"
"1","2","True","B_o097_r11906","B","closure_count>1"
"1","2","True","B_o097_r11907","B","closure_count>1"
"1","2","True","B_o097_r11908","B","closure_count>1"
"1","2","True","B_o097_r11909","B","closure_count>1"
"1","2","True","B_o097_r11910","B","closure_count>1"
"1","2","True","B_o097_r11920","B","closure_count>1"
"1","2","True","B_o097_r11922","B","closure_count>1"
"1","3","True","B_o097_r11929","B","closure_count>1"
"1","3","True","B_o097_r11930","B","closure_count>1"
"1","2","True","B_o097_r11932","B","closure_count>1"
"1","2","True","B_o097_r11934","B","closure_count>1"
"1","2","True","B_o097_r11935","B","closure_count>1"
"1","2","True","B_o097_r11936","B","closure_count>1"
"1","2","True","B_o097_r11938","B","closure_count>1"
"1","2","True","B_o097_r11940","B","closure_count>1"
"1","2","True","B_o097_r11941","B","closure_count>1"
"1","3","True","B_o097_r11943","B","closure_count>1"
"1","4","True","B_o097_r11944","B","closure_count>1"
"1","2","True","B_o097_r11947","B","closure_count>1"
"1","3","True","B_o097_r11949","B","closure_count>1"
"1","2","True","B_o097_r11950","B","closure_count>1"
"1","4","True","B_o097_r11953","B","closure_count>1"
"1","3","True","B_o097_r11954","B","closure_count>1"
"1","2","True","B_o097_r11955","B","closure_count>1"
"1","3","True","B_o097_r11956","B","closure_count>1"
"1","3","True","B_o097_r11958","B","closure_count>1"
"1","3","True","B_o097_r11959","B","closure_count>1"
"1","2","True","B_o097_r11960","B","closure_count>1"
"1","2","True","B_o097_r11961","B","closure_count>1"
"1","4","True","B_o097_r11962","B","closure_count>1"
"1","3","True","B_o097_r11964","B","closure_count>1"
"1","5","True","B_o097_r11965","B","closure_count>1"
"1","2","True","B_o097_r11966","B","closure_count>1"
"1","10","True","B_o097_r11967","B","closure_count>1"
"1","6","True","B_o097_r11968","B","closure_count>1"
"1","2","True","B_o097_r11969","B","closure_count>1"
"1","2","True","B_o097_r11970","B","closure_count>1"
"1","2","True","B_o097_r11989","B","closure_count>1"
"1","3","True","B_o097_r11991","B","closure_count>1"
"1","2","True","B_o097_r11992","B","closure_count>1"
"1","2","True","B_o098_r12007","B","closure_count>1"
"1","2","True","B_o098_r12008","B","closure_count>1"
"1","2","True","B_o098_r12014","B","closure_count>1"
"1","2","True","B_o098_r12016","B","closure_count>1"
"1","2","True","B_o098_r12018","B","closure_count>1"
"1","2","True","B_o098_r12025","B","closure_count>1"
"1","2","True","B_o098_r12026","B","closure_count>1"
"1","2","True","B_o098_r12027","B","closure_count>1"
"1","2","True","B_o098_r12028","B","closure_count>1"
"1","2","True","B_o098_r12029","B","closure_count>1"
"1","2","True","B_o098_r12030","B","closure_count>1"
"1","2","True","B_o098_r12040","B","closure_count>1"
"1","2","True","B_o098_r12042","B","closure_count>1"
"1","3","True","B_o098_r12049","B","closure_count>1"
"1","3","True","B_o098_r12050","B","closure_count>1"
"1","2","True","B_o098_r12052","B","closure_count>1"
"1","2","True","B_o098_r12054","B","closure_count>1"
"1","2","True","B_o098_r12055","B","closure_count>1"
"1","2","True","B_o098_r12056","B","closure_count>1"
"1","2","True","B_o098_r12058","B","closure_count>1"
"1","2","True","B_o098_r12060","B","closure_count>1"
"1","2","True","B_o098_r12061","B","closure_count>1"
"1","3","True","B_o098_r12063","B","closure_count>1"
"1","4","True","B_o098_r12064","B","closure_count>1"
"1","2","True","B_o098_r12067","B","closure_count>1"
"1","3","True","B_o098_r12069","B","closure_count>1"
"1","2","True","B_o098_r12070","B","closure_count>1"
"1","4","True","B_o098_r12073","B","closure_count>1"
"1","3","True","B_o098_r12074","B","closure_count>1"
"1","2","True","B_o098_r12075","B","closure_count>1"
"1","3","True","B_o098_r12076","B","closure_count>1"
"1","3","True","B_o098_r12078","B","closure_count>1"
"1","3","True","B_o098_r12079","B","closure_count>1"
"1","2","True","B_o098_r12080","B","closure_count>1"
"1","2","True","B_o098_r12081","B","closure_count>1"
"1","4","True","B_o098_r12082","B","closure_count>1"
"1","3","True","B_o098_r12084","B","closure_count>1"
"1","5","True","B_o098_r12085","B","closure_count>1"
"1","2","True","B_o098_r12086","B","closure_count>1"
"1","10","True","B_o098_r12087","B","closure_count>1"
"1","6","True","B_o098_r12088","B","closure_count>1"
"1","2","True","B_o098_r12089","B","closure_count>1"
"1","2","True","B_o098_r12090","B","closure_count>1"
"1","2","True","B_o098_r12109","B","closure_count>1"
"1","3","True","B_o098_r12111","B","closure_count>1"
"1","2","True","B_o098_r12112","B","closure_count>1"
"1","2","True","B_o099_r12127","B","closure_count>1"
"1","2","True","B_o099_r12128","B","closure_count>1"
"1","2","True","B_o099_r12134","B","closure_count>1"
"1","2","True","B_o099_r12136","B","closure_count>1"
"1","2","True","B_o099_r12138","B","closure_count>1"
"1","3","True","B_o099_r12140","B","closure_count>1"
"1","3","True","B_o099_r12142","B","closure_count>1"
"1","2","True","B_o099_r12143","B","closure_count>1"
"1","3","True","B_o099_r12144","B","closure_count>1"
"1","2","True","B_o099_r12145","B","closure_count>1"
"1","2","True","B_o099_r12146","B","closure_count>1"
"1","2","True","B_o099_r12147","B","closure_count>1"
"1","2","True","B_o099_r12148","B","closure_count>1"
"1","2","True","B_o099_r12149","B","closure_count>1"
"1","2","True","B_o099_r12150","B","closure_count>1"
"1","2","True","B_o099_r12160","B","closure_count>1"
"1","2","True","B_o099_r12162","B","closure_count>1"
"1","2","True","B_o099_r12164","B","closure_count>1"
"1","3","True","B_o099_r12166","B","closure_count>1"
"1","2","True","B_o099_r12167","B","closure_count>1"
"1","3","True","B_o099_r12168","B","closure_count>1"
"1","3","True","B_o099_r12169","B","closure_count>1"
"1","3","True","B_o099_r12170","B","closure_count>1"
"1","2","True","B_o099_r12172","B","closure_count>1"
"1","2","True","B_o099_r12174","B","closure_count>1"
"1","2","True","B_o099_r12175","B","closure_count>1"
"1","2","True","B_o099_r12176","B","closure_count>1"
"1","2","True","B_o099_r12178","B","closure_count>1"
"1","2","True","B_o099_r12180","B","closure_count>1"
"1","2","True","B_o099_r12181","B","closure_count>1"
"1","3","True","B_o099_r12183","B","closure_count>1"
"1","4","True","B_o099_r12184","B","closure_count>1"
"1","2","True","B_o099_r12187","B","closure_count>1"
"1","2","True","B_o099_r12188","B","closure_count>1"
"1","3","True","B_o099_r12189","B","closure_count>1"
"1","6","True","B_o099_r12190","B","closure_count>1"
"1","2","True","B_o099_r12191","B","closure_count>1"
"1","2","True","B_o099_r12192","B","closure_count>1"
"1","3","True","B_o099_r12194","B","closure_count>1"
"1","3","True","B_o099_r12196","B","closure_count>1"
"1","3","True","B_o099_r12198","B","closure_count>1"
"1","2","True","B_o099_r12200","B","closure_count>1"
"1","4","True","B_o099_r12202","B","closure_count>1"
"1","3","True","B_o099_r12204","B","closure_count>1"
"1","2","True","B_o099_r12205","B","closure_count>1"
"1","2","True","B_o099_r12206","B","closure_count>1"
"1","3","True","B_o099_r12207","B","closure_count>1"
"1","6","True","B_o099_r12208","B","closure_count>1"
"1","2","True","B_o099_r12209","B","closure_count>1"
"1","2","True","B_o099_r12210","B","closure_count>1"
"1","4","True","B_o099_r12218","B","closure_count>1"
"1","4","True","B_o099_r12220","B","closure_count>1"
"1","2","True","B_o099_r12221","B","closure_count>1"
"1","4","True","B_o099_r12222","B","closure_count>1"
"1","3","True","B_o099_r12224","B","closure_count>1"
"1","5","True","B_o099_r12226","B","closure_count>1"
"1","2","True","B_o099_r12227","B","closure_count>1"
"1","4","True","B_o099_r12228","B","closure_count>1"
"1","2","True","B_o099_r12229","B","closure_count>1"
"1","3","True","B_o099_r12230","B","closure_count>1"
"1","3","True","B_o099_r12231","B","closure_count>1"
"1","8","True","B_o099_r12232","B","closure_count>1"
"1","3","True","B_o099_r12233","B","closure_count>1"
"1","3","True","B_o099_r12234","B","closure_count>1"
"1","2","True","B_o099_r12235","B","closure_count>1"
"1","2","True","B_o099_r12236","B","closure_count>1"
"1","2","True","B_o099_r12237","B","closure_count>1"
"1","2","True","B_o099_r12238","B","closure_count>1"
"1","2","True","B_o099_r12239","B","closure_count>1"
"1","2","True","B_o099_r12240","B","closure_count>1"
"1","2","True","B_o100_r12247","B","closure_count>1"
"1","2","True","B_o100_r12248","B","closure_count>1"
"1","2","True","B_o100_r12254","B","closure_count>1"
"1","3","True","B_o100_r12260","B","closure_count>1"
"1","2","True","B_o100_r12263","B","closure_count>1"
"1","2","True","B_o100_r12265","B","closure_count>1"
"1","2","True","B_o100_r12266","B","closure_count>1"
"1","2","True","B_o100_r12267","B","closure_count>1"
"1","2","True","B_o100_r12268","B","closure_count>1"
"1","2","True","B_o100_r12269","B","closure_count>1"
"1","2","True","B_o100_r12270","B","closure_count>1"
"1","2","True","B_o100_r12284","B","closure_count>1"
"1","2","True","B_o100_r12287","B","closure_count>1"
"1","3","True","B_o100_r12289","B","closure_count>1"
"1","3","True","B_o100_r12290","B","closure_count>1"
"1","2","True","B_o100_r12292","B","closure_count>1"
"1","2","True","B_o100_r12294","B","closure_count>1"
"1","2","True","B_o100_r12295","B","closure_count>1"
"1","2","True","B_o100_r12296","B","closure_count>1"
"1","2","True","B_o100_r12298","B","closure_count>1"
"1","2","True","B_o100_r12300","B","closure_count>1"
"1","4","True","B_o100_r12304","B","closure_count>1"
"1","2","True","B_o100_r12308","B","closure_count>1"
"1","6","True","B_o100_r12310","B","closure_count>1"
"1","2","True","B_o100_r12311","B","closure_count>1"
"1","2","True","B_o100_r12312","B","closure_count>1"
"1","3","True","B_o100_r12314","B","closure_count>1"
"1","3","True","B_o100_r12316","B","closure_count>1"
"1","3","True","B_o100_r12318","B","closure_count>1"
"1","2","True","B_o100_r12320","B","closure_count>1"
"1","4","True","B_o100_r12322","B","closure_count>1"
"1","3","True","B_o100_r12324","B","closure_count>1"
"1","2","True","B_o100_r12326","B","closure_count>1"
"1","6","True","B_o100_r12328","B","closure_count>1"
"1","2","True","B_o100_r12329","B","closure_count>1"
"1","2","True","B_o100_r12330","B","closure_count>1"
"1","2","True","B_o100_r12332","B","closure_count>1"
"1","3","True","B_o100_r12334","B","closure_count>1"
"1","2","True","B_o100_r12335","B","closure_count>1"
"1","2","True","B_o100_r12336","B","closure_count>1"
"1","4","True","B_o100_r12338","B","closure_count>1"
"1","4","True","B_o100_r12340","B","closure_count>1"
"1","2","True","B_o100_r12341","B","closure_count>1"
"1","5","True","B_o100_r12342","B","closure_count>1"
"1","3","True","B_o100_r12344","B","closure_count>1"
"1","5","True","B_o100_r12346","B","closure_count>1"
"1","2","True","B_o100_r12347","B","closure_count>1"
"1","5","True","B_o100_r12348","B","closure_count>1"
"1","3","True","B_o100_r12350","B","closure_count>1"
"1","8","True","B_o100_r12352","B","closure_count>1"
"1","3","True","B_o100_r12353","B","closure_count>1"
"1","3","True","B_o100_r12354","B","closure_count>1"
"1","2","True","B_o100_r12355","B","closure_count>1"
"1","4","True","B_o100_r12356","B","closure_count>1"
"1","2","True","B_o100_r12357","B","closure_count>1"
"1","6","True","B_o100_r12358","B","closure_count>1"
"1","4","True","B_o100_r12359","B","closure_count>1"
"1","4","True","B_o100_r12360","B","closure_count>1"
"1","2","True","B_o101_r12367","B","closure_count>1"
"1","2","True","B_o101_r12368","B","closure_count>1"
"1","2","True","B_o101_r12374","B","closure_count>1"
"1","2","True","B_o101_r12376","B","closure_count>1"
"1","2","True","B_o101_r12378","B","closure_count>1"
"1","2","True","B_o101_r12385","B","closure_count>1"
"1","2","True","B_o101_r12386","B","closure_count>1"
"1","2","True","B_o101_r12387","B","closure_count>1"
"1","2","True","B_o101_r12388","B","closure_count>1"
"1","2","True","B_o101_r12389","B","closure_count>1"
"1","2","True","B_o101_r12390","B","closure_count>1"
"1","2","True","B_o101_r12400","B","closure_count>1"
"1","2","True","B_o101_r12402","B","closure_count>1"
"1","3","True","B_o101_r12409","B","closure_count>1"
"1","3","True","B_o101_r12410","B","closure_count>1"
"1","2","True","B_o101_r12412","B","closure_count>1"
"1","2","True","B_o101_r12414","B","closure_count>1"
"1","2","True","B_o101_r12415","B","closure_count>1"
"1","2","True","B_o101_r12416","B","closure_count>1"
"1","2","True","B_o101_r12418","B","closure_count>1"
"1","2","True","B_o101_r12420","B","closure_count>1"
"1","2","True","B_o101_r12421","B","closure_count>1"
"1","2","True","B_o101_r12423","B","closure_count>1"
"1","4","True","B_o101_r12424","B","closure_count>1"
"1","2","True","B_o101_r12426","B","closure_count>1"
"1","2","True","B_o101_r12427","B","closure_count>1"
"1","2","True","B_o101_r12429","B","closure_count>1"
"1","2","True","B_o101_r12430","B","closure_count>1"
"1","2","True","B_o101_r12432","B","closure_count>1"
"1","4","True","B_o101_r12433","B","closure_count>1"
"1","3","True","B_o101_r12434","B","closure_count>1"
"1","2","True","B_o101_r12435","B","closure_count>1"
"1","3","True","B_o101_r12436","B","closure_count>1"
"1","3","True","B_o101_r12438","B","closure_count>1"
"1","3","True","B_o101_r12439","B","closure_count>1"
"1","2","True","B_o101_r12440","B","closure_count>1"
"1","2","True","B_o101_r12441","B","closure_count>1"
"1","4","True","B_o101_r12442","B","closure_count>1"
"1","3","True","B_o101_r12444","B","closure_count>1"
"1","5","True","B_o101_r12445","B","closure_count>1"
"1","2","True","B_o101_r12446","B","closure_count>1"
"1","5","True","B_o101_r12447","B","closure_count>1"
"1","6","True","B_o101_r12448","B","closure_count>1"
"1","2","True","B_o101_r12449","B","closure_count>1"
"1","4","True","B_o101_r12450","B","closure_count>1"
"1","2","True","B_o101_r12469","B","closure_count>1"
"1","2","True","B_o101_r12471","B","closure_count>1"
"1","2","True","B_o101_r12472","B","closure_count>1"
"1","2","True","B_o101_r12474","B","closure_count>1"
"1","2","True","B_o102_r12487","B","closure_count>1"
"1","2","True","B_o102_r12488","B","closure_count>1"
"1","2","True","B_o102_r12494","B","closure_count>1"
"1","2","True","B_o102_r12496","B","closure_count>1"
"1","2","True","B_o102_r12498","B","closure_count>1"
"1","2","True","B_o102_r12505","B","closure_count>1"
"1","2","True","B_o102_r12506","B","closure_count>1"
"1","2","True","B_o102_r12507","B","closure_count>1"
"1","2","True","B_o102_r12508","B","closure_count>1"
"1","2","True","B_o102_r12509","B","closure_count>1"
"1","2","True","B_o102_r12510","B","closure_count>1"
"1","2","True","B_o102_r12520","B","closure_count>1"
"1","2","True","B_o102_r12522","B","closure_count>1"
"1","3","True","B_o102_r12529","B","closure_count>1"
"1","3","True","B_o102_r12530","B","closure_count>1"
"1","2","True","B_o102_r12532","B","closure_count>1"
"1","2","True","B_o102_r12534","B","closure_count>1"
"1","2","True","B_o102_r12535","B","closure_count>1"
"1","2","True","B_o102_r12536","B","closure_count>1"
"1","2","True","B_o102_r12538","B","closure_count>1"
"1","2","True","B_o102_r12540","B","closure_count>1"
"1","2","True","B_o102_r12541","B","closure_count>1"
"1","2","True","B_o102_r12543","B","closure_count>1"
"1","4","True","B_o102_r12544","B","closure_count>1"
"1","2","True","B_o102_r12546","B","closure_count>1"
"1","2","True","B_o102_r12547","B","closure_count>1"
"1","2","True","B_o102_r12549","B","closure_count>1"
"1","2","True","B_o102_r12550","B","closure_count>1"
"1","2","True","B_o102_r12552","B","closure_count>1"
"1","4","True","B_o102_r12553","B","closure_count>1"
"1","3","True","B_o102_r12554","B","closure_count>1"
"1","2","True","B_o102_r12555","B","closure_count>1"
"1","3","True","B_o102_r12556","B","closure_count>1"
"1","3","True","B_o102_r12558","B","closure_count>1"
"1","3","True","B_o102_r12559","B","closure_count>1"
"1","2","True","B_o102_r12560","B","closure_count>1"
"1","2","True","B_o102_r12561","B","closure_count>1"
"1","4","True","B_o102_r12562","B","closure_count>1"
"1","3","True","B_o102_r12564","B","closure_count>1"
"1","5","True","B_o102_r12565","B","closure_count>1"
"1","2","True","B_o102_r12566","B","closure_count>1"
"1","5","True","B_o102_r12567","B","closure_count>1"
"1","6","True","B_o102_r12568","B","closure_count>1"
"1","2","True","B_o102_r12569","B","closure_count>1"
"1","4","True","B_o102_r12570","B","closure_count>1"
"1","2","True","B_o102_r12589","B","closure_count>1"
"1","2","True","B_o102_r12591","B","closure_count>1"
"1","2","True","B_o102_r12592","B","closure_count>1"
"1","2","True","B_o102_r12594","B","closure_count>1"
"1","2","True","B_o103_r12607","B","closure_count>1"
"1","2","True","B_o103_r12608","B","closure_count>1"
"1","2","True","B_o103_r12614","B","closure_count>1"
"1","2","True","B_o103_r12616","B","closure_count>1"
"1","2","True","B_o103_r12618","B","closure_count>1"
"1","3","True","B_o103_r12620","B","closure_count>1"
"1","3","True","B_o103_r12622","B","closure_count>1"
"1","2","True","B_o103_r12623","B","closure_count>1"
"1","3","True","B_o103_r12624","B","closure_count>1"
"1","2","True","B_o103_r12625","B","closure_count>1"
"1","2","True","B_o103_r12626","B","closure_count>1"
"1","2","True","B_o103_r12627","B","closure_count>1"
"1","2","True","B_o103_r12628","B","closure_count>1"
"1","2","True","B_o103_r12629","B","closure_count>1"
"1","2","True","B_o103_r12630","B","closure_count>1"
"1","2","True","B_o103_r12640","B","closure_count>1"
"1","2","True","B_o103_r12642","B","closure_count>1"
"1","2","True","B_o103_r12644","B","closure_count>1"
"1","3","True","B_o103_r12646","B","closure_count>1"
"1","2","True","B_o103_r12647","B","closure_count>1"
"1","3","True","B_o103_r12648","B","closure_count>1"
"1","3","True","B_o103_r12649","B","closure_count>1"
"1","3","True","B_o103_r12650","B","closure_count>1"
"1","2","True","B_o103_r12652","B","closure_count>1"
"1","2","True","B_o103_r12654","B","closure_count>1"
"1","2","True","B_o103_r12655","B","closure_count>1"
"1","2","True","B_o103_r12656","B","closure_count>1"
"1","2","True","B_o103_r12658","B","closure_count>1"
"1","2","True","B_o103_r12660","B","closure_count>1"
"1","2","True","B_o103_r12661","B","closure_count>1"
"1","2","True","B_o103_r12663","B","closure_count>1"
"1","4","True","B_o103_r12664","B","closure_count>1"
"1","2","True","B_o103_r12666","B","closure_count>1"
"1","2","True","B_o103_r12667","B","closure_count>1"
"1","2","True","B_o103_r12668","B","closure_count>1"
"1","2","True","B_o103_r12669","B","closure_count>1"
"1","6","True","B_o103_r12670","B","closure_count>1"
"1","2","True","B_o103_r12671","B","closure_count>1"
"1","4","True","B_o103_r12672","B","closure_count>1"
"1","3","True","B_o103_r12674","B","closure_count>1"
"1","3","True","B_o103_r12676","B","closure_count>1"
"1","3","True","B_o103_r12678","B","closure_count>1"
"1","2","True","B_o103_r12680","B","closure_count>1"
"1","4","True","B_o103_r12682","B","closure_count>1"
"1","3","True","B_o103_r12684","B","closure_count>1"
"1","2","True","B_o103_r12685","B","closure_count>1"
"1","2","True","B_o103_r12686","B","closure_count>1"
"1","2","True","B_o103_r12687","B","closure_count>1"
"1","6","True","B_o103_r12688","B","closure_count>1"
"1","2","True","B_o103_r12689","B","closure_count>1"
"1","4","True","B_o103_r12690","B","closure_count>1"
"1","4","True","B_o103_r12698","B","closure_count>1"
"1","4","True","B_o103_r12700","B","closure_count>1"
"1","2","True","B_o103_r12701","B","closure_count>1"
"1","4","True","B_o103_r12702","B","closure_count>1"
"1","3","True","B_o103_r12704","B","closure_count>1"
"1","5","True","B_o103_r12706","B","closure_count>1"
"1","2","True","B_o103_r12707","B","closure_count>1"
"1","4","True","B_o103_r12708","B","closure_count>1"
"1","2","True","B_o103_r12709","B","closure_count>1"
"1","3","True","B_o103_r12710","B","closure_count>1"
"1","2","True","B_o103_r12711","B","closure_count>1"
"1","8","True","B_o103_r12712","B","closure_count>1"
"1","3","True","B_o103_r12713","B","closure_count>1"
"1","6","True","B_o103_r12714","B","closure_count>1"
"1","2","True","B_o103_r12715","B","closure_count>1"
"1","2","True","B_o103_r12716","B","closure_count>1"
"1","2","True","B_o103_r12717","B","closure_count>1"
"1","2","True","B_o103_r12718","B","closure_count>1"
"1","2","True","B_o103_r12719","B","closure_count>1"
"1","2","True","B_o103_r12720","B","closure_count>1"
"1","2","True","B_o104_r12727","B","closure_count>1"
"1","2","True","B_o104_r12728","B","closure_count>1"
"1","2","True","B_o104_r12734","B","closure_count>1"
"1","3","True","B_o104_r12740","B","closure_count>1"
"1","2","True","B_o104_r12743","B","closure_count>1"
"1","2","True","B_o104_r12745","B","closure_count>1"
"1","2","True","B_o104_r12746","B","closure_count>1"
"1","2","True","B_o104_r12747","B","closure_count>1"
"1","2","True","B_o104_r12748","B","closure_count>1"
"1","2","True","B_o104_r12749","B","closure_count>1"
"1","2","True","B_o104_r12750","B","closure_count>1"
"1","2","True","B_o104_r12764","B","closure_count>1"
"1","2","True","B_o104_r12767","B","closure_count>1"
"1","3","True","B_o104_r12769","B","closure_count>1"
"1","3","True","B_o104_r12770","B","closure_count>1"
"1","2","True","B_o104_r12772","B","closure_count>1"
"1","2","True","B_o104_r12774","B","closure_count>1"
"1","2","True","B_o104_r12775","B","closure_count>1"
"1","2","True","B_o104_r12776","B","closure_count>1"
"1","2","True","B_o104_r12778","B","closure_count>1"
"1","2","True","B_o104_r12780","B","closure_count>1"
"1","4","True","B_o104_r12784","B","closure_count>1"
"1","2","True","B_o104_r12786","B","closure_count>1"
"1","2","True","B_o104_r12788","B","closure_count>1"
"1","6","True","B_o104_r12790","B","closure_count>1"
"1","2","True","B_o104_r12791","B","closure_count>1"
"1","4","True","B_o104_r12792","B","closure_count>1"
"1","3","True","B_o104_r12794","B","closure_count>1"
"1","3","True","B_o104_r12796","B","closure_count>1"
"1","3","True","B_o104_r12798","B","closure_count>1"
"1","2","True","B_o104_r12800","B","closure_count>1"
"1","4","True","B_o104_r12802","B","closure_count>1"
"1","3","True","B_o104_r12804","B","closure_count>1"
"1","2","True","B_o104_r12806","B","closure_count>1"
"1","6","True","B_o104_r12808","B","closure_count>1"
"1","2","True","B_o104_r12809","B","closure_count>1"
"1","4","True","B_o104_r12810","B","closure_count>1"
"1","2","True","B_o104_r12812","B","closure_count>1"
"1","3","True","B_o104_r12814","B","closure_count>1"
"1","2","True","B_o104_r12815","B","closure_count>1"
"1","3","True","B_o104_r12816","B","closure_count>1"
"1","4","True","B_o104_r12818","B","closure_count>1"
"1","4","True","B_o104_r12820","B","closure_count>1"
"1","2","True","B_o104_r12821","B","closure_count>1"
"1","5","True","B_o104_r12822","B","closure_count>1"
"1","3","True","B_o104_r12824","B","closure_count>1"
"1","5","True","B_o104_r12826","B","closure_count>1"
"1","2","True","B_o104_r12827","B","closure_count>1"
"1","5","True","B_o104_r12828","B","closure_count>1"
"1","3","True","B_o104_r12830","B","closure_count>1"
"1","8","True","B_o104_r12832","B","closure_count>1"
"1","3","True","B_o104_r12833","B","closure_count>1"
"1","6","True","B_o104_r12834","B","closure_count>1"
"1","2","True","B_o104_r12835","B","closure_count>1"
"1","4","True","B_o104_r12836","B","closure_count>1"
"1","2","True","B_o104_r12837","B","closure_count>1"
"1","6","True","B_o104_r12838","B","closure_count>1"
"1","4","True","B_o104_r12839","B","closure_count>1"
"1","6","True","B_o104_r12840","B","closure_count>1"
"1","2","True","B_o105_r12847","B","closure_count>1"
"1","2","True","B_o105_r12848","B","closure_count>1"
"1","2","True","B_o105_r12849","B","closure_count>1"
"1","2","True","B_o105_r12851","B","closure_count>1"
"1","2","True","B_o105_r12854","B","closure_count>1"
"1","2","True","B_o105_r12857","B","closure_count>1"
"1","3","True","B_o105_r12860","B","closure_count>1"
"1","3","True","B_o105_r12863","B","closure_count>1"
"1","2","True","B_o105_r12865","B","closure_count>1"
"1","2","True","B_o105_r12866","B","closure_count>1"
"1","2","True","B_o105_r12867","B","closure_count>1"
"1","2","True","B_o105_r12868","B","closure_count>1"
"1","2","True","B_o105_r12869","B","closure_count>1"
"1","2","True","B_o105_r12870","B","closure_count>1"
"1","2","True","B_o105_r12884","B","closure_count>1"
"1","2","True","B_o105_r12887","B","closure_count>1"
"1","3","True","B_o105_r12889","B","closure_count>1"
"1","3","True","B_o105_r12890","B","closure_count>1"
"1","3","True","B_o105_r12891","B","closure_count>1"
"1","2","True","B_o105_r12892","B","closure_count>1"
"1","3","True","B_o105_r12893","B","closure_count>1"
"1","2","True","B_o105_r12894","B","closure_count>1"
"1","2","True","B_o105_r12895","B","closure_count>1"
"1","2","True","B_o105_r12896","B","closure_count>1"
"1","2","True","B_o105_r12897","B","closure_count>1"
"1","2","True","B_o105_r12898","B","closure_count>1"
"1","2","True","B_o105_r12899","B","closure_count>1"
"1","2","True","B_o105_r12900","B","closure_count>1"
"1","4","True","B_o105_r12904","B","closure_count>1"
"1","4","True","B_o105_r12906","B","closure_count>1"
"1","2","True","B_o105_r12908","B","closure_count>1"
"1","6","True","B_o105_r12910","B","closure_count>1"
"1","2","True","B_o105_r12911","B","closure_count>1"
"1","6","True","B_o105_r12912","B","closure_count>1"
"1","3","True","B_o105_r12914","B","closure_count>1"
"1","3","True","B_o105_r12916","B","closure_count>1"
"1","3","True","B_o105_r12917","B","closure_count>1"
"1","3","True","B_o105_r12918","B","closure_count>1"
"1","2","True","B_o105_r12920","B","closure_count>1"
"1","4","True","B_o105_r12922","B","closure_count>1"
"1","2","True","B_o105_r12923","B","closure_count>1"
"1","4","True","B_o105_r12924","B","closure_count>1"
"1","2","True","B_o105_r12926","B","closure_count>1"
"1","6","True","B_o105_r12928","B","closure_count>1"
"1","2","True","B_o105_r12929","B","closure_count>1"
"1","6","True","B_o105_r12930","B","closure_count>1"
"1","2","True","B_o105_r12932","B","closure_count>1"
"1","3","True","B_o105_r12934","B","closure_count>1"
"1","2","True","B_o105_r12935","B","closure_count>1"
"1","4","True","B_o105_r12936","B","closure_count>1"
"1","4","True","B_o105_r12938","B","closure_count>1"
"1","4","True","B_o105_r12940","B","closure_count>1"
"1","4","True","B_o105_r12941","B","closure_count>1"
"1","5","True","B_o105_r12942","B","closure_count>1"
"1","3","True","B_o105_r12944","B","closure_count>1"
"1","5","True","B_o105_r12946","B","closure_count>1"
"1","3","True","B_o105_r12947","B","closure_count>1"
"1","6","True","B_o105_r12948","B","closure_count>1"
"1","3","True","B_o105_r12950","B","closure_count>1"
"1","8","True","B_o105_r12952","B","closure_count>1"
"1","3","True","B_o105_r12953","B","closure_count>1"
"1","8","True","B_o105_r12954","B","closure_count>1"
"1","2","True","B_o105_r12955","B","closure_count>1"
"1","4","True","B_o105_r12956","B","closure_count>1"
"1","2","True","B_o105_r12957","B","closure_count>1"
"1","6","True","B_o105_r12958","B","closure_count>1"
"1","4","True","B_o105_r12959","B","closure_count>1"
"1","8","True","B_o105_r12960","B","closure_count>1"
"1","2","True","B_o106_r12967","B","closure_count>1"
"1","2","True","B_o106_r12968","B","closure_count>1"
"1","2","True","B_o106_r12973","B","closure_count>1"
"1","2","True","B_o106_r12974","B","closure_count>1"
"1","2","True","B_o106_r12976","B","closure_count>1"
"1","2","True","B_o106_r12985","B","closure_count>1"
"1","2","True","B_o106_r12986","B","closure_count>1"
"1","2","True","B_o106_r12987","B","closure_count>1"
"1","2","True","B_o106_r12988","B","closure_count>1"
"1","2","True","B_o106_r12989","B","closure_count>1"
"1","2","True","B_o106_r12990","B","closure_count>1"
"1","2","True","B_o106_r12991","B","closure_count>1"
"1","2","True","B_o106_r12992","B","closure_count>1"
"1","2","True","B_o106_r12997","B","closure_count>1"
"1","2","True","B_o106_r12998","B","closure_count>1"
"1","2","True","B_o106_r13000","B","closure_count>1"
"1","2","True","B_o106_r13003","B","closure_count>1"
"1","2","True","B_o106_r13004","B","closure_count>1"
"1","3","True","B_o106_r13009","B","closure_count>1"
"1","3","True","B_o106_r13010","B","closure_count>1"
"1","3","True","B_o106_r13011","B","closure_count>1"
"1","2","True","B_o106_r13012","B","closure_count>1"
"1","3","True","B_o106_r13013","B","closure_count>1"
"1","2","True","B_o106_r13014","B","closure_count>1"
"1","3","True","B_o106_r13015","B","closure_count>1"
"1","3","True","B_o106_r13016","B","closure_count>1"
"1","3","True","B_o106_r13017","B","closure_count>1"
"1","2","True","B_o106_r13018","B","closure_count>1"
"1","3","True","B_o106_r13019","B","closure_count>1"
"1","2","True","B_o106_r13020","B","closure_count>1"
"1","2","True","B_o106_r13021","B","closure_count>1"
"1","2","True","B_o106_r13022","B","closure_count>1"
"1","4","True","B_o106_r13023","B","closure_count>1"
"1","4","True","B_o106_r13024","B","closure_count>1"
"1","2","True","B_o106_r13027","B","closure_count>1"
"1","2","True","B_o106_r13028","B","closure_count>1"
"1","2","True","B_o106_r13029","B","closure_count>1"
"1","2","True","B_o106_r13030","B","closure_count>1"
"1","3","True","B_o106_r13033","B","closure_count>1"
"1","3","True","B_o106_r13034","B","closure_count>1"
"1","3","True","B_o106_r13035","B","closure_count>1"
"1","3","True","B_o106_r13036","B","closure_count>1"
"1","3","True","B_o106_r13039","B","closure_count>1"
"1","3","True","B_o106_r13040","B","closure_count>1"
"1","4","True","B_o106_r13041","B","closure_count>1"
"1","4","True","B_o106_r13042","B","closure_count>1"
"1","3","True","B_o106_r13045","B","closure_count>1"
"1","3","True","B_o106_r13046","B","closure_count>1"
"1","6","True","B_o106_r13047","B","closure_count>1"
"1","6","True","B_o106_r13048","B","closure_count>1"
"1","3","True","B_o106_r13051","B","closure_count>1"
"1","3","True","B_o106_r13052","B","closure_count>1"
"1","3","True","B_o106_r13053","B","closure_count>1"
"1","3","True","B_o106_r13054","B","closure_count>1"
"1","2","True","B_o106_r13055","B","closure_count>1"
"1","2","True","B_o106_r13056","B","closure_count>1"
"1","4","True","B_o106_r13057","B","closure_count>1"
"1","4","True","B_o106_r13058","B","closure_count>1"
"1","6","True","B_o106_r13059","B","closure_count>1"
"1","4","True","B_o106_r13060","B","closure_count>1"
"1","2","True","B_o106_r13061","B","closure_count>1"
"1","2","True","B_o106_r13062","B","closure_count>1"
"1","4","True","B_o106_r13063","B","closure_count>1"
"1","4","True","B_o106_r13064","B","closure_count>1"
"1","7","True","B_o106_r13065","B","closure_count>1"
"1","5","True","B_o106_r13066","B","closure_count>1"
"1","2","True","B_o106_r13067","B","closure_count>1"
"1","2","True","B_o106_r13068","B","closure_count>1"
"1","4","True","B_o106_r13069","B","closure_count>1"
"1","4","True","B_o106_r13070","B","closure_count>1"
"1","8","True","B_o106_r13071","B","closure_count>1"
"1","8","True","B_o106_r13072","B","closure_count>1"
"1","2","True","B_o106_r13073","B","closure_count>1"
"1","2","True","B_o106_r13074","B","closure_count>1"
"1","6","True","B_o106_r13075","B","closure_count>1"
"1","6","True","B_o106_r13076","B","closure_count>1"
"1","10","True","B_o106_r13077","B","closure_count>1"
"1","10","True","B_o106_r13078","B","closure_count>1"
"1","5","True","B_o106_r13079","B","closure_count>1"
"1","5","True","B_o106_r13080","B","closure_count>1"
"1","2","True","B_o107_r13087","B","closure_count>1"
"1","2","True","B_o107_r13088","B","closure_count>1"
"1","2","True","B_o107_r13093","B","closure_count>1"
"1","2","True","B_o107_r13094","B","closure_count>1"
"1","2","True","B_o107_r13096","B","closure_count>1"
"1","2","True","B_o107_r13105","B","closure_count>1"
"1","2","True","B_o107_r13106","B","closure_count>1"
"1","2","True","B_o107_r13107","B","closure_count>1"
"1","2","True","B_o107_r13108","B","closure_count>1"
"1","2","True","B_o107_r13109","B","closure_count>1"
"1","2","True","B_o107_r13110","B","closure_count>1"
"1","2","True","B_o107_r13111","B","closure_count>1"
"1","2","True","B_o107_r13112","B","closure_count>1"
"1","2","True","B_o107_r13117","B","closure_count>1"
"1","2","True","B_o107_r13118","B","closure_count>1"
"1","2","True","B_o107_r13120","B","closure_count>1"
"1","2","True","B_o107_r13123","B","closure_count>1"
"1","2","True","B_o107_r13124","B","closure_count>1"
"1","3","True","B_o107_r13129","B","closure_count>1"
"1","3","True","B_o107_r13130","B","closure_count>1"
"1","3","True","B_o107_r13131","B","closure_count>1"
"1","2","True","B_o107_r13132","B","closure_count>1"
"1","3","True","B_o107_r13133","B","closure_count>1"
"1","2","True","B_o107_r13134","B","closure_count>1"
"1","3","True","B_o107_r13135","B","closure_count>1"
"1","3","True","B_o107_r13136","B","closure_count>1"
"1","3","True","B_o107_r13137","B","closure_count>1"
"1","2","True","B_o107_r13138","B","closure_count>1"
"1","3","True","B_o107_r13139","B","closure_count>1"
"1","2","True","B_o107_r13140","B","closure_count>1"
"1","2","True","B_o107_r13141","B","closure_count>1"
"1","2","True","B_o107_r13142","B","closure_count>1"
"1","4","True","B_o107_r13143","B","closure_count>1"
"1","4","True","B_o107_r13144","B","closure_count>1"
"1","2","True","B_o107_r13147","B","closure_count>1"
"1","2","True","B_o107_r13148","B","closure_count>1"
"1","2","True","B_o107_r13149","B","closure_count>1"
"1","2","True","B_o107_r13150","B","closure_count>1"
"1","3","True","B_o107_r13153","B","closure_count>1"
"1","3","True","B_o107_r13154","B","closure_count>1"
"1","3","True","B_o107_r13155","B","closure_count>1"
"1","3","True","B_o107_r13156","B","closure_count>1"
"1","3","True","B_o107_r13159","B","closure_count>1"
"1","3","True","B_o107_r13160","B","closure_count>1"
"1","4","True","B_o107_r13161","B","closure_count>1"
"1","4","True","B_o107_r13162","B","closure_count>1"
"1","3","True","B_o107_r13165","B","closure_count>1"
"1","3","True","B_o107_r13166","B","closure_count>1"
"1","6","True","B_o107_r13167","B","closure_count>1"
"1","6","True","B_o107_r13168","B","closure_count>1"
"1","3","True","B_o107_r13171","B","closure_count>1"
"1","3","True","B_o107_r13172","B","closure_count>1"
"1","3","True","B_o107_r13173","B","closure_count>1"
"1","3","True","B_o107_r13174","B","closure_count>1"
"1","2","True","B_o107_r13175","B","closure_count>1"
"1","2","True","B_o107_r13176","B","closure_count>1"
"1","2","True","B_o107_r13179","B","closure_count>1"
"1","2","True","B_o107_r13185","B","closure_count>1"
"1","2","True","B_o107_r13191","B","closure_count>1"
"1","2","True","B_o107_r13192","B","closure_count>1"
"1","2","True","B_o107_r13195","B","closure_count>1"
"1","2","True","B_o107_r13196","B","closure_count>1"
"1","3","True","B_o107_r13197","B","closure_count>1"
"1","3","True","B_o107_r13198","B","closure_count>1"
"1","2","True","B_o107_r13199","B","closure_count>1"
"1","2","True","B_o107_r13200","B","closure_count>1"
"1","2","True","B_o108_r13207","B","closure_count>1"
"1","2","True","B_o108_r13208","B","closure_count>1"
"1","2","True","B_o108_r13213","B","closure_count>1"
"1","2","True","B_o108_r13214","B","closure_count>1"
"1","2","True","B_o108_r13216","B","closure_count>1"
"1","2","True","B_o108_r13225","B","closure_count>1"
"1","2","True","B_o108_r13226","B","closure_count>1"
"1","2","True","B_o108_r13227","B","closure_count>1"
"1","2","True","B_o108_r13228","B","closure_count>1"
"1","2","True","B_o108_r13229","B","closure_count>1"
"1","2","True","B_o108_r13230","B","closure_count>1"
"1","2","True","B_o108_r13231","B","closure_count>1"
"1","2","True","B_o108_r13232","B","closure_count>1"
"1","2","True","B_o108_r13237","B","closure_count>1"
"1","2","True","B_o108_r13238","B","closure_count>1"
"1","2","True","B_o108_r13240","B","closure_count>1"
"1","2","True","B_o108_r13243","B","closure_count>1"
"1","2","True","B_o108_r13244","B","closure_count>1"
"1","3","True","B_o108_r13249","B","closure_count>1"
"1","3","True","B_o108_r13250","B","closure_count>1"
"1","3","True","B_o108_r13251","B","closure_count>1"
"1","2","True","B_o108_r13252","B","closure_count>1"
"1","3","True","B_o108_r13253","B","closure_count>1"
"1","2","True","B_o108_r13254","B","closure_count>1"
"1","3","True","B_o108_r13255","B","closure_count>1"
"1","3","True","B_o108_r13256","B","closure_count>1"
"1","3","True","B_o108_r13257","B","closure_count>1"
"1","2","True","B_o108_r13258","B","closure_count>1"
"1","3","True","B_o108_r13259","B","closure_count>1"
"1","2","True","B_o108_r13260","B","closure_count>1"
"1","2","True","B_o108_r13261","B","closure_count>1"
"1","2","True","B_o108_r13262","B","closure_count>1"
"1","4","True","B_o108_r13263","B","closure_count>1"
"1","4","True","B_o108_r13264","B","closure_count>1"
"1","2","True","B_o108_r13267","B","closure_count>1"
"1","2","True","B_o108_r13268","B","closure_count>1"
"1","2","True","B_o108_r13269","B","closure_count>1"
"1","2","True","B_o108_r13270","B","closure_count>1"
"1","3","True","B_o108_r13273","B","closure_count>1"
"1","3","True","B_o108_r13274","B","closure_count>1"
"1","3","True","B_o108_r13275","B","closure_count>1"
"1","3","True","B_o108_r13276","B","closure_count>1"
"1","3","True","B_o108_r13279","B","closure_count>1"
"1","3","True","B_o108_r13280","B","closure_count>1"
"1","4","True","B_o108_r13281","B","closure_count>1"
"1","4","True","B_o108_r13282","B","closure_count>1"
"1","3","True","B_o108_r13285","B","closure_count>1"
"1","3","True","B_o108_r13286","B","closure_count>1"
"1","6","True","B_o108_r13287","B","closure_count>1"
"1","6","True","B_o108_r13288","B","closure_count>1"
"1","3","True","B_o108_r13291","B","closure_count>1"
"1","3","True","B_o108_r13292","B","closure_count>1"
"1","3","True","B_o108_r13293","B","closure_count>1"
"1","3","True","B_o108_r13294","B","closure_count>1"
"1","2","True","B_o108_r13295","B","closure_count>1"
"1","2","True","B_o108_r13296","B","closure_count>1"
"1","2","True","B_o108_r13299","B","closure_count>1"
"1","2","True","B_o108_r13305","B","closure_count>1"
"1","2","True","B_o108_r13311","B","closure_count>1"
"1","2","True","B_o108_r13312","B","closure_count>1"
"1","2","True","B_o108_r13315","B","closure_count>1"
"1","2","True","B_o108_r13316","B","closure_count>1"
"1","3","True","B_o108_r13317","B","closure_count>1"
"1","3","True","B_o108_r13318","B","closure_count>1"
"1","2","True","B_o108_r13319","B","closure_count>1"
"1","2","True","B_o108_r13320","B","closure_count>1"
"1","2","True","B_o109_r13327","B","closure_count>1"
"1","2","True","B_o109_r13328","B","closure_count>1"
"1","2","True","B_o109_r13334","B","closure_count>1"
"1","2","True","B_o109_r13336","B","closure_count>1"
"1","2","True","B_o109_r13345","B","closure_count>1"
"1","2","True","B_o109_r13346","B","closure_count>1"
"1","2","True","B_o109_r13347","B","closure_count>1"
"1","2","True","B_o109_r13348","B","closure_count>1"
"1","2","True","B_o109_r13349","B","closure_count>1"
"1","2","True","B_o109_r13350","B","closure_count>1"
"1","2","True","B_o109_r13351","B","closure_count>1"
"1","2","True","B_o109_r13352","B","closure_count>1"
"1","2","True","B_o109_r13357","B","closure_count>1"
"1","2","True","B_o109_r13358","B","closure_count>1"
"1","2","True","B_o109_r13360","B","closure_count>1"
"1","2","True","B_o109_r13363","B","closure_count>1"
"1","2","True","B_o109_r13364","B","closure_count>1"
"1","3","True","B_o109_r13369","B","closure_count>1"
"1","3","True","B_o109_r13370","B","closure_count>1"
"1","3","True","B_o109_r13371","B","closure_count>1"
"1","2","True","B_o109_r13372","B","closure_count>1"
"1","3","True","B_o109_r13373","B","closure_count>1"
"1","2","True","B_o109_r13374","B","closure_count>1"
"1","3","True","B_o109_r13375","B","closure_count>1"
"1","3","True","B_o109_r13376","B","closure_count>1"
"1","3","True","B_o109_r13377","B","closure_count>1"
"1","2","True","B_o109_r13378","B","closure_count>1"
"1","3","True","B_o109_r13379","B","closure_count>1"
"1","2","True","B_o109_r13380","B","closure_count>1"
"1","2","True","B_o109_r13381","B","closure_count>1"
"1","2","True","B_o109_r13382","B","closure_count>1"
"1","2","True","B_o109_r13383","B","closure_count>1"
"1","4","True","B_o109_r13384","B","closure_count>1"
"1","2","True","B_o109_r13387","B","closure_count>1"
"1","2","True","B_o109_r13388","B","closure_count>1"
"1","2","True","B_o109_r13389","B","closure_count>1"
"1","2","True","B_o109_r13390","B","closure_count>1"
"1","4","True","B_o109_r13393","B","closure_count>1"
"1","3","True","B_o109_r13394","B","closure_count>1"
"1","6","True","B_o109_r13395","B","closure_count>1"
"1","3","True","B_o109_r13396","B","closure_count>1"
"1","4","True","B_o109_r13399","B","closure_count>1"
"1","3","True","B_o109_r13400","B","closure_count>1"
"1","7","True","B_o109_r13401","B","closure_count>1"
"1","4","True","B_o109_r13402","B","closure_count>1"
"1","4","True","B_o109_r13405","B","closure_count>1"
"1","3","True","B_o109_r13406","B","closure_count>1"
"1","8","True","B_o109_r13407","B","closure_count>1"
"1","6","True","B_o109_r13408","B","closure_count>1"
"1","2","True","B_o109_r13419","B","closure_count>1"
"1","2","True","B_o109_r13425","B","closure_count>1"
"1","2","True","B_o109_r13431","B","closure_count>1"
"1","2","True","B_o109_r13432","B","closure_count>1"
"1","2","True","B_o110_r13447","B","closure_count>1"
"1","2","True","B_o110_r13448","B","closure_count>1"
"1","2","True","B_o110_r13454","B","closure_count>1"
"1","2","True","B_o110_r13456","B","closure_count>1"
"1","2","True","B_o110_r13465","B","closure_count>1"
"1","2","True","B_o110_r13466","B","closure_count>1"
"1","2","True","B_o110_r13467","B","closure_count>1"
"1","2","True","B_o110_r13468","B","closure_count>1"
"1","2","True","B_o110_r13469","B","closure_count>1"
"1","2","True","B_o110_r13470","B","closure_count>1"
"1","2","True","B_o110_r13471","B","closure_count>1"
"1","2","True","B_o110_r13472","B","closure_count>1"
"1","2","True","B_o110_r13477","B","closure_count>1"
"1","2","True","B_o110_r13478","B","closure_count>1"
"1","2","True","B_o110_r13480","B","closure_count>1"
"1","2","True","B_o110_r13483","B","closure_count>1"
"1","2","True","B_o110_r13484","B","closure_count>1"
"1","3","True","B_o110_r13489","B","closure_count>1"
"1","3","True","B_o110_r13490","B","closure_count>1"
"1","3","True","B_o110_r13491","B","closure_count>1"
"1","2","True","B_o110_r13492","B","closure_count>1"
"1","3","True","B_o110_r13493","B","closure_count>1"
"1","2","True","B_o110_r13494","B","closure_count>1"
"1","3","True","B_o110_r13495","B","closure_count>1"
"1","3","True","B_o110_r13496","B","closure_count>1"
"1","3","True","B_o110_r13497","B","closure_count>1"
"1","2","True","B_o110_r13498","B","closure_count>1"
"1","3","True","B_o110_r13499","B","closure_count>1"
"1","2","True","B_o110_r13500","B","closure_count>1"
"1","2","True","B_o110_r13501","B","closure_count>1"
"1","2","True","B_o110_r13502","B","closure_count>1"
"1","2","True","B_o110_r13503","B","closure_count>1"
"1","4","True","B_o110_r13504","B","closure_count>1"
"1","2","True","B_o110_r13507","B","closure_count>1"
"1","2","True","B_o110_r13508","B","closure_count>1"
"1","2","True","B_o110_r13509","B","closure_count>1"
"1","2","True","B_o110_r13510","B","closure_count>1"
"1","4","True","B_o110_r13513","B","closure_count>1"
"1","3","True","B_o110_r13514","B","closure_count>1"
"1","6","True","B_o110_r13515","B","closure_count>1"
"1","3","True","B_o110_r13516","B","closure_count>1"
"1","4","True","B_o110_r13519","B","closure_count>1"
"1","3","True","B_o110_r13520","B","closure_count>1"
"1","7","True","B_o110_r13521","B","closure_count>1"
"1","4","True","B_o110_r13522","B","closure_count>1"
"1","4","True","B_o110_r13525","B","closure_count>1"
"1","3","True","B_o110_r13526","B","closure_count>1"
"1","8","True","B_o110_r13527","B","closure_count>1"
"1","6","True","B_o110_r13528","B","closure_count>1"
"1","2","True","B_o110_r13539","B","closure_count>1"
"1","2","True","B_o110_r13545","B","closure_count>1"
"1","2","True","B_o110_r13551","B","closure_count>1"
"1","2","True","B_o110_r13552","B","closure_count>1"
"1","2","True","B_o111_r13567","B","closure_count>1"
"1","2","True","B_o111_r13568","B","closure_count>1"
"1","2","True","B_o111_r13574","B","closure_count>1"
"1","2","True","B_o111_r13576","B","closure_count>1"
"1","3","True","B_o111_r13580","B","closure_count>1"
"1","3","True","B_o111_r13582","B","closure_count>1"
"1","2","True","B_o111_r13583","B","closure_count>1"
"1","2","True","B_o111_r13584","B","closure_count>1"
"1","2","True","B_o111_r13585","B","closure_count>1"
"1","2","True","B_o111_r13586","B","closure_count>1"
"1","2","True","B_o111_r13587","B","closure_count>1"
"1","2","True","B_o111_r13588","B","closure_count>1"
"1","2","True","B_o111_r13589","B","closure_count>1"
"1","2","True","B_o111_r13590","B","closure_count>1"
"1","2","True","B_o111_r13591","B","closure_count>1"
"1","2","True","B_o111_r13592","B","closure_count>1"
"1","2","True","B_o111_r13597","B","closure_count>1"
"1","2","True","B_o111_r13598","B","closure_count>1"
"1","2","True","B_o111_r13600","B","closure_count>1"
"1","2","True","B_o111_r13603","B","closure_count>1"
"1","4","True","B_o111_r13604","B","closure_count>1"
"1","3","True","B_o111_r13606","B","closure_count>1"
"1","2","True","B_o111_r13607","B","closure_count>1"
"1","2","True","B_o111_r13608","B","closure_count>1"
"1","3","True","B_o111_r13609","B","closure_count>1"
"1","3","True","B_o111_r13610","B","closure_count>1"
"1","3","True","B_o111_r13611","B","closure_count>1"
"1","2","True","B_o111_r13612","B","closure_count>1"
"1","3","True","B_o111_r13613","B","closure_count>1"
"1","2","True","B_o111_r13614","B","closure_count>1"
"1","3","True","B_o111_r13615","B","closure_count>1"
"1","3","True","B_o111_r13616","B","closure_count>1"
"1","3","True","B_o111_r13617","B","closure_count>1"
"1","2","True","B_o111_r13618","B","closure_count>1"
"1","3","True","B_o111_r13619","B","closure_count>1"
"1","2","True","B_o111_r13620","B","closure_count>1"
"1","2","True","B_o111_r13621","B","closure_count>1"
"1","2","True","B_o111_r13622","B","closure_count>1"
"1","2","True","B_o111_r13623","B","closure_count>1"
"1","4","True","B_o111_r13624","B","closure_count>1"
"1","2","True","B_o111_r13627","B","closure_count>1"
"1","4","True","B_o111_r13628","B","closure_count>1"
"1","2","True","B_o111_r13629","B","closure_count>1"
"1","6","True","B_o111_r13630","B","closure_count>1"
"1","2","True","B_o111_r13631","B","closure_count>1"
"1","2","True","B_o111_r13632","B","closure_count>1"
"1","3","True","B_o111_r13634","B","closure_count>1"
"1","2","True","B_o111_r13635","B","closure_count>1"
"1","3","True","B_o111_r13636","B","closure_count>1"
"1","3","True","B_o111_r13640","B","closure_count>1"
"1","2","True","B_o111_r13641","B","closure_count>1"
"1","4","True","B_o111_r13642","B","closure_count>1"
"1","3","True","B_o111_r13646","B","closure_count>1"
"1","2","True","B_o111_r13647","B","closure_count>1"
"1","6","True","B_o111_r13648","B","closure_count>1"
"1","4","True","B_o111_r13658","B","closure_count>1"
"1","2","True","B_o111_r13659","B","closure_count>1"
"1","4","True","B_o111_r13660","B","closure_count>1"
"1","2","True","B_o111_r13661","B","closure_count>1"
"1","2","True","B_o111_r13662","B","closure_count>1"
"1","4","True","B_o111_r13664","B","closure_count>1"
"1","2","True","B_o111_r13665","B","closure_count>1"
"1","5","True","B_o111_r13666","B","closure_count>1"
"1","2","True","B_o111_r13667","B","closure_count>1"
"1","2","True","B_o111_r13668","B","closure_count>1"
"1","4","True","B_o111_r13670","B","closure_count>1"
"1","2","True","B_o111_r13671","B","closure_count>1"
"1","8","True","B_o111_r13672","B","closure_count>1"
"1","2","True","B_o111_r13673","B","closure_count>1"
"1","2","True","B_o111_r13674","B","closure_count>1"
"1","2","True","B_o111_r13675","B","closure_count>1"
"1","2","True","B_o111_r13676","B","closure_count>1"
"1","2","True","B_o111_r13677","B","closure_count>1"
"1","2","True","B_o111_r13678","B","closure_count>1"
"1","2","True","B_o111_r13679","B","closure_count>1"
"1","2","True","B_o111_r13680","B","closure_count>1"
"1","2","True","B_o112_r13687","B","closure_count>1"
"1","2","True","B_o112_r13688","B","closure_count>1"
"1","2","True","B_o112_r13694","B","closure_count>1"
"1","2","True","B_o112_r13696","B","closure_count>1"
"1","2","True","B_o112_r13698","B","closure_count>1"
"1","2","True","B_o112_r13705","B","closure_count>1"
"1","2","True","B_o112_r13706","B","closure_count>1"
"1","2","True","B_o112_r13707","B","closure_count>1"
"1","2","True","B_o112_r13708","B","closure_count>1"
"1","2","True","B_o112_r13709","B","closure_count>1"
"1","2","True","B_o112_r13710","B","closure_count>1"
"1","2","True","B_o112_r13711","B","closure_count>1"
"1","2","True","B_o112_r13712","B","closure_count>1"
"1","2","True","B_o112_r13717","B","closure_count>1"
"1","2","True","B_o112_r13718","B","closure_count>1"
"1","2","True","B_o112_r13720","B","closure_count>1"
"1","2","True","B_o112_r13722","B","closure_count>1"
"1","2","True","B_o112_r13723","B","closure_count>1"
"1","2","True","B_o112_r13724","B","closure_count>1"
"1","3","True","B_o112_r13729","B","closure_count>1"
"1","3","True","B_o112_r13730","B","closure_count>1"
"1","2","True","B_o112_r13732","B","closure_count>1"
"1","2","True","B_o112_r13734","B","closure_count>1"
"1","3","True","B_o112_r13735","B","closure_count>1"
"1","3","True","B_o112_r13736","B","closure_count>1"
"1","2","True","B_o112_r13738","B","closure_count>1"
"1","2","True","B_o112_r13740","B","closure_count>1"
"1","3","True","B_o112_r13741","B","closure_count>1"
"1","2","True","B_o112_r13742","B","closure_count>1"
"1","3","True","B_o112_r13743","B","closure_count>1"
"1","4","True","B_o112_r13744","B","closure_count>1"
"1","3","True","B_o112_r13747","B","closure_count>1"
"1","2","True","B_o112_r13748","B","closure_count>1"
"1","3","True","B_o112_r13749","B","closure_count>1"
"1","2","True","B_o112_r13750","B","closure_count>1"
"1","4","True","B_o112_r13753","B","closure_count>1"
"1","3","True","B_o112_r13754","B","closure_count>1"
"1","2","True","B_o112_r13755","B","closure_count>1"
"1","3","True","B_o112_r13756","B","closure_count>1"
"1","3","True","B_o112_r13758","B","closure_count>1"
"1","4","True","B_o112_r13759","B","closure_count>1"
"1","3","True","B_o112_r13760","B","closure_count>1"
"1","2","True","B_o112_r13761","B","closure_count>1"
"1","4","True","B_o112_r13762","B","closure_count>1"
"1","3","True","B_o112_r13764","B","closure_count>1"
"1","6","True","B_o112_r13765","B","closure_count>1"
"1","3","True","B_o112_r13766","B","closure_count>1"
"1","10","True","B_o112_r13767","B","closure_count>1"
"1","6","True","B_o112_r13768","B","closure_count>1"
"1","2","True","B_o112_r13769","B","closure_count>1"
"1","2","True","B_o112_r13770","B","closure_count>1"
"1","2","True","B_o112_r13789","B","closure_count>1"
"1","3","True","B_o112_r13791","B","closure_count>1"
"1","2","True","B_o112_r13792","B","closure_count>1"
"1","2","True","B_o113_r13807","B","closure_count>1"
"1","2","True","B_o113_r13808","B","closure_count>1"
"1","2","True","B_o113_r13814","B","closure_count>1"
"1","2","True","B_o113_r13816","B","closure_count>1"
"1","2","True","B_o113_r13818","B","closure_count>1"
"1","2","True","B_o113_r13825","B","closure_count>1"
"1","2","True","B_o113_r13826","B","closure_count>1"
"1","2","True","B_o113_r13827","B","closure_count>1"
"1","2","True","B_o113_r13828","B","closure_count>1"
"1","2","True","B_o113_r13829","B","closure_count>1"
"1","2","True","B_o113_r13830","B","closure_count>1"
"1","2","True","B_o113_r13831","B","closure_count>1"
"1","2","True","B_o113_r13832","B","closure_count>1"
"1","2","True","B_o113_r13837","B","closure_count>1"
"1","2","True","B_o113_r13838","B","closure_count>1"
"1","2","True","B_o113_r13840","B","closure_count>1"
"1","2","True","B_o113_r13842","B","closure_count>1"
"1","2","True","B_o113_r13843","B","closure_count>1"
"1","2","True","B_o113_r13844","B","closure_count>1"
"1","3","True","B_o113_r13849","B","closure_count>1"
"1","3","True","B_o113_r13850","B","closure_count>1"
"1","2","True","B_o113_r13852","B","closure_count>1"
"1","2","True","B_o113_r13854","B","closure_count>1"
"1","3","True","B_o113_r13855","B","closure_count>1"
"1","3","True","B_o113_r13856","B","closure_count>1"
"1","2","True","B_o113_r13858","B","closure_count>1"
"1","2","True","B_o113_r13860","B","closure_count>1"
"1","3","True","B_o113_r13861","B","closure_count>1"
"1","2","True","B_o113_r13862","B","closure_count>1"
"1","3","True","B_o113_r13863","B","closure_count>1"
"1","4","True","B_o113_r13864","B","closure_count>1"
"1","3","True","B_o113_r13867","B","closure_count>1"
"1","2","True","B_o113_r13868","B","closure_count>1"
"1","3","True","B_o113_r13869","B","closure_count>1"
"1","2","True","B_o113_r13870","B","closure_count>1"
"1","4","True","B_o113_r13873","B","closure_count>1"
"1","3","True","B_o113_r13874","B","closure_count>1"
"1","2","True","B_o113_r13875","B","closure_count>1"
"1","3","True","B_o113_r13876","B","closure_count>1"
"1","3","True","B_o113_r13878","B","closure_count>1"
"1","4","True","B_o113_r13879","B","closure_count>1"
"1","3","True","B_o113_r13880","B","closure_count>1"
"1","2","True","B_o113_r13881","B","closure_count>1"
"1","4","True","B_o113_r13882","B","closure_count>1"
"1","3","True","B_o113_r13884","B","closure_count>1"
"1","6","True","B_o113_r13885","B","closure_count>1"
"1","3","True","B_o113_r13886","B","closure_count>1"
"1","10","True","B_o113_r13887","B","closure_count>1"
"1","6","True","B_o113_r13888","B","closure_count>1"
"1","2","True","B_o113_r13889","B","closure_count>1"
"1","2","True","B_o113_r13890","B","closure_count>1"
"1","2","True","B_o113_r13909","B","closure_count>1"
"1","3","True","B_o113_r13911","B","closure_count>1"
"1","2","True","B_o113_r13912","B","closure_count>1"
"1","2","True","B_o114_r13927","B","closure_count>1"
"1","2","True","B_o114_r13928","B","closure_count>1"
"1","2","True","B_o114_r13934","B","closure_count>1"
"1","2","True","B_o114_r13936","B","closure_count>1"
"1","2","True","B_o114_r13938","B","closure_count>1"
"1","3","True","B_o114_r13940","B","closure_count>1"
"1","3","True","B_o114_r13942","B","closure_count>1"
"1","2","True","B_o114_r13943","B","closure_count>1"
"1","3","True","B_o114_r13944","B","closure_count>1"
"1","2","True","B_o114_r13945","B","closure_count>1"
"1","2","True","B_o114_r13946","B","closure_count>1"
"1","2","True","B_o114_r13947","B","closure_count>1"
"1","2","True","B_o114_r13948","B","closure_count>1"
"1","2","True","B_o114_r13949","B","closure_count>1"
"1","2","True","B_o114_r13950","B","closure_count>1"
"1","2","True","B_o114_r13951","B","closure_count>1"
"1","2","True","B_o114_r13952","B","closure_count>1"
"1","2","True","B_o114_r13957","B","closure_count>1"
"1","2","True","B_o114_r13958","B","closure_count>1"
"1","2","True","B_o114_r13960","B","closure_count>1"
"1","2","True","B_o114_r13962","B","closure_count>1"
"1","2","True","B_o114_r13963","B","closure_count>1"
"1","4","True","B_o114_r13964","B","closure_count>1"
"1","3","True","B_o114_r13966","B","closure_count>1"
"1","2","True","B_o114_r13967","B","closure_count>1"
"1","3","True","B_o114_r13968","B","closure_count>1"
"1","3","True","B_o114_r13969","B","closure_count>1"
"1","3","True","B_o114_r13970","B","closure_count>1"
"1","2","True","B_o114_r13972","B","closure_count>1"
"1","2","True","B_o114_r13974","B","closure_count>1"
"1","3","True","B_o114_r13975","B","closure_count>1"
"1","3","True","B_o114_r13976","B","closure_count>1"
"1","2","True","B_o114_r13978","B","closure_count>1"
"1","2","True","B_o114_r13980","B","closure_count>1"
"1","3","True","B_o114_r13981","B","closure_count>1"
"1","2","True","B_o114_r13982","B","closure_count>1"
"1","3","True","B_o114_r13983","B","closure_count>1"
"1","4","True","B_o114_r13984","B","closure_count>1"
"1","3","True","B_o114_r13987","B","closure_count>1"
"1","4","True","B_o114_r13988","B","closure_count>1"
"1","3","True","B_o114_r13989","B","closure_count>1"
"1","6","True","B_o114_r13990","B","closure_count>1"
"1","2","True","B_o114_r13991","B","closure_count>1"
"1","2","True","B_o114_r13992","B","closure_count>1"
"1","3","True","B_o114_r13994","B","closure_count>1"
"1","3","True","B_o114_r13996","B","closure_count>1"
"1","3","True","B_o114_r13998","B","closure_count>1"
"1","3","True","B_o114_r14000","B","closure_count>1"
"1","4","True","B_o114_r14002","B","closure_count>1"
"1","3","True","B_o114_r14004","B","closure_count>1"
"1","2","True","B_o114_r14005","B","closure_count>1"
"1","3","True","B_o114_r14006","B","closure_count>1"
"1","3","True","B_o114_r14007","B","closure_count>1"
"1","6","True","B_o114_r14008","B","closure_count>1"
"1","2","True","B_o114_r14009","B","closure_count>1"
"1","2","True","B_o114_r14010","B","closure_count>1"
"1","4","True","B_o114_r14018","B","closure_count>1"
"1","4","True","B_o114_r14020","B","closure_count>1"
"1","2","True","B_o114_r14021","B","closure_count>1"
"1","4","True","B_o114_r14022","B","closure_count>1"
"1","4","True","B_o114_r14024","B","closure_count>1"
"1","5","True","B_o114_r14026","B","closure_count>1"
"1","2","True","B_o114_r14027","B","closure_count>1"
"1","4","True","B_o114_r14028","B","closure_count>1"
"1","2","True","B_o114_r14029","B","closure_count>1"
"1","4","True","B_o114_r14030","B","closure_count>1"
"1","3","True","B_o114_r14031","B","closure_count>1"
"1","8","True","B_o114_r14032","B","closure_count>1"
"1","3","True","B_o114_r14033","B","closure_count>1"
"1","3","True","B_o114_r14034","B","closure_count>1"
"1","2","True","B_o114_r14035","B","closure_count>1"
"1","2","True","B_o114_r14036","B","closure_count>1"
"1","2","True","B_o114_r14037","B","closure_count>1"
"1","2","True","B_o114_r14038","B","closure_count>1"
"1","2","True","B_o114_r14039","B","closure_count>1"
"1","2","True","B_o114_r14040","B","closure_count>1"
"1","2","True","B_o115_r14047","B","closure_count>1"
"1","2","True","B_o115_r14048","B","closure_count>1"
"1","2","True","B_o115_r14054","B","closure_count>1"
"1","3","True","B_o115_r14060","B","closure_count>1"
"1","2","True","B_o115_r14063","B","closure_count>1"
"1","2","True","B_o115_r14065","B","closure_count>1"
"1","2","True","B_o115_r14066","B","closure_count>1"
"1","2","True","B_o115_r14067","B","closure_count>1"
"1","2","True","B_o115_r14068","B","closure_count>1"
"1","2","True","B_o115_r14069","B","closure_count>1"
"1","2","True","B_o115_r14070","B","closure_count>1"
"1","2","True","B_o115_r14071","B","closure_count>1"
"1","2","True","B_o115_r14072","B","closure_count>1"
"1","2","True","B_o115_r14077","B","closure_count>1"
"1","2","True","B_o115_r14078","B","closure_count>1"
"1","2","True","B_o115_r14083","B","closure_count>1"
"1","4","True","B_o115_r14084","B","closure_count>1"
"1","2","True","B_o115_r14087","B","closure_count>1"
"1","3","True","B_o115_r14089","B","closure_count>1"
"1","3","True","B_o115_r14090","B","closure_count>1"
"1","2","True","B_o115_r14092","B","closure_count>1"
"1","2","True","B_o115_r14094","B","closure_count>1"
"1","3","True","B_o115_r14095","B","closure_count>1"
"1","3","True","B_o115_r14096","B","closure_count>1"
"1","2","True","B_o115_r14098","B","closure_count>1"
"1","2","True","B_o115_r14100","B","closure_count>1"
"1","2","True","B_o115_r14102","B","closure_count>1"
"1","4","True","B_o115_r14104","B","closure_count>1"
"1","4","True","B_o115_r14108","B","closure_count>1"
"1","6","True","B_o115_r14110","B","closure_count>1"
"1","2","True","B_o115_r14111","B","closure_count>1"
"1","2","True","B_o115_r14112","B","closure_count>1"
"1","3","True","B_o115_r14114","B","closure_count>1"
"1","3","True","B_o115_r14116","B","closure_count>1"
"1","3","True","B_o115_r14118","B","closure_count>1"
"1","3","True","B_o115_r14120","B","closure_count>1"
"1","4","True","B_o115_r14122","B","closure_count>1"
"1","3","True","B_o115_r14124","B","closure_count>1"
"1","3","True","B_o115_r14126","B","closure_count>1"
"1","6","True","B_o115_r14128","B","closure_count>1"
"1","2","True","B_o115_r14129","B","closure_count>1"
"1","2","True","B_o115_r14130","B","closure_count>1"
"1","3","True","B_o115_r14132","B","closure_count>1"
"1","3","True","B_o115_r14134","B","closure_count>1"
"1","2","True","B_o115_r14135","B","closure_count>1"
"1","2","True","B_o115_r14136","B","closure_count>1"
"1","4","True","B_o115_r14138","B","closure_count>1"
"1","4","True","B_o115_r14140","B","closure_count>1"
"1","2","True","B_o115_r14141","B","closure_count>1"
"1","5","True","B_o115_r14142","B","closure_count>1"
"1","4","True","B_o115_r14144","B","closure_count>1"
"1","5","True","B_o115_r14146","B","closure_count>1"
"1","2","True","B_o115_r14147","B","closure_count>1"
"1","5","True","B_o115_r14148","B","closure_count>1"
"1","4","True","B_o115_r14150","B","closure_count>1"
"1","8","True","B_o115_r14152","B","closure_count>1"
"1","3","True","B_o115_r14153","B","closure_count>1"
"1","3","True","B_o115_r14154","B","closure_count>1"
"1","2","True","B_o115_r14155","B","closure_count>1"
"1","5","True","B_o115_r14156","B","closure_count>1"
"1","2","True","B_o115_r14157","B","closure_count>1"
"1","6","True","B_o115_r14158","B","closure_count>1"
"1","4","True","B_o115_r14159","B","closure_count>1"
"1","4","True","B_o115_r14160","B","closure_count>1"
"1","2","True","B_o116_r14167","B","closure_count>1"
"1","2","True","B_o116_r14168","B","closure_count>1"
"1","2","True","B_o116_r14174","B","closure_count>1"
"1","2","True","B_o116_r14176","B","closure_count>1"
"1","2","True","B_o116_r14178","B","closure_count>1"
"1","2","True","B_o116_r14185","B","closure_count>1"
"1","2","True","B_o116_r14186","B","closure_count>1"
"1","2","True","B_o116_r14187","B","closure_count>1"
"1","2","True","B_o116_r14188","B","closure_count>1"
"1","2","True","B_o116_r14189","B","closure_count>1"
"1","2","True","B_o116_r14190","B","closure_count>1"
"1","2","True","B_o116_r14191","B","closure_count>1"
"1","2","True","B_o116_r14192","B","closure_count>1"
"1","2","True","B_o116_r14197","B","closure_count>1"
"1","2","True","B_o116_r14198","B","closure_count>1"
"1","2","True","B_o116_r14200","B","closure_count>1"
"1","2","True","B_o116_r14202","B","closure_count>1"
"1","2","True","B_o116_r14203","B","closure_count>1"
"1","2","True","B_o116_r14204","B","closure_count>1"
"1","3","True","B_o116_r14209","B","closure_count>1"
"1","3","True","B_o116_r14210","B","closure_count>1"
"1","2","True","B_o116_r14212","B","closure_count>1"
"1","2","True","B_o116_r14214","B","closure_count>1"
"1","3","True","B_o116_r14215","B","closure_count>1"
"1","3","True","B_o116_r14216","B","closure_count>1"
"1","2","True","B_o116_r14218","B","closure_count>1"
"1","2","True","B_o116_r14220","B","closure_count>1"
"1","3","True","B_o116_r14221","B","closure_count>1"
"1","2","True","B_o116_r14222","B","closure_count>1"
"1","2","True","B_o116_r14223","B","closure_count>1"
"1","4","True","B_o116_r14224","B","closure_count>1"
"1","2","True","B_o116_r14226","B","closure_count>1"
"1","3","True","B_o116_r14227","B","closure_count>1"
"1","2","True","B_o116_r14228","B","closure_count>1"
"1","2","True","B_o116_r14229","B","closure_count>1"
"1","2","True","B_o116_r14230","B","closure_count>1"
"1","2","True","B_o116_r14232","B","closure_count>1"
"1","4","True","B_o116_r14233","B","closure_count>1"
"1","3","True","B_o116_r14234","B","closure_count>1"
"1","2","True","B_o116_r14235","B","closure_count>1"
"1","3","True","B_o116_r14236","B","closure_count>1"
"1","3","True","B_o116_r14238","B","closure_count>1"
"1","4","True","B_o116_r14239","B","closure_count>1"
"1","3","True","B_o116_r14240","B","closure_count>1"
"1","2","True","B_o116_r14241","B","closure_count>1"
"1","4","True","B_o116_r14242","B","closure_count>1"
"1","3","True","B_o116_r14244","B","closure_count>1"
"1","6","True","B_o116_r14245","B","closure_count>1"
"1","3","True","B_o116_r14246","B","closure_count>1"
"1","5","True","B_o116_r14247","B","closure_count>1"
"1","6","True","B_o116_r14248","B","closure_count>1"
"1","2","True","B_o116_r14249","B","closure_count>1"
"1","4","True","B_o116_r14250","B","closure_count>1"
"1","2","True","B_o116_r14269","B","closure_count>1"
"1","2","True","B_o116_r14271","B","closure_count>1"
"1","2","True","B_o116_r14272","B","closure_count>1"
"1","2","True","B_o116_r14274","B","closure_count>1"
"1","2","True","B_o117_r14287","B","closure_count>1"
"1","2","True","B_o117_r14288","B","closure_count>1"
"1","2","True","B_o117_r14294","B","closure_count>1"
"1","2","True","B_o117_r14296","B","closure_count>1"
"1","2","True","B_o117_r14298","B","closure_count>1"
"1","2","True","B_o117_r14305","B","closure_count>1"
"1","2","True","B_o117_r14306","B","closure_count>1"
"1","2","True","B_o117_r14307","B","closure_count>1"
"1","2","True","B_o117_r14308","B","closure_count>1"
"1","2","True","B_o117_r14309","B","closure_count>1"
"1","2","True","B_o117_r14310","B","closure_count>1"
"1","2","True","B_o117_r14311","B","closure_count>1"
"1","2","True","B_o117_r14312","B","closure_count>1"
"1","2","True","B_o117_r14317","B","closure_count>1"
"1","2","True","B_o117_r14318","B","closure_count>1"
"1","2","True","B_o117_r14320","B","closure_count>1"
"1","2","True","B_o117_r14322","B","closure_count>1"
"1","2","True","B_o117_r14323","B","closure_count>1"
"1","2","True","B_o117_r14324","B","closure_count>1"
"1","3","True","B_o117_r14329","B","closure_count>1"
"1","3","True","B_o117_r14330","B","closure_count>1"
"1","2","True","B_o117_r14332","B","closure_count>1"
"1","2","True","B_o117_r14334","B","closure_count>1"
"1","3","True","B_o117_r14335","B","closure_count>1"
"1","3","True","B_o117_r14336","B","closure_count>1"
"1","2","True","B_o117_r14338","B","closure_count>1"
"1","2","True","B_o117_r14340","B","closure_count>1"
"1","3","True","B_o117_r14341","B","closure_count>1"
"1","2","True","B_o117_r14342","B","closure_count>1"
"1","2","True","B_o117_r14343","B","closure_count>1"
"1","4","True","B_o117_r14344","B","closure_count>1"
"1","2","True","B_o117_r14346","B","closure_count>1"
"1","3","True","B_o117_r14347","B","closure_count>1"
"1","2","True","B_o117_r14348","B","closure_count>1"
"1","2","True","B_o117_r14349","B","closure_count>1"
"1","2","True","B_o117_r14350","B","closure_count>1"
"1","2","True","B_o117_r14352","B","closure_count>1"
"1","4","True","B_o117_r14353","B","closure_count>1"
"1","3","True","B_o117_r14354","B","closure_count>1"
"1","2","True","B_o117_r14355","B","closure_count>1"
"1","3","True","B_o117_r14356","B","closure_count>1"
"1","3","True","B_o117_r14358","B","closure_count>1"
"1","4","True","B_o117_r14359","B","closure_count>1"
"1","3","True","B_o117_r14360","B","closure_count>1"
"1","2","True","B_o117_r14361","B","closure_count>1"
"1","4","True","B_o117_r14362","B","closure_count>1"
"1","3","True","B_o117_r14364","B","closure_count>1"
"1","6","True","B_o117_r14365","B","closure_count>1"
"1","3","True","B_o117_r14366","B","closure_count>1"
"1","5","True","B_o117_r14367","B","closure_count>1"
"1","6","True","B_o117_r14368","B","closure_count>1"
"1","2","True","B_o117_r14369","B","closure_count>1"
"1","4","True","B_o117_r14370","B","closure_count>1"
"1","2","True","B_o117_r14389","B","closure_count>1"
"1","2","True","B_o117_r14391","B","closure_count>1"
"1","2","True","B_o117_r14392","B","closure_count>1"
"1","2","True","B_o117_r14394","B","closure_count>1"
"1","2","True","B_o118_r14407","B","closure_count>1"
"1","2","True","B_o118_r14408","B","closure_count>1"
"1","2","True","B_o118_r14414","B","closure_count>1"
"1","2","True","B_o118_r14416","B","closure_count>1"
"1","2","True","B_o118_r14418","B","closure_count>1"
"1","3","True","B_o118_r14420","B","closure_count>1"
"1","3","True","B_o118_r14422","B","closure_count>1"
"1","2","True","B_o118_r14423","B","closure_count>1"
"1","3","True","B_o118_r14424","B","closure_count>1"
"1","2","True","B_o118_r14425","B","closure_count>1"
"1","2","True","B_o118_r14426","B","closure_count>1"
"1","2","True","B_o118_r14427","B","closure_count>1"
"1","2","True","B_o118_r14428","B","closure_count>1"
"1","2","True","B_o118_r14429","B","closure_count>1"
"1","2","True","B_o118_r14430","B","closure_count>1"
"1","2","True","B_o118_r14431","B","closure_count>1"
"1","2","True","B_o118_r14432","B","closure_count>1"
"1","2","True","B_o118_r14437","B","closure_count>1"
"1","2","True","B_o118_r14438","B","closure_count>1"
"1","2","True","B_o118_r14440","B","closure_count>1"
"1","2","True","B_o118_r14442","B","closure_count>1"
"1","2","True","B_o118_r14443","B","closure_count>1"
"1","4","True","B_o118_r14444","B","closure_count>1"
"1","3","True","B_o118_r14446","B","closure_count>1"
"1","2","True","B_o118_r14447","B","closure_count>1"
"1","3","True","B_o118_r14448","B","closure_count>1"
"1","3","True","B_o118_r14449","B","closure_count>1"
"1","3","True","B_o118_r14450","B","closure_count>1"
"1","2","True","B_o118_r14452","B","closure_count>1"
"1","2","True","B_o118_r14454","B","closure_count>1"
"1","3","True","B_o118_r14455","B","closure_count>1"
"1","3","True","B_o118_r14456","B","closure_count>1"
"1","2","True","B_o118_r14458","B","closure_count>1"
"1","2","True","B_o118_r14460","B","closure_count>1"
"1","3","True","B_o118_r14461","B","closure_count>1"
"1","2","True","B_o118_r14462","B","closure_count>1"
"1","2","True","B_o118_r14463","B","closure_count>1"
"1","4","True","B_o118_r14464","B","closure_count>1"
"1","2","True","B_o118_r14466","B","closure_count>1"
"1","3","True","B_o118_r14467","B","closure_count>1"
"1","4","True","B_o118_r14468","B","closure_count>1"
"1","2","True","B_o118_r14469","B","closure_count>1"
"1","6","True","B_o118_r14470","B","closure_count>1"
"1","2","True","B_o118_r14471","B","closure_count>1"
"1","4","True","B_o118_r14472","B","closure_count>1"
"1","3","True","B_o118_r14474","B","closure_count>1"
"1","3","True","B_o118_r14476","B","closure_count>1"
"1","3","True","B_o118_r14478","B","closure_count>1"
"1","3","True","B_o118_r14480","B","closure_count>1"
"1","4","True","B_o118_r14482","B","closure_count>1"
"1","3","True","B_o118_r14484","B","closure_count>1"
"1","2","True","B_o118_r14485","B","closure_count>1"
"1","3","True","B_o118_r14486","B","closure_count>1"
"1","2","True","B_o118_r14487","B","closure_count>1"
"1","6","True","B_o118_r14488","B","closure_count>1"
"1","2","True","B_o118_r14489","B","closure_count>1"
"1","4","True","B_o118_r14490","B","closure_count>1"
"1","4","True","B_o118_r14498","B","closure_count>1"
"1","4","True","B_o118_r14500","B","closure_count>1"
"1","2","True","B_o118_r14501","B","closure_count>1"
"1","4","True","B_o118_r14502","B","closure_count>1"
"1","4","True","B_o118_r14504","B","closure_count>1"
"1","5","True","B_o118_r14506","B","closure_count>1"
"1","2","True","B_o118_r14507","B","closure_count>1"
"1","4","True","B_o118_r14508","B","closure_count>1"
"1","2","True","B_o118_r14509","B","closure_count>1"
"1","4","True","B_o118_r14510","B","closure_count>1"
"1","2","True","B_o118_r14511","B","closure_count>1"
"1","8","True","B_o118_r14512","B","closure_count>1"
"1","3","True","B_o118_r14513","B","closure_count>1"
"1","6","True","B_o118_r14514","B","closure_count>1"
"1","2","True","B_o118_r14515","B","closure_count>1"
"1","2","True","B_o118_r14516","B","closure_count>1"
"1","2","True","B_o118_r14517","B","closure_count>1"
"1","2","True","B_o118_r14518","B","closure_count>1"
"1","2","True","B_o118_r14519","B","closure_count>1"
"1","2","True","B_o118_r14520","B","closure_count>1"
"1","2","True","B_o119_r14527","B","closure_count>1"
"1","2","True","B_o119_r14528","B","closure_count>1"
"1","2","True","B_o119_r14534","B","closure_count>1"
"1","3","True","B_o119_r14540","B","closure_count>1"
"1","2","True","B_o119_r14543","B","closure_count>1"
"1","2","True","B_o119_r14545","B","closure_count>1"
"1","2","True","B_o119_r14546","B","closure_count>1"
"1","2","True","B_o119_r14547","B","closure_count>1"
"1","2","True","B_o119_r14548","B","closure_count>1"
"1","2","True","B_o119_r14549","B","closure_count>1"
"1","2","True","B_o119_r14550","B","closure_count>1"
"1","2","True","B_o119_r14551","B","closure_count>1"
"1","2","True","B_o119_r14552","B","closure_count>1"
"1","2","True","B_o119_r14557","B","closure_count>1"
"1","2","True","B_o119_r14558","B","closure_count>1"
"1","2","True","B_o119_r14563","B","closure_count>1"
"1","4","True","B_o119_r14564","B","closure_count>1"
"1","2","True","B_o119_r14567","B","closure_count>1"
"1","3","True","B_o119_r14569","B","closure_count>1"
"1","3","True","B_o119_r14570","B","closure_count>1"
"1","2","True","B_o119_r14572","B","closure_count>1"
"1","2","True","B_o119_r14574","B","closure_count>1"
"1","3","True","B_o119_r14575","B","closure_count>1"
"1","3","True","B_o119_r14576","B","closure_count>1"
"1","2","True","B_o119_r14578","B","closure_count>1"
"1","2","True","B_o119_r14580","B","closure_count>1"
"1","2","True","B_o119_r14582","B","closure_count>1"
"1","4","True","B_o119_r14584","B","closure_count>1"
"1","2","True","B_o119_r14586","B","closure_count>1"
"1","4","True","B_o119_r14588","B","closure_count>1"
"1","6","True","B_o119_r14590","B","closure_count>1"
"1","2","True","B_o119_r14591","B","closure_count>1"
"1","4","True","B_o119_r14592","B","closure_count>1"
"1","3","True","B_o119_r14594","B","closure_count>1"
"1","3","True","B_o119_r14596","B","closure_count>1"
"1","3","True","B_o119_r14598","B","closure_count>1"
"1","3","True","B_o119_r14600","B","closure_count>1"
"1","4","True","B_o119_r14602","B","closure_count>1"
"1","3","True","B_o119_r14604","B","closure_count>1"
"1","3","True","B_o119_r14606","B","closure_count>1"
"1","6","True","B_o119_r14608","B","closure_count>1"
"1","2","True","B_o119_r14609","B","closure_count>1"
"1","4","True","B_o119_r14610","B","closure_count>1"
"1","3","True","B_o119_r14612","B","closure_count>1"
"1","3","True","B_o119_r14614","B","closure_count>1"
"1","2","True","B_o119_r14615","B","closure_count>1"
"1","3","True","B_o119_r14616","B","closure_count>1"
"1","4","True","B_o119_r14618","B","closure_count>1"
"1","4","True","B_o119_r14620","B","closure_count>1"
"1","2","True","B_o119_r14621","B","closure_count>1"
"1","5","True","B_o119_r14622","B","closure_count>1"
"1","4","True","B_o119_r14624","B","closure_count>1"
"1","5","True","B_o119_r14626","B","closure_count>1"
"1","2","True","B_o119_r14627","B","closure_count>1"
"1","5","True","B_o119_r14628","B","closure_count>1"
"1","4","True","B_o119_r14630","B","closure_count>1"
"1","8","True","B_o119_r14632","B","closure_count>1"
"1","3","True","B_o119_r14633","B","closure_count>1"
"1","6","True","B_o119_r14634","B","closure_count>1"
"1","2","True","B_o119_r14635","B","closure_count>1"
"1","5","True","B_o119_r14636","B","closure_count>1"
"1","2","True","B_o119_r14637","B","closure_count>1"
"1","6","True","B_o119_r14638","B","closure_count>1"
"1","4","True","B_o119_r14639","B","closure_count>1"
"1","6","True","B_o119_r14640","B","closure_count>1"
"1","2","True","B_o120_r14647","B","closure_count>1"
"1","2","True","B_o120_r14648","B","closure_count>1"
"1","2","True","B_o120_r14649","B","closure_count>1"
"1","2","True","B_o120_r14651","B","closure_count>1"
"1","2","True","B_o120_r14654","B","closure_count>1"
"1","2","True","B_o120_r14657","B","closure_count>1"
"1","3","True","B_o120_r14660","B","closure_count>1"
"1","3","True","B_o120_r14663","B","closure_count>1"
"1","2","True","B_o120_r14665","B","closure_count>1"
"1","2","True","B_o120_r14666","B","closure_count>1"
"1","2","True","B_o120_r14667","B","closure_count>1"
"1","2","True","B_o120_r14668","B","closure_count>1"
"1","2","True","B_o120_r14669","B","closure_count>1"
"1","2","True","B_o120_r14670","B","closure_count>1"
"1","2","True","B_o120_r14671","B","closure_count>1"
"1","2","True","B_o120_r14672","B","closure_count>1"
"1","2","True","B_o120_r14677","B","closure_count>1"
"1","2","True","B_o120_r14678","B","closure_count>1"
"1","2","True","B_o120_r14683","B","closure_count>1"
"1","4","True","B_o120_r14684","B","closure_count>1"
"1","2","True","B_o120_r14687","B","closure_count>1"
"1","3","True","B_o120_r14689","B","closure_count>1"
"1","3","True","B_o120_r14690","B","closure_count>1"
"1","3","True","B_o120_r14691","B","closure_count>1"
"1","2","True","B_o120_r14692","B","closure_count>1"
"1","3","True","B_o120_r14693","B","closure_count>1"
"1","2","True","B_o120_r14694","B","closure_count>1"
"1","3","True","B_o120_r14695","B","closure_count>1"
"1","3","True","B_o120_r14696","B","closure_count>1"
"1","2","True","B_o120_r14697","B","closure_count>1"
"1","2","True","B_o120_r14698","B","closure_count>1"
"1","2","True","B_o120_r14699","B","closure_count>1"
"1","2","True","B_o120_r14700","B","closure_count>1"
"1","2","True","B_o120_r14702","B","closure_count>1"
"1","4","True","B_o120_r14704","B","closure_count>1"
"1","4","True","B_o120_r14706","B","closure_count>1"
"1","4","True","B_o120_r14708","B","closure_count>1"
"1","6","True","B_o120_r14710","B","closure_count>1"
"1","2","True","B_o120_r14711","B","closure_count>1"
"1","6","True","B_o120_r14712","B","closure_count>1"
"1","3","True","B_o120_r14714","B","closure_count>1"
"1","3","True","B_o120_r14716","B","closure_count>1"
"1","3","True","B_o120_r14717","B","closure_count>1"
"1","3","True","B_o120_r14718","B","closure_count>1"
"1","3","True","B_o120_r14720","B","closure_count>1"
"1","4","True","B_o120_r14722","B","closure_count>1"
"1","2","True","B_o120_r14723","B","closure_count>1"
"1","4","True","B_o120_r14724","B","closure_count>1"
"1","3","True","B_o120_r14726","B","closure_count>1"
"1","6","True","B_o120_r14728","B","closure_count>1"
"1","2","True","B_o120_r14729","B","closure_count>1"
"1","6","True","B_o120_r14730","B","closure_count>1"
"1","3","True","B_o120_r14732","B","closure_count>1"
"1","3","True","B_o120_r14734","B","closure_count>1"
"1","2","True","B_o120_r14735","B","closure_count>1"
"1","4","True","B_o120_r14736","B","closure_count>1"
"1","4","True","B_o120_r14738","B","closure_count>1"
"1","4","True","B_o120_r14740","B","closure_count>1"
"1","4","True","B_o120_r14741","B","closure_count>1"
"1","5","True","B_o120_r14742","B","closure_count>1"
"1","4","True","B_o120_r14744","B","closure_count>1"
"1","5","True","B_o120_r14746","B","closure_count>1"
"1","3","True","B_o120_r14747","B","closure_count>1"
"1","6","True","B_o120_r14748","B","closure_count>1"
"1","4","True","B_o120_r14750","B","closure_count>1"
"1","8","True","B_o120_r14752","B","closure_count>1"
"1","3","True","B_o120_r14753","B","closure_count>1"
"1","8","True","B_o120_r14754","B","closure_count>1"
"1","2","True","B_o120_r14755","B","closure_count>1"
"1","5","True","B_o120_r14756","B","closure_count>1"
"1","2","True","B_o120_r14757","B","closure_count>1"
"1","6","True","B_o120_r14758","B","closure_count>1"
"1","4","True","B_o120_r14759","B","closure_count>1"
"1","8","True","B_o120_r14760","B","closure_count>1"
"1","2","True","B_o121_r14767","B","closure_count>1"
"1","2","True","B_o121_r14768","B","closure_count>1"
"1","2","True","B_o121_r14774","B","closure_count>1"
"1","2","True","B_o121_r14776","B","closure_count>1"
"1","2","True","B_o121_r14778","B","closure_count>1"
"1","2","True","B_o121_r14785","B","closure_count>1"
"1","2","True","B_o121_r14786","B","closure_count>1"
"1","2","True","B_o121_r14787","B","closure_count>1"
"1","2","True","B_o121_r14788","B","closure_count>1"
"1","2","True","B_o121_r14789","B","closure_count>1"
"1","2","True","B_o121_r14790","B","closure_count>1"
"1","4","True","B_o121_r14791","B","closure_count>1"
"1","4","True","B_o121_r14792","B","closure_count>1"
"1","2","True","B_o121_r14797","B","closure_count>1"
"1","4","True","B_o121_r14798","B","closure_count>1"
"1","2","True","B_o121_r14800","B","closure_count>1"
"1","2","True","B_o121_r14802","B","closure_count>1"
"1","2","True","B_o121_r14803","B","closure_count>1"
"1","2","True","B_o121_r14804","B","closure_count>1"
"1","4","True","B_o121_r14809","B","closure_count>1"
"1","4","True","B_o121_r14810","B","closure_count>1"
"1","2","True","B_o121_r14812","B","closure_count>1"
"1","2","True","B_o121_r14814","B","closure_count>1"
"1","6","True","B_o121_r14815","B","closure_count>1"
"1","6","True","B_o121_r14816","B","closure_count>1"
"1","2","True","B_o121_r14818","B","closure_count>1"
"1","2","True","B_o121_r14820","B","closure_count>1"
"1","3","True","B_o121_r14821","B","closure_count>1"
"1","4","True","B_o121_r14822","B","closure_count>1"
"1","2","True","B_o121_r14823","B","closure_count>1"
"1","4","True","B_o121_r14824","B","closure_count>1"
"1","2","True","B_o121_r14826","B","closure_count>1"
"1","3","True","B_o121_r14827","B","closure_count>1"
"1","2","True","B_o121_r14828","B","closure_count>1"
"1","2","True","B_o121_r14829","B","closure_count>1"
"1","2","True","B_o121_r14830","B","closure_count>1"
"1","2","True","B_o121_r14832","B","closure_count>1"
"1","5","True","B_o121_r14833","B","closure_count>1"
"1","4","True","B_o121_r14834","B","closure_count>1"
"1","2","True","B_o121_r14835","B","closure_count>1"
"1","4","True","B_o121_r14836","B","closure_count>1"
"1","3","True","B_o121_r14838","B","closure_count>1"
"1","8","True","B_o121_r14839","B","closure_count>1"
"1","6","True","B_o121_r14840","B","closure_count>1"
"1","2","True","B_o121_r14841","B","closure_count>1"
"1","4","True","B_o121_r14842","B","closure_count>1"
"1","3","True","B_o121_r14844","B","closure_count>1"
"1","10","True","B_o121_r14845","B","closure_count>1"
"1","6","True","B_o121_r14846","B","closure_count>1"
"1","5","True","B_o121_r14847","B","closure_count>1"
"1","6","True","B_o121_r14848","B","closure_count>1"
"1","2","True","B_o121_r14849","B","closure_count>1"
"1","4","True","B_o121_r14850","B","closure_count>1"
"1","2","True","B_o121_r14863","B","closure_count>1"
"1","2","True","B_o121_r14864","B","closure_count>1"
"1","3","True","B_o121_r14869","B","closure_count>1"
"1","2","True","B_o121_r14870","B","closure_count>1"
"1","2","True","B_o121_r14871","B","closure_count>1"
"1","2","True","B_o121_r14872","B","closure_count>1"
"1","2","True","B_o121_r14874","B","closure_count>1"
"1","2","True","B_o122_r14887","B","closure_count>1"
"1","2","True","B_o122_r14888","B","closure_count>1"
"1","2","True","B_o122_r14894","B","closure_count>1"
"1","2","True","B_o122_r14896","B","closure_count>1"
"1","2","True","B_o122_r14898","B","closure_count>1"
"1","2","True","B_o122_r14905","B","closure_count>1"
"1","2","True","B_o122_r14906","B","closure_count>1"
"1","2","True","B_o122_r14907","B","closure_count>1"
"1","2","True","B_o122_r14908","B","closure_count>1"
"1","2","True","B_o122_r14909","B","closure_count>1"
"1","2","True","B_o122_r14910","B","closure_count>1"
"1","4","True","B_o122_r14911","B","closure_count>1"
"1","4","True","B_o122_r14912","B","closure_count>1"
"1","2","True","B_o122_r14917","B","closure_count>1"
"1","4","True","B_o122_r14918","B","closure_count>1"
"1","2","True","B_o122_r14920","B","closure_count>1"
"1","2","True","B_o122_r14922","B","closure_count>1"
"1","2","True","B_o122_r14923","B","closure_count>1"
"1","2","True","B_o122_r14924","B","closure_count>1"
"1","4","True","B_o122_r14929","B","closure_count>1"
"1","4","True","B_o122_r14930","B","closure_count>1"
"1","2","True","B_o122_r14932","B","closure_count>1"
"1","2","True","B_o122_r14934","B","closure_count>1"
"1","6","True","B_o122_r14935","B","closure_count>1"
"1","6","True","B_o122_r14936","B","closure_count>1"
"1","2","True","B_o122_r14938","B","closure_count>1"
"1","2","True","B_o122_r14940","B","closure_count>1"
"1","3","True","B_o122_r14941","B","closure_count>1"
"1","4","True","B_o122_r14942","B","closure_count>1"
"1","2","True","B_o122_r14943","B","closure_count>1"
"1","4","True","B_o122_r14944","B","closure_count>1"
"1","2","True","B_o122_r14946","B","closure_count>1"
"1","3","True","B_o122_r14947","B","closure_count>1"
"1","2","True","B_o122_r14948","B","closure_count>1"
"1","2","True","B_o122_r14949","B","closure_count>1"
"1","2","True","B_o122_r14950","B","closure_count>1"
"1","2","True","B_o122_r14952","B","closure_count>1"
"1","5","True","B_o122_r14953","B","closure_count>1"
"1","4","True","B_o122_r14954","B","closure_count>1"
"1","2","True","B_o122_r14955","B","closure_count>1"
"1","4","True","B_o122_r14956","B","closure_count>1"
"1","3","True","B_o122_r14958","B","closure_count>1"
"1","8","True","B_o122_r14959","B","closure_count>1"
"1","6","True","B_o122_r14960","B","closure_count>1"
"1","2","True","B_o122_r14961","B","closure_count>1"
"1","4","True","B_o122_r14962","B","closure_count>1"
"1","3","True","B_o122_r14964","B","closure_count>1"
"1","10","True","B_o122_r14965","B","closure_count>1"
"1","6","True","B_o122_r14966","B","closure_count>1"
"1","5","True","B_o122_r14967","B","closure_count>1"
"1","6","True","B_o122_r14968","B","closure_count>1"
"1","2","True","B_o122_r14969","B","closure_count>1"
"1","4","True","B_o122_r14970","B","closure_count>1"
"1","2","True","B_o122_r14983","B","closure_count>1"
"1","2","True","B_o122_r14984","B","closure_count>1"
"1","3","True","B_o122_r14989","B","closure_count>1"
"1","2","True","B_o122_r14990","B","closure_count>1"
"1","2","True","B_o122_r14991","B","closure_count>1"
"1","2","True","B_o122_r14992","B","closure_count>1"
"1","2","True","B_o122_r14994","B","closure_count>1"
"1","2","True","B_o123_r15007","B","closure_count>1"
"1","2","True","B_o123_r15008","B","closure_count>1"
"1","2","True","B_o123_r15014","B","closure_count>1"
"1","2","True","B_o123_r15016","B","closure_count>1"
"1","2","True","B_o123_r15018","B","closure_count>1"
"1","3","True","B_o123_r15020","B","closure_count>1"
"1","3","True","B_o123_r15022","B","closure_count>1"
"1","2","True","B_o123_r15023","B","closure_count>1"
"1","3","True","B_o123_r15024","B","closure_count>1"
"1","2","True","B_o123_r15025","B","closure_count>1"
"1","2","True","B_o123_r15026","B","closure_count>1"
"1","2","True","B_o123_r15027","B","closure_count>1"
"1","2","True","B_o123_r15028","B","closure_count>1"
"1","2","True","B_o123_r15029","B","closure_count>1"
"1","2","True","B_o123_r15030","B","closure_count>1"
"1","4","True","B_o123_r15031","B","closure_count>1"
"1","4","True","B_o123_r15032","B","closure_count>1"
"1","2","True","B_o123_r15037","B","closure_count>1"
"1","4","True","B_o123_r15038","B","closure_count>1"
"1","2","True","B_o123_r15040","B","closure_count>1"
"1","2","True","B_o123_r15042","B","closure_count>1"
"1","2","True","B_o123_r15043","B","closure_count>1"
"1","6","True","B_o123_r15044","B","closure_count>1"
"1","3","True","B_o123_r15046","B","closure_count>1"
"1","2","True","B_o123_r15047","B","closure_count>1"
"1","3","True","B_o123_r15048","B","closure_count>1"
"1","4","True","B_o123_r15049","B","closure_count>1"
"1","4","True","B_o123_r15050","B","closure_count>1"
"1","2","True","B_o123_r15052","B","closure_count>1"
"1","2","True","B_o123_r15054","B","closure_count>1"
"1","6","True","B_o123_r15055","B","closure_count>1"
"1","6","True","B_o123_r15056","B","closure_count>1"
"1","2","True","B_o123_r15058","B","closure_count>1"
"1","2","True","B_o123_r15060","B","closure_count>1"
"1","3","True","B_o123_r15061","B","closure_count>1"
"1","4","True","B_o123_r15062","B","closure_count>1"
"1","2","True","B_o123_r15063","B","closure_count>1"
"1","4","True","B_o123_r15064","B","closure_count>1"
"1","2","True","B_o123_r15066","B","closure_count>1"
"1","3","True","B_o123_r15067","B","closure_count>1"
"1","6","True","B_o123_r15068","B","closure_count>1"
"1","2","True","B_o123_r15069","B","closure_count>1"
"1","6","True","B_o123_r15070","B","closure_count>1"
"1","2","True","B_o123_r15071","B","closure_count>1"
"1","4","True","B_o123_r15072","B","closure_count>1"
"1","4","True","B_o123_r15074","B","closure_count>1"
"1","4","True","B_o123_r15076","B","closure_count>1"
"1","3","True","B_o123_r15078","B","closure_count>1"
"1","2","True","B_o123_r15079","B","closure_count>1"
"1","6","True","B_o123_r15080","B","closure_count>1"
"1","4","True","B_o123_r15082","B","closure_count>1"
"1","3","True","B_o123_r15084","B","closure_count>1"
"1","3","True","B_o123_r15085","B","closure_count>1"
"1","6","True","B_o123_r15086","B","closure_count>1"
"1","2","True","B_o123_r15087","B","closure_count>1"
"1","6","True","B_o123_r15088","B","closure_count>1"
"1","2","True","B_o123_r15089","B","closure_count>1"
"1","4","True","B_o123_r15090","B","closure_count>1"
"1","5","True","B_o123_r15098","B","closure_count>1"
"1","5","True","B_o123_r15100","B","closure_count>1"
"1","2","True","B_o123_r15101","B","closure_count>1"
"1","4","True","B_o123_r15102","B","closure_count>1"
"1","2","True","B_o123_r15103","B","closure_count>1"
"1","8","True","B_o123_r15104","B","closure_count>1"
"1","5","True","B_o123_r15106","B","closure_count>1"
"1","2","True","B_o123_r15107","B","closure_count>1"
"1","4","True","B_o123_r15108","B","closure_count>1"
"1","3","True","B_o123_r15109","B","closure_count>1"
"1","8","True","B_o123_r15110","B","closure_count>1"
"1","2","True","B_o123_r15111","B","closure_count>1"
"1","8","True","B_o123_r15112","B","closure_count>1"
"1","3","True","B_o123_r15113","B","closure_count>1"
"1","6","True","B_o123_r15114","B","closure_count>1"
"1","2","True","B_o123_r15115","B","closure_count>1"
"1","2","True","B_o123_r15116","B","closure_count>1"
"1","2","True","B_o123_r15117","B","closure_count>1"
"1","2","True","B_o123_r15118","B","closure_count>1"
"1","2","True","B_o123_r15119","B","closure_count>1"
"1","2","True","B_o123_r15120","B","closure_count>1"
"1","2","True","B_o124_r15127","B","closure_count>1"
"1","2","True","B_o124_r15128","B","closure_count>1"
"1","2","True","B_o124_r15134","B","closure_count>1"
"1","3","True","B_o124_r15140","B","closure_count>1"
"1","2","True","B_o124_r15143","B","closure_count>1"
"1","2","True","B_o124_r15145","B","closure_count>1"
"1","2","True","B_o124_r15146","B","closure_count>1"
"1","2","True","B_o124_r15147","B","closure_count>1"
"1","2","True","B_o124_r15148","B","closure_count>1"
"1","2","True","B_o124_r15149","B","closure_count>1"
"1","2","True","B_o124_r15150","B","closure_count>1"
"1","4","True","B_o124_r15151","B","closure_count>1"
"1","4","True","B_o124_r15152","B","closure_count>1"
"1","2","True","B_o124_r15157","B","closure_count>1"
"1","4","True","B_o124_r15158","B","closure_count>1"
"1","2","True","B_o124_r15163","B","closure_count>1"
"1","6","True","B_o124_r15164","B","closure_count>1"
"1","2","True","B_o124_r15167","B","closure_count>1"
"1","4","True","B_o124_r15169","B","closure_count>1"
"1","4","True","B_o124_r15170","B","closure_count>1"
"1","2","True","B_o124_r15172","B","closure_count>1"
"1","2","True","B_o124_r15174","B","closure_count>1"
"1","6","True","B_o124_r15175","B","closure_count>1"
"1","6","True","B_o124_r15176","B","closure_count>1"
"1","2","True","B_o124_r15178","B","closure_count>1"
"1","2","True","B_o124_r15180","B","closure_count>1"
"1","4","True","B_o124_r15182","B","closure_count>1"
"1","4","True","B_o124_r15184","B","closure_count>1"
"1","2","True","B_o124_r15186","B","closure_count>1"
"1","6","True","B_o124_r15188","B","closure_count>1"
"1","6","True","B_o124_r15190","B","closure_count>1"
"1","2","True","B_o124_r15191","B","closure_count>1"
"1","4","True","B_o124_r15192","B","closure_count>1"
"1","4","True","B_o124_r15194","B","closure_count>1"
"1","4","True","B_o124_r15196","B","closure_count>1"
"1","3","True","B_o124_r15198","B","closure_count>1"
"1","2","True","B_o124_r15199","B","closure_count>1"
"1","6","True","B_o124_r15200","B","closure_count>1"
"1","4","True","B_o124_r15202","B","closure_count>1"
"1","3","True","B_o124_r15204","B","closure_count>1"
"1","6","True","B_o124_r15206","B","closure_count>1"
"1","6","True","B_o124_r15208","B","closure_count>1"
"1","2","True","B_o124_r15209","B","closure_count>1"
"1","4","True","B_o124_r15210","B","closure_count>1"
"1","3","True","B_o124_r15212","B","closure_count>1"
"1","3","True","B_o124_r15214","B","closure_count>1"
"1","2","True","B_o124_r15215","B","closure_count>1"
"1","3","True","B_o124_r15216","B","closure_count>1"
"1","5","True","B_o124_r15218","B","closure_count>1"
"1","5","True","B_o124_r15220","B","closure_count>1"
"1","2","True","B_o124_r15221","B","closure_count>1"
"1","5","True","B_o124_r15222","B","closure_count>1"
"1","2","True","B_o124_r15223","B","closure_count>1"
"1","8","True","B_o124_r15224","B","closure_count>1"
"1","5","True","B_o124_r15226","B","closure_count>1"
"1","2","True","B_o124_r15227","B","closure_count>1"
"1","5","True","B_o124_r15228","B","closure_count>1"
"1","8","True","B_o124_r15230","B","closure_count>1"
"1","8","True","B_o124_r15232","B","closure_count>1"
"1","3","True","B_o124_r15233","B","closure_count>1"
"1","6","True","B_o124_r15234","B","closure_count>1"
"1","2","True","B_o124_r15235","B","closure_count>1"
"1","6","True","B_o124_r15236","B","closure_count>1"
"1","2","True","B_o124_r15237","B","closure_count>1"
"1","6","True","B_o124_r15238","B","closure_count>1"
"1","4","True","B_o124_r15239","B","closure_count>1"
"1","6","True","B_o124_r15240","B","closure_count>1"
"1","2","True","B_o125_r15247","B","closure_count>1"
"1","2","True","B_o125_r15248","B","closure_count>1"
"1","2","True","B_o125_r15249","B","closure_count>1"
"1","2","True","B_o125_r15251","B","closure_count>1"
"1","2","True","B_o125_r15254","B","closure_count>1"
"1","2","True","B_o125_r15257","B","closure_count>1"
"1","3","True","B_o125_r15260","B","closure_count>1"
"1","3","True","B_o125_r15263","B","closure_count>1"
"1","2","True","B_o125_r15265","B","closure_count>1"
"1","2","True","B_o125_r15266","B","closure_count>1"
"1","2","True","B_o125_r15267","B","closure_count>1"
"1","2","True","B_o125_r15268","B","closure_count>1"
"1","2","True","B_o125_r15269","B","closure_count>1"
"1","2","True","B_o125_r15270","B","closure_count>1"
"1","4","True","B_o125_r15271","B","closure_count>1"
"1","4","True","B_o125_r15272","B","closure_count>1"
"1","2","True","B_o125_r15277","B","closure_count>1"
"1","4","True","B_o125_r15278","B","closure_count>1"
"1","2","True","B_o125_r15283","B","closure_count>1"
"1","6","True","B_o125_r15284","B","closure_count>1"
"1","2","True","B_o125_r15287","B","closure_count>1"
"1","4","True","B_o125_r15289","B","closure_count>1"
"1","4","True","B_o125_r15290","B","closure_count>1"
"1","3","True","B_o125_r15291","B","closure_count>1"
"1","2","True","B_o125_r15292","B","closure_count>1"
"1","3","True","B_o125_r15293","B","closure_count>1"
"1","2","True","B_o125_r15294","B","closure_count>1"
"1","6","True","B_o125_r15295","B","closure_count>1"
"1","6","True","B_o125_r15296","B","closure_count>1"
"1","2","True","B_o125_r15297","B","closure_count>1"
"1","2","True","B_o125_r15298","B","closure_count>1"
"1","2","True","B_o125_r15299","B","closure_count>1"
"1","2","True","B_o125_r15300","B","closure_count>1"
"1","4","True","B_o125_r15302","B","closure_count>1"
"1","4","True","B_o125_r15304","B","closure_count>1"
"1","4","True","B_o125_r15306","B","closure_count>1"
"1","6","True","B_o125_r15308","B","closure_count>1"
"1","6","True","B_o125_r15310","B","closure_count>1"
"1","2","True","B_o125_r15311","B","closure_count>1"
"1","6","True","B_o125_r15312","B","closure_count>1"
"1","4","True","B_o125_r15314","B","closure_count>1"
"1","4","True","B_o125_r15316","B","closure_count>1"
"1","3","True","B_o125_r15317","B","closure_count>1"
"1","3","True","B_o125_r15318","B","closure_count>1"
"1","2","True","B_o125_r15319","B","closure_count>1"
"1","6","True","B_o125_r15320","B","closure_count>1"
"1","4","True","B_o125_r15322","B","closure_count>1"
"1","2","True","B_o125_r15323","B","closure_count>1"
"1","4","True","B_o125_r15324","B","closure_count>1"
"1","6","True","B_o125_r15326","B","closure_count>1"
"1","6","True","B_o125_r15328","B","closure_count>1"
"1","2","True","B_o125_r15329","B","closure_count>1"
"1","6","True","B_o125_r15330","B","closure_count>1"
"1","3","True","B_o125_r15332","B","closure_count>1"
"1","3","True","B_o125_r15334","B","closure_count>1"
"1","2","True","B_o125_r15335","B","closure_count>1"
"1","4","True","B_o125_r15336","B","closure_count>1"
"1","5","True","B_o125_r15338","B","closure_count>1"
"1","5","True","B_o125_r15340","B","closure_count>1"
"1","4","True","B_o125_r15341","B","closure_count>1"
"1","5","True","B_o125_r15342","B","closure_count>1"
"1","2","True","B_o125_r15343","B","closure_count>1"
"1","8","True","B_o125_r15344","B","closure_count>1"
"1","5","True","B_o125_r15346","B","closure_count>1"
"1","3","True","B_o125_r15347","B","closure_count>1"
"1","6","True","B_o125_r15348","B","closure_count>1"
"1","8","True","B_o125_r15350","B","closure_count>1"
"1","8","True","B_o125_r15352","B","closure_count>1"
"1","3","True","B_o125_r15353","B","closure_count>1"
"1","8","True","B_o125_r15354","B","closure_count>1"
"1","2","True","B_o125_r15355","B","closure_count>1"
"1","6","True","B_o125_r15356","B","closure_count>1"
"1","2","True","B_o125_r15357","B","closure_count>1"
"1","6","True","B_o125_r15358","B","closure_count>1"
"1","4","True","B_o125_r15359","B","closure_count>1"
"1","8","True","B_o125_r15360","B","closure_count>1"
"1","2","True","B_o126_r15367","B","closure_count>1"
"1","2","True","B_o126_r15368","B","closure_count>1"
"1","2","True","B_o126_r15369","B","closure_count>1"
"1","2","True","B_o126_r15371","B","closure_count>1"
"1","2","True","B_o126_r15374","B","closure_count>1"
"1","2","True","B_o126_r15377","B","closure_count>1"
"1","3","True","B_o126_r15380","B","closure_count>1"
"1","3","True","B_o126_r15383","B","closure_count>1"
"1","2","True","B_o126_r15385","B","closure_count>1"
"1","2","True","B_o126_r15386","B","closure_count>1"
"1","2","True","B_o126_r15387","B","closure_count>1"
"1","2","True","B_o126_r15388","B","closure_count>1"
"1","2","True","B_o126_r15389","B","closure_count>1"
"1","2","True","B_o126_r15390","B","closure_count>1"
"1","4","True","B_o126_r15391","B","closure_count>1"
"1","4","True","B_o126_r15392","B","closure_count>1"
"1","2","True","B_o126_r15393","B","closure_count>1"
"1","2","True","B_o126_r15395","B","closure_count>1"
"1","2","True","B_o126_r15397","B","closure_count>1"
"1","4","True","B_o126_r15398","B","closure_count>1"
"1","2","True","B_o126_r15399","B","closure_count>1"
"1","2","True","B_o126_r15401","B","closure_count>1"
"1","2","True","B_o126_r15403","B","closure_count>1"
"1","6","True","B_o126_r15404","B","closure_count>1"
"1","2","True","B_o126_r15405","B","closure_count>1"
"1","4","True","B_o126_r15407","B","closure_count>1"
"1","4","True","B_o126_r15409","B","closure_count>1"
"1","4","True","B_o126_r15410","B","closure_count>1"
"1","3","True","B_o126_r15411","B","closure_count>1"
"1","2","True","B_o126_r15412","B","closure_count>1"
"1","3","True","B_o126_r15413","B","closure_count>1"
"1","2","True","B_o126_r15414","B","closure_count>1"
"1","6","True","B_o126_r15415","B","closure_count>1"
"1","6","True","B_o126_r15416","B","closure_count>1"
"1","4","True","B_o126_r15417","B","closure_count>1"
"1","2","True","B_o126_r15418","B","closure_count>1"
"1","4","True","B_o126_r15419","B","closure_count>1"
"1","2","True","B_o126_r15420","B","closure_count>1"
"1","4","True","B_o126_r15422","B","closure_count>1"
"1","4","True","B_o126_r15424","B","closure_count>1"
"1","2","True","B_o126_r15425","B","closure_count>1"
"1","4","True","B_o126_r15426","B","closure_count>1"
"1","6","True","B_o126_r15428","B","closure_count>1"
"1","6","True","B_o126_r15430","B","closure_count>1"
"1","4","True","B_o126_r15431","B","closure_count>1"
"1","6","True","B_o126_r15432","B","closure_count>1"
"1","4","True","B_o126_r15434","B","closure_count>1"
"1","4","True","B_o126_r15436","B","closure_count>1"
"1","3","True","B_o126_r15437","B","closure_count>1"
"1","3","True","B_o126_r15438","B","closure_count>1"
"1","2","True","B_o126_r15439","B","closure_count>1"
"1","6","True","B_o126_r15440","B","closure_count>1"
"1","2","True","B_o126_r15441","B","closure_count>1"
"1","4","True","B_o126_r15442","B","closure_count>1"
"1","4","True","B_o126_r15443","B","closure_count>1"
"1","4","True","B_o126_r15444","B","closure_count>1"
"1","6","True","B_o126_r15446","B","closure_count>1"
"1","6","True","B_o126_r15448","B","closure_count>1"
"1","4","True","B_o126_r15449","B","closure_count>1"
"1","6","True","B_o126_r15450","B","closure_count>1"
"1","3","True","B_o126_r15452","B","closure_count>1"
"1","3","True","B_o126_r15454","B","closure_count>1"
"1","3","True","B_o126_r15455","B","closure_count>1"
"1","4","True","B_o126_r15456","B","closure_count>1"
"1","5","True","B_o126_r15458","B","closure_count>1"
"1","5","True","B_o126_r15460","B","closure_count>1"
"1","4","True","B_o126_r15461","B","closure_count>1"
"1","5","True","B_o126_r15462","B","closure_count>1"
"1","2","True","B_o126_r15463","B","closure_count>1"
"1","8","True","B_o126_r15464","B","closure_count>1"
"1","2","True","B_o126_r15465","B","closure_count>1"
"1","5","True","B_o126_r15466","B","closure_count>1"
"1","6","True","B_o126_r15467","B","closure_count>1"
"1","6","True","B_o126_r15468","B","closure_count>1"
"1","8","True","B_o126_r15470","B","closure_count>1"
"1","8","True","B_o126_r15472","B","closure_count>1"
"1","6","True","B_o126_r15473","B","closure_count>1"
"1","8","True","B_o126_r15474","B","closure_count>1"
"1","2","True","B_o126_r15475","B","closure_count>1"
"1","6","True","B_o126_r15476","B","closure_count>1"
"1","2","True","B_o126_r15477","B","closure_count>1"
"1","6","True","B_o126_r15478","B","closure_count>1"
"1","6","True","B_o126_r15479","B","closure_count>1"
"1","8","True","B_o126_r15480","B","closure_count>1"
