"EDD_C22","SPT_sufficient","TT_star","beta_optimal","instance_id","optimal_schedule_count","optimal_schedules","panel"
"True","True","25","True","B_o001_r00361","1","[[1,2,3,4,5]]","B"
"True","True","25","True","B_o001_r00362","1","[[1,2,3,4,5]]","B"
"True","True","25","True","B_o001_r00363","1","[[1,2,3,4,5]]","B"
"True","True","25","True","B_o001_r00364","1","[[1,2,3,4,5]]","B"
"True","True","27","True","B_o001_r00365","1","[[1,2,3,4,5]]","B"
"True","True","27","True","B_o001_r00366","1","[[1,2,3,4,5]]","B"
"True","True","27","True","B_o001_r00369","1","[[1,2,3,4,5]]","B"
"True","True","27","True","B_o001_r00370","1","[[1,2,3,4,5]]","B"
"True","True","29","True","B_o001_r00371","1","[[1,2,3,4,5]]","B"
"True","True","29","True","B_o001_r00372","1","[[1,2,3,4,5]]","B"
"True","True","27","True","B_o001_r00373","1","[[1,3,2,4,5]]","B"
"True","True","27","True","B_o001_r00374","1","[[1,3,2,4,5]]","B"
"True","True","27","True","B_o001_r00375","1","[[1,3,2,4,5]]","B"
"True","True","27","True","B_o001_r00376","1","[[1,3,2,4,5]]","B"
"True","True","31","True","B_o001_r00377","2","[[1,2,3,4,5],[1,3,2,4,5]]","B"
"True","True","31","True","B_o001_r00378","2","[[1,2,3,4,5],[1,3,2,4,5]]","B"
"True","True","29","True","B_o001_r00379","1","[[1,3,2,4,5]]","B"
"True","True","29","True","B_o001_r00380","1","[[1,3,2,4,5]]","B"
"True","True","29","True","B_o001_r00381","1","[[1,3,2,4,5]]","B"
"True","True","29","True","B_o001_r00382","1","[[1,3,2,4,5]]","B"
"True","True","26","True","B_o001_r00385","1","[[2,1,3,4,5]]","B"
"True","True","26","True","B_o001_r00386","1","[[2,1,3,4,5]]","B"
"True","True","26","True","B_o001_r00387","1","[[2,1,3,4,5]]","B"
"True","True","26","True","B_o001_r00388","1","[[2,1,3,4,5]]","B"
"True","True","28","True","B_o001_r00389","1","[[2,1,3,4,5]]","B"
"True","True","28","True","B_o001_r00390","1","[[2,1,3,4,5]]","B"
"True","True","29","True","B_o001_r00393","2","[[1,2,3,4,5],[2,1,3,4,5]]","B"
"True","True","29","True","B_o001_r00394","2","[[1,2,3,4,5],[2,1,3,4,5]]","B"
"True","True","31","True","B_o001_r00395","2","[[1,2,3,4,5],[2,1,3,4,5]]","B"
"True","True","31","True","B_o001_r00396","2","[[1,2,3,4,5],[2,1,3,4,5]]","B"
"True","True","29","True","B_o001_r00397","1","[[1,3,2,4,5]]","B"
"True","True","29","True","B_o001_r00398","1","[[1,3,2,4,5]]","B"
"True","True","29","True","B_o001_r00399","1","[[1,3,2,4,5]]","B"
"True","True","29","True","B_o001_r00400","1","[[1,3,2,4,5]]","B"
"True","True","33","True","B_o001_r00401","3","[[1,2,3,4,5],[1,3,2,4,5],[2,1,3,4,5]]","B"
"True","True","33","True","B_o001_r00402","3","[[1,2,3,4,5],[1,3,2,4,5],[2,1,3,4,5]]","B"
"True","True","31","True","B_o001_r00403","1","[[1,3,2,4,5]]","B"
"True","True","31","True","B_o001_r00404","1","[[1,3,2,4,5]]","B"
"True","True","31","True","B_o001_r00405","1","[[1,3,2,4,5]]","B"
"True","True","31","True","B_o001_r00406","1","[[1,3,2,4,5]]","B"
"True","True","28","True","B_o001_r00409","1","[[2,1,3,4,5]]","B"
"True","True","28","True","B_o001_r00410","1","[[2,1,3,4,5]]","B"
"True","True","28","True","B_o001_r00411","1","[[2,1,3,4,5]]","B"
"True","True","28","True","B_o001_r00412","1","[[2,1,3,4,5]]","B"
"True","True","30","True","B_o001_r00413","1","[[2,1,3,4,5]]","B"
"True","True","30","True","B_o001_r00414","1","[[2,1,3,4,5]]","B"
"True","True","30","True","B_o001_r00421","1","[[3,1,2,4,5]]","B"
"True","True","30","True","B_o001_r00422","1","[[3,1,2,4,5]]","B"
"True","True","30","True","B_o001_r00423","1","[[3,1,2,4,5]]","B"
"True","True","30","True","B_o001_r00424","1","[[3,1,2,4,5]]","B"
"True","True","35","True","B_o001_r00425","4","[[1,2,3,4,5],[1,3,2,4,5],[2,1,3,4,5],[3,1,2,4,5]]","B"
"True","True","35","True","B_o001_r00426","4","[[1,2,3,4,5],[1,3,2,4,5],[2,1,3,4,5],[3,1,2,4,5]]","B"
"True","True","32","True","B_o001_r00427","1","[[3,1,2,4,5]]","B"
"True","True","32","True","B_o001_r00428","1","[[3,1,2,4,5]]","B"
"True","True","32","True","B_o001_r00429","1","[[3,1,2,4,5]]","B"
"True","True","32","True","B_o001_r00430","1","[[3,1,2,4,5]]","B"
"True","True","29","True","B_o001_r00433","1","[[2,3,1,4,5]]","B"
"True","True","29","True","B_o001_r00434","1","[[2,3,1,4,5]]","B"
"True","True","29","True","B_o001_r00435","1","[[2,3,1,4,5]]","B"
"True","True","29","True","B_o001_r00436","1","[[2,3,1,4,5]]","B"
"True","True","32","True","B_o001_r00437","2","[[2,1,3,4,5],[2,3,1,4,5]]","B"
"True","True","32","True","B_o001_r00438","2","[[2,1,3,4,5],[2,3,1,4,5]]","B"
"True","True","30","True","B_o001_r00439","1","[[2,3,1,4,5]]","B"
"True","True","30","True","B_o001_r00440","1","[[2,3,1,4,5]]","B"
"True","True","30","True","B_o001_r00441","1","[[2,3,1,4,5]]","B"
"True","True","30","True","B_o001_r00442","1","[[2,3,1,4,5]]","B"
"True","True","31","True","B_o001_r00445","1","[[3,2,1,4,5]]","B"
"True","True","31","True","B_o001_r00446","1","[[3,2,1,4,5]]","B"
"True","True","31","True","B_o001_r00447","1","[[3,2,1,4,5]]","B"
"True","True","31","True","B_o001_r00448","1","[[3,2,1,4,5]]","B"
"True","True","34","True","B_o001_r00451","2","[[3,1,2,4,5],[3,2,1,4,5]]","B"
"True","True","34","True","B_o001_r00452","2","[[3,1,2,4,5],[3,2,1,4,5]]","B"
"True","True","34","True","B_o001_r00453","2","[[3,1,2,4,5],[3,2,1,4,5]]","B"
"True","True","34","True","B_o001_r00454","2","[[3,1,2,4,5],[3,2,1,4,5]]","B"
"True","True","31","True","B_o001_r00457","1","[[2,3,1,4,5]]","B"
"True","True","31","True","B_o001_r00458","1","[[2,3,1,4,5]]","B"
"True","True","31","True","B_o001_r00459","1","[[2,3,1,4,5]]","B"
"True","True","31","True","B_o001_r00460","1","[[2,3,1,4,5]]","B"
"True","True","32","True","B_o001_r00463","1","[[2,3,1,4,5]]","B"
"True","True","32","True","B_o001_r00464","1","[[2,3,1,4,5]]","B"
"True","True","32","True","B_o001_r00465","1","[[2,3,1,4,5]]","B"
"True","True","32","True","B_o001_r00466","1","[[2,3,1,4,5]]","B"
"True","True","33","True","B_o001_r00469","1","[[3,2,1,4,5]]","B"
"True","True","33","True","B_o001_r00470","1","[[3,2,1,4,5]]","B"
"True","True","33","True","B_o001_r00471","1","[[3,2,1,4,5]]","B"
"True","True","33","True","B_o001_r00472","1","[[3,2,1,4,5]]","B"
"True","True","23","True","B_o002_r00481","1","[[1,2,3,4,5]]","B"
"True","True","23","True","B_o002_r00482","1","[[1,2,3,4,5]]","B"
"True","True","23","True","B_o002_r00483","1","[[1,2,3,4,5]]","B"
"True","True","23","True","B_o002_r00484","1","[[1,2,3,4,5]]","B"
"True","True","26","True","B_o002_r00485","1","[[1,2,4,3,5]]","B"
"True","True","26","True","B_o002_r00486","1","[[1,2,4,3,5]]","B"
"True","True","25","True","B_o002_r00489","1","[[1,2,3,4,5]]","B"
"True","True","25","True","B_o002_r00490","1","[[1,2,3,4,5]]","B"
"True","True","28","True","B_o002_r00491","1","[[1,2,4,3,5]]","B"
"True","True","28","True","B_o002_r00492","1","[[1,2,4,3,5]]","B"
"True","True","25","True","B_o002_r00493","1","[[1,3,2,4,5]]","B"
"True","True","25","True","B_o002_r00494","1","[[1,3,2,4,5]]","B"
"True","True","25","True","B_o002_r00495","1","[[1,3,2,4,5]]","B"
"True","True","25","True","B_o002_r00496","1","[[1,3,2,4,5]]","B"
"True","True","30","True","B_o002_r00497","1","[[1,2,4,3,5]]","B"
"True","True","30","True","B_o002_r00498","1","[[1,2,4,3,5]]","B"
"True","True","29","True","B_o002_r00499","1","[[1,3,2,4,5]]","B"
"True","True","29","True","B_o002_r00500","1","[[1,3,2,4,5]]","B"
"True","True","29","True","B_o002_r00501","1","[[1,3,2,4,5]]","B"
"True","True","29","True","B_o002_r00502","1","[[1,3,2,4,5]]","B"
"True","True","24","True","B_o002_r00505","1","[[2,1,3,4,5]]","B"
"True","True","24","True","B_o002_r00506","1","[[2,1,3,4,5]]","B"
"True","True","24","True","B_o002_r00507","1","[[2,1,3,4,5]]","B"
"True","True","24","True","B_o002_r00508","1","[[2,1,3,4,5]]","B"
"True","True","27","True","B_o002_r00509","1","[[2,1,4,3,5]]","B"
"True","True","27","True","B_o002_r00510","1","[[2,1,4,3,5]]","B"
"True","True","27","True","B_o002_r00513","2","[[1,2,3,4,5],[2,1,3,4,5]]","B"
"True","True","27","True","B_o002_r00514","2","[[1,2,3,4,5],[2,1,3,4,5]]","B"
"True","True","30","True","B_o002_r00515","2","[[1,2,4,3,5],[2,1,4,3,5]]","B"
"True","True","30","True","B_o002_r00516","2","[[1,2,4,3,5],[2,1,4,3,5]]","B"
"True","True","27","True","B_o002_r00517","1","[[1,3,2,4,5]]","B"
"True","True","27","True","B_o002_r00518","1","[[1,3,2,4,5]]","B"
"True","True","27","True","B_o002_r00519","1","[[1,3,2,4,5]]","B"
"True","True","27","True","B_o002_r00520","1","[[1,3,2,4,5]]","B"
"True","True","32","True","B_o002_r00521","2","[[1,2,4,3,5],[2,1,4,3,5]]","B"
"True","True","32","True","B_o002_r00522","2","[[1,2,4,3,5],[2,1,4,3,5]]","B"
"True","True","31","True","B_o002_r00523","1","[[1,3,2,4,5]]","B"
"True","True","31","True","B_o002_r00524","1","[[1,3,2,4,5]]","B"
"True","True","31","True","B_o002_r00525","1","[[1,3,2,4,5]]","B"
"True","True","31","True","B_o002_r00526","1","[[1,3,2,4,5]]","B"
"True","True","26","True","B_o002_r00529","1","[[2,1,3,4,5]]","B"
"True","True","26","True","B_o002_r00530","1","[[2,1,3,4,5]]","B"
"True","True","26","True","B_o002_r00531","1","[[2,1,3,4,5]]","B"
"True","True","26","True","B_o002_r00532","1","[[2,1,3,4,5]]","B"
"True","True","29","True","B_o002_r00533","1","[[2,1,4,3,5]]","B"
"True","True","29","True","B_o002_r00534","1","[[2,1,4,3,5]]","B"
"True","True","28","True","B_o002_r00541","1","[[3,1,2,4,5]]","B"
"True","True","28","True","B_o002_r00542","1","[[3,1,2,4,5]]","B"
"True","True","28","True","B_o002_r00543","1","[[3,1,2,4,5]]","B"
"True","True","28","True","B_o002_r00544","1","[[3,1,2,4,5]]","B"
"True","True","34","True","B_o002_r00545","2","[[1,2,4,3,5],[2,1,4,3,5]]","B"
"True","True","34","True","B_o002_r00546","2","[[1,2,4,3,5],[2,1,4,3,5]]","B"
"True","True","32","True","B_o002_r00547","1","[[3,1,2,4,5]]","B"
"True","True","32","True","B_o002_r00548","1","[[3,1,2,4,5]]","B"
"True","True","32","True","B_o002_r00549","1","[[3,1,2,4,5]]","B"
"True","True","32","True","B_o002_r00550","1","[[3,1,2,4,5]]","B"
"True","True","27","True","B_o002_r00553","1","[[2,3,1,4,5]]","B"
"True","True","27","True","B_o002_r00554","1","[[2,3,1,4,5]]","B"
"True","True","27","True","B_o002_r00555","1","[[2,3,1,4,5]]","B"
"True","True","27","True","B_o002_r00556","1","[[2,3,1,4,5]]","B"
"True","True","31","True","B_o002_r00557","1","[[2,1,4,3,5]]","B"
"True","True","31","True","B_o002_r00558","1","[[2,1,4,3,5]]","B"
"True","True","28","True","B_o002_r00559","1","[[2,3,1,4,5]]","B"
"True","True","28","True","B_o002_r00560","1","[[2,3,1,4,5]]","B"
"True","True","28","True","B_o002_r00561","1","[[2,3,1,4,5]]","B"
"True","True","28","True","B_o002_r00562","1","[[2,3,1,4,5]]","B"
"True","True","29","True","B_o002_r00565","1","[[3,2,1,4,5]]","B"
"True","True","29","True","B_o002_r00566","1","[[3,2,1,4,5]]","B"
"True","True","29","True","B_o002_r00567","1","[[3,2,1,4,5]]","B"
"True","True","29","True","B_o002_r00568","1","[[3,2,1,4,5]]","B"
"True","True","34","True","B_o002_r00571","2","[[3,1,2,4,5],[3,2,1,4,5]]","B"
"True","True","34","True","B_o002_r00572","2","[[3,1,2,4,5],[3,2,1,4,5]]","B"
"True","True","34","True","B_o002_r00573","2","[[3,1,2,4,5],[3,2,1,4,5]]","B"
"True","True","34","True","B_o002_r00574","2","[[3,1,2,4,5],[3,2,1,4,5]]","B"
"True","True","31","True","B_o002_r00577","1","[[2,3,1,4,5]]","B"
"True","True","31","True","B_o002_r00578","1","[[2,3,1,4,5]]","B"
"True","True","31","True","B_o002_r00579","1","[[2,3,1,4,5]]","B"
"True","True","31","True","B_o002_r00580","1","[[2,3,1,4,5]]","B"
"True","True","32","True","B_o002_r00583","1","[[2,3,1,4,5]]","B"
"True","True","32","True","B_o002_r00584","1","[[2,3,1,4,5]]","B"
"True","True","32","True","B_o002_r00585","1","[[2,3,1,4,5]]","B"
"True","True","32","True","B_o002_r00586","1","[[2,3,1,4,5]]","B"
"True","True","33","True","B_o002_r00589","1","[[3,2,1,4,5]]","B"
"True","True","33","True","B_o002_r00590","1","[[3,2,1,4,5]]","B"
"True","True","33","True","B_o002_r00591","1","[[3,2,1,4,5]]","B"
"True","True","33","True","B_o002_r00592","1","[[3,2,1,4,5]]","B"
"True","True","21","True","B_o003_r00601","1","[[1,2,3,4,5]]","B"
"True","True","21","True","B_o003_r00602","1","[[1,2,3,4,5]]","B"
"True","True","21","True","B_o003_r00603","1","[[1,2,3,4,5]]","B"
"True","True","21","True","B_o003_r00604","1","[[1,2,3,4,5]]","B"
"True","True","24","True","B_o003_r00605","1","[[1,2,4,3,5]]","B"
"True","True","24","True","B_o003_r00606","1","[[1,2,4,3,5]]","B"
"True","True","23","True","B_o003_r00609","1","[[1,2,3,4,5]]","B"
"True","True","23","True","B_o003_r00610","1","[[1,2,3,4,5]]","B"
"True","True","26","True","B_o003_r00611","1","[[1,2,4,3,5]]","B"
"True","True","26","True","B_o003_r00612","1","[[1,2,4,3,5]]","B"
"True","True","23","True","B_o003_r00613","1","[[1,3,2,4,5]]","B"
"True","True","23","True","B_o003_r00614","1","[[1,3,2,4,5]]","B"
"True","True","23","True","B_o003_r00615","1","[[1,3,2,4,5]]","B"
"True","True","23","True","B_o003_r00616","1","[[1,3,2,4,5]]","B"
"True","True","28","True","B_o003_r00617","1","[[1,2,4,3,5]]","B"
"True","True","28","True","B_o003_r00618","1","[[1,2,4,3,5]]","B"
"True","True","28","True","B_o003_r00619","1","[[1,3,4,2,5]]","B"
"True","True","28","True","B_o003_r00620","1","[[1,3,4,2,5]]","B"
"True","True","28","True","B_o003_r00621","1","[[1,3,4,2,5]]","B"
"True","True","28","True","B_o003_r00622","1","[[1,3,4,2,5]]","B"
"True","True","30","True","B_o003_r00623","1","[[1,3,4,2,5]]","B"
"True","True","30","True","B_o003_r00624","1","[[1,3,4,2,5]]","B"
"True","True","22","True","B_o003_r00625","1","[[2,1,3,4,5]]","B"
"True","True","22","True","B_o003_r00626","1","[[2,1,3,4,5]]","B"
"True","True","22","True","B_o003_r00627","1","[[2,1,3,4,5]]","B"
"True","True","22","True","B_o003_r00628","1","[[2,1,3,4,5]]","B"
"True","True","25","True","B_o003_r00629","1","[[2,1,4,3,5]]","B"
"True","True","25","True","B_o003_r00630","1","[[2,1,4,3,5]]","B"
"True","True","25","True","B_o003_r00633","2","[[1,2,3,4,5],[2,1,3,4,5]]","B"
"True","True","25","True","B_o003_r00634","2","[[1,2,3,4,5],[2,1,3,4,5]]","B"
"True","True","28","True","B_o003_r00635","2","[[1,2,4,3,5],[2,1,4,3,5]]","B"
"True","True","28","True","B_o003_r00636","2","[[1,2,4,3,5],[2,1,4,3,5]]","B"
"True","True","25","True","B_o003_r00637","1","[[1,3,2,4,5]]","B"
"True","True","25","True","B_o003_r00638","1","[[1,3,2,4,5]]","B"
"True","True","25","True","B_o003_r00639","1","[[1,3,2,4,5]]","B"
"True","True","25","True","B_o003_r00640","1","[[1,3,2,4,5]]","B"
"True","True","30","True","B_o003_r00641","2","[[1,2,4,3,5],[2,1,4,3,5]]","B"
"True","True","30","True","B_o003_r00642","2","[[1,2,4,3,5],[2,1,4,3,5]]","B"
"True","True","30","True","B_o003_r00643","1","[[1,3,4,2,5]]","B"
"True","True","30","True","B_o003_r00644","1","[[1,3,4,2,5]]","B"
"True","True","30","True","B_o003_r00645","1","[[1,3,4,2,5]]","B"
"True","True","30","True","B_o003_r00646","1","[[1,3,4,2,5]]","B"
"True","True","32","True","B_o003_r00647","1","[[1,3,4,2,5]]","B"
"True","True","32","True","B_o003_r00648","1","[[1,3,4,2,5]]","B"
"True","True","24","True","B_o003_r00649","1","[[2,1,3,4,5]]","B"
"True","True","24","True","B_o003_r00650","1","[[2,1,3,4,5]]","B"
"True","True","24","True","B_o003_r00651","1","[[2,1,3,4,5]]","B"
"True","True","24","True","B_o003_r00652","1","[[2,1,3,4,5]]","B"
"True","True","27","True","B_o003_r00653","1","[[2,1,4,3,5]]","B"
"True","True","27","True","B_o003_r00654","1","[[2,1,4,3,5]]","B"
"True","True","26","True","B_o003_r00661","1","[[3,1,2,4,5]]","B"
"True","True","26","True","B_o003_r00662","1","[[3,1,2,4,5]]","B"
"True","True","26","True","B_o003_r00663","1","[[3,1,2,4,5]]","B"
"True","True","26","True","B_o003_r00664","1","[[3,1,2,4,5]]","B"
"True","True","32","True","B_o003_r00665","2","[[1,2,4,3,5],[2,1,4,3,5]]","B"
"True","True","32","True","B_o003_r00666","2","[[1,2,4,3,5],[2,1,4,3,5]]","B"
"True","True","31","True","B_o003_r00667","1","[[3,1,4,2,5]]","B"
"True","True","31","True","B_o003_r00668","1","[[3,1,4,2,5]]","B"
"True","True","31","True","B_o003_r00669","1","[[3,1,4,2,5]]","B"
"True","True","31","True","B_o003_r00670","1","[[3,1,4,2,5]]","B"
"True","True","34","True","B_o003_r00671","2","[[1,3,4,2,5],[3,1,4,2,5]]","B"
"True","True","34","True","B_o003_r00672","2","[[1,3,4,2,5],[3,1,4,2,5]]","B"
"True","True","25","True","B_o003_r00673","1","[[2,3,1,4,5]]","B"
"True","True","25","True","B_o003_r00674","1","[[2,3,1,4,5]]","B"
"True","True","25","True","B_o003_r00675","1","[[2,3,1,4,5]]","B"
"True","True","25","True","B_o003_r00676","1","[[2,3,1,4,5]]","B"
"True","True","29","True","B_o003_r00677","1","[[2,1,4,3,5]]","B"
"True","True","29","True","B_o003_r00678","1","[[2,1,4,3,5]]","B"
"True","True","26","True","B_o003_r00679","1","[[2,3,1,4,5]]","B"
"True","True","26","True","B_o003_r00680","1","[[2,3,1,4,5]]","B"
"True","True","26","True","B_o003_r00681","1","[[2,3,1,4,5]]","B"
"True","True","26","True","B_o003_r00682","1","[[2,3,1,4,5]]","B"
"True","True","27","True","B_o003_r00685","1","[[3,2,1,4,5]]","B"
"True","True","27","True","B_o003_r00686","1","[[3,2,1,4,5]]","B"
"True","True","27","True","B_o003_r00687","1","[[3,2,1,4,5]]","B"
"True","True","27","True","B_o003_r00688","1","[[3,2,1,4,5]]","B"
"True","True","33","True","B_o003_r00691","1","[[3,1,4,2,5]]","B"
"True","True","33","True","B_o003_r00692","1","[[3,1,4,2,5]]","B"
"True","True","33","True","B_o003_r00693","1","[[3,1,4,2,5]]","B"
"True","True","33","True","B_o003_r00694","1","[[3,1,4,2,5]]","B"
"True","True","19","True","B_o004_r00721","1","[[1,2,3,4,5]]","B"
"True","True","20","True","B_o004_r00722","1","[[1,2,3,4,5]]","B"
"True","True","19","True","B_o004_r00723","1","[[1,2,3,4,5]]","B"
"True","True","20","True","B_o004_r00724","1","[[1,2,3,4,5]]","B"
"True","True","23","True","B_o004_r00725","1","[[1,2,4,3,5]]","B"
"True","True","23","True","B_o004_r00726","1","[[1,2,4,3,5]]","B"
"True","True","21","True","B_o004_r00729","1","[[1,2,3,4,5]]","B"
"True","True","22","True","B_o004_r00730","1","[[1,2,3,4,5]]","B"
"True","True","25","True","B_o004_r00731","1","[[1,2,4,3,5]]","B"
"True","True","25","True","B_o004_r00732","1","[[1,2,4,3,5]]","B"
"True","True","21","True","B_o004_r00733","1","[[1,3,2,4,5]]","B"
"True","True","22","True","B_o004_r00734","1","[[1,3,2,4,5]]","B"
"True","True","21","True","B_o004_r00735","1","[[1,3,2,4,5]]","B"
"True","True","22","True","B_o004_r00736","1","[[1,3,2,4,5]]","B"
"True","True","27","True","B_o004_r00737","1","[[1,2,4,3,5]]","B"
"True","True","27","True","B_o004_r00738","1","[[1,2,4,3,5]]","B"
"True","True","27","True","B_o004_r00739","1","[[1,3,4,2,5]]","B"
"True","True","27","True","B_o004_r00740","1","[[1,3,4,2,5]]","B"
"True","True","27","True","B_o004_r00741","1","[[1,3,4,2,5]]","B"
"True","True","27","True","B_o004_r00742","1","[[1,3,4,2,5]]","B"
"True","True","29","True","B_o004_r00743","1","[[1,3,4,2,5]]","B"
"True","True","29","True","B_o004_r00744","1","[[1,3,4,2,5]]","B"
"True","True","20","True","B_o004_r00745","1","[[2,1,3,4,5]]","B"
"True","True","21","True","B_o004_r00746","1","[[2,1,3,4,5]]","B"
"True","True","20","True","B_o004_r00747","1","[[2,1,3,4,5]]","B"
"True","True","21","True","B_o004_r00748","1","[[2,1,3,4,5]]","B"
"True","True","24","True","B_o004_r00749","1","[[2,1,4,3,5]]","B"
"True","True","24","True","B_o004_r00750","1","[[2,1,4,3,5]]","B"
"True","True","23","True","B_o004_r00753","2","[[1,2,3,4,5],[2,1,3,4,5]]","B"
"True","True","24","True","B_o004_r00754","2","[[1,2,3,4,5],[2,1,3,4,5]]","B"
"True","True","27","True","B_o004_r00755","2","[[1,2,4,3,5],[2,1,4,3,5]]","B"
"True","True","27","True","B_o004_r00756","2","[[1,2,4,3,5],[2,1,4,3,5]]","B"
"True","True","23","True","B_o004_r00757","1","[[1,3,2,4,5]]","B"
"True","True","24","True","B_o004_r00758","1","[[1,3,2,4,5]]","B"
"True","True","23","True","B_o004_r00759","1","[[1,3,2,4,5]]","B"
"True","True","24","True","B_o004_r00760","1","[[1,3,2,4,5]]","B"
"True","True","29","True","B_o004_r00761","2","[[1,2,4,3,5],[2,1,4,3,5]]","B"
"True","True","29","True","B_o004_r00762","2","[[1,2,4,3,5],[2,1,4,3,5]]","B"
"True","True","29","True","B_o004_r00763","1","[[1,3,4,2,5]]","B"
"True","True","29","True","B_o004_r00764","1","[[1,3,4,2,5]]","B"
"True","True","29","True","B_o004_r00765","1","[[1,3,4,2,5]]","B"
"True","True","29","True","B_o004_r00766","1","[[1,3,4,2,5]]","B"
"True","True","31","True","B_o004_r00767","1","[[1,3,4,2,5]]","B"
"True","True","31","True","B_o004_r00768","1","[[1,3,4,2,5]]","B"
"True","True","22","True","B_o004_r00769","1","[[2,1,3,4,5]]","B"
"True","True","23","True","B_o004_r00770","1","[[2,1,3,4,5]]","B"
"True","True","22","True","B_o004_r00771","1","[[2,1,3,4,5]]","B"
"True","True","23","True","B_o004_r00772","1","[[2,1,3,4,5]]","B"
"True","True","26","True","B_o004_r00773","1","[[2,1,4,3,5]]","B"
"True","True","26","True","B_o004_r00774","1","[[2,1,4,3,5]]","B"
"True","True","24","True","B_o004_r00781","1","[[3,1,2,4,5]]","B"
"True","True","25","True","B_o004_r00782","1","[[3,1,2,4,5]]","B"
"True","True","24","True","B_o004_r00783","1","[[3,1,2,4,5]]","B"
"True","True","25","True","B_o004_r00784","1","[[3,1,2,4,5]]","B"
"True","True","31","True","B_o004_r00785","2","[[1,2,4,3,5],[2,1,4,3,5]]","B"
"True","True","31","True","B_o004_r00786","2","[[1,2,4,3,5],[2,1,4,3,5]]","B"
"True","True","30","True","B_o004_r00787","1","[[3,1,4,2,5]]","B"
"True","True","30","True","B_o004_r00788","1","[[3,1,4,2,5]]","B"
"True","True","30","True","B_o004_r00789","1","[[3,1,4,2,5]]","B"
"True","True","30","True","B_o004_r00790","1","[[3,1,4,2,5]]","B"
"True","True","33","True","B_o004_r00791","2","[[1,3,4,2,5],[3,1,4,2,5]]","B"
"True","True","33","True","B_o004_r00792","2","[[1,3,4,2,5],[3,1,4,2,5]]","B"
"True","True","23","True","B_o004_r00793","1","[[2,3,1,4,5]]","B"
"True","True","24","True","B_o004_r00794","1","[[2,3,1,4,5]]","B"
"True","True","23","True","B_o004_r00795","1","[[2,3,1,4,5]]","B"
"True","True","24","True","B_o004_r00796","1","[[2,3,1,4,5]]","B"
"True","True","28","True","B_o004_r00797","1","[[2,1,4,3,5]]","B"
"True","True","28","True","B_o004_r00798","1","[[2,1,4,3,5]]","B"
"True","True","24","True","B_o004_r00799","1","[[2,3,1,4,5]]","B"
"True","True","25","True","B_o004_r00800","1","[[2,3,1,4,5]]","B"
"True","True","24","True","B_o004_r00801","1","[[2,3,1,4,5]]","B"
"True","True","25","True","B_o004_r00802","1","[[2,3,1,4,5]]","B"
"True","True","25","True","B_o004_r00805","1","[[3,2,1,4,5]]","B"
"True","True","26","True","B_o004_r00806","1","[[3,2,1,4,5]]","B"
"True","True","25","True","B_o004_r00807","1","[[3,2,1,4,5]]","B"
"True","True","26","True","B_o004_r00808","1","[[3,2,1,4,5]]","B"
"True","True","32","True","B_o004_r00811","1","[[3,1,4,2,5]]","B"
"True","True","32","True","B_o004_r00812","1","[[3,1,4,2,5]]","B"
"True","True","32","True","B_o004_r00813","1","[[3,1,4,2,5]]","B"
"True","True","32","True","B_o004_r00814","1","[[3,1,4,2,5]]","B"
"True","True","30","True","B_o004_r00817","1","[[2,3,4,1,5]]","B"
"True","True","30","True","B_o004_r00818","1","[[2,3,4,1,5]]","B"
"True","True","30","True","B_o004_r00819","1","[[2,3,4,1,5]]","B"
"True","True","30","True","B_o004_r00820","1","[[2,3,4,1,5]]","B"
"True","True","31","True","B_o004_r00821","1","[[2,3,4,1,5]]","B"
"True","True","31","True","B_o004_r00822","1","[[2,3,4,1,5]]","B"
"True","True","31","True","B_o004_r00823","1","[[2,3,4,1,5]]","B"
"True","True","31","True","B_o004_r00824","1","[[2,3,4,1,5]]","B"
"True","True","31","True","B_o004_r00825","1","[[2,3,4,1,5]]","B"
"True","True","31","True","B_o004_r00826","1","[[2,3,4,1,5]]","B"
"True","True","32","True","B_o004_r00827","1","[[2,3,4,1,5]]","B"
"True","True","32","True","B_o004_r00828","1","[[2,3,4,1,5]]","B"
"True","True","32","True","B_o004_r00829","1","[[3,2,4,1,5]]","B"
"True","True","32","True","B_o004_r00830","1","[[3,2,4,1,5]]","B"
"True","True","32","True","B_o004_r00831","1","[[3,2,4,1,5]]","B"
"True","True","32","True","B_o004_r00832","1","[[3,2,4,1,5]]","B"
"True","True","34","True","B_o004_r00833","1","[[2,3,4,1,5]]","B"
"True","True","34","True","B_o004_r00834","1","[[2,3,4,1,5]]","B"
"True","True","33","True","B_o004_r00835","1","[[3,2,4,1,5]]","B"
"True","True","33","True","B_o004_r00836","1","[[3,2,4,1,5]]","B"
"True","True","33","True","B_o004_r00837","1","[[3,2,4,1,5]]","B"
"True","True","33","True","B_o004_r00838","1","[[3,2,4,1,5]]","B"
"True","True","34","True","B_o004_r00839","1","[[3,2,4,1,5]]","B"
"True","True","34","True","B_o004_r00840","1","[[3,2,4,1,5]]","B"
"True","True","17","True","B_o005_r00841","1","[[1,2,3,4,5]]","B"
"True","True","20","True","B_o005_r00842","1","[[1,2,3,4,5]]","B"
"True","True","17","True","B_o005_r00843","1","[[1,2,3,4,5]]","B"
"True","True","20","True","B_o005_r00844","1","[[1,2,3,4,5]]","B"
"True","True","23","True","B_o005_r00845","1","[[1,2,4,3,5]]","B"
"True","True","23","True","B_o005_r00846","1","[[1,2,4,3,5]]","B"
"True","True","19","True","B_o005_r00849","1","[[1,2,3,4,5]]","B"
"True","True","22","True","B_o005_r00850","1","[[1,2,3,4,5]]","B"
"True","True","25","True","B_o005_r00851","1","[[1,2,4,3,5]]","B"
"True","True","25","True","B_o005_r00852","1","[[1,2,4,3,5]]","B"
"True","True","19","True","B_o005_r00853","1","[[1,3,2,4,5]]","B"
"True","True","22","True","B_o005_r00854","1","[[1,3,2,4,5]]","B"
"True","True","19","True","B_o005_r00855","1","[[1,3,2,4,5]]","B"
"True","True","22","True","B_o005_r00856","1","[[1,3,2,4,5]]","B"
"True","True","27","True","B_o005_r00857","1","[[1,2,4,3,5]]","B"
"True","True","27","True","B_o005_r00858","1","[[1,2,4,3,5]]","B"
"True","True","27","True","B_o005_r00859","1","[[1,3,4,2,5]]","B"
"True","True","27","True","B_o005_r00860","1","[[1,3,4,2,5]]","B"
"True","True","27","True","B_o005_r00861","1","[[1,3,4,2,5]]","B"
"True","True","27","True","B_o005_r00862","1","[[1,3,4,2,5]]","B"
"True","True","29","True","B_o005_r00863","1","[[1,3,4,2,5]]","B"
"True","True","29","True","B_o005_r00864","1","[[1,3,4,2,5]]","B"
"True","True","18","True","B_o005_r00865","1","[[2,1,3,4,5]]","B"
"True","True","21","True","B_o005_r00866","1","[[2,1,3,4,5]]","B"
"True","True","18","True","B_o005_r00867","1","[[2,1,3,4,5]]","B"
"True","True","21","True","B_o005_r00868","1","[[2,1,3,4,5]]","B"
"True","True","24","True","B_o005_r00869","1","[[2,1,4,3,5]]","B"
"True","True","24","True","B_o005_r00870","1","[[2,1,4,3,5]]","B"
"True","True","21","True","B_o005_r00873","2","[[1,2,3,4,5],[2,1,3,4,5]]","B"
"True","True","24","True","B_o005_r00874","2","[[1,2,3,4,5],[2,1,3,4,5]]","B"
"True","True","27","True","B_o005_r00875","2","[[1,2,4,3,5],[2,1,4,3,5]]","B"
"True","True","27","True","B_o005_r00876","2","[[1,2,4,3,5],[2,1,4,3,5]]","B"
"True","True","21","True","B_o005_r00877","1","[[1,3,2,4,5]]","B"
"True","True","24","True","B_o005_r00878","1","[[1,3,2,4,5]]","B"
"True","True","21","True","B_o005_r00879","1","[[1,3,2,4,5]]","B"
"True","True","24","True","B_o005_r00880","1","[[1,3,2,4,5]]","B"
"True","True","29","True","B_o005_r00881","2","[[1,2,4,3,5],[2,1,4,3,5]]","B"
"True","True","29","True","B_o005_r00882","2","[[1,2,4,3,5],[2,1,4,3,5]]","B"
"True","True","29","True","B_o005_r00883","1","[[1,3,4,2,5]]","B"
"True","True","29","True","B_o005_r00884","1","[[1,3,4,2,5]]","B"
"True","True","29","True","B_o005_r00885","1","[[1,3,4,2,5]]","B"
"True","True","29","True","B_o005_r00886","1","[[1,3,4,2,5]]","B"
"True","True","31","True","B_o005_r00887","1","[[1,3,4,2,5]]","B"
"True","True","31","True","B_o005_r00888","1","[[1,3,4,2,5]]","B"
"True","True","20","True","B_o005_r00889","1","[[2,1,3,4,5]]","B"
"True","True","23","True","B_o005_r00890","1","[[2,1,3,4,5]]","B"
"True","True","20","True","B_o005_r00891","1","[[2,1,3,4,5]]","B"
"True","True","23","True","B_o005_r00892","1","[[2,1,3,4,5]]","B"
"True","True","26","True","B_o005_r00893","1","[[2,1,4,3,5]]","B"
"True","True","26","True","B_o005_r00894","1","[[2,1,4,3,5]]","B"
"True","True","22","True","B_o005_r00901","1","[[3,1,2,4,5]]","B"
"True","True","25","True","B_o005_r00902","1","[[3,1,2,4,5]]","B"
"True","True","22","True","B_o005_r00903","1","[[3,1,2,4,5]]","B"
"True","True","25","True","B_o005_r00904","1","[[3,1,2,4,5]]","B"
"True","True","31","True","B_o005_r00905","2","[[1,2,4,3,5],[2,1,4,3,5]]","B"
"True","True","31","True","B_o005_r00906","2","[[1,2,4,3,5],[2,1,4,3,5]]","B"
"True","True","30","True","B_o005_r00907","1","[[3,1,4,2,5]]","B"
"True","True","30","True","B_o005_r00908","1","[[3,1,4,2,5]]","B"
"True","True","30","True","B_o005_r00909","1","[[3,1,4,2,5]]","B"
"True","True","30","True","B_o005_r00910","1","[[3,1,4,2,5]]","B"
"True","True","33","True","B_o005_r00911","2","[[1,3,4,2,5],[3,1,4,2,5]]","B"
"True","True","33","True","B_o005_r00912","2","[[1,3,4,2,5],[3,1,4,2,5]]","B"
"True","True","21","True","B_o005_r00913","1","[[2,3,1,4,5]]","B"
"True","True","24","True","B_o005_r00914","1","[[2,3,1,4,5]]","B"
"True","True","21","True","B_o005_r00915","1","[[2,3,1,4,5]]","B"
"True","True","24","True","B_o005_r00916","1","[[2,3,1,4,5]]","B"
"True","True","28","True","B_o005_r00917","1","[[2,1,4,3,5]]","B"
"True","True","28","True","B_o005_r00918","1","[[2,1,4,3,5]]","B"
"True","True","22","True","B_o005_r00919","1","[[2,3,1,4,5]]","B"
"True","True","25","True","B_o005_r00920","1","[[2,3,1,4,5]]","B"
"True","True","22","True","B_o005_r00921","1","[[2,3,1,4,5]]","B"
"True","True","25","True","B_o005_r00922","1","[[2,3,1,4,5]]","B"
"True","True","23","True","B_o005_r00925","1","[[3,2,1,4,5]]","B"
"True","True","26","True","B_o005_r00926","1","[[3,2,1,4,5]]","B"
"True","True","23","True","B_o005_r00927","1","[[3,2,1,4,5]]","B"
"True","True","26","True","B_o005_r00928","1","[[3,2,1,4,5]]","B"
"True","True","32","True","B_o005_r00931","1","[[3,1,4,2,5]]","B"
"True","True","32","True","B_o005_r00932","1","[[3,1,4,2,5]]","B"
"True","True","32","True","B_o005_r00933","1","[[3,1,4,2,5]]","B"
"True","True","32","True","B_o005_r00934","1","[[3,1,4,2,5]]","B"
"True","True","30","True","B_o005_r00937","1","[[2,3,4,1,5]]","B"
"True","True","30","True","B_o005_r00938","1","[[2,3,4,1,5]]","B"
"True","True","30","True","B_o005_r00939","1","[[2,3,4,1,5]]","B"
"True","True","30","True","B_o005_r00940","1","[[2,3,4,1,5]]","B"
"True","True","31","True","B_o005_r00941","1","[[2,3,4,1,5]]","B"
"True","True","31","True","B_o005_r00942","1","[[2,3,4,1,5]]","B"
"True","True","31","True","B_o005_r00943","1","[[2,3,4,1,5]]","B"
"True","True","31","True","B_o005_r00944","1","[[2,3,4,1,5]]","B"
"True","True","31","True","B_o005_r00945","1","[[2,3,4,1,5]]","B"
"True","True","31","True","B_o005_r00946","1","[[2,3,4,1,5]]","B"
"True","True","32","True","B_o005_r00947","1","[[2,3,4,1,5]]","B"
"True","True","32","True","B_o005_r00948","1","[[2,3,4,1,5]]","B"
"True","True","32","True","B_o005_r00949","1","[[3,2,4,1,5]]","B"
"True","True","32","True","B_o005_r00950","1","[[3,2,4,1,5]]","B"
"True","True","32","True","B_o005_r00951","1","[[3,2,4,1,5]]","B"
"True","True","32","True","B_o005_r00952","1","[[3,2,4,1,5]]","B"
"True","True","34","True","B_o005_r00953","1","[[2,3,4,1,5]]","B"
"True","True","34","True","B_o005_r00954","1","[[2,3,4,1,5]]","B"
"True","True","33","True","B_o005_r00955","1","[[3,2,4,1,5]]","B"
"True","True","33","True","B_o005_r00956","1","[[3,2,4,1,5]]","B"
"True","True","33","True","B_o005_r00957","1","[[3,2,4,1,5]]","B"
"True","True","33","True","B_o005_r00958","1","[[3,2,4,1,5]]","B"
"True","True","34","True","B_o005_r00959","1","[[3,2,4,1,5]]","B"
"True","True","34","True","B_o005_r00960","1","[[3,2,4,1,5]]","B"
"True","True","21","True","B_o006_r00961","1","[[1,2,3,4,5]]","B"
"True","True","21","True","B_o006_r00962","1","[[1,2,3,4,5]]","B"
"True","True","23","True","B_o006_r00963","1","[[1,2,3,4,5]]","B"
"True","True","23","True","B_o006_r00964","1","[[1,2,3,4,5]]","B"
"True","True","24","True","B_o006_r00965","1","[[1,2,4,3,5]]","B"
"True","True","24","True","B_o006_r00966","1","[[1,2,4,3,5]]","B"
"True","True","25","True","B_o006_r00969","1","[[1,2,3,4,5]]","B"
"True","True","25","True","B_o006_r00970","1","[[1,2,3,4,5]]","B"
"True","True","26","True","B_o006_r00971","1","[[1,2,4,3,5]]","B"
"True","True","26","True","B_o006_r00972","1","[[1,2,4,3,5]]","B"
"True","True","25","True","B_o006_r00973","1","[[1,3,2,4,5]]","B"
"True","True","25","True","B_o006_r00974","1","[[1,3,2,4,5]]","B"
"True","True","25","True","B_o006_r00975","1","[[1,3,2,4,5]]","B"
"True","True","25","True","B_o006_r00976","1","[[1,3,2,4,5]]","B"
"True","True","29","True","B_o006_r00977","1","[[1,4,2,3,5]]","B"
"True","True","29","True","B_o006_r00978","1","[[1,4,2,3,5]]","B"
"True","True","27","True","B_o006_r00979","1","[[1,3,2,4,5]]","B"
"True","True","27","True","B_o006_r00980","1","[[1,3,2,4,5]]","B"
"True","True","27","True","B_o006_r00981","1","[[1,3,2,4,5]]","B"
"True","True","27","True","B_o006_r00982","1","[[1,3,2,4,5]]","B"
"True","True","30","True","B_o006_r00983","1","[[1,4,2,3,5]]","B"
"True","True","30","True","B_o006_r00984","1","[[1,4,2,3,5]]","B"
"True","True","22","True","B_o006_r00985","1","[[2,1,3,4,5]]","B"
"True","True","22","True","B_o006_r00986","1","[[2,1,3,4,5]]","B"
"True","True","24","True","B_o006_r00987","1","[[2,1,3,4,5]]","B"
"True","True","24","True","B_o006_r00988","1","[[2,1,3,4,5]]","B"
"True","True","25","True","B_o006_r00989","1","[[2,1,4,3,5]]","B"
"True","True","25","True","B_o006_r00990","1","[[2,1,4,3,5]]","B"
"True","True","27","True","B_o006_r00993","2","[[1,2,3,4,5],[2,1,3,4,5]]","B"
"True","True","27","True","B_o006_r00994","2","[[1,2,3,4,5],[2,1,3,4,5]]","B"
"True","True","28","True","B_o006_r00995","2","[[1,2,4,3,5],[2,1,4,3,5]]","B"
"True","True","28","True","B_o006_r00996","2","[[1,2,4,3,5],[2,1,4,3,5]]","B"
"True","True","27","True","B_o006_r00997","1","[[1,3,2,4,5]]","B"
"True","True","27","True","B_o006_r00998","1","[[1,3,2,4,5]]","B"
"True","True","27","True","B_o006_r00999","1","[[1,3,2,4,5]]","B"
"True","True","27","True","B_o006_r01000","1","[[1,3,2,4,5]]","B"
"True","True","31","True","B_o006_r01001","1","[[1,4,2,3,5]]","B"
"True","True","31","True","B_o006_r01002","1","[[1,4,2,3,5]]","B"
"True","True","29","True","B_o006_r01003","1","[[1,3,2,4,5]]","B"
"True","True","29","True","B_o006_r01004","1","[[1,3,2,4,5]]","B"
"True","True","29","True","B_o006_r01005","1","[[1,3,2,4,5]]","B"
"True","True","29","True","B_o006_r01006","1","[[1,3,2,4,5]]","B"
"True","True","32","True","B_o006_r01007","1","[[1,4,2,3,5]]","B"
"True","True","32","True","B_o006_r01008","1","[[1,4,2,3,5]]","B"
"True","True","24","True","B_o006_r01009","1","[[2,1,3,4,5]]","B"
"True","True","24","True","B_o006_r01010","1","[[2,1,3,4,5]]","B"
"True","True","26","True","B_o006_r01011","1","[[2,1,3,4,5]]","B"
"True","True","26","True","B_o006_r01012","1","[[2,1,3,4,5]]","B"
"True","True","27","True","B_o006_r01013","1","[[2,1,4,3,5]]","B"
"True","True","27","True","B_o006_r01014","1","[[2,1,4,3,5]]","B"
"True","True","28","True","B_o006_r01021","1","[[3,1,2,4,5]]","B"
"True","True","28","True","B_o006_r01022","1","[[3,1,2,4,5]]","B"
"True","True","28","True","B_o006_r01023","1","[[3,1,2,4,5]]","B"
"True","True","28","True","B_o006_r01024","1","[[3,1,2,4,5]]","B"
"True","True","33","True","B_o006_r01025","1","[[1,4,2,3,5]]","B"
"True","True","33","True","B_o006_r01026","1","[[1,4,2,3,5]]","B"
"True","True","30","True","B_o006_r01027","1","[[3,1,2,4,5]]","B"
"True","True","30","True","B_o006_r01028","1","[[3,1,2,4,5]]","B"
"True","True","30","True","B_o006_r01029","1","[[3,1,2,4,5]]","B"
"True","True","30","True","B_o006_r01030","1","[[3,1,2,4,5]]","B"
"True","True","34","True","B_o006_r01031","1","[[1,4,2,3,5]]","B"
"True","True","34","True","B_o006_r01032","1","[[1,4,2,3,5]]","B"
"True","True","27","True","B_o006_r01033","1","[[2,3,1,4,5]]","B"
"True","True","27","True","B_o006_r01034","1","[[2,3,1,4,5]]","B"
"True","True","27","True","B_o006_r01035","1","[[2,3,1,4,5]]","B"
"True","True","27","True","B_o006_r01036","1","[[2,3,1,4,5]]","B"
"True","True","28","True","B_o006_r01039","1","[[2,3,1,4,5]]","B"
"True","True","28","True","B_o006_r01040","1","[[2,3,1,4,5]]","B"
"True","True","28","True","B_o006_r01041","1","[[2,3,1,4,5]]","B"
"True","True","28","True","B_o006_r01042","1","[[2,3,1,4,5]]","B"
"True","True","29","True","B_o006_r01045","1","[[3,2,1,4,5]]","B"
"True","True","29","True","B_o006_r01046","1","[[3,2,1,4,5]]","B"
"True","True","29","True","B_o006_r01047","1","[[3,2,1,4,5]]","B"
"True","True","29","True","B_o006_r01048","1","[[3,2,1,4,5]]","B"
"True","True","34","True","B_o006_r01051","2","[[3,1,2,4,5],[3,2,1,4,5]]","B"
"True","True","34","True","B_o006_r01052","2","[[3,1,2,4,5],[3,2,1,4,5]]","B"
"True","True","34","True","B_o006_r01053","2","[[3,1,2,4,5],[3,2,1,4,5]]","B"
"True","True","34","True","B_o006_r01054","2","[[3,1,2,4,5],[3,2,1,4,5]]","B"
"True","True","29","True","B_o006_r01057","1","[[2,3,1,4,5]]","B"
"True","True","29","True","B_o006_r01058","1","[[2,3,1,4,5]]","B"
"True","True","29","True","B_o006_r01059","1","[[2,3,1,4,5]]","B"
"True","True","29","True","B_o006_r01060","1","[[2,3,1,4,5]]","B"
"True","True","30","True","B_o006_r01063","1","[[2,3,1,4,5]]","B"
"True","True","30","True","B_o006_r01064","1","[[2,3,1,4,5]]","B"
"True","True","30","True","B_o006_r01065","1","[[2,3,1,4,5]]","B"
"True","True","30","True","B_o006_r01066","1","[[2,3,1,4,5]]","B"
"True","True","31","True","B_o006_r01069","1","[[3,2,1,4,5]]","B"
"True","True","31","True","B_o006_r01070","1","[[3,2,1,4,5]]","B"
"True","True","31","True","B_o006_r01071","1","[[3,2,1,4,5]]","B"
"True","True","31","True","B_o006_r01072","1","[[3,2,1,4,5]]","B"
"True","True","19","True","B_o007_r01081","1","[[1,2,3,4,5]]","B"
"True","True","19","True","B_o007_r01082","1","[[1,2,3,4,5]]","B"
"True","True","21","True","B_o007_r01083","1","[[1,2,3,4,5]]","B"
"True","True","21","True","B_o007_r01084","1","[[1,2,3,4,5]]","B"
"True","True","22","True","B_o007_r01085","1","[[1,2,4,3,5]]","B"
"True","True","22","True","B_o007_r01086","1","[[1,2,4,3,5]]","B"
"True","True","23","True","B_o007_r01089","1","[[1,2,3,4,5]]","B"
"True","True","23","True","B_o007_r01090","1","[[1,2,3,4,5]]","B"
"True","True","24","True","B_o007_r01091","1","[[1,2,4,3,5]]","B"
"True","True","24","True","B_o007_r01092","1","[[1,2,4,3,5]]","B"
"True","True","23","True","B_o007_r01093","1","[[1,3,2,4,5]]","B"
"True","True","23","True","B_o007_r01094","1","[[1,3,2,4,5]]","B"
"True","True","23","True","B_o007_r01095","1","[[1,3,2,4,5]]","B"
"True","True","23","True","B_o007_r01096","1","[[1,3,2,4,5]]","B"
"True","True","27","True","B_o007_r01097","1","[[1,4,2,3,5]]","B"
"True","True","27","True","B_o007_r01098","1","[[1,4,2,3,5]]","B"
"True","True","26","True","B_o007_r01099","1","[[1,3,4,2,5]]","B"
"True","True","26","True","B_o007_r01100","1","[[1,3,4,2,5]]","B"
"True","True","26","True","B_o007_r01101","1","[[1,3,4,2,5]]","B"
"True","True","26","True","B_o007_r01102","1","[[1,3,4,2,5]]","B"
"True","True","29","True","B_o007_r01103","1","[[1,4,3,2,5]]","B"
"True","True","29","True","B_o007_r01104","1","[[1,4,3,2,5]]","B"
"True","True","20","True","B_o007_r01105","1","[[2,1,3,4,5]]","B"
"True","True","20","True","B_o007_r01106","1","[[2,1,3,4,5]]","B"
"True","True","22","True","B_o007_r01107","1","[[2,1,3,4,5]]","B"
"True","True","22","True","B_o007_r01108","1","[[2,1,3,4,5]]","B"
"True","True","23","True","B_o007_r01109","1","[[2,1,4,3,5]]","B"
"True","True","23","True","B_o007_r01110","1","[[2,1,4,3,5]]","B"
"True","True","25","True","B_o007_r01113","2","[[1,2,3,4,5],[2,1,3,4,5]]","B"
"True","True","25","True","B_o007_r01114","2","[[1,2,3,4,5],[2,1,3,4,5]]","B"
"True","True","26","True","B_o007_r01115","2","[[1,2,4,3,5],[2,1,4,3,5]]","B"
"True","True","26","True","B_o007_r01116","2","[[1,2,4,3,5],[2,1,4,3,5]]","B"
"True","True","25","True","B_o007_r01117","1","[[1,3,2,4,5]]","B"
"True","True","25","True","B_o007_r01118","1","[[1,3,2,4,5]]","B"
"True","True","25","True","B_o007_r01119","1","[[1,3,2,4,5]]","B"
"True","True","25","True","B_o007_r01120","1","[[1,3,2,4,5]]","B"
"True","True","29","True","B_o007_r01121","1","[[1,4,2,3,5]]","B"
"True","True","29","True","B_o007_r01122","1","[[1,4,2,3,5]]","B"
"True","True","28","True","B_o007_r01123","1","[[1,3,4,2,5]]","B"
"True","True","28","True","B_o007_r01124","1","[[1,3,4,2,5]]","B"
"True","True","28","True","B_o007_r01125","1","[[1,3,4,2,5]]","B"
"True","True","28","True","B_o007_r01126","1","[[1,3,4,2,5]]","B"
"True","True","31","True","B_o007_r01127","1","[[1,4,3,2,5]]","B"
"True","True","31","True","B_o007_r01128","1","[[1,4,3,2,5]]","B"
"True","True","22","True","B_o007_r01129","1","[[2,1,3,4,5]]","B"
"True","True","22","True","B_o007_r01130","1","[[2,1,3,4,5]]","B"
"True","True","24","True","B_o007_r01131","1","[[2,1,3,4,5]]","B"
"True","True","24","True","B_o007_r01132","1","[[2,1,3,4,5]]","B"
"True","True","25","True","B_o007_r01133","1","[[2,1,4,3,5]]","B"
"True","True","25","True","B_o007_r01134","1","[[2,1,4,3,5]]","B"
"True","True","26","True","B_o007_r01141","1","[[3,1,2,4,5]]","B"
"True","True","26","True","B_o007_r01142","1","[[3,1,2,4,5]]","B"
"True","True","26","True","B_o007_r01143","1","[[3,1,2,4,5]]","B"
"True","True","26","True","B_o007_r01144","1","[[3,1,2,4,5]]","B"
"True","True","31","True","B_o007_r01145","1","[[1,4,2,3,5]]","B"
"True","True","31","True","B_o007_r01146","1","[[1,4,2,3,5]]","B"
"True","True","29","True","B_o007_r01147","1","[[3,1,4,2,5]]","B"
"True","True","29","True","B_o007_r01148","1","[[3,1,4,2,5]]","B"
"True","True","29","True","B_o007_r01149","1","[[3,1,4,2,5]]","B"
"True","True","29","True","B_o007_r01150","1","[[3,1,4,2,5]]","B"
"True","True","33","True","B_o007_r01151","1","[[1,4,3,2,5]]","B"
"True","True","33","True","B_o007_r01152","1","[[1,4,3,2,5]]","B"
"True","True","25","True","B_o007_r01153","1","[[2,3,1,4,5]]","B"
"True","True","25","True","B_o007_r01154","1","[[2,3,1,4,5]]","B"
"True","True","25","True","B_o007_r01155","1","[[2,3,1,4,5]]","B"
"True","True","25","True","B_o007_r01156","1","[[2,3,1,4,5]]","B"
"True","True","26","True","B_o007_r01159","1","[[2,3,1,4,5]]","B"
"True","True","26","True","B_o007_r01160","1","[[2,3,1,4,5]]","B"
"True","True","26","True","B_o007_r01161","1","[[2,3,1,4,5]]","B"
"True","True","26","True","B_o007_r01162","1","[[2,3,1,4,5]]","B"
"True","True","27","True","B_o007_r01165","1","[[3,2,1,4,5]]","B"
"True","True","27","True","B_o007_r01166","1","[[3,2,1,4,5]]","B"
"True","True","27","True","B_o007_r01167","1","[[3,2,1,4,5]]","B"
"True","True","27","True","B_o007_r01168","1","[[3,2,1,4,5]]","B"
"True","True","33","True","B_o007_r01171","1","[[3,1,4,2,5]]","B"
"True","True","33","True","B_o007_r01172","1","[[3,1,4,2,5]]","B"
"True","True","33","True","B_o007_r01173","1","[[3,1,4,2,5]]","B"
"True","True","33","True","B_o007_r01174","1","[[3,1,4,2,5]]","B"
"True","True","17","True","B_o008_r01201","1","[[1,2,3,4,5]]","B"
"True","True","18","True","B_o008_r01202","1","[[1,2,3,4,5]]","B"
"True","True","19","True","B_o008_r01203","1","[[1,2,3,4,5]]","B"
"True","True","20","True","B_o008_r01204","1","[[1,2,3,4,5]]","B"
"True","True","21","True","B_o008_r01205","1","[[1,2,4,3,5]]","B"
"True","True","21","True","B_o008_r01206","1","[[1,2,4,3,5]]","B"
"True","True","21","True","B_o008_r01209","1","[[1,2,3,4,5]]","B"
"True","True","22","True","B_o008_r01210","1","[[1,2,3,4,5]]","B"
"True","True","23","True","B_o008_r01211","1","[[1,2,4,3,5]]","B"
"True","True","23","True","B_o008_r01212","1","[[1,2,4,3,5]]","B"
"True","True","21","True","B_o008_r01213","1","[[1,3,2,4,5]]","B"
"True","True","22","True","B_o008_r01214","1","[[1,3,2,4,5]]","B"
"True","True","21","True","B_o008_r01215","1","[[1,3,2,4,5]]","B"
"True","True","22","True","B_o008_r01216","1","[[1,3,2,4,5]]","B"
"True","True","26","True","B_o008_r01217","1","[[1,4,2,3,5]]","B"
"True","True","26","True","B_o008_r01218","1","[[1,4,2,3,5]]","B"
"True","True","25","True","B_o008_r01219","1","[[1,3,4,2,5]]","B"
"True","True","25","True","B_o008_r01220","1","[[1,3,4,2,5]]","B"
"True","True","25","True","B_o008_r01221","1","[[1,3,4,2,5]]","B"
"True","True","25","True","B_o008_r01222","1","[[1,3,4,2,5]]","B"
"True","True","28","True","B_o008_r01223","1","[[1,4,3,2,5]]","B"
"True","True","28","True","B_o008_r01224","1","[[1,4,3,2,5]]","B"
"True","True","18","True","B_o008_r01225","1","[[2,1,3,4,5]]","B"
"True","True","19","True","B_o008_r01226","1","[[2,1,3,4,5]]","B"
"True","True","20","True","B_o008_r01227","1","[[2,1,3,4,5]]","B"
"True","True","21","True","B_o008_r01228","1","[[2,1,3,4,5]]","B"
"True","True","22","True","B_o008_r01229","1","[[2,1,4,3,5]]","B"
"True","True","22","True","B_o008_r01230","1","[[2,1,4,3,5]]","B"
"True","True","23","True","B_o008_r01233","2","[[1,2,3,4,5],[2,1,3,4,5]]","B"
"True","True","24","True","B_o008_r01234","2","[[1,2,3,4,5],[2,1,3,4,5]]","B"
"True","True","25","True","B_o008_r01235","2","[[1,2,4,3,5],[2,1,4,3,5]]","B"
"True","True","25","True","B_o008_r01236","2","[[1,2,4,3,5],[2,1,4,3,5]]","B"
"True","True","23","True","B_o008_r01237","1","[[1,3,2,4,5]]","B"
"True","True","24","True","B_o008_r01238","1","[[1,3,2,4,5]]","B"
"True","True","23","True","B_o008_r01239","1","[[1,3,2,4,5]]","B"
"True","True","24","True","B_o008_r01240","1","[[1,3,2,4,5]]","B"
"True","True","28","True","B_o008_r01241","1","[[1,4,2,3,5]]","B"
"True","True","28","True","B_o008_r01242","1","[[1,4,2,3,5]]","B"
"True","True","27","True","B_o008_r01243","1","[[1,3,4,2,5]]","B"
"True","True","27","True","B_o008_r01244","1","[[1,3,4,2,5]]","B"
"True","True","27","True","B_o008_r01245","1","[[1,3,4,2,5]]","B"
"True","True","27","True","B_o008_r01246","1","[[1,3,4,2,5]]","B"
"True","True","30","True","B_o008_r01247","1","[[1,4,3,2,5]]","B"
"True","True","30","True","B_o008_r01248","1","[[1,4,3,2,5]]","B"
"True","True","20","True","B_o008_r01249","1","[[2,1,3,4,5]]","B"
"True","True","21","True","B_o008_r01250","1","[[2,1,3,4,5]]","B"
"True","True","22","True","B_o008_r01251","1","[[2,1,3,4,5]]","B"
"True","True","23","True","B_o008_r01252","1","[[2,1,3,4,5]]","B"
"True","True","24","True","B_o008_r01253","1","[[2,1,4,3,5]]","B"
"True","True","24","True","B_o008_r01254","1","[[2,1,4,3,5]]","B"
"True","True","24","True","B_o008_r01261","1","[[3,1,2,4,5]]","B"
"True","True","25","True","B_o008_r01262","1","[[3,1,2,4,5]]","B"
"True","True","24","True","B_o008_r01263","1","[[3,1,2,4,5]]","B"
"True","True","25","True","B_o008_r01264","1","[[3,1,2,4,5]]","B"
"True","True","30","True","B_o008_r01265","1","[[1,4,2,3,5]]","B"
"True","True","30","True","B_o008_r01266","1","[[1,4,2,3,5]]","B"
"True","True","28","True","B_o008_r01267","1","[[3,1,4,2,5]]","B"
"True","True","28","True","B_o008_r01268","1","[[3,1,4,2,5]]","B"
"True","True","28","True","B_o008_r01269","1","[[3,1,4,2,5]]","B"
"True","True","28","True","B_o008_r01270","1","[[3,1,4,2,5]]","B"
"True","True","32","True","B_o008_r01271","1","[[1,4,3,2,5]]","B"
"True","True","32","True","B_o008_r01272","1","[[1,4,3,2,5]]","B"
"True","True","23","True","B_o008_r01273","1","[[2,3,1,4,5]]","B"
"True","True","24","True","B_o008_r01274","1","[[2,3,1,4,5]]","B"
"True","True","23","True","B_o008_r01275","1","[[2,3,1,4,5]]","B"
"True","True","24","True","B_o008_r01276","1","[[2,3,1,4,5]]","B"
"True","True","24","True","B_o008_r01279","1","[[2,3,1,4,5]]","B"
"True","True","25","True","B_o008_r01280","1","[[2,3,1,4,5]]","B"
"True","True","24","True","B_o008_r01281","1","[[2,3,1,4,5]]","B"
"True","True","25","True","B_o008_r01282","1","[[2,3,1,4,5]]","B"
"True","True","25","True","B_o008_r01285","1","[[3,2,1,4,5]]","B"
"True","True","26","True","B_o008_r01286","1","[[3,2,1,4,5]]","B"
"True","True","25","True","B_o008_r01287","1","[[3,2,1,4,5]]","B"
"True","True","26","True","B_o008_r01288","1","[[3,2,1,4,5]]","B"
"True","True","32","True","B_o008_r01291","1","[[3,1,4,2,5]]","B"
"True","True","32","True","B_o008_r01292","1","[[3,1,4,2,5]]","B"
"True","True","32","True","B_o008_r01293","1","[[3,1,4,2,5]]","B"
"True","True","32","True","B_o008_r01294","1","[[3,1,4,2,5]]","B"
"True","True","28","True","B_o008_r01297","1","[[2,3,4,1,5]]","B"
"True","True","28","True","B_o008_r01298","1","[[2,3,4,1,5]]","B"
"True","True","28","True","B_o008_r01299","1","[[2,3,4,1,5]]","B"
"True","True","28","True","B_o008_r01300","1","[[2,3,4,1,5]]","B"
"True","True","29","True","B_o008_r01303","1","[[2,3,4,1,5]]","B"
"True","True","29","True","B_o008_r01304","1","[[2,3,4,1,5]]","B"
"True","True","29","True","B_o008_r01305","1","[[2,3,4,1,5]]","B"
"True","True","29","True","B_o008_r01306","1","[[2,3,4,1,5]]","B"
"True","True","30","True","B_o008_r01309","1","[[3,2,4,1,5]]","B"
"True","True","30","True","B_o008_r01310","1","[[3,2,4,1,5]]","B"
"True","True","30","True","B_o008_r01311","1","[[3,2,4,1,5]]","B"
"True","True","30","True","B_o008_r01312","1","[[3,2,4,1,5]]","B"
"True","True","33","True","B_o008_r01315","1","[[3,2,4,1,5]]","B"
"True","True","33","True","B_o008_r01316","1","[[3,2,4,1,5]]","B"
"True","True","33","True","B_o008_r01317","1","[[3,2,4,1,5]]","B"
"True","True","33","True","B_o008_r01318","1","[[3,2,4,1,5]]","B"
"True","True","34","True","B_o008_r01319","1","[[3,2,4,1,5]]","B"
"True","True","34","True","B_o008_r01320","1","[[3,2,4,1,5]]","B"
"True","True","15","True","B_o009_r01321","1","[[1,2,3,4,5]]","B"
"True","True","18","True","B_o009_r01322","1","[[1,2,3,4,5]]","B"
"True","True","17","True","B_o009_r01323","1","[[1,2,3,4,5]]","B"
"True","True","20","True","B_o009_r01324","1","[[1,2,3,4,5]]","B"
"True","True","21","True","B_o009_r01325","1","[[1,2,4,3,5]]","B"
"True","True","21","True","B_o009_r01326","1","[[1,2,4,3,5]]","B"
"True","True","19","True","B_o009_r01329","1","[[1,2,3,4,5]]","B"
"True","True","22","True","B_o009_r01330","1","[[1,2,3,4,5]]","B"
"True","True","23","True","B_o009_r01331","1","[[1,2,4,3,5]]","B"
"True","True","23","True","B_o009_r01332","1","[[1,2,4,3,5]]","B"
"True","True","19","True","B_o009_r01333","1","[[1,3,2,4,5]]","B"
"True","True","22","True","B_o009_r01334","1","[[1,3,2,4,5]]","B"
"True","True","19","True","B_o009_r01335","1","[[1,3,2,4,5]]","B"
"True","True","22","True","B_o009_r01336","1","[[1,3,2,4,5]]","B"
"True","True","26","True","B_o009_r01337","1","[[1,4,2,3,5]]","B"
"True","True","26","True","B_o009_r01338","1","[[1,4,2,3,5]]","B"
"True","True","25","True","B_o009_r01339","1","[[1,3,4,2,5]]","B"
"True","True","25","True","B_o009_r01340","1","[[1,3,4,2,5]]","B"
"True","True","25","True","B_o009_r01341","1","[[1,3,4,2,5]]","B"
"True","True","25","True","B_o009_r01342","1","[[1,3,4,2,5]]","B"
"True","True","28","True","B_o009_r01343","1","[[1,4,3,2,5]]","B"
"True","True","28","True","B_o009_r01344","1","[[1,4,3,2,5]]","B"
"True","True","16","True","B_o009_r01345","1","[[2,1,3,4,5]]","B"
"True","True","19","True","B_o009_r01346","1","[[2,1,3,4,5]]","B"
"True","True","18","True","B_o009_r01347","1","[[2,1,3,4,5]]","B"
"True","True","21","True","B_o009_r01348","1","[[2,1,3,4,5]]","B"
"True","True","22","True","B_o009_r01349","1","[[2,1,4,3,5]]","B"
"True","True","22","True","B_o009_r01350","1","[[2,1,4,3,5]]","B"
"True","True","21","True","B_o009_r01353","2","[[1,2,3,4,5],[2,1,3,4,5]]","B"
"True","True","24","True","B_o009_r01354","2","[[1,2,3,4,5],[2,1,3,4,5]]","B"
"True","True","25","True","B_o009_r01355","2","[[1,2,4,3,5],[2,1,4,3,5]]","B"
"True","True","25","True","B_o009_r01356","2","[[1,2,4,3,5],[2,1,4,3,5]]","B"
"True","True","21","True","B_o009_r01357","1","[[1,3,2,4,5]]","B"
"True","True","24","True","B_o009_r01358","1","[[1,3,2,4,5]]","B"
"True","True","21","True","B_o009_r01359","1","[[1,3,2,4,5]]","B"
"True","True","24","True","B_o009_r01360","1","[[1,3,2,4,5]]","B"
"True","True","28","True","B_o009_r01361","1","[[1,4,2,3,5]]","B"
"True","True","28","True","B_o009_r01362","1","[[1,4,2,3,5]]","B"
"True","True","27","True","B_o009_r01363","1","[[1,3,4,2,5]]","B"
"True","True","27","True","B_o009_r01364","1","[[1,3,4,2,5]]","B"
"True","True","27","True","B_o009_r01365","1","[[1,3,4,2,5]]","B"
"True","True","27","True","B_o009_r01366","1","[[1,3,4,2,5]]","B"
"True","True","30","True","B_o009_r01367","1","[[1,4,3,2,5]]","B"
"True","True","30","True","B_o009_r01368","1","[[1,4,3,2,5]]","B"
"True","True","18","True","B_o009_r01369","1","[[2,1,3,4,5]]","B"
"True","True","21","True","B_o009_r01370","1","[[2,1,3,4,5]]","B"
"True","True","20","True","B_o009_r01371","1","[[2,1,3,4,5]]","B"
"True","True","23","True","B_o009_r01372","1","[[2,1,3,4,5]]","B"
"True","True","24","True","B_o009_r01373","1","[[2,1,4,3,5]]","B"
"True","True","24","True","B_o009_r01374","1","[[2,1,4,3,5]]","B"
"True","True","22","True","B_o009_r01381","1","[[3,1,2,4,5]]","B"
"True","True","25","True","B_o009_r01382","1","[[3,1,2,4,5]]","B"
"True","True","22","True","B_o009_r01383","1","[[3,1,2,4,5]]","B"
"True","True","25","True","B_o009_r01384","1","[[3,1,2,4,5]]","B"
"True","True","30","True","B_o009_r01385","1","[[1,4,2,3,5]]","B"
"True","True","30","True","B_o009_r01386","1","[[1,4,2,3,5]]","B"
"True","True","28","True","B_o009_r01387","1","[[3,1,4,2,5]]","B"
"True","True","28","True","B_o009_r01388","1","[[3,1,4,2,5]]","B"
"True","True","28","True","B_o009_r01389","1","[[3,1,4,2,5]]","B"
"True","True","28","True","B_o009_r01390","1","[[3,1,4,2,5]]","B"
"True","True","32","True","B_o009_r01391","1","[[1,4,3,2,5]]","B"
"True","True","32","True","B_o009_r01392","1","[[1,4,3,2,5]]","B"
"True","True","21","True","B_o009_r01393","1","[[2,3,1,4,5]]","B"
"True","True","24","True","B_o009_r01394","1","[[2,3,1,4,5]]","B"
"True","True","21","True","B_o009_r01395","1","[[2,3,1,4,5]]","B"
"True","True","24","True","B_o009_r01396","1","[[2,3,1,4,5]]","B"
"True","True","22","True","B_o009_r01399","1","[[2,3,1,4,5]]","B"
"True","True","25","True","B_o009_r01400","1","[[2,3,1,4,5]]","B"
"True","True","22","True","B_o009_r01401","1","[[2,3,1,4,5]]","B"
"True","True","25","True","B_o009_r01402","1","[[2,3,1,4,5]]","B"
"True","True","23","True","B_o009_r01405","1","[[3,2,1,4,5]]","B"
"True","True","26","True","B_o009_r01406","1","[[3,2,1,4,5]]","B"
"True","True","23","True","B_o009_r01407","1","[[3,2,1,4,5]]","B"
"True","True","26","True","B_o009_r01408","1","[[3,2,1,4,5]]","B"
"True","True","32","True","B_o009_r01411","1","[[3,1,4,2,5]]","B"
"True","True","32","True","B_o009_r01412","1","[[3,1,4,2,5]]","B"
"True","True","32","True","B_o009_r01413","1","[[3,1,4,2,5]]","B"
"True","True","32","True","B_o009_r01414","1","[[3,1,4,2,5]]","B"
"True","True","28","True","B_o009_r01417","1","[[2,3,4,1,5]]","B"
"True","True","28","True","B_o009_r01418","1","[[2,3,4,1,5]]","B"
"True","True","28","True","B_o009_r01419","1","[[2,3,4,1,5]]","B"
"True","True","28","True","B_o009_r01420","1","[[2,3,4,1,5]]","B"
"True","True","29","True","B_o009_r01423","1","[[2,3,4,1,5]]","B"
"True","True","29","True","B_o009_r01424","1","[[2,3,4,1,5]]","B"
"True","True","29","True","B_o009_r01425","1","[[2,3,4,1,5]]","B"
"True","True","29","True","B_o009_r01426","1","[[2,3,4,1,5]]","B"
"True","True","30","True","B_o009_r01429","1","[[3,2,4,1,5]]","B"
"True","True","30","True","B_o009_r01430","1","[[3,2,4,1,5]]","B"
"True","True","30","True","B_o009_r01431","1","[[3,2,4,1,5]]","B"
"True","True","30","True","B_o009_r01432","1","[[3,2,4,1,5]]","B"
"True","True","33","True","B_o009_r01435","1","[[3,2,4,1,5]]","B"
"True","True","33","True","B_o009_r01436","1","[[3,2,4,1,5]]","B"
"True","True","33","True","B_o009_r01437","1","[[3,2,4,1,5]]","B"
"True","True","33","True","B_o009_r01438","1","[[3,2,4,1,5]]","B"
"True","True","34","True","B_o009_r01439","1","[[3,2,4,1,5]]","B"
"True","True","34","True","B_o009_r01440","1","[[3,2,4,1,5]]","B"
"True","True","17","True","B_o010_r01441","1","[[1,2,3,4,5]]","B"
"True","True","17","True","B_o010_r01442","1","[[1,2,3,4,5]]","B"
"True","True","20","True","B_o010_r01443","1","[[1,2,4,3,5]]","B"
"True","True","21","True","B_o010_r01444","1","[[1,2,3,4,5]]","B"
"True","True","20","True","B_o010_r01445","1","[[1,2,4,3,5]]","B"
"True","True","21","True","B_o010_r01446","1","[[1,2,4,3,5]]","B"
"True","True","22","True","B_o010_r01449","1","[[1,2,4,3,5]]","B"
"True","True","23","True","B_o010_r01450","1","[[1,2,3,4,5]]","B"
"True","True","22","True","B_o010_r01451","1","[[1,2,4,3,5]]","B"
"True","True","23","True","B_o010_r01452","1","[[1,2,4,3,5]]","B"
"True","True","23","True","B_o010_r01453","1","[[1,3,2,4,5]]","B"
"True","True","23","True","B_o010_r01454","1","[[1,3,2,4,5]]","B"
"True","True","23","True","B_o010_r01455","1","[[1,3,2,4,5]]","B"
"True","True","23","True","B_o010_r01456","1","[[1,3,2,4,5]]","B"
"True","True","26","True","B_o010_r01457","1","[[1,4,2,3,5]]","B"
"True","True","26","True","B_o010_r01458","1","[[1,4,2,3,5]]","B"
"True","True","24","True","B_o010_r01459","1","[[1,3,4,2,5]]","B"
"True","True","24","True","B_o010_r01460","1","[[1,3,4,2,5]]","B"
"True","True","24","True","B_o010_r01461","1","[[1,3,4,2,5]]","B"
"True","True","24","True","B_o010_r01462","1","[[1,3,4,2,5]]","B"
"True","True","27","True","B_o010_r01463","1","[[1,4,3,2,5]]","B"
"True","True","27","True","B_o010_r01464","1","[[1,4,3,2,5]]","B"
"True","True","18","True","B_o010_r01465","1","[[2,1,3,4,5]]","B"
"True","True","18","True","B_o010_r01466","1","[[2,1,3,4,5]]","B"
"True","True","21","True","B_o010_r01467","1","[[2,1,4,3,5]]","B"
"True","True","22","True","B_o010_r01468","1","[[2,1,3,4,5]]","B"
"True","True","21","True","B_o010_r01469","1","[[2,1,4,3,5]]","B"
"True","True","22","True","B_o010_r01470","1","[[2,1,4,3,5]]","B"
"True","True","24","True","B_o010_r01473","2","[[1,2,4,3,5],[2,1,4,3,5]]","B"
"True","True","25","True","B_o010_r01474","2","[[1,2,3,4,5],[2,1,3,4,5]]","B"
"True","True","24","True","B_o010_r01475","2","[[1,2,4,3,5],[2,1,4,3,5]]","B"
"True","True","25","True","B_o010_r01476","2","[[1,2,4,3,5],[2,1,4,3,5]]","B"
"True","True","25","True","B_o010_r01477","1","[[1,3,2,4,5]]","B"
"True","True","25","True","B_o010_r01478","1","[[1,3,2,4,5]]","B"
"True","True","25","True","B_o010_r01479","1","[[1,3,2,4,5]]","B"
"True","True","25","True","B_o010_r01480","1","[[1,3,2,4,5]]","B"
"True","True","28","True","B_o010_r01481","1","[[1,4,2,3,5]]","B"
"True","True","28","True","B_o010_r01482","1","[[1,4,2,3,5]]","B"
"True","True","26","True","B_o010_r01483","1","[[1,3,4,2,5]]","B"
"True","True","26","True","B_o010_r01484","1","[[1,3,4,2,5]]","B"
"True","True","26","True","B_o010_r01485","1","[[1,3,4,2,5]]","B"
"True","True","26","True","B_o010_r01486","1","[[1,3,4,2,5]]","B"
"True","True","29","True","B_o010_r01487","1","[[1,4,3,2,5]]","B"
"True","True","29","True","B_o010_r01488","1","[[1,4,3,2,5]]","B"
"True","True","20","True","B_o010_r01489","1","[[2,1,3,4,5]]","B"
"True","True","20","True","B_o010_r01490","1","[[2,1,3,4,5]]","B"
"True","True","23","True","B_o010_r01491","1","[[2,1,4,3,5]]","B"
"True","True","24","True","B_o010_r01492","1","[[2,1,3,4,5]]","B"
"True","True","23","True","B_o010_r01493","1","[[2,1,4,3,5]]","B"
"True","True","24","True","B_o010_r01494","1","[[2,1,4,3,5]]","B"
"True","True","26","True","B_o010_r01501","1","[[3,1,2,4,5]]","B"
"True","True","26","True","B_o010_r01502","1","[[3,1,2,4,5]]","B"
"True","True","26","True","B_o010_r01503","1","[[3,1,2,4,5]]","B"
"True","True","26","True","B_o010_r01504","1","[[3,1,2,4,5]]","B"
"True","True","30","True","B_o010_r01505","1","[[1,4,2,3,5]]","B"
"True","True","30","True","B_o010_r01506","1","[[1,4,2,3,5]]","B"
"True","True","27","True","B_o010_r01507","1","[[3,1,4,2,5]]","B"
"True","True","27","True","B_o010_r01508","1","[[3,1,4,2,5]]","B"
"True","True","27","True","B_o010_r01509","1","[[3,1,4,2,5]]","B"
"True","True","27","True","B_o010_r01510","1","[[3,1,4,2,5]]","B"
"True","True","31","True","B_o010_r01511","1","[[1,4,3,2,5]]","B"
"True","True","31","True","B_o010_r01512","1","[[1,4,3,2,5]]","B"
"True","True","25","True","B_o010_r01513","1","[[2,3,1,4,5]]","B"
"True","True","25","True","B_o010_r01514","1","[[2,3,1,4,5]]","B"
"True","True","25","True","B_o010_r01515","1","[[2,3,1,4,5]]","B"
"True","True","25","True","B_o010_r01516","1","[[2,3,1,4,5]]","B"
"True","True","28","True","B_o010_r01517","1","[[2,4,1,3,5]]","B"
"True","True","28","True","B_o010_r01518","1","[[2,4,1,3,5]]","B"
"True","True","26","True","B_o010_r01519","1","[[2,3,1,4,5]]","B"
"True","True","26","True","B_o010_r01520","1","[[2,3,1,4,5]]","B"
"True","True","26","True","B_o010_r01521","1","[[2,3,1,4,5]]","B"
"True","True","26","True","B_o010_r01522","1","[[2,3,1,4,5]]","B"
"True","True","29","True","B_o010_r01523","1","[[2,4,1,3,5]]","B"
"True","True","29","True","B_o010_r01524","1","[[2,4,1,3,5]]","B"
"True","True","27","True","B_o010_r01525","1","[[3,2,1,4,5]]","B"
"True","True","27","True","B_o010_r01526","1","[[3,2,1,4,5]]","B"
"True","True","27","True","B_o010_r01527","1","[[3,2,1,4,5]]","B"
"True","True","27","True","B_o010_r01528","1","[[3,2,1,4,5]]","B"
"True","True","31","True","B_o010_r01529","1","[[2,4,1,3,5]]","B"
"True","True","31","True","B_o010_r01530","1","[[2,4,1,3,5]]","B"
"True","True","15","True","B_o011_r01561","1","[[1,2,3,4,5]]","B"
"True","True","16","True","B_o011_r01562","1","[[1,2,3,4,5]]","B"
"True","True","18","True","B_o011_r01563","1","[[1,2,4,3,5]]","B"
"True","True","20","True","B_o011_r01564","1","[[1,2,3,4,5]]","B"
"True","True","19","True","B_o011_r01565","1","[[1,2,4,3,5]]","B"
"True","True","20","True","B_o011_r01566","1","[[1,2,4,3,5]]","B"
"True","True","20","True","B_o011_r01569","1","[[1,2,4,3,5]]","B"
"True","True","22","True","B_o011_r01570","1","[[1,2,3,4,5]]","B"
"True","True","21","True","B_o011_r01571","1","[[1,2,4,3,5]]","B"
"True","True","22","True","B_o011_r01572","1","[[1,2,4,3,5]]","B"
"True","True","21","True","B_o011_r01573","1","[[1,3,2,4,5]]","B"
"True","True","22","True","B_o011_r01574","1","[[1,3,2,4,5]]","B"
"True","True","21","True","B_o011_r01575","1","[[1,3,2,4,5]]","B"
"True","True","22","True","B_o011_r01576","1","[[1,3,2,4,5]]","B"
"True","True","25","True","B_o011_r01577","1","[[1,4,2,3,5]]","B"
"True","True","25","True","B_o011_r01578","1","[[1,4,2,3,5]]","B"
"True","True","23","True","B_o011_r01579","1","[[1,3,4,2,5]]","B"
"True","True","23","True","B_o011_r01580","1","[[1,3,4,2,5]]","B"
"True","True","23","True","B_o011_r01581","1","[[1,3,4,2,5]]","B"
"True","True","23","True","B_o011_r01582","1","[[1,3,4,2,5]]","B"
"True","True","26","True","B_o011_r01583","1","[[1,4,3,2,5]]","B"
"True","True","26","True","B_o011_r01584","1","[[1,4,3,2,5]]","B"
"True","True","16","True","B_o011_r01585","1","[[2,1,3,4,5]]","B"
"True","True","17","True","B_o011_r01586","1","[[2,1,3,4,5]]","B"
"True","True","19","True","B_o011_r01587","1","[[2,1,4,3,5]]","B"
"True","True","21","True","B_o011_r01588","1","[[2,1,3,4,5]]","B"
"True","True","20","True","B_o011_r01589","1","[[2,1,4,3,5]]","B"
"True","True","21","True","B_o011_r01590","1","[[2,1,4,3,5]]","B"
"True","True","22","True","B_o011_r01593","2","[[1,2,4,3,5],[2,1,4,3,5]]","B"
"True","True","24","True","B_o011_r01594","2","[[1,2,3,4,5],[2,1,3,4,5]]","B"
"True","True","23","True","B_o011_r01595","2","[[1,2,4,3,5],[2,1,4,3,5]]","B"
"True","True","24","True","B_o011_r01596","2","[[1,2,4,3,5],[2,1,4,3,5]]","B"
"True","True","23","True","B_o011_r01597","1","[[1,3,2,4,5]]","B"
"True","True","24","True","B_o011_r01598","1","[[1,3,2,4,5]]","B"
"True","True","23","True","B_o011_r01599","1","[[1,3,2,4,5]]","B"
"True","True","24","True","B_o011_r01600","1","[[1,3,2,4,5]]","B"
"True","True","27","True","B_o011_r01601","1","[[1,4,2,3,5]]","B"
"True","True","27","True","B_o011_r01602","1","[[1,4,2,3,5]]","B"
"True","True","25","True","B_o011_r01603","1","[[1,3,4,2,5]]","B"
"True","True","25","True","B_o011_r01604","1","[[1,3,4,2,5]]","B"
"True","True","25","True","B_o011_r01605","1","[[1,3,4,2,5]]","B"
"True","True","25","True","B_o011_r01606","1","[[1,3,4,2,5]]","B"
"True","True","28","True","B_o011_r01607","1","[[1,4,3,2,5]]","B"
"True","True","28","True","B_o011_r01608","1","[[1,4,3,2,5]]","B"
"True","True","18","True","B_o011_r01609","1","[[2,1,3,4,5]]","B"
"True","True","19","True","B_o011_r01610","1","[[2,1,3,4,5]]","B"
"True","True","21","True","B_o011_r01611","1","[[2,1,4,3,5]]","B"
"True","True","23","True","B_o011_r01612","1","[[2,1,3,4,5]]","B"
"True","True","22","True","B_o011_r01613","1","[[2,1,4,3,5]]","B"
"True","True","23","True","B_o011_r01614","1","[[2,1,4,3,5]]","B"
"True","True","24","True","B_o011_r01621","1","[[3,1,2,4,5]]","B"
"True","True","25","True","B_o011_r01622","1","[[3,1,2,4,5]]","B"
"True","True","24","True","B_o011_r01623","1","[[3,1,2,4,5]]","B"
"True","True","25","True","B_o011_r01624","1","[[3,1,2,4,5]]","B"
"True","True","29","True","B_o011_r01625","1","[[1,4,2,3,5]]","B"
"True","True","29","True","B_o011_r01626","1","[[1,4,2,3,5]]","B"
"True","True","26","True","B_o011_r01627","1","[[3,1,4,2,5]]","B"
"True","True","26","True","B_o011_r01628","1","[[3,1,4,2,5]]","B"
"True","True","26","True","B_o011_r01629","1","[[3,1,4,2,5]]","B"
"True","True","26","True","B_o011_r01630","1","[[3,1,4,2,5]]","B"
"True","True","30","True","B_o011_r01631","1","[[1,4,3,2,5]]","B"
"True","True","30","True","B_o011_r01632","1","[[1,4,3,2,5]]","B"
"True","True","23","True","B_o011_r01633","1","[[2,3,1,4,5]]","B"
"True","True","24","True","B_o011_r01634","1","[[2,3,1,4,5]]","B"
"True","True","23","True","B_o011_r01635","1","[[2,3,1,4,5]]","B"
"True","True","24","True","B_o011_r01636","1","[[2,3,1,4,5]]","B"
"True","True","27","True","B_o011_r01637","1","[[2,4,1,3,5]]","B"
"True","True","27","True","B_o011_r01638","1","[[2,4,1,3,5]]","B"
"True","True","24","True","B_o011_r01639","1","[[2,3,1,4,5]]","B"
"True","True","25","True","B_o011_r01640","1","[[2,3,1,4,5]]","B"
"True","True","24","True","B_o011_r01641","1","[[2,3,1,4,5]]","B"
"True","True","25","True","B_o011_r01642","1","[[2,3,1,4,5]]","B"
"True","True","28","True","B_o011_r01643","1","[[2,4,1,3,5]]","B"
"True","True","28","True","B_o011_r01644","1","[[2,4,1,3,5]]","B"
"True","True","25","True","B_o011_r01645","1","[[3,2,1,4,5]]","B"
"True","True","26","True","B_o011_r01646","1","[[3,2,1,4,5]]","B"
"True","True","25","True","B_o011_r01647","1","[[3,2,1,4,5]]","B"
"True","True","26","True","B_o011_r01648","1","[[3,2,1,4,5]]","B"
"True","True","30","True","B_o011_r01649","1","[[2,4,1,3,5]]","B"
"True","True","30","True","B_o011_r01650","1","[[2,4,1,3,5]]","B"
"True","True","26","True","B_o011_r01657","1","[[2,3,4,1,5]]","B"
"True","True","26","True","B_o011_r01658","1","[[2,3,4,1,5]]","B"
"True","True","26","True","B_o011_r01659","1","[[2,3,4,1,5]]","B"
"True","True","26","True","B_o011_r01660","1","[[2,3,4,1,5]]","B"
"True","True","29","True","B_o011_r01661","1","[[2,4,3,1,5]]","B"
"True","True","29","True","B_o011_r01662","1","[[2,4,3,1,5]]","B"
"True","True","27","True","B_o011_r01663","1","[[2,3,4,1,5]]","B"
"True","True","27","True","B_o011_r01664","1","[[2,3,4,1,5]]","B"
"True","True","27","True","B_o011_r01665","1","[[2,3,4,1,5]]","B"
"True","True","27","True","B_o011_r01666","1","[[2,3,4,1,5]]","B"
"True","True","30","True","B_o011_r01667","1","[[2,4,3,1,5]]","B"
"True","True","30","True","B_o011_r01668","1","[[2,4,3,1,5]]","B"
"True","True","28","True","B_o011_r01669","1","[[3,2,4,1,5]]","B"
"True","True","28","True","B_o011_r01670","1","[[3,2,4,1,5]]","B"
"True","True","28","True","B_o011_r01671","1","[[3,2,4,1,5]]","B"
"True","True","28","True","B_o011_r01672","1","[[3,2,4,1,5]]","B"
"True","True","32","True","B_o011_r01673","1","[[2,4,3,1,5]]","B"
"True","True","32","True","B_o011_r01674","1","[[2,4,3,1,5]]","B"
"True","True","13","True","B_o012_r01681","1","[[1,2,3,4,5]]","B"
"True","True","16","True","B_o012_r01682","1","[[1,2,3,4,5]]","B"
"True","True","16","True","B_o012_r01683","1","[[1,2,4,3,5]]","B"
"True","True","20","True","B_o012_r01684","1","[[1,2,3,4,5]]","B"
"True","True","19","True","B_o012_r01685","1","[[1,2,4,3,5]]","B"
"True","True","20","True","B_o012_r01686","1","[[1,2,4,3,5]]","B"
"True","True","18","True","B_o012_r01689","1","[[1,2,4,3,5]]","B"
"True","True","22","True","B_o012_r01690","1","[[1,2,3,4,5]]","B"
"True","True","21","True","B_o012_r01691","1","[[1,2,4,3,5]]","B"
"True","True","22","True","B_o012_r01692","1","[[1,2,4,3,5]]","B"
"True","True","19","True","B_o012_r01693","1","[[1,3,2,4,5]]","B"
"True","True","22","True","B_o012_r01694","1","[[1,3,2,4,5]]","B"
"True","True","19","True","B_o012_r01695","1","[[1,3,2,4,5]]","B"
"True","True","22","True","B_o012_r01696","1","[[1,3,2,4,5]]","B"
"True","True","25","True","B_o012_r01697","1","[[1,4,2,3,5]]","B"
"True","True","25","True","B_o012_r01698","1","[[1,4,2,3,5]]","B"
"True","True","23","True","B_o012_r01699","1","[[1,3,4,2,5]]","B"
"True","True","23","True","B_o012_r01700","1","[[1,3,4,2,5]]","B"
"True","True","23","True","B_o012_r01701","1","[[1,3,4,2,5]]","B"
"True","True","23","True","B_o012_r01702","1","[[1,3,4,2,5]]","B"
"True","True","26","True","B_o012_r01703","1","[[1,4,3,2,5]]","B"
"True","True","26","True","B_o012_r01704","1","[[1,4,3,2,5]]","B"
"True","True","14","True","B_o012_r01705","1","[[2,1,3,4,5]]","B"
"True","True","17","True","B_o012_r01706","1","[[2,1,3,4,5]]","B"
"True","True","17","True","B_o012_r01707","1","[[2,1,4,3,5]]","B"
"True","True","21","True","B_o012_r01708","1","[[2,1,3,4,5]]","B"
"True","True","20","True","B_o012_r01709","1","[[2,1,4,3,5]]","B"
"True","True","21","True","B_o012_r01710","1","[[2,1,4,3,5]]","B"
"True","True","20","True","B_o012_r01713","2","[[1,2,4,3,5],[2,1,4,3,5]]","B"
"True","True","24","True","B_o012_r01714","2","[[1,2,3,4,5],[2,1,3,4,5]]","B"
"True","True","23","True","B_o012_r01715","2","[[1,2,4,3,5],[2,1,4,3,5]]","B"
"True","True","24","True","B_o012_r01716","2","[[1,2,4,3,5],[2,1,4,3,5]]","B"
"True","True","21","True","B_o012_r01717","1","[[1,3,2,4,5]]","B"
"True","True","24","True","B_o012_r01718","1","[[1,3,2,4,5]]","B"
"True","True","21","True","B_o012_r01719","1","[[1,3,2,4,5]]","B"
"True","True","24","True","B_o012_r01720","1","[[1,3,2,4,5]]","B"
"True","True","27","True","B_o012_r01721","1","[[1,4,2,3,5]]","B"
"True","True","27","True","B_o012_r01722","1","[[1,4,2,3,5]]","B"
"True","True","25","True","B_o012_r01723","1","[[1,3,4,2,5]]","B"
"True","True","25","True","B_o012_r01724","1","[[1,3,4,2,5]]","B"
"True","True","25","True","B_o012_r01725","1","[[1,3,4,2,5]]","B"
"True","True","25","True","B_o012_r01726","1","[[1,3,4,2,5]]","B"
"True","True","28","True","B_o012_r01727","1","[[1,4,3,2,5]]","B"
"True","True","28","True","B_o012_r01728","1","[[1,4,3,2,5]]","B"
"True","True","16","True","B_o012_r01729","1","[[2,1,3,4,5]]","B"
"True","True","19","True","B_o012_r01730","1","[[2,1,3,4,5]]","B"
"True","True","19","True","B_o012_r01731","1","[[2,1,4,3,5]]","B"
"True","True","23","True","B_o012_r01732","1","[[2,1,3,4,5]]","B"
"True","True","22","True","B_o012_r01733","1","[[2,1,4,3,5]]","B"
"True","True","23","True","B_o012_r01734","1","[[2,1,4,3,5]]","B"
"True","True","22","True","B_o012_r01741","1","[[3,1,2,4,5]]","B"
"True","True","25","True","B_o012_r01742","1","[[3,1,2,4,5]]","B"
"True","True","22","True","B_o012_r01743","1","[[3,1,2,4,5]]","B"
"True","True","25","True","B_o012_r01744","1","[[3,1,2,4,5]]","B"
"True","True","29","True","B_o012_r01745","1","[[1,4,2,3,5]]","B"
"True","True","29","True","B_o012_r01746","1","[[1,4,2,3,5]]","B"
"True","True","26","True","B_o012_r01747","1","[[3,1,4,2,5]]","B"
"True","True","26","True","B_o012_r01748","1","[[3,1,4,2,5]]","B"
"True","True","26","True","B_o012_r01749","1","[[3,1,4,2,5]]","B"
"True","True","26","True","B_o012_r01750","1","[[3,1,4,2,5]]","B"
"True","True","30","True","B_o012_r01751","1","[[1,4,3,2,5]]","B"
"True","True","30","True","B_o012_r01752","1","[[1,4,3,2,5]]","B"
"True","True","21","True","B_o012_r01753","1","[[2,3,1,4,5]]","B"
"True","True","24","True","B_o012_r01754","1","[[2,3,1,4,5]]","B"
"True","True","21","True","B_o012_r01755","1","[[2,3,1,4,5]]","B"
"True","True","24","True","B_o012_r01756","1","[[2,3,1,4,5]]","B"
"True","True","27","True","B_o012_r01757","1","[[2,4,1,3,5]]","B"
"True","True","27","True","B_o012_r01758","1","[[2,4,1,3,5]]","B"
"True","True","22","True","B_o012_r01759","1","[[2,3,1,4,5]]","B"
"True","True","25","True","B_o012_r01760","1","[[2,3,1,4,5]]","B"
"True","True","22","True","B_o012_r01761","1","[[2,3,1,4,5]]","B"
"True","True","25","True","B_o012_r01762","1","[[2,3,1,4,5]]","B"
"True","True","28","True","B_o012_r01763","1","[[2,4,1,3,5]]","B"
"True","True","28","True","B_o012_r01764","1","[[2,4,1,3,5]]","B"
"True","True","23","True","B_o012_r01765","1","[[3,2,1,4,5]]","B"
"True","True","26","True","B_o012_r01766","1","[[3,2,1,4,5]]","B"
"True","True","23","True","B_o012_r01767","1","[[3,2,1,4,5]]","B"
"True","True","26","True","B_o012_r01768","1","[[3,2,1,4,5]]","B"
"True","True","30","True","B_o012_r01769","1","[[2,4,1,3,5]]","B"
"True","True","30","True","B_o012_r01770","1","[[2,4,1,3,5]]","B"
"True","True","26","True","B_o012_r01777","1","[[2,3,4,1,5]]","B"
"True","True","26","True","B_o012_r01778","1","[[2,3,4,1,5]]","B"
"True","True","26","True","B_o012_r01779","1","[[2,3,4,1,5]]","B"
"True","True","26","True","B_o012_r01780","1","[[2,3,4,1,5]]","B"
"True","True","29","True","B_o012_r01781","1","[[2,4,3,1,5]]","B"
"True","True","29","True","B_o012_r01782","1","[[2,4,3,1,5]]","B"
"True","True","27","True","B_o012_r01783","1","[[2,3,4,1,5]]","B"
"True","True","27","True","B_o012_r01784","1","[[2,3,4,1,5]]","B"
"True","True","27","True","B_o012_r01785","1","[[2,3,4,1,5]]","B"
"True","True","27","True","B_o012_r01786","1","[[2,3,4,1,5]]","B"
"True","True","30","True","B_o012_r01787","1","[[2,4,3,1,5]]","B"
"True","True","30","True","B_o012_r01788","1","[[2,4,3,1,5]]","B"
"True","True","28","True","B_o012_r01789","1","[[3,2,4,1,5]]","B"
"True","True","28","True","B_o012_r01790","1","[[3,2,4,1,5]]","B"
"True","True","28","True","B_o012_r01791","1","[[3,2,4,1,5]]","B"
"True","True","28","True","B_o012_r01792","1","[[3,2,4,1,5]]","B"
"True","True","32","True","B_o012_r01793","1","[[2,4,3,1,5]]","B"
"True","True","32","True","B_o012_r01794","1","[[2,4,3,1,5]]","B"
"True","True","13","True","B_o013_r01801","1","[[1,2,3,4,5]]","B"
"True","True","14","True","B_o013_r01802","1","[[1,2,3,4,5]]","B"
"True","True","16","True","B_o013_r01803","1","[[1,2,4,3,5]]","B"
"True","True","20","True","B_o013_r01804","1","[[1,2,3,4,5]]","B"
"True","True","17","True","B_o013_r01805","1","[[1,2,4,3,5]]","B"
"True","True","20","True","B_o013_r01806","1","[[1,2,4,3,5]]","B"
"True","True","18","True","B_o013_r01809","1","[[1,2,4,3,5]]","B"
"True","True","22","True","B_o013_r01810","1","[[1,2,3,4,5]]","B"
"True","True","19","True","B_o013_r01811","1","[[1,2,4,3,5]]","B"
"True","True","22","True","B_o013_r01812","1","[[1,2,4,3,5]]","B"
"True","True","20","True","B_o013_r01813","1","[[1,3,4,2,5]]","B"
"True","True","22","True","B_o013_r01814","1","[[1,3,2,4,5]]","B"
"True","True","20","True","B_o013_r01815","1","[[1,3,4,2,5]]","B"
"True","True","22","True","B_o013_r01816","1","[[1,3,2,4,5]]","B"
"True","True","25","True","B_o013_r01817","1","[[1,4,2,3,5]]","B"
"True","True","25","True","B_o013_r01818","1","[[1,4,2,3,5]]","B"
"True","True","21","True","B_o013_r01819","1","[[1,3,4,2,5]]","B"
"True","True","22","True","B_o013_r01820","1","[[1,3,4,2,5]]","B"
"True","True","21","True","B_o013_r01821","1","[[1,3,4,2,5]]","B"
"True","True","22","True","B_o013_r01822","1","[[1,3,4,2,5]]","B"
"True","True","25","True","B_o013_r01823","1","[[1,4,3,2,5]]","B"
"True","True","25","True","B_o013_r01824","1","[[1,4,3,2,5]]","B"
"True","True","14","True","B_o013_r01825","1","[[2,1,3,4,5]]","B"
"True","True","15","True","B_o013_r01826","1","[[2,1,3,4,5]]","B"
"True","True","17","True","B_o013_r01827","1","[[2,1,4,3,5]]","B"
"True","True","21","True","B_o013_r01828","1","[[2,1,3,4,5]]","B"
"True","True","18","True","B_o013_r01829","1","[[2,1,4,3,5]]","B"
"True","True","21","True","B_o013_r01830","1","[[2,1,4,3,5]]","B"
"True","True","20","True","B_o013_r01833","2","[[1,2,4,3,5],[2,1,4,3,5]]","B"
"True","True","24","True","B_o013_r01834","2","[[1,2,3,4,5],[2,1,3,4,5]]","B"
"True","True","21","True","B_o013_r01835","2","[[1,2,4,3,5],[2,1,4,3,5]]","B"
"True","True","24","True","B_o013_r01836","2","[[1,2,4,3,5],[2,1,4,3,5]]","B"
"True","True","22","True","B_o013_r01837","1","[[1,3,4,2,5]]","B"
"True","True","24","True","B_o013_r01838","1","[[1,3,2,4,5]]","B"
"True","True","22","True","B_o013_r01839","1","[[1,3,4,2,5]]","B"
"True","True","24","True","B_o013_r01840","1","[[1,3,2,4,5]]","B"
"True","True","27","True","B_o013_r01841","1","[[1,4,2,3,5]]","B"
"True","True","27","True","B_o013_r01842","1","[[1,4,2,3,5]]","B"
"True","True","23","True","B_o013_r01843","1","[[1,3,4,2,5]]","B"
"True","True","24","True","B_o013_r01844","1","[[1,3,4,2,5]]","B"
"True","True","23","True","B_o013_r01845","1","[[1,3,4,2,5]]","B"
"True","True","24","True","B_o013_r01846","1","[[1,3,4,2,5]]","B"
"True","True","27","True","B_o013_r01847","1","[[1,4,3,2,5]]","B"
"True","True","27","True","B_o013_r01848","1","[[1,4,3,2,5]]","B"
"True","True","16","True","B_o013_r01849","1","[[2,1,3,4,5]]","B"
"True","True","17","True","B_o013_r01850","1","[[2,1,3,4,5]]","B"
"True","True","19","True","B_o013_r01851","1","[[2,1,4,3,5]]","B"
"True","True","23","True","B_o013_r01852","1","[[2,1,3,4,5]]","B"
"True","True","20","True","B_o013_r01853","1","[[2,1,4,3,5]]","B"
"True","True","23","True","B_o013_r01854","1","[[2,1,4,3,5]]","B"
"True","True","23","True","B_o013_r01861","1","[[3,1,4,2,5]]","B"
"True","True","25","True","B_o013_r01862","1","[[3,1,2,4,5]]","B"
"True","True","23","True","B_o013_r01863","1","[[3,1,4,2,5]]","B"
"True","True","25","True","B_o013_r01864","1","[[3,1,2,4,5]]","B"
"True","True","29","True","B_o013_r01865","1","[[1,4,2,3,5]]","B"
"True","True","29","True","B_o013_r01866","1","[[1,4,2,3,5]]","B"
"True","True","24","True","B_o013_r01867","1","[[3,1,4,2,5]]","B"
"True","True","25","True","B_o013_r01868","1","[[3,1,4,2,5]]","B"
"True","True","24","True","B_o013_r01869","1","[[3,1,4,2,5]]","B"
"True","True","25","True","B_o013_r01870","1","[[3,1,4,2,5]]","B"
"True","True","29","True","B_o013_r01871","1","[[1,4,3,2,5]]","B"
"True","True","29","True","B_o013_r01872","1","[[1,4,3,2,5]]","B"
"True","True","24","True","B_o013_r01874","1","[[2,3,1,4,5]]","B"
"True","True","24","True","B_o013_r01876","1","[[2,3,1,4,5]]","B"
"True","True","27","True","B_o013_r01877","1","[[2,4,1,3,5]]","B"
"True","True","27","True","B_o013_r01878","1","[[2,4,1,3,5]]","B"
"True","True","25","True","B_o013_r01880","1","[[2,3,1,4,5]]","B"
"True","True","25","True","B_o013_r01882","1","[[2,3,1,4,5]]","B"
"True","True","28","True","B_o013_r01883","1","[[2,4,1,3,5]]","B"
"True","True","28","True","B_o013_r01884","1","[[2,4,1,3,5]]","B"
"True","True","26","True","B_o013_r01886","1","[[3,2,1,4,5]]","B"
"True","True","26","True","B_o013_r01888","1","[[3,2,1,4,5]]","B"
"True","True","30","True","B_o013_r01889","1","[[2,4,1,3,5]]","B"
"True","True","30","True","B_o013_r01890","1","[[2,4,1,3,5]]","B"
"True","True","31","True","B_o013_r01891","1","[[3,4,1,2,5]]","B"
"True","True","31","True","B_o013_r01892","1","[[3,4,1,2,5]]","B"
"True","True","31","True","B_o013_r01893","1","[[3,4,1,2,5]]","B"
"True","True","31","True","B_o013_r01894","1","[[3,4,1,2,5]]","B"
"True","True","32","True","B_o013_r01895","1","[[3,4,1,2,5]]","B"
"True","True","32","True","B_o013_r01896","1","[[3,4,1,2,5]]","B"
"True","True","24","True","B_o013_r01897","1","[[2,3,4,1,5]]","B"
"True","True","24","True","B_o013_r01898","1","[[2,3,4,1,5]]","B"
"True","True","24","True","B_o013_r01899","1","[[2,3,4,1,5]]","B"
"True","True","24","True","B_o013_r01900","1","[[2,3,4,1,5]]","B"
"True","True","27","True","B_o013_r01901","1","[[2,4,3,1,5]]","B"
"True","True","27","True","B_o013_r01902","1","[[2,4,3,1,5]]","B"
"True","True","25","True","B_o013_r01903","1","[[2,3,4,1,5]]","B"
"True","True","25","True","B_o013_r01904","1","[[2,3,4,1,5]]","B"
"True","True","25","True","B_o013_r01905","1","[[2,3,4,1,5]]","B"
"True","True","25","True","B_o013_r01906","1","[[2,3,4,1,5]]","B"
"True","True","28","True","B_o013_r01907","1","[[2,4,3,1,5]]","B"
"True","True","28","True","B_o013_r01908","1","[[2,4,3,1,5]]","B"
"True","True","26","True","B_o013_r01909","1","[[3,2,4,1,5]]","B"
"True","True","26","True","B_o013_r01910","1","[[3,2,4,1,5]]","B"
"True","True","26","True","B_o013_r01911","1","[[3,2,4,1,5]]","B"
"True","True","26","True","B_o013_r01912","1","[[3,2,4,1,5]]","B"
"True","True","30","True","B_o013_r01913","1","[[2,4,3,1,5]]","B"
"True","True","30","True","B_o013_r01914","1","[[2,4,3,1,5]]","B"
"True","True","31","True","B_o013_r01915","1","[[3,4,2,1,5]]","B"
"True","True","31","True","B_o013_r01916","1","[[3,4,2,1,5]]","B"
"True","True","31","True","B_o013_r01917","1","[[3,4,2,1,5]]","B"
"True","True","31","True","B_o013_r01918","1","[[3,4,2,1,5]]","B"
"True","True","32","True","B_o013_r01919","1","[[3,4,2,1,5]]","B"
"True","True","32","True","B_o013_r01920","1","[[3,4,2,1,5]]","B"
"True","True","11","True","B_o014_r01921","1","[[1,2,3,4,5]]","B"
"True","True","14","True","B_o014_r01922","1","[[1,2,3,4,5]]","B"
"True","True","14","True","B_o014_r01923","1","[[1,2,4,3,5]]","B"
"True","True","20","True","B_o014_r01924","1","[[1,2,3,4,5]]","B"
"True","True","17","True","B_o014_r01925","1","[[1,2,4,3,5]]","B"
"True","True","20","True","B_o014_r01926","1","[[1,2,4,3,5]]","B"
"True","True","16","True","B_o014_r01929","1","[[1,2,4,3,5]]","B"
"True","True","22","True","B_o014_r01930","1","[[1,2,3,4,5]]","B"
"True","True","19","True","B_o014_r01931","1","[[1,2,4,3,5]]","B"
"True","True","22","True","B_o014_r01932","1","[[1,2,4,3,5]]","B"
"True","True","18","True","B_o014_r01933","1","[[1,3,4,2,5]]","B"
"True","True","22","True","B_o014_r01934","1","[[1,3,2,4,5]]","B"
"True","True","18","True","B_o014_r01935","1","[[1,3,4,2,5]]","B"
"True","True","22","True","B_o014_r01936","1","[[1,3,2,4,5]]","B"
"True","True","25","True","B_o014_r01937","1","[[1,4,2,3,5]]","B"
"True","True","25","True","B_o014_r01938","1","[[1,4,2,3,5]]","B"
"True","True","21","True","B_o014_r01939","1","[[1,3,4,2,5]]","B"
"True","True","22","True","B_o014_r01940","1","[[1,3,4,2,5]]","B"
"True","True","21","True","B_o014_r01941","1","[[1,3,4,2,5]]","B"
"True","True","22","True","B_o014_r01942","1","[[1,3,4,2,5]]","B"
"True","True","25","True","B_o014_r01943","1","[[1,4,3,2,5]]","B"
"True","True","25","True","B_o014_r01944","1","[[1,4,3,2,5]]","B"
"True","True","12","True","B_o014_r01945","1","[[2,1,3,4,5]]","B"
"True","True","15","True","B_o014_r01946","1","[[2,1,3,4,5]]","B"
"True","True","15","True","B_o014_r01947","1","[[2,1,4,3,5]]","B"
"True","True","21","True","B_o014_r01948","1","[[2,1,3,4,5]]","B"
"True","True","18","True","B_o014_r01949","1","[[2,1,4,3,5]]","B"
"True","True","21","True","B_o014_r01950","1","[[2,1,4,3,5]]","B"
"True","True","18","True","B_o014_r01953","2","[[1,2,4,3,5],[2,1,4,3,5]]","B"
"True","True","24","True","B_o014_r01954","2","[[1,2,3,4,5],[2,1,3,4,5]]","B"
"True","True","21","True","B_o014_r01955","2","[[1,2,4,3,5],[2,1,4,3,5]]","B"
"True","True","24","True","B_o014_r01956","2","[[1,2,4,3,5],[2,1,4,3,5]]","B"
"True","True","20","True","B_o014_r01957","1","[[1,3,4,2,5]]","B"
"True","True","24","True","B_o014_r01958","1","[[1,3,2,4,5]]","B"
"True","True","20","True","B_o014_r01959","1","[[1,3,4,2,5]]","B"
"True","True","24","True","B_o014_r01960","1","[[1,3,2,4,5]]","B"
"True","True","27","True","B_o014_r01961","1","[[1,4,2,3,5]]","B"
"True","True","27","True","B_o014_r01962","1","[[1,4,2,3,5]]","B"
"True","True","23","True","B_o014_r01963","1","[[1,3,4,2,5]]","B"
"True","True","24","True","B_o014_r01964","1","[[1,3,4,2,5]]","B"
"True","True","23","True","B_o014_r01965","1","[[1,3,4,2,5]]","B"
"True","True","24","True","B_o014_r01966","1","[[1,3,4,2,5]]","B"
"True","True","27","True","B_o014_r01967","1","[[1,4,3,2,5]]","B"
"True","True","27","True","B_o014_r01968","1","[[1,4,3,2,5]]","B"
"True","True","14","True","B_o014_r01969","1","[[2,1,3,4,5]]","B"
"True","True","17","True","B_o014_r01970","1","[[2,1,3,4,5]]","B"
"True","True","17","True","B_o014_r01971","1","[[2,1,4,3,5]]","B"
"True","True","23","True","B_o014_r01972","1","[[2,1,3,4,5]]","B"
"True","True","20","True","B_o014_r01973","1","[[2,1,4,3,5]]","B"
"True","True","23","True","B_o014_r01974","1","[[2,1,4,3,5]]","B"
"True","True","21","True","B_o014_r01981","1","[[3,1,4,2,5]]","B"
"True","True","25","True","B_o014_r01982","1","[[3,1,2,4,5]]","B"
"True","True","21","True","B_o014_r01983","1","[[3,1,4,2,5]]","B"
"True","True","25","True","B_o014_r01984","1","[[3,1,2,4,5]]","B"
"True","True","29","True","B_o014_r01985","1","[[1,4,2,3,5]]","B"
"True","True","29","True","B_o014_r01986","1","[[1,4,2,3,5]]","B"
"True","True","24","True","B_o014_r01987","1","[[3,1,4,2,5]]","B"
"True","True","25","True","B_o014_r01988","1","[[3,1,4,2,5]]","B"
"True","True","24","True","B_o014_r01989","1","[[3,1,4,2,5]]","B"
"True","True","25","True","B_o014_r01990","1","[[3,1,4,2,5]]","B"
"True","True","29","True","B_o014_r01991","1","[[1,4,3,2,5]]","B"
"True","True","29","True","B_o014_r01992","1","[[1,4,3,2,5]]","B"
"True","True","24","True","B_o014_r01994","1","[[2,3,1,4,5]]","B"
"True","True","24","True","B_o014_r01996","1","[[2,3,1,4,5]]","B"
"True","True","27","True","B_o014_r01997","1","[[2,4,1,3,5]]","B"
"True","True","27","True","B_o014_r01998","1","[[2,4,1,3,5]]","B"
"True","True","25","True","B_o014_r02000","1","[[2,3,1,4,5]]","B"
"True","True","25","True","B_o014_r02002","1","[[2,3,1,4,5]]","B"
"True","True","28","True","B_o014_r02003","1","[[2,4,1,3,5]]","B"
"True","True","28","True","B_o014_r02004","1","[[2,4,1,3,5]]","B"
"True","True","26","True","B_o014_r02006","1","[[3,2,1,4,5]]","B"
"True","True","26","True","B_o014_r02008","1","[[3,2,1,4,5]]","B"
"True","True","30","True","B_o014_r02009","1","[[2,4,1,3,5]]","B"
"True","True","30","True","B_o014_r02010","1","[[2,4,1,3,5]]","B"
"True","True","31","True","B_o014_r02011","1","[[3,4,1,2,5]]","B"
"True","True","31","True","B_o014_r02012","1","[[3,4,1,2,5]]","B"
"True","True","31","True","B_o014_r02013","1","[[3,4,1,2,5]]","B"
"True","True","31","True","B_o014_r02014","1","[[3,4,1,2,5]]","B"
"True","True","32","True","B_o014_r02015","1","[[3,4,1,2,5]]","B"
"True","True","32","True","B_o014_r02016","1","[[3,4,1,2,5]]","B"
"True","True","24","True","B_o014_r02017","1","[[2,3,4,1,5]]","B"
"True","True","24","True","B_o014_r02018","1","[[2,3,4,1,5]]","B"
"True","True","24","True","B_o014_r02019","1","[[2,3,4,1,5]]","B"
"True","True","24","True","B_o014_r02020","1","[[2,3,4,1,5]]","B"
"True","True","27","True","B_o014_r02021","1","[[2,4,3,1,5]]","B"
"True","True","27","True","B_o014_r02022","1","[[2,4,3,1,5]]","B"
"True","True","25","True","B_o014_r02023","1","[[2,3,4,1,5]]","B"
"True","True","25","True","B_o014_r02024","1","[[2,3,4,1,5]]","B"
"True","True","25","True","B_o014_r02025","1","[[2,3,4,1,5]]","B"
"True","True","25","True","B_o014_r02026","1","[[2,3,4,1,5]]","B"
"True","True","28","True","B_o014_r02027","1","[[2,4,3,1,5]]","B"
"True","True","28","True","B_o014_r02028","1","[[2,4,3,1,5]]","B"
"True","True","26","True","B_o014_r02029","1","[[3,2,4,1,5]]","B"
"True","True","26","True","B_o014_r02030","1","[[3,2,4,1,5]]","B"
"True","True","26","True","B_o014_r02031","1","[[3,2,4,1,5]]","B"
"True","True","26","True","B_o014_r02032","1","[[3,2,4,1,5]]","B"
"True","True","30","True","B_o014_r02033","1","[[2,4,3,1,5]]","B"
"True","True","30","True","B_o014_r02034","1","[[2,4,3,1,5]]","B"
"True","True","31","True","B_o014_r02035","1","[[3,4,2,1,5]]","B"
"True","True","31","True","B_o014_r02036","1","[[3,4,2,1,5]]","B"
"True","True","31","True","B_o014_r02037","1","[[3,4,2,1,5]]","B"
"True","True","31","True","B_o014_r02038","1","[[3,4,2,1,5]]","B"
"True","True","32","True","B_o014_r02039","1","[[3,4,2,1,5]]","B"
"True","True","32","True","B_o014_r02040","1","[[3,4,2,1,5]]","B"
"True","True","10","True","B_o015_r02041","1","[[1,2,3,4,5]]","B"
"True","True","12","True","B_o015_r02042","1","[[1,2,3,4,5]]","B"
"True","True","13","True","B_o015_r02043","1","[[1,2,4,3,5]]","B"
"True","True","20","True","B_o015_r02044","3","[[1,2,3,4,5],[1,2,4,3,5],[1,2,5,3,4]]","B"
"True","True","15","True","B_o015_r02045","1","[[1,2,4,3,5]]","B"
"True","True","20","True","B_o015_r02046","3","[[1,2,3,4,5],[1,2,4,3,5],[1,2,5,3,4]]","B"
"True","True","15","True","B_o015_r02049","1","[[1,2,4,3,5]]","B"
"True","True","22","True","B_o015_r02050","3","[[1,2,3,4,5],[1,2,4,3,5],[1,2,5,3,4]]","B"
"True","True","17","True","B_o015_r02051","1","[[1,2,4,3,5]]","B"
"True","True","22","True","B_o015_r02052","3","[[1,2,3,4,5],[1,2,4,3,5],[1,2,5,3,4]]","B"
"True","True","17","True","B_o015_r02053","1","[[1,3,4,2,5]]","B"
"True","True","22","True","B_o015_r02054","2","[[1,3,2,4,5],[1,3,4,2,5]]","B"
"True","True","17","True","B_o015_r02055","1","[[1,3,4,2,5]]","B"
"True","True","22","True","B_o015_r02056","2","[[1,3,2,4,5],[1,3,4,2,5]]","B"
"True","True","25","True","B_o015_r02057","2","[[1,4,2,3,5],[1,4,3,2,5]]","B"
"True","True","25","True","B_o015_r02058","2","[[1,4,2,3,5],[1,4,3,2,5]]","B"
"True","True","19","True","B_o015_r02059","1","[[1,3,4,2,5]]","B"
"True","True","19","True","B_o015_r02061","1","[[1,3,4,2,5]]","B"
"True","True","11","True","B_o015_r02065","1","[[2,1,3,4,5]]","B"
"True","True","13","True","B_o015_r02066","1","[[2,1,3,4,5]]","B"
"True","True","14","True","B_o015_r02067","1","[[2,1,4,3,5]]","B"
"True","True","21","True","B_o015_r02068","3","[[2,1,3,4,5],[2,1,4,3,5],[2,1,5,3,4]]","B"
"True","True","16","True","B_o015_r02069","1","[[2,1,4,3,5]]","B"
"True","True","21","True","B_o015_r02070","3","[[2,1,3,4,5],[2,1,4,3,5],[2,1,5,3,4]]","B"
"True","True","17","True","B_o015_r02073","2","[[1,2,4,3,5],[2,1,4,3,5]]","B"
"True","True","24","True","B_o015_r02074","6","[[1,2,3,4,5],[1,2,4,3,5],[1,2,5,3,4],[2,1,3,4,5],[2,1,4,3,5],[2,1,5,3,4]]","B"
"True","True","19","True","B_o015_r02075","2","[[1,2,4,3,5],[2,1,4,3,5]]","B"
"True","True","24","True","B_o015_r02076","6","[[1,2,3,4,5],[1,2,4,3,5],[1,2,5,3,4],[2,1,3,4,5],[2,1,4,3,5],[2,1,5,3,4]]","B"
"True","True","19","True","B_o015_r02077","1","[[1,3,4,2,5]]","B"
"True","True","24","True","B_o015_r02078","2","[[1,3,2,4,5],[1,3,4,2,5]]","B"
"True","True","19","True","B_o015_r02079","1","[[1,3,4,2,5]]","B"
"True","True","24","True","B_o015_r02080","2","[[1,3,2,4,5],[1,3,4,2,5]]","B"
"True","True","27","True","B_o015_r02081","2","[[1,4,2,3,5],[1,4,3,2,5]]","B"
"True","True","27","True","B_o015_r02082","2","[[1,4,2,3,5],[1,4,3,2,5]]","B"
"True","True","21","True","B_o015_r02083","1","[[1,3,4,2,5]]","B"
"True","True","21","True","B_o015_r02085","1","[[1,3,4,2,5]]","B"
"True","True","13","True","B_o015_r02089","1","[[2,1,3,4,5]]","B"
"True","True","15","True","B_o015_r02090","1","[[2,1,3,4,5]]","B"
"True","True","16","True","B_o015_r02091","1","[[2,1,4,3,5]]","B"
"True","True","23","True","B_o015_r02092","3","[[2,1,3,4,5],[2,1,4,3,5],[2,1,5,3,4]]","B"
"True","True","18","True","B_o015_r02093","1","[[2,1,4,3,5]]","B"
"True","True","23","True","B_o015_r02094","3","[[2,1,3,4,5],[2,1,4,3,5],[2,1,5,3,4]]","B"
"True","True","20","True","B_o015_r02101","1","[[3,1,4,2,5]]","B"
"True","True","25","True","B_o015_r02102","2","[[3,1,2,4,5],[3,1,4,2,5]]","B"
"True","True","20","True","B_o015_r02103","1","[[3,1,4,2,5]]","B"
"True","True","25","True","B_o015_r02104","2","[[3,1,2,4,5],[3,1,4,2,5]]","B"
"True","True","29","True","B_o015_r02105","2","[[1,4,2,3,5],[1,4,3,2,5]]","B"
"True","True","29","True","B_o015_r02106","2","[[1,4,2,3,5],[1,4,3,2,5]]","B"
"True","True","22","True","B_o015_r02107","1","[[3,1,4,2,5]]","B"
"True","True","22","True","B_o015_r02109","1","[[3,1,4,2,5]]","B"
"True","True","20","True","B_o015_r02113","1","[[2,3,4,1,5]]","B"
"True","True","24","True","B_o015_r02114","2","[[2,3,1,4,5],[2,3,4,1,5]]","B"
"True","True","20","True","B_o015_r02115","1","[[2,3,4,1,5]]","B"
"True","True","24","True","B_o015_r02116","2","[[2,3,1,4,5],[2,3,4,1,5]]","B"
"True","True","27","True","B_o015_r02117","2","[[2,4,1,3,5],[2,4,3,1,5]]","B"
"True","True","27","True","B_o015_r02118","2","[[2,4,1,3,5],[2,4,3,1,5]]","B"
"True","True","21","True","B_o015_r02119","1","[[2,3,4,1,5]]","B"
"True","True","25","True","B_o015_r02120","2","[[2,3,1,4,5],[2,3,4,1,5]]","B"
"True","True","21","True","B_o015_r02121","1","[[2,3,4,1,5]]","B"
"True","True","25","True","B_o015_r02122","2","[[2,3,1,4,5],[2,3,4,1,5]]","B"
"True","True","28","True","B_o015_r02123","2","[[2,4,1,3,5],[2,4,3,1,5]]","B"
"True","True","28","True","B_o015_r02124","2","[[2,4,1,3,5],[2,4,3,1,5]]","B"
"True","True","22","True","B_o015_r02125","1","[[3,2,4,1,5]]","B"
"True","True","26","True","B_o015_r02126","2","[[3,2,1,4,5],[3,2,4,1,5]]","B"
"True","True","22","True","B_o015_r02127","1","[[3,2,4,1,5]]","B"
"True","True","26","True","B_o015_r02128","2","[[3,2,1,4,5],[3,2,4,1,5]]","B"
"True","True","30","True","B_o015_r02129","2","[[2,4,1,3,5],[2,4,3,1,5]]","B"
"True","True","30","True","B_o015_r02130","2","[[2,4,1,3,5],[2,4,3,1,5]]","B"
"True","True","31","True","B_o015_r02131","2","[[3,4,1,2,5],[3,4,2,1,5]]","B"
"True","True","31","True","B_o015_r02132","2","[[3,4,1,2,5],[3,4,2,1,5]]","B"
"True","True","31","True","B_o015_r02133","2","[[3,4,1,2,5],[3,4,2,1,5]]","B"
"True","True","31","True","B_o015_r02134","2","[[3,4,1,2,5],[3,4,2,1,5]]","B"
"True","True","32","True","B_o015_r02135","2","[[3,4,1,2,5],[3,4,2,1,5]]","B"
"True","True","32","True","B_o015_r02136","2","[[3,4,1,2,5],[3,4,2,1,5]]","B"
"True","True","22","True","B_o015_r02137","1","[[2,3,4,1,5]]","B"
"True","True","22","True","B_o015_r02139","1","[[2,3,4,1,5]]","B"
"True","True","23","True","B_o015_r02143","1","[[2,3,4,1,5]]","B"
"True","True","23","True","B_o015_r02145","1","[[2,3,4,1,5]]","B"
"True","True","24","True","B_o015_r02149","1","[[3,2,4,1,5]]","B"
"True","True","24","True","B_o015_r02151","1","[[3,2,4,1,5]]","B"
"True","True","19","True","B_o016_r02161","1","[[1,2,3,4,5]]","B"
"True","True","19","True","B_o016_r02162","1","[[1,2,3,4,5]]","B"
"True","True","21","True","B_o016_r02163","1","[[1,2,3,4,5]]","B"
"True","True","21","True","B_o016_r02164","1","[[1,2,3,4,5]]","B"
"True","True","22","True","B_o016_r02165","1","[[1,2,4,3,5]]","B"
"True","True","22","True","B_o016_r02166","1","[[1,2,4,3,5]]","B"
"True","True","21","True","B_o016_r02167","1","[[1,3,2,4,5]]","B"
"True","True","21","True","B_o016_r02168","1","[[1,3,2,4,5]]","B"
"True","True","25","True","B_o016_r02169","2","[[1,2,3,4,5],[1,3,2,4,5]]","B"
"True","True","25","True","B_o016_r02170","2","[[1,2,3,4,5],[1,3,2,4,5]]","B"
"True","True","26","True","B_o016_r02171","1","[[1,2,4,3,5]]","B"
"True","True","26","True","B_o016_r02172","1","[[1,2,4,3,5]]","B"
"True","True","23","True","B_o016_r02173","1","[[1,3,2,4,5]]","B"
"True","True","23","True","B_o016_r02174","1","[[1,3,2,4,5]]","B"
"True","True","27","True","B_o016_r02177","1","[[1,4,2,3,5]]","B"
"True","True","27","True","B_o016_r02178","1","[[1,4,2,3,5]]","B"
"True","True","25","True","B_o016_r02179","1","[[1,3,2,4,5]]","B"
"True","True","25","True","B_o016_r02180","1","[[1,3,2,4,5]]","B"
"True","True","28","True","B_o016_r02183","1","[[1,4,2,3,5]]","B"
"True","True","28","True","B_o016_r02184","1","[[1,4,2,3,5]]","B"
"True","True","20","True","B_o016_r02185","1","[[2,1,3,4,5]]","B"
"True","True","20","True","B_o016_r02186","1","[[2,1,3,4,5]]","B"
"True","True","22","True","B_o016_r02187","1","[[2,1,3,4,5]]","B"
"True","True","22","True","B_o016_r02188","1","[[2,1,3,4,5]]","B"
"True","True","23","True","B_o016_r02189","1","[[2,1,4,3,5]]","B"
"True","True","23","True","B_o016_r02190","1","[[2,1,4,3,5]]","B"
"True","True","23","True","B_o016_r02191","1","[[1,3,2,4,5]]","B"
"True","True","23","True","B_o016_r02192","1","[[1,3,2,4,5]]","B"
"True","True","27","True","B_o016_r02193","3","[[1,2,3,4,5],[1,3,2,4,5],[2,1,3,4,5]]","B"
"True","True","27","True","B_o016_r02194","3","[[1,2,3,4,5],[1,3,2,4,5],[2,1,3,4,5]]","B"
"True","True","28","True","B_o016_r02195","2","[[1,2,4,3,5],[2,1,4,3,5]]","B"
"True","True","28","True","B_o016_r02196","2","[[1,2,4,3,5],[2,1,4,3,5]]","B"
"True","True","25","True","B_o016_r02197","1","[[1,3,2,4,5]]","B"
"True","True","25","True","B_o016_r02198","1","[[1,3,2,4,5]]","B"
"True","True","29","True","B_o016_r02201","1","[[1,4,2,3,5]]","B"
"True","True","29","True","B_o016_r02202","1","[[1,4,2,3,5]]","B"
"True","True","27","True","B_o016_r02203","1","[[1,3,2,4,5]]","B"
"True","True","27","True","B_o016_r02204","1","[[1,3,2,4,5]]","B"
"True","True","30","True","B_o016_r02207","1","[[1,4,2,3,5]]","B"
"True","True","30","True","B_o016_r02208","1","[[1,4,2,3,5]]","B"
"True","True","23","True","B_o016_r02209","1","[[2,3,1,4,5]]","B"
"True","True","23","True","B_o016_r02210","1","[[2,3,1,4,5]]","B"
"True","True","26","True","B_o016_r02211","2","[[2,1,3,4,5],[2,3,1,4,5]]","B"
"True","True","26","True","B_o016_r02212","2","[[2,1,3,4,5],[2,3,1,4,5]]","B"
"True","True","27","True","B_o016_r02213","1","[[2,1,4,3,5]]","B"
"True","True","27","True","B_o016_r02214","1","[[2,1,4,3,5]]","B"
"True","True","24","True","B_o016_r02215","1","[[2,3,1,4,5]]","B"
"True","True","24","True","B_o016_r02216","1","[[2,3,1,4,5]]","B"
"True","True","28","True","B_o016_r02221","2","[[3,1,2,4,5],[3,2,1,4,5]]","B"
"True","True","28","True","B_o016_r02222","2","[[3,1,2,4,5],[3,2,1,4,5]]","B"
"True","True","28","True","B_o016_r02223","2","[[3,1,2,4,5],[3,2,1,4,5]]","B"
"True","True","28","True","B_o016_r02224","2","[[3,1,2,4,5],[3,2,1,4,5]]","B"
"True","True","33","True","B_o016_r02225","2","[[1,4,2,3,5],[4,1,2,3,5]]","B"
"True","True","33","True","B_o016_r02226","2","[[1,4,2,3,5],[4,1,2,3,5]]","B"
"True","True","30","True","B_o016_r02227","2","[[3,1,2,4,5],[3,2,1,4,5]]","B"
"True","True","30","True","B_o016_r02228","2","[[3,1,2,4,5],[3,2,1,4,5]]","B"
"True","True","30","True","B_o016_r02229","2","[[3,1,2,4,5],[3,2,1,4,5]]","B"
"True","True","30","True","B_o016_r02230","2","[[3,1,2,4,5],[3,2,1,4,5]]","B"
"True","True","34","True","B_o016_r02231","2","[[1,4,2,3,5],[4,1,2,3,5]]","B"
"True","True","34","True","B_o016_r02232","2","[[1,4,2,3,5],[4,1,2,3,5]]","B"
"True","True","25","True","B_o016_r02233","1","[[2,3,1,4,5]]","B"
"True","True","25","True","B_o016_r02234","1","[[2,3,1,4,5]]","B"
"True","True","26","True","B_o016_r02239","1","[[2,3,1,4,5]]","B"
"True","True","26","True","B_o016_r02240","1","[[2,3,1,4,5]]","B"
"True","True","32","True","B_o016_r02251","2","[[3,1,2,4,5],[3,2,1,4,5]]","B"
"True","True","32","True","B_o016_r02252","2","[[3,1,2,4,5],[3,2,1,4,5]]","B"
"True","True","32","True","B_o016_r02253","2","[[3,1,2,4,5],[3,2,1,4,5]]","B"
"True","True","32","True","B_o016_r02254","2","[[3,1,2,4,5],[3,2,1,4,5]]","B"
"True","True","27","True","B_o016_r02257","1","[[2,3,1,4,5]]","B"
"True","True","27","True","B_o016_r02258","1","[[2,3,1,4,5]]","B"
"True","True","28","True","B_o016_r02263","1","[[2,3,1,4,5]]","B"
"True","True","28","True","B_o016_r02264","1","[[2,3,1,4,5]]","B"
"True","True","17","True","B_o017_r02281","1","[[1,2,3,4,5]]","B"
"True","True","17","True","B_o017_r02282","1","[[1,2,3,4,5]]","B"
"True","True","19","True","B_o017_r02283","1","[[1,2,3,4,5]]","B"
"True","True","19","True","B_o017_r02284","1","[[1,2,3,4,5]]","B"
"True","True","20","True","B_o017_r02285","1","[[1,2,4,3,5]]","B"
"True","True","20","True","B_o017_r02286","1","[[1,2,4,3,5]]","B"
"True","True","19","True","B_o017_r02287","1","[[1,3,2,4,5]]","B"
"True","True","19","True","B_o017_r02288","1","[[1,3,2,4,5]]","B"
"True","True","23","True","B_o017_r02289","2","[[1,2,3,4,5],[1,3,2,4,5]]","B"
"True","True","23","True","B_o017_r02290","2","[[1,2,3,4,5],[1,3,2,4,5]]","B"
"True","True","24","True","B_o017_r02291","1","[[1,2,4,3,5]]","B"
"True","True","24","True","B_o017_r02292","1","[[1,2,4,3,5]]","B"
"True","True","21","True","B_o017_r02293","1","[[1,3,2,4,5]]","B"
"True","True","21","True","B_o017_r02294","1","[[1,3,2,4,5]]","B"
"True","True","25","True","B_o017_r02297","1","[[1,4,2,3,5]]","B"
"True","True","25","True","B_o017_r02298","1","[[1,4,2,3,5]]","B"
"True","True","24","True","B_o017_r02299","1","[[1,3,4,2,5]]","B"
"True","True","24","True","B_o017_r02300","1","[[1,3,4,2,5]]","B"
"True","True","26","True","B_o017_r02301","1","[[1,3,4,2,5]]","B"
"True","True","26","True","B_o017_r02302","1","[[1,3,4,2,5]]","B"
"True","True","27","True","B_o017_r02303","1","[[1,4,3,2,5]]","B"
"True","True","27","True","B_o017_r02304","1","[[1,4,3,2,5]]","B"
"True","True","18","True","B_o017_r02305","1","[[2,1,3,4,5]]","B"
"True","True","18","True","B_o017_r02306","1","[[2,1,3,4,5]]","B"
"True","True","20","True","B_o017_r02307","1","[[2,1,3,4,5]]","B"
"True","True","20","True","B_o017_r02308","1","[[2,1,3,4,5]]","B"
"True","True","21","True","B_o017_r02309","1","[[2,1,4,3,5]]","B"
"True","True","21","True","B_o017_r02310","1","[[2,1,4,3,5]]","B"
"True","True","21","True","B_o017_r02311","1","[[1,3,2,4,5]]","B"
"True","True","21","True","B_o017_r02312","1","[[1,3,2,4,5]]","B"
"True","True","25","True","B_o017_r02313","3","[[1,2,3,4,5],[1,3,2,4,5],[2,1,3,4,5]]","B"
"True","True","25","True","B_o017_r02314","3","[[1,2,3,4,5],[1,3,2,4,5],[2,1,3,4,5]]","B"
"True","True","26","True","B_o017_r02315","2","[[1,2,4,3,5],[2,1,4,3,5]]","B"
"True","True","26","True","B_o017_r02316","2","[[1,2,4,3,5],[2,1,4,3,5]]","B"
"True","True","23","True","B_o017_r02317","1","[[1,3,2,4,5]]","B"
"True","True","23","True","B_o017_r02318","1","[[1,3,2,4,5]]","B"
"True","True","27","True","B_o017_r02321","1","[[1,4,2,3,5]]","B"
"True","True","27","True","B_o017_r02322","1","[[1,4,2,3,5]]","B"
"True","True","26","True","B_o017_r02323","1","[[1,3,4,2,5]]","B"
"True","True","26","True","B_o017_r02324","1","[[1,3,4,2,5]]","B"
"True","True","28","True","B_o017_r02325","1","[[1,3,4,2,5]]","B"
"True","True","28","True","B_o017_r02326","1","[[1,3,4,2,5]]","B"
"True","True","29","True","B_o017_r02327","1","[[1,4,3,2,5]]","B"
"True","True","29","True","B_o017_r02328","1","[[1,4,3,2,5]]","B"
"True","True","21","True","B_o017_r02329","1","[[2,3,1,4,5]]","B"
"True","True","21","True","B_o017_r02330","1","[[2,3,1,4,5]]","B"
"True","True","24","True","B_o017_r02331","2","[[2,1,3,4,5],[2,3,1,4,5]]","B"
"True","True","24","True","B_o017_r02332","2","[[2,1,3,4,5],[2,3,1,4,5]]","B"
"True","True","25","True","B_o017_r02333","1","[[2,1,4,3,5]]","B"
"True","True","25","True","B_o017_r02334","1","[[2,1,4,3,5]]","B"
"True","True","22","True","B_o017_r02335","1","[[2,3,1,4,5]]","B"
"True","True","22","True","B_o017_r02336","1","[[2,3,1,4,5]]","B"
"True","True","26","True","B_o017_r02341","2","[[3,1,2,4,5],[3,2,1,4,5]]","B"
"True","True","26","True","B_o017_r02342","2","[[3,1,2,4,5],[3,2,1,4,5]]","B"
"True","True","26","True","B_o017_r02343","2","[[3,1,2,4,5],[3,2,1,4,5]]","B"
"True","True","26","True","B_o017_r02344","2","[[3,1,2,4,5],[3,2,1,4,5]]","B"
"True","True","31","True","B_o017_r02345","2","[[1,4,2,3,5],[4,1,2,3,5]]","B"
"True","True","31","True","B_o017_r02346","2","[[1,4,2,3,5],[4,1,2,3,5]]","B"
"True","True","29","True","B_o017_r02347","1","[[3,1,4,2,5]]","B"
"True","True","29","True","B_o017_r02348","1","[[3,1,4,2,5]]","B"
"True","True","29","True","B_o017_r02349","1","[[3,1,4,2,5]]","B"
"True","True","29","True","B_o017_r02350","1","[[3,1,4,2,5]]","B"
"True","True","33","True","B_o017_r02351","2","[[1,4,3,2,5],[4,1,3,2,5]]","B"
"True","True","33","True","B_o017_r02352","2","[[1,4,3,2,5],[4,1,3,2,5]]","B"
"True","True","23","True","B_o017_r02353","1","[[2,3,1,4,5]]","B"
"True","True","23","True","B_o017_r02354","1","[[2,3,1,4,5]]","B"
"True","True","24","True","B_o017_r02359","1","[[2,3,1,4,5]]","B"
"True","True","24","True","B_o017_r02360","1","[[2,3,1,4,5]]","B"
"True","True","31","True","B_o017_r02371","1","[[3,1,4,2,5]]","B"
"True","True","31","True","B_o017_r02372","1","[[3,1,4,2,5]]","B"
"True","True","31","True","B_o017_r02373","1","[[3,1,4,2,5]]","B"
"True","True","31","True","B_o017_r02374","1","[[3,1,4,2,5]]","B"
"True","True","15","True","B_o018_r02401","1","[[1,2,3,4,5]]","B"
"True","True","16","True","B_o018_r02402","1","[[1,2,3,4,5]]","B"
"True","True","17","True","B_o018_r02403","1","[[1,2,3,4,5]]","B"
"True","True","18","True","B_o018_r02404","1","[[1,2,3,4,5]]","B"
"True","True","19","True","B_o018_r02405","1","[[1,2,4,3,5]]","B"
"True","True","19","True","B_o018_r02406","1","[[1,2,4,3,5]]","B"
"True","True","17","True","B_o018_r02407","1","[[1,3,2,4,5]]","B"
"True","True","18","True","B_o018_r02408","1","[[1,3,2,4,5]]","B"
"True","True","21","True","B_o018_r02409","2","[[1,2,3,4,5],[1,3,2,4,5]]","B"
"True","True","22","True","B_o018_r02410","2","[[1,2,3,4,5],[1,3,2,4,5]]","B"
"True","True","23","True","B_o018_r02411","1","[[1,2,4,3,5]]","B"
"True","True","23","True","B_o018_r02412","1","[[1,2,4,3,5]]","B"
"True","True","19","True","B_o018_r02413","1","[[1,3,2,4,5]]","B"
"True","True","20","True","B_o018_r02414","1","[[1,3,2,4,5]]","B"
"True","True","24","True","B_o018_r02417","1","[[1,4,2,3,5]]","B"
"True","True","24","True","B_o018_r02418","1","[[1,4,2,3,5]]","B"
"True","True","23","True","B_o018_r02419","1","[[1,3,4,2,5]]","B"
"True","True","23","True","B_o018_r02420","1","[[1,3,4,2,5]]","B"
"True","True","25","True","B_o018_r02421","1","[[1,3,4,2,5]]","B"
"True","True","25","True","B_o018_r02422","1","[[1,3,4,2,5]]","B"
"True","True","26","True","B_o018_r02423","1","[[1,4,3,2,5]]","B"
"True","True","26","True","B_o018_r02424","1","[[1,4,3,2,5]]","B"
"True","True","16","True","B_o018_r02425","1","[[2,1,3,4,5]]","B"
"True","True","17","True","B_o018_r02426","1","[[2,1,3,4,5]]","B"
"True","True","18","True","B_o018_r02427","1","[[2,1,3,4,5]]","B"
"True","True","19","True","B_o018_r02428","1","[[2,1,3,4,5]]","B"
"True","True","20","True","B_o018_r02429","1","[[2,1,4,3,5]]","B"
"True","True","20","True","B_o018_r02430","1","[[2,1,4,3,5]]","B"
"True","True","19","True","B_o018_r02431","1","[[1,3,2,4,5]]","B"
"True","True","20","True","B_o018_r02432","1","[[1,3,2,4,5]]","B"
"True","True","23","True","B_o018_r02433","3","[[1,2,3,4,5],[1,3,2,4,5],[2,1,3,4,5]]","B"
"True","True","24","True","B_o018_r02434","3","[[1,2,3,4,5],[1,3,2,4,5],[2,1,3,4,5]]","B"
"True","True","25","True","B_o018_r02435","2","[[1,2,4,3,5],[2,1,4,3,5]]","B"
"True","True","25","True","B_o018_r02436","2","[[1,2,4,3,5],[2,1,4,3,5]]","B"
"True","True","21","True","B_o018_r02437","1","[[1,3,2,4,5]]","B"
"True","True","22","True","B_o018_r02438","1","[[1,3,2,4,5]]","B"
"True","True","26","True","B_o018_r02441","1","[[1,4,2,3,5]]","B"
"True","True","26","True","B_o018_r02442","1","[[1,4,2,3,5]]","B"
"True","True","25","True","B_o018_r02443","1","[[1,3,4,2,5]]","B"
"True","True","25","True","B_o018_r02444","1","[[1,3,4,2,5]]","B"
"True","True","27","True","B_o018_r02445","1","[[1,3,4,2,5]]","B"
"True","True","27","True","B_o018_r02446","1","[[1,3,4,2,5]]","B"
"True","True","28","True","B_o018_r02447","1","[[1,4,3,2,5]]","B"
"True","True","28","True","B_o018_r02448","1","[[1,4,3,2,5]]","B"
"True","True","19","True","B_o018_r02449","1","[[2,3,1,4,5]]","B"
"True","True","20","True","B_o018_r02450","1","[[2,3,1,4,5]]","B"
"True","True","22","True","B_o018_r02451","2","[[2,1,3,4,5],[2,3,1,4,5]]","B"
"True","True","23","True","B_o018_r02452","2","[[2,1,3,4,5],[2,3,1,4,5]]","B"
"True","True","24","True","B_o018_r02453","1","[[2,1,4,3,5]]","B"
"True","True","24","True","B_o018_r02454","1","[[2,1,4,3,5]]","B"
"True","True","20","True","B_o018_r02455","1","[[2,3,1,4,5]]","B"
"True","True","21","True","B_o018_r02456","1","[[2,3,1,4,5]]","B"
"True","True","24","True","B_o018_r02461","2","[[3,1,2,4,5],[3,2,1,4,5]]","B"
"True","True","25","True","B_o018_r02462","2","[[3,1,2,4,5],[3,2,1,4,5]]","B"
"True","True","24","True","B_o018_r02463","2","[[3,1,2,4,5],[3,2,1,4,5]]","B"
"True","True","25","True","B_o018_r02464","2","[[3,1,2,4,5],[3,2,1,4,5]]","B"
"True","True","30","True","B_o018_r02465","2","[[1,4,2,3,5],[4,1,2,3,5]]","B"
"True","True","30","True","B_o018_r02466","2","[[1,4,2,3,5],[4,1,2,3,5]]","B"
"True","True","28","True","B_o018_r02467","1","[[3,1,4,2,5]]","B"
"True","True","28","True","B_o018_r02468","1","[[3,1,4,2,5]]","B"
"True","True","28","True","B_o018_r02469","1","[[3,1,4,2,5]]","B"
"True","True","28","True","B_o018_r02470","1","[[3,1,4,2,5]]","B"
"True","True","32","True","B_o018_r02471","2","[[1,4,3,2,5],[4,1,3,2,5]]","B"
"True","True","32","True","B_o018_r02472","2","[[1,4,3,2,5],[4,1,3,2,5]]","B"
"True","True","21","True","B_o018_r02473","1","[[2,3,1,4,5]]","B"
"True","True","22","True","B_o018_r02474","1","[[2,3,1,4,5]]","B"
"True","True","22","True","B_o018_r02479","1","[[2,3,1,4,5]]","B"
"True","True","23","True","B_o018_r02480","1","[[2,3,1,4,5]]","B"
"True","True","30","True","B_o018_r02491","1","[[3,1,4,2,5]]","B"
"True","True","30","True","B_o018_r02492","1","[[3,1,4,2,5]]","B"
"True","True","30","True","B_o018_r02493","1","[[3,1,4,2,5]]","B"
"True","True","30","True","B_o018_r02494","1","[[3,1,4,2,5]]","B"
"True","True","26","True","B_o018_r02497","1","[[2,3,4,1,5]]","B"
"True","True","26","True","B_o018_r02498","1","[[2,3,4,1,5]]","B"
"True","True","27","True","B_o018_r02499","1","[[2,3,4,1,5]]","B"
"True","True","27","True","B_o018_r02500","1","[[2,3,4,1,5]]","B"
"True","True","27","True","B_o018_r02503","1","[[2,3,4,1,5]]","B"
"True","True","27","True","B_o018_r02504","1","[[2,3,4,1,5]]","B"
"True","True","28","True","B_o018_r02505","1","[[2,3,4,1,5]]","B"
"True","True","28","True","B_o018_r02506","1","[[2,3,4,1,5]]","B"
"True","True","29","True","B_o018_r02509","1","[[3,2,4,1,5]]","B"
"True","True","29","True","B_o018_r02510","1","[[3,2,4,1,5]]","B"
"True","True","29","True","B_o018_r02511","1","[[3,2,4,1,5]]","B"
"True","True","29","True","B_o018_r02512","1","[[3,2,4,1,5]]","B"
"True","True","31","True","B_o018_r02515","1","[[3,2,4,1,5]]","B"
"True","True","31","True","B_o018_r02516","1","[[3,2,4,1,5]]","B"
"True","True","31","True","B_o018_r02517","1","[[3,2,4,1,5]]","B"
"True","True","31","True","B_o018_r02518","1","[[3,2,4,1,5]]","B"
"True","True","13","True","B_o019_r02521","1","[[1,2,3,4,5]]","B"
"True","True","16","True","B_o019_r02522","1","[[1,2,3,4,5]]","B"
"True","True","15","True","B_o019_r02523","1","[[1,2,3,4,5]]","B"
"True","True","18","True","B_o019_r02524","1","[[1,2,3,4,5]]","B"
"True","True","19","True","B_o019_r02525","1","[[1,2,4,3,5]]","B"
"True","True","19","True","B_o019_r02526","1","[[1,2,4,3,5]]","B"
"True","True","15","True","B_o019_r02527","1","[[1,3,2,4,5]]","B"
"True","True","18","True","B_o019_r02528","1","[[1,3,2,4,5]]","B"
"True","True","19","True","B_o019_r02529","2","[[1,2,3,4,5],[1,3,2,4,5]]","B"
"True","True","22","True","B_o019_r02530","2","[[1,2,3,4,5],[1,3,2,4,5]]","B"
"True","True","23","True","B_o019_r02531","1","[[1,2,4,3,5]]","B"
"True","True","23","True","B_o019_r02532","1","[[1,2,4,3,5]]","B"
"True","True","17","True","B_o019_r02533","1","[[1,3,2,4,5]]","B"
"True","True","20","True","B_o019_r02534","1","[[1,3,2,4,5]]","B"
"True","True","24","True","B_o019_r02537","1","[[1,4,2,3,5]]","B"
"True","True","24","True","B_o019_r02538","1","[[1,4,2,3,5]]","B"
"True","True","23","True","B_o019_r02539","1","[[1,3,4,2,5]]","B"
"True","True","23","True","B_o019_r02540","1","[[1,3,4,2,5]]","B"
"True","True","25","True","B_o019_r02541","1","[[1,3,4,2,5]]","B"
"True","True","25","True","B_o019_r02542","1","[[1,3,4,2,5]]","B"
"True","True","26","True","B_o019_r02543","1","[[1,4,3,2,5]]","B"
"True","True","26","True","B_o019_r02544","1","[[1,4,3,2,5]]","B"
"True","True","14","True","B_o019_r02545","1","[[2,1,3,4,5]]","B"
"True","True","17","True","B_o019_r02546","1","[[2,1,3,4,5]]","B"
"True","True","16","True","B_o019_r02547","1","[[2,1,3,4,5]]","B"
"True","True","19","True","B_o019_r02548","1","[[2,1,3,4,5]]","B"
"True","True","20","True","B_o019_r02549","1","[[2,1,4,3,5]]","B"
"True","True","20","True","B_o019_r02550","1","[[2,1,4,3,5]]","B"
"True","True","17","True","B_o019_r02551","1","[[1,3,2,4,5]]","B"
"True","True","20","True","B_o019_r02552","1","[[1,3,2,4,5]]","B"
"True","True","21","True","B_o019_r02553","3","[[1,2,3,4,5],[1,3,2,4,5],[2,1,3,4,5]]","B"
"True","True","24","True","B_o019_r02554","3","[[1,2,3,4,5],[1,3,2,4,5],[2,1,3,4,5]]","B"
"True","True","25","True","B_o019_r02555","2","[[1,2,4,3,5],[2,1,4,3,5]]","B"
"True","True","25","True","B_o019_r02556","2","[[1,2,4,3,5],[2,1,4,3,5]]","B"
"True","True","19","True","B_o019_r02557","1","[[1,3,2,4,5]]","B"
"True","True","22","True","B_o019_r02558","1","[[1,3,2,4,5]]","B"
"True","True","26","True","B_o019_r02561","1","[[1,4,2,3,5]]","B"
"True","True","26","True","B_o019_r02562","1","[[1,4,2,3,5]]","B"
"True","True","25","True","B_o019_r02563","1","[[1,3,4,2,5]]","B"
"True","True","25","True","B_o019_r02564","1","[[1,3,4,2,5]]","B"
"True","True","27","True","B_o019_r02565","1","[[1,3,4,2,5]]","B"
"True","True","27","True","B_o019_r02566","1","[[1,3,4,2,5]]","B"
"True","True","28","True","B_o019_r02567","1","[[1,4,3,2,5]]","B"
"True","True","28","True","B_o019_r02568","1","[[1,4,3,2,5]]","B"
"True","True","17","True","B_o019_r02569","1","[[2,3,1,4,5]]","B"
"True","True","20","True","B_o019_r02570","1","[[2,3,1,4,5]]","B"
"True","True","20","True","B_o019_r02571","2","[[2,1,3,4,5],[2,3,1,4,5]]","B"
"True","True","23","True","B_o019_r02572","2","[[2,1,3,4,5],[2,3,1,4,5]]","B"
"True","True","24","True","B_o019_r02573","1","[[2,1,4,3,5]]","B"
"True","True","24","True","B_o019_r02574","1","[[2,1,4,3,5]]","B"
"True","True","18","True","B_o019_r02575","1","[[2,3,1,4,5]]","B"
"True","True","21","True","B_o019_r02576","1","[[2,3,1,4,5]]","B"
"True","True","22","True","B_o019_r02581","2","[[3,1,2,4,5],[3,2,1,4,5]]","B"
"True","True","25","True","B_o019_r02582","2","[[3,1,2,4,5],[3,2,1,4,5]]","B"
"True","True","22","True","B_o019_r02583","2","[[3,1,2,4,5],[3,2,1,4,5]]","B"
"True","True","25","True","B_o019_r02584","2","[[3,1,2,4,5],[3,2,1,4,5]]","B"
"True","True","30","True","B_o019_r02585","2","[[1,4,2,3,5],[4,1,2,3,5]]","B"
"True","True","30","True","B_o019_r02586","2","[[1,4,2,3,5],[4,1,2,3,5]]","B"
"True","True","28","True","B_o019_r02587","1","[[3,1,4,2,5]]","B"
"True","True","28","True","B_o019_r02588","1","[[3,1,4,2,5]]","B"
"True","True","28","True","B_o019_r02589","1","[[3,1,4,2,5]]","B"
"True","True","28","True","B_o019_r02590","1","[[3,1,4,2,5]]","B"
"True","True","32","True","B_o019_r02591","2","[[1,4,3,2,5],[4,1,3,2,5]]","B"
"True","True","32","True","B_o019_r02592","2","[[1,4,3,2,5],[4,1,3,2,5]]","B"
"True","True","19","True","B_o019_r02593","1","[[2,3,1,4,5]]","B"
"True","True","22","True","B_o019_r02594","1","[[2,3,1,4,5]]","B"
"True","True","20","True","B_o019_r02599","1","[[2,3,1,4,5]]","B"
"True","True","23","True","B_o019_r02600","1","[[2,3,1,4,5]]","B"
"True","True","30","True","B_o019_r02611","1","[[3,1,4,2,5]]","B"
"True","True","30","True","B_o019_r02612","1","[[3,1,4,2,5]]","B"
"True","True","30","True","B_o019_r02613","1","[[3,1,4,2,5]]","B"
"True","True","30","True","B_o019_r02614","1","[[3,1,4,2,5]]","B"
"True","True","26","True","B_o019_r02617","1","[[2,3,4,1,5]]","B"
"True","True","26","True","B_o019_r02618","1","[[2,3,4,1,5]]","B"
"True","True","27","True","B_o019_r02619","1","[[2,3,4,1,5]]","B"
"True","True","27","True","B_o019_r02620","1","[[2,3,4,1,5]]","B"
"True","True","27","True","B_o019_r02623","1","[[2,3,4,1,5]]","B"
"True","True","27","True","B_o019_r02624","1","[[2,3,4,1,5]]","B"
"True","True","28","True","B_o019_r02625","1","[[2,3,4,1,5]]","B"
"True","True","28","True","B_o019_r02626","1","[[2,3,4,1,5]]","B"
"True","True","29","True","B_o019_r02629","1","[[3,2,4,1,5]]","B"
"True","True","29","True","B_o019_r02630","1","[[3,2,4,1,5]]","B"
"True","True","29","True","B_o019_r02631","1","[[3,2,4,1,5]]","B"
"True","True","29","True","B_o019_r02632","1","[[3,2,4,1,5]]","B"
"True","True","31","True","B_o019_r02635","1","[[3,2,4,1,5]]","B"
"True","True","31","True","B_o019_r02636","1","[[3,2,4,1,5]]","B"
"True","True","31","True","B_o019_r02637","1","[[3,2,4,1,5]]","B"
"True","True","31","True","B_o019_r02638","1","[[3,2,4,1,5]]","B"
"True","True","15","True","B_o020_r02641","1","[[1,2,3,4,5]]","B"
"True","True","15","True","B_o020_r02642","1","[[1,2,3,4,5]]","B"
"True","True","18","True","B_o020_r02643","1","[[1,2,4,3,5]]","B"
"True","True","19","True","B_o020_r02644","1","[[1,2,3,4,5]]","B"
"True","True","18","True","B_o020_r02645","1","[[1,2,4,3,5]]","B"
"True","True","19","True","B_o020_r02646","1","[[1,2,4,3,5]]","B"
"True","True","17","True","B_o020_r02647","1","[[1,3,2,4,5]]","B"
"True","True","17","True","B_o020_r02648","1","[[1,3,2,4,5]]","B"
"True","True","22","True","B_o020_r02649","1","[[1,2,4,3,5]]","B"
"True","True","23","True","B_o020_r02650","2","[[1,2,3,4,5],[1,3,2,4,5]]","B"
"True","True","22","True","B_o020_r02651","1","[[1,2,4,3,5]]","B"
"True","True","23","True","B_o020_r02652","1","[[1,2,4,3,5]]","B"
"True","True","21","True","B_o020_r02653","1","[[1,3,2,4,5]]","B"
"True","True","21","True","B_o020_r02654","1","[[1,3,2,4,5]]","B"
"True","True","24","True","B_o020_r02657","1","[[1,4,2,3,5]]","B"
"True","True","24","True","B_o020_r02658","1","[[1,4,2,3,5]]","B"
"True","True","22","True","B_o020_r02659","1","[[1,3,4,2,5]]","B"
"True","True","22","True","B_o020_r02660","1","[[1,3,4,2,5]]","B"
"True","True","24","True","B_o020_r02661","1","[[1,3,4,2,5]]","B"
"True","True","24","True","B_o020_r02662","1","[[1,3,4,2,5]]","B"
"True","True","25","True","B_o020_r02663","1","[[1,4,3,2,5]]","B"
"True","True","25","True","B_o020_r02664","1","[[1,4,3,2,5]]","B"
"True","True","16","True","B_o020_r02665","1","[[2,1,3,4,5]]","B"
"True","True","16","True","B_o020_r02666","1","[[2,1,3,4,5]]","B"
"True","True","19","True","B_o020_r02667","1","[[2,1,4,3,5]]","B"
"True","True","20","True","B_o020_r02668","1","[[2,1,3,4,5]]","B"
"True","True","19","True","B_o020_r02669","1","[[2,1,4,3,5]]","B"
"True","True","20","True","B_o020_r02670","1","[[2,1,4,3,5]]","B"
"True","True","19","True","B_o020_r02671","1","[[1,3,2,4,5]]","B"
"True","True","19","True","B_o020_r02672","1","[[1,3,2,4,5]]","B"
"True","True","24","True","B_o020_r02673","2","[[1,2,4,3,5],[2,1,4,3,5]]","B"
"True","True","25","True","B_o020_r02674","3","[[1,2,3,4,5],[1,3,2,4,5],[2,1,3,4,5]]","B"
"True","True","24","True","B_o020_r02675","2","[[1,2,4,3,5],[2,1,4,3,5]]","B"
"True","True","25","True","B_o020_r02676","2","[[1,2,4,3,5],[2,1,4,3,5]]","B"
"True","True","23","True","B_o020_r02677","1","[[1,3,2,4,5]]","B"
"True","True","23","True","B_o020_r02678","1","[[1,3,2,4,5]]","B"
"True","True","26","True","B_o020_r02681","1","[[1,4,2,3,5]]","B"
"True","True","26","True","B_o020_r02682","1","[[1,4,2,3,5]]","B"
"True","True","24","True","B_o020_r02683","1","[[1,3,4,2,5]]","B"
"True","True","24","True","B_o020_r02684","1","[[1,3,4,2,5]]","B"
"True","True","26","True","B_o020_r02685","1","[[1,3,4,2,5]]","B"
"True","True","26","True","B_o020_r02686","1","[[1,3,4,2,5]]","B"
"True","True","27","True","B_o020_r02687","1","[[1,4,3,2,5]]","B"
"True","True","27","True","B_o020_r02688","1","[[1,4,3,2,5]]","B"
"True","True","19","True","B_o020_r02689","1","[[2,3,1,4,5]]","B"
"True","True","19","True","B_o020_r02690","1","[[2,3,1,4,5]]","B"
"True","True","23","True","B_o020_r02691","1","[[2,1,4,3,5]]","B"
"True","True","24","True","B_o020_r02692","2","[[2,1,3,4,5],[2,3,1,4,5]]","B"
"True","True","23","True","B_o020_r02693","1","[[2,1,4,3,5]]","B"
"True","True","24","True","B_o020_r02694","1","[[2,1,4,3,5]]","B"
"True","True","20","True","B_o020_r02695","1","[[2,3,1,4,5]]","B"
"True","True","20","True","B_o020_r02696","1","[[2,3,1,4,5]]","B"
"True","True","26","True","B_o020_r02701","2","[[3,1,2,4,5],[3,2,1,4,5]]","B"
"True","True","26","True","B_o020_r02702","2","[[3,1,2,4,5],[3,2,1,4,5]]","B"
"True","True","26","True","B_o020_r02703","2","[[3,1,2,4,5],[3,2,1,4,5]]","B"
"True","True","26","True","B_o020_r02704","2","[[3,1,2,4,5],[3,2,1,4,5]]","B"
"True","True","30","True","B_o020_r02705","2","[[1,4,2,3,5],[4,1,2,3,5]]","B"
"True","True","30","True","B_o020_r02706","2","[[1,4,2,3,5],[4,1,2,3,5]]","B"
"True","True","27","True","B_o020_r02707","1","[[3,1,4,2,5]]","B"
"True","True","27","True","B_o020_r02708","1","[[3,1,4,2,5]]","B"
"True","True","27","True","B_o020_r02709","1","[[3,1,4,2,5]]","B"
"True","True","27","True","B_o020_r02710","1","[[3,1,4,2,5]]","B"
"True","True","31","True","B_o020_r02711","2","[[1,4,3,2,5],[4,1,3,2,5]]","B"
"True","True","31","True","B_o020_r02712","2","[[1,4,3,2,5],[4,1,3,2,5]]","B"
"True","True","23","True","B_o020_r02713","1","[[2,3,1,4,5]]","B"
"True","True","23","True","B_o020_r02714","1","[[2,3,1,4,5]]","B"
"True","True","26","True","B_o020_r02717","1","[[2,4,1,3,5]]","B"
"True","True","26","True","B_o020_r02718","1","[[2,4,1,3,5]]","B"
"True","True","24","True","B_o020_r02719","1","[[2,3,1,4,5]]","B"
"True","True","24","True","B_o020_r02720","1","[[2,3,1,4,5]]","B"
"True","True","27","True","B_o020_r02723","1","[[2,4,1,3,5]]","B"
"True","True","27","True","B_o020_r02724","1","[[2,4,1,3,5]]","B"
"True","True","31","True","B_o020_r02729","2","[[2,4,1,3,5],[4,2,1,3,5]]","B"
"True","True","31","True","B_o020_r02730","2","[[2,4,1,3,5],[4,2,1,3,5]]","B"
"True","True","13","True","B_o021_r02761","1","[[1,2,3,4,5]]","B"
"True","True","14","True","B_o021_r02762","1","[[1,2,3,4,5]]","B"
"True","True","16","True","B_o021_r02763","1","[[1,2,4,3,5]]","B"
"True","True","18","True","B_o021_r02764","1","[[1,2,3,4,5]]","B"
"True","True","17","True","B_o021_r02765","1","[[1,2,4,3,5]]","B"
"True","True","18","True","B_o021_r02766","1","[[1,2,4,3,5]]","B"
"True","True","15","True","B_o021_r02767","1","[[1,3,2,4,5]]","B"
"True","True","16","True","B_o021_r02768","1","[[1,3,2,4,5]]","B"
"True","True","20","True","B_o021_r02769","1","[[1,2,4,3,5]]","B"
"True","True","22","True","B_o021_r02770","2","[[1,2,3,4,5],[1,3,2,4,5]]","B"
"True","True","21","True","B_o021_r02771","1","[[1,2,4,3,5]]","B"
"True","True","22","True","B_o021_r02772","1","[[1,2,4,3,5]]","B"
"True","True","19","True","B_o021_r02773","1","[[1,3,2,4,5]]","B"
"True","True","20","True","B_o021_r02774","1","[[1,3,2,4,5]]","B"
"True","True","23","True","B_o021_r02777","1","[[1,4,2,3,5]]","B"
"True","True","23","True","B_o021_r02778","1","[[1,4,2,3,5]]","B"
"True","True","21","True","B_o021_r02779","1","[[1,3,4,2,5]]","B"
"True","True","21","True","B_o021_r02780","1","[[1,3,4,2,5]]","B"
"True","True","23","True","B_o021_r02781","1","[[1,3,4,2,5]]","B"
"True","True","23","True","B_o021_r02782","1","[[1,3,4,2,5]]","B"
"True","True","24","True","B_o021_r02783","1","[[1,4,3,2,5]]","B"
"True","True","24","True","B_o021_r02784","1","[[1,4,3,2,5]]","B"
"True","True","14","True","B_o021_r02785","1","[[2,1,3,4,5]]","B"
"True","True","15","True","B_o021_r02786","1","[[2,1,3,4,5]]","B"
"True","True","17","True","B_o021_r02787","1","[[2,1,4,3,5]]","B"
"True","True","19","True","B_o021_r02788","1","[[2,1,3,4,5]]","B"
"True","True","18","True","B_o021_r02789","1","[[2,1,4,3,5]]","B"
"True","True","19","True","B_o021_r02790","1","[[2,1,4,3,5]]","B"
"True","True","17","True","B_o021_r02791","1","[[1,3,2,4,5]]","B"
"True","True","18","True","B_o021_r02792","1","[[1,3,2,4,5]]","B"
"True","True","22","True","B_o021_r02793","2","[[1,2,4,3,5],[2,1,4,3,5]]","B"
"True","True","24","True","B_o021_r02794","3","[[1,2,3,4,5],[1,3,2,4,5],[2,1,3,4,5]]","B"
"True","True","23","True","B_o021_r02795","2","[[1,2,4,3,5],[2,1,4,3,5]]","B"
"True","True","24","True","B_o021_r02796","2","[[1,2,4,3,5],[2,1,4,3,5]]","B"
"True","True","21","True","B_o021_r02797","1","[[1,3,2,4,5]]","B"
"True","True","22","True","B_o021_r02798","1","[[1,3,2,4,5]]","B"
"True","True","25","True","B_o021_r02801","1","[[1,4,2,3,5]]","B"
"True","True","25","True","B_o021_r02802","1","[[1,4,2,3,5]]","B"
"True","True","23","True","B_o021_r02803","1","[[1,3,4,2,5]]","B"
"True","True","23","True","B_o021_r02804","1","[[1,3,4,2,5]]","B"
"True","True","25","True","B_o021_r02805","1","[[1,3,4,2,5]]","B"
"True","True","25","True","B_o021_r02806","1","[[1,3,4,2,5]]","B"
"True","True","26","True","B_o021_r02807","1","[[1,4,3,2,5]]","B"
"True","True","26","True","B_o021_r02808","1","[[1,4,3,2,5]]","B"
"True","True","17","True","B_o021_r02809","1","[[2,3,1,4,5]]","B"
"True","True","18","True","B_o021_r02810","1","[[2,3,1,4,5]]","B"
"True","True","21","True","B_o021_r02811","1","[[2,1,4,3,5]]","B"
"True","True","23","True","B_o021_r02812","2","[[2,1,3,4,5],[2,3,1,4,5]]","B"
"True","True","22","True","B_o021_r02813","1","[[2,1,4,3,5]]","B"
"True","True","23","True","B_o021_r02814","1","[[2,1,4,3,5]]","B"
"True","True","18","True","B_o021_r02815","1","[[2,3,1,4,5]]","B"
"True","True","19","True","B_o021_r02816","1","[[2,3,1,4,5]]","B"
"True","True","24","True","B_o021_r02821","2","[[3,1,2,4,5],[3,2,1,4,5]]","B"
"True","True","25","True","B_o021_r02822","2","[[3,1,2,4,5],[3,2,1,4,5]]","B"
"True","True","24","True","B_o021_r02823","2","[[3,1,2,4,5],[3,2,1,4,5]]","B"
"True","True","25","True","B_o021_r02824","2","[[3,1,2,4,5],[3,2,1,4,5]]","B"
"True","True","29","True","B_o021_r02825","2","[[1,4,2,3,5],[4,1,2,3,5]]","B"
"True","True","29","True","B_o021_r02826","2","[[1,4,2,3,5],[4,1,2,3,5]]","B"
"True","True","26","True","B_o021_r02827","1","[[3,1,4,2,5]]","B"
"True","True","26","True","B_o021_r02828","1","[[3,1,4,2,5]]","B"
"True","True","26","True","B_o021_r02829","1","[[3,1,4,2,5]]","B"
"True","True","26","True","B_o021_r02830","1","[[3,1,4,2,5]]","B"
"True","True","30","True","B_o021_r02831","2","[[1,4,3,2,5],[4,1,3,2,5]]","B"
"True","True","30","True","B_o021_r02832","2","[[1,4,3,2,5],[4,1,3,2,5]]","B"
"True","True","21","True","B_o021_r02833","1","[[2,3,1,4,5]]","B"
"True","True","22","True","B_o021_r02834","1","[[2,3,1,4,5]]","B"
"True","True","25","True","B_o021_r02837","1","[[2,4,1,3,5]]","B"
"True","True","25","True","B_o021_r02838","1","[[2,4,1,3,5]]","B"
"True","True","22","True","B_o021_r02839","1","[[2,3,1,4,5]]","B"
"True","True","23","True","B_o021_r02840","1","[[2,3,1,4,5]]","B"
"True","True","26","True","B_o021_r02843","1","[[2,4,1,3,5]]","B"
"True","True","26","True","B_o021_r02844","1","[[2,4,1,3,5]]","B"
"True","True","30","True","B_o021_r02849","2","[[2,4,1,3,5],[4,2,1,3,5]]","B"
"True","True","30","True","B_o021_r02850","2","[[2,4,1,3,5],[4,2,1,3,5]]","B"
"True","True","24","True","B_o021_r02857","1","[[2,3,4,1,5]]","B"
"True","True","24","True","B_o021_r02858","1","[[2,3,4,1,5]]","B"
"True","True","25","True","B_o021_r02859","1","[[2,3,4,1,5]]","B"
"True","True","25","True","B_o021_r02860","1","[[2,3,4,1,5]]","B"
"True","True","27","True","B_o021_r02861","1","[[2,4,3,1,5]]","B"
"True","True","27","True","B_o021_r02862","1","[[2,4,3,1,5]]","B"
"True","True","25","True","B_o021_r02863","1","[[2,3,4,1,5]]","B"
"True","True","25","True","B_o021_r02864","1","[[2,3,4,1,5]]","B"
"True","True","26","True","B_o021_r02865","1","[[2,3,4,1,5]]","B"
"True","True","26","True","B_o021_r02866","1","[[2,3,4,1,5]]","B"
"True","True","28","True","B_o021_r02867","1","[[2,4,3,1,5]]","B"
"True","True","28","True","B_o021_r02868","1","[[2,4,3,1,5]]","B"
"True","True","27","True","B_o021_r02869","1","[[3,2,4,1,5]]","B"
"True","True","27","True","B_o021_r02870","1","[[3,2,4,1,5]]","B"
"True","True","27","True","B_o021_r02871","1","[[3,2,4,1,5]]","B"
"True","True","27","True","B_o021_r02872","1","[[3,2,4,1,5]]","B"
"True","True","32","True","B_o021_r02873","2","[[2,4,3,1,5],[4,2,3,1,5]]","B"
"True","True","32","True","B_o021_r02874","2","[[2,4,3,1,5],[4,2,3,1,5]]","B"
"True","True","11","True","B_o022_r02881","1","[[1,2,3,4,5]]","B"
"True","True","14","True","B_o022_r02882","1","[[1,2,3,4,5]]","B"
"True","True","14","True","B_o022_r02883","1","[[1,2,4,3,5]]","B"
"True","True","18","True","B_o022_r02884","1","[[1,2,3,4,5]]","B"
"True","True","17","True","B_o022_r02885","1","[[1,2,4,3,5]]","B"
"True","True","18","True","B_o022_r02886","1","[[1,2,4,3,5]]","B"
"True","True","13","True","B_o022_r02887","1","[[1,3,2,4,5]]","B"
"True","True","16","True","B_o022_r02888","1","[[1,3,2,4,5]]","B"
"True","True","18","True","B_o022_r02889","1","[[1,2,4,3,5]]","B"
"True","True","22","True","B_o022_r02890","2","[[1,2,3,4,5],[1,3,2,4,5]]","B"
"True","True","21","True","B_o022_r02891","1","[[1,2,4,3,5]]","B"
"True","True","22","True","B_o022_r02892","1","[[1,2,4,3,5]]","B"
"True","True","17","True","B_o022_r02893","1","[[1,3,2,4,5]]","B"
"True","True","20","True","B_o022_r02894","1","[[1,3,2,4,5]]","B"
"True","True","23","True","B_o022_r02897","1","[[1,4,2,3,5]]","B"
"True","True","23","True","B_o022_r02898","1","[[1,4,2,3,5]]","B"
"True","True","21","True","B_o022_r02899","1","[[1,3,4,2,5]]","B"
"True","True","21","True","B_o022_r02900","1","[[1,3,4,2,5]]","B"
"True","True","23","True","B_o022_r02901","1","[[1,3,4,2,5]]","B"
"True","True","23","True","B_o022_r02902","1","[[1,3,4,2,5]]","B"
"True","True","24","True","B_o022_r02903","1","[[1,4,3,2,5]]","B"
"True","True","24","True","B_o022_r02904","1","[[1,4,3,2,5]]","B"
"True","True","12","True","B_o022_r02905","1","[[2,1,3,4,5]]","B"
"True","True","15","True","B_o022_r02906","1","[[2,1,3,4,5]]","B"
"True","True","15","True","B_o022_r02907","1","[[2,1,4,3,5]]","B"
"True","True","19","True","B_o022_r02908","1","[[2,1,3,4,5]]","B"
"True","True","18","True","B_o022_r02909","1","[[2,1,4,3,5]]","B"
"True","True","19","True","B_o022_r02910","1","[[2,1,4,3,5]]","B"
"True","True","15","True","B_o022_r02911","1","[[1,3,2,4,5]]","B"
"True","True","18","True","B_o022_r02912","1","[[1,3,2,4,5]]","B"
"True","True","20","True","B_o022_r02913","2","[[1,2,4,3,5],[2,1,4,3,5]]","B"
"True","True","24","True","B_o022_r02914","3","[[1,2,3,4,5],[1,3,2,4,5],[2,1,3,4,5]]","B"
"True","True","23","True","B_o022_r02915","2","[[1,2,4,3,5],[2,1,4,3,5]]","B"
"True","True","24","True","B_o022_r02916","2","[[1,2,4,3,5],[2,1,4,3,5]]","B"
"True","True","19","True","B_o022_r02917","1","[[1,3,2,4,5]]","B"
"True","True","22","True","B_o022_r02918","1","[[1,3,2,4,5]]","B"
"True","True","25","True","B_o022_r02921","1","[[1,4,2,3,5]]","B"
"True","True","25","True","B_o022_r02922","1","[[1,4,2,3,5]]","B"
"True","True","23","True","B_o022_r02923","1","[[1,3,4,2,5]]","B"
"True","True","23","True","B_o022_r02924","1","[[1,3,4,2,5]]","B"
"True","True","25","True","B_o022_r02925","1","[[1,3,4,2,5]]","B"
"True","True","25","True","B_o022_r02926","1","[[1,3,4,2,5]]","B"
"True","True","26","True","B_o022_r02927","1","[[1,4,3,2,5]]","B"
"True","True","26","True","B_o022_r02928","1","[[1,4,3,2,5]]","B"
"True","True","15","True","B_o022_r02929","1","[[2,3,1,4,5]]","B"
"True","True","18","True","B_o022_r02930","1","[[2,3,1,4,5]]","B"
"True","True","19","True","B_o022_r02931","1","[[2,1,4,3,5]]","B"
"True","True","23","True","B_o022_r02932","2","[[2,1,3,4,5],[2,3,1,4,5]]","B"
"True","True","22","True","B_o022_r02933","1","[[2,1,4,3,5]]","B"
"True","True","23","True","B_o022_r02934","1","[[2,1,4,3,5]]","B"
"True","True","16","True","B_o022_r02935","1","[[2,3,1,4,5]]","B"
"True","True","19","True","B_o022_r02936","1","[[2,3,1,4,5]]","B"
"True","True","22","True","B_o022_r02941","2","[[3,1,2,4,5],[3,2,1,4,5]]","B"
"True","True","25","True","B_o022_r02942","2","[[3,1,2,4,5],[3,2,1,4,5]]","B"
"True","True","22","True","B_o022_r02943","2","[[3,1,2,4,5],[3,2,1,4,5]]","B"
"True","True","25","True","B_o022_r02944","2","[[3,1,2,4,5],[3,2,1,4,5]]","B"
"True","True","29","True","B_o022_r02945","2","[[1,4,2,3,5],[4,1,2,3,5]]","B"
"True","True","29","True","B_o022_r02946","2","[[1,4,2,3,5],[4,1,2,3,5]]","B"
"True","True","26","True","B_o022_r02947","1","[[3,1,4,2,5]]","B"
"True","True","26","True","B_o022_r02948","1","[[3,1,4,2,5]]","B"
"True","True","26","True","B_o022_r02949","1","[[3,1,4,2,5]]","B"
"True","True","26","True","B_o022_r02950","1","[[3,1,4,2,5]]","B"
"True","True","30","True","B_o022_r02951","2","[[1,4,3,2,5],[4,1,3,2,5]]","B"
"True","True","30","True","B_o022_r02952","2","[[1,4,3,2,5],[4,1,3,2,5]]","B"
"True","True","19","True","B_o022_r02953","1","[[2,3,1,4,5]]","B"
"True","True","22","True","B_o022_r02954","1","[[2,3,1,4,5]]","B"
"True","True","25","True","B_o022_r02957","1","[[2,4,1,3,5]]","B"
"True","True","25","True","B_o022_r02958","1","[[2,4,1,3,5]]","B"
"True","True","20","True","B_o022_r02959","1","[[2,3,1,4,5]]","B"
"True","True","23","True","B_o022_r02960","1","[[2,3,1,4,5]]","B"
"True","True","26","True","B_o022_r02963","1","[[2,4,1,3,5]]","B"
"True","True","26","True","B_o022_r02964","1","[[2,4,1,3,5]]","B"
"True","True","30","True","B_o022_r02969","2","[[2,4,1,3,5],[4,2,1,3,5]]","B"
"True","True","30","True","B_o022_r02970","2","[[2,4,1,3,5],[4,2,1,3,5]]","B"
"True","True","24","True","B_o022_r02977","1","[[2,3,4,1,5]]","B"
"True","True","24","True","B_o022_r02978","1","[[2,3,4,1,5]]","B"
"True","True","25","True","B_o022_r02979","1","[[2,3,4,1,5]]","B"
"True","True","25","True","B_o022_r02980","1","[[2,3,4,1,5]]","B"
"True","True","27","True","B_o022_r02981","1","[[2,4,3,1,5]]","B"
"True","True","27","True","B_o022_r02982","1","[[2,4,3,1,5]]","B"
"True","True","25","True","B_o022_r02983","1","[[2,3,4,1,5]]","B"
"True","True","25","True","B_o022_r02984","1","[[2,3,4,1,5]]","B"
"True","True","26","True","B_o022_r02985","1","[[2,3,4,1,5]]","B"
"True","True","26","True","B_o022_r02986","1","[[2,3,4,1,5]]","B"
"True","True","28","True","B_o022_r02987","1","[[2,4,3,1,5]]","B"
"True","True","28","True","B_o022_r02988","1","[[2,4,3,1,5]]","B"
"True","True","27","True","B_o022_r02989","1","[[3,2,4,1,5]]","B"
"True","True","27","True","B_o022_r02990","1","[[3,2,4,1,5]]","B"
"True","True","27","True","B_o022_r02991","1","[[3,2,4,1,5]]","B"
"True","True","27","True","B_o022_r02992","1","[[3,2,4,1,5]]","B"
"True","True","32","True","B_o022_r02993","2","[[2,4,3,1,5],[4,2,3,1,5]]","B"
"True","True","32","True","B_o022_r02994","2","[[2,4,3,1,5],[4,2,3,1,5]]","B"
"True","True","11","True","B_o023_r03001","1","[[1,2,3,4,5]]","B"
"True","True","12","True","B_o023_r03002","1","[[1,2,3,4,5]]","B"
"True","True","14","True","B_o023_r03003","1","[[1,2,4,3,5]]","B"
"True","True","18","True","B_o023_r03004","1","[[1,2,3,4,5]]","B"
"True","True","15","True","B_o023_r03005","1","[[1,2,4,3,5]]","B"
"True","True","18","True","B_o023_r03006","1","[[1,2,4,3,5]]","B"
"True","True","13","True","B_o023_r03007","1","[[1,3,2,4,5]]","B"
"True","True","14","True","B_o023_r03008","1","[[1,3,2,4,5]]","B"
"True","True","18","True","B_o023_r03009","1","[[1,2,4,3,5]]","B"
"True","True","22","True","B_o023_r03010","2","[[1,2,3,4,5],[1,3,2,4,5]]","B"
"True","True","19","True","B_o023_r03011","1","[[1,2,4,3,5]]","B"
"True","True","22","True","B_o023_r03012","1","[[1,2,4,3,5]]","B"
"True","True","18","True","B_o023_r03013","1","[[1,3,4,2,5]]","B"
"True","True","20","True","B_o023_r03014","1","[[1,3,2,4,5]]","B"
"True","True","20","True","B_o023_r03015","1","[[1,3,4,2,5]]","B"
"True","True","23","True","B_o023_r03017","1","[[1,4,2,3,5]]","B"
"True","True","23","True","B_o023_r03018","1","[[1,4,2,3,5]]","B"
"True","True","19","True","B_o023_r03019","1","[[1,3,4,2,5]]","B"
"True","True","20","True","B_o023_r03020","1","[[1,3,4,2,5]]","B"
"True","True","21","True","B_o023_r03021","1","[[1,3,4,2,5]]","B"
"True","True","22","True","B_o023_r03022","1","[[1,3,4,2,5]]","B"
"True","True","23","True","B_o023_r03023","1","[[1,4,3,2,5]]","B"
"True","True","23","True","B_o023_r03024","1","[[1,4,3,2,5]]","B"
"True","True","12","True","B_o023_r03025","1","[[2,1,3,4,5]]","B"
"True","True","13","True","B_o023_r03026","1","[[2,1,3,4,5]]","B"
"True","True","15","True","B_o023_r03027","1","[[2,1,4,3,5]]","B"
"True","True","19","True","B_o023_r03028","1","[[2,1,3,4,5]]","B"
"True","True","16","True","B_o023_r03029","1","[[2,1,4,3,5]]","B"
"True","True","19","True","B_o023_r03030","1","[[2,1,4,3,5]]","B"
"True","True","15","True","B_o023_r03031","1","[[1,3,2,4,5]]","B"
"True","True","16","True","B_o023_r03032","1","[[1,3,2,4,5]]","B"
"True","True","20","True","B_o023_r03033","2","[[1,2,4,3,5],[2,1,4,3,5]]","B"
"True","True","24","True","B_o023_r03034","3","[[1,2,3,4,5],[1,3,2,4,5],[2,1,3,4,5]]","B"
"True","True","21","True","B_o023_r03035","2","[[1,2,4,3,5],[2,1,4,3,5]]","B"
"True","True","24","True","B_o023_r03036","2","[[1,2,4,3,5],[2,1,4,3,5]]","B"
"True","True","20","True","B_o023_r03037","1","[[1,3,4,2,5]]","B"
"True","True","22","True","B_o023_r03038","1","[[1,3,2,4,5]]","B"
"True","True","22","True","B_o023_r03039","1","[[1,3,4,2,5]]","B"
"True","True","25","True","B_o023_r03041","1","[[1,4,2,3,5]]","B"
"True","True","25","True","B_o023_r03042","1","[[1,4,2,3,5]]","B"
"True","True","21","True","B_o023_r03043","1","[[1,3,4,2,5]]","B"
"True","True","22","True","B_o023_r03044","1","[[1,3,4,2,5]]","B"
"True","True","23","True","B_o023_r03045","1","[[1,3,4,2,5]]","B"
"True","True","24","True","B_o023_r03046","1","[[1,3,4,2,5]]","B"
"True","True","25","True","B_o023_r03047","1","[[1,4,3,2,5]]","B"
"True","True","25","True","B_o023_r03048","1","[[1,4,3,2,5]]","B"
"True","True","15","True","B_o023_r03049","1","[[2,3,1,4,5]]","B"
"True","True","16","True","B_o023_r03050","1","[[2,3,1,4,5]]","B"
"True","True","19","True","B_o023_r03051","1","[[2,1,4,3,5]]","B"
"True","True","23","True","B_o023_r03052","2","[[2,1,3,4,5],[2,3,1,4,5]]","B"
"True","True","20","True","B_o023_r03053","1","[[2,1,4,3,5]]","B"
"True","True","23","True","B_o023_r03054","1","[[2,1,4,3,5]]","B"
"True","True","16","True","B_o023_r03055","1","[[2,3,1,4,5]]","B"
"True","True","17","True","B_o023_r03056","1","[[2,3,1,4,5]]","B"
"True","True","23","True","B_o023_r03061","1","[[3,1,4,2,5]]","B"
"True","True","25","True","B_o023_r03062","2","[[3,1,2,4,5],[3,2,1,4,5]]","B"
"True","True","23","True","B_o023_r03063","1","[[3,1,4,2,5]]","B"
"True","True","25","True","B_o023_r03064","2","[[3,1,2,4,5],[3,2,1,4,5]]","B"
"True","True","29","True","B_o023_r03065","2","[[1,4,2,3,5],[4,1,2,3,5]]","B"
"True","True","29","True","B_o023_r03066","2","[[1,4,2,3,5],[4,1,2,3,5]]","B"
"True","True","24","True","B_o023_r03067","1","[[3,1,4,2,5]]","B"
"True","True","25","True","B_o023_r03068","1","[[3,1,4,2,5]]","B"
"True","True","24","True","B_o023_r03069","1","[[3,1,4,2,5]]","B"
"True","True","25","True","B_o023_r03070","1","[[3,1,4,2,5]]","B"
"True","True","29","True","B_o023_r03071","2","[[1,4,3,2,5],[4,1,3,2,5]]","B"
"True","True","29","True","B_o023_r03072","2","[[1,4,3,2,5],[4,1,3,2,5]]","B"
"True","True","22","True","B_o023_r03074","1","[[2,3,1,4,5]]","B"
"True","True","25","True","B_o023_r03077","1","[[2,4,1,3,5]]","B"
"True","True","25","True","B_o023_r03078","1","[[2,4,1,3,5]]","B"
"True","True","23","True","B_o023_r03080","1","[[2,3,1,4,5]]","B"
"True","True","26","True","B_o023_r03083","1","[[2,4,1,3,5]]","B"
"True","True","26","True","B_o023_r03084","1","[[2,4,1,3,5]]","B"
"True","True","30","True","B_o023_r03089","2","[[2,4,1,3,5],[4,2,1,3,5]]","B"
"True","True","30","True","B_o023_r03090","2","[[2,4,1,3,5],[4,2,1,3,5]]","B"
"True","True","29","True","B_o023_r03091","1","[[3,4,1,2,5]]","B"
"True","True","29","True","B_o023_r03092","1","[[3,4,1,2,5]]","B"
"True","True","29","True","B_o023_r03093","1","[[3,4,1,2,5]]","B"
"True","True","29","True","B_o023_r03094","1","[[3,4,1,2,5]]","B"
"True","True","32","True","B_o023_r03095","2","[[3,4,1,2,5],[4,3,1,2,5]]","B"
"True","True","32","True","B_o023_r03096","2","[[3,4,1,2,5],[4,3,1,2,5]]","B"
"True","True","22","True","B_o023_r03097","1","[[2,3,4,1,5]]","B"
"True","True","22","True","B_o023_r03098","1","[[2,3,4,1,5]]","B"
"True","True","23","True","B_o023_r03099","1","[[2,3,4,1,5]]","B"
"True","True","23","True","B_o023_r03100","1","[[2,3,4,1,5]]","B"
"True","True","25","True","B_o023_r03101","1","[[2,4,3,1,5]]","B"
"True","True","25","True","B_o023_r03102","1","[[2,4,3,1,5]]","B"
"True","True","23","True","B_o023_r03103","1","[[2,3,4,1,5]]","B"
"True","True","23","True","B_o023_r03104","1","[[2,3,4,1,5]]","B"
"True","True","24","True","B_o023_r03105","1","[[2,3,4,1,5]]","B"
"True","True","24","True","B_o023_r03106","1","[[2,3,4,1,5]]","B"
"True","True","26","True","B_o023_r03107","1","[[2,4,3,1,5]]","B"
"True","True","26","True","B_o023_r03108","1","[[2,4,3,1,5]]","B"
"True","True","25","True","B_o023_r03109","1","[[3,2,4,1,5]]","B"
"True","True","25","True","B_o023_r03110","1","[[3,2,4,1,5]]","B"
"True","True","25","True","B_o023_r03111","1","[[3,2,4,1,5]]","B"
"True","True","25","True","B_o023_r03112","1","[[3,2,4,1,5]]","B"
"True","True","30","True","B_o023_r03113","2","[[2,4,3,1,5],[4,2,3,1,5]]","B"
"True","True","30","True","B_o023_r03114","2","[[2,4,3,1,5],[4,2,3,1,5]]","B"
"True","True","29","True","B_o023_r03115","1","[[3,4,2,1,5]]","B"
"True","True","29","True","B_o023_r03116","1","[[3,4,2,1,5]]","B"
"True","True","29","True","B_o023_r03117","1","[[3,4,2,1,5]]","B"
"True","True","29","True","B_o023_r03118","1","[[3,4,2,1,5]]","B"
"True","True","32","True","B_o023_r03119","2","[[3,4,2,1,5],[4,3,2,1,5]]","B"
"True","True","32","True","B_o023_r03120","2","[[3,4,2,1,5],[4,3,2,1,5]]","B"
"True","True","9","True","B_o024_r03121","1","[[1,2,3,4,5]]","B"
"True","True","12","True","B_o024_r03122","1","[[1,2,3,4,5]]","B"
"True","True","12","True","B_o024_r03123","1","[[1,2,4,3,5]]","B"
"True","True","18","True","B_o024_r03124","1","[[1,2,3,4,5]]","B"
"True","True","15","True","B_o024_r03125","1","[[1,2,4,3,5]]","B"
"True","True","18","True","B_o024_r03126","1","[[1,2,4,3,5]]","B"
"True","True","11","True","B_o024_r03127","1","[[1,3,2,4,5]]","B"
"True","True","14","True","B_o024_r03128","1","[[1,3,2,4,5]]","B"
"True","True","16","True","B_o024_r03129","1","[[1,2,4,3,5]]","B"
"True","True","22","True","B_o024_r03130","2","[[1,2,3,4,5],[1,3,2,4,5]]","B"
"True","True","19","True","B_o024_r03131","1","[[1,2,4,3,5]]","B"
"True","True","22","True","B_o024_r03132","1","[[1,2,4,3,5]]","B"
"True","True","16","True","B_o024_r03133","1","[[1,3,4,2,5]]","B"
"True","True","20","True","B_o024_r03134","1","[[1,3,2,4,5]]","B"
"True","True","18","True","B_o024_r03135","1","[[1,3,4,2,5]]","B"
"True","True","23","True","B_o024_r03137","1","[[1,4,2,3,5]]","B"
"True","True","23","True","B_o024_r03138","1","[[1,4,2,3,5]]","B"
"True","True","19","True","B_o024_r03139","1","[[1,3,4,2,5]]","B"
"True","True","20","True","B_o024_r03140","1","[[1,3,4,2,5]]","B"
"True","True","21","True","B_o024_r03141","1","[[1,3,4,2,5]]","B"
"True","True","22","True","B_o024_r03142","1","[[1,3,4,2,5]]","B"
"True","True","23","True","B_o024_r03143","1","[[1,4,3,2,5]]","B"
"True","True","23","True","B_o024_r03144","1","[[1,4,3,2,5]]","B"
"True","True","10","True","B_o024_r03145","1","[[2,1,3,4,5]]","B"
"True","True","13","True","B_o024_r03146","1","[[2,1,3,4,5]]","B"
"True","True","13","True","B_o024_r03147","1","[[2,1,4,3,5]]","B"
"True","True","19","True","B_o024_r03148","1","[[2,1,3,4,5]]","B"
"True","True","16","True","B_o024_r03149","1","[[2,1,4,3,5]]","B"
"True","True","19","True","B_o024_r03150","1","[[2,1,4,3,5]]","B"
"True","True","13","True","B_o024_r03151","1","[[1,3,2,4,5]]","B"
"True","True","16","True","B_o024_r03152","1","[[1,3,2,4,5]]","B"
"True","True","18","True","B_o024_r03153","2","[[1,2,4,3,5],[2,1,4,3,5]]","B"
"True","True","24","True","B_o024_r03154","3","[[1,2,3,4,5],[1,3,2,4,5],[2,1,3,4,5]]","B"
"True","True","21","True","B_o024_r03155","2","[[1,2,4,3,5],[2,1,4,3,5]]","B"
"True","True","24","True","B_o024_r03156","2","[[1,2,4,3,5],[2,1,4,3,5]]","B"
"True","True","18","True","B_o024_r03157","1","[[1,3,4,2,5]]","B"
"True","True","22","True","B_o024_r03158","1","[[1,3,2,4,5]]","B"
"True","True","20","True","B_o024_r03159","1","[[1,3,4,2,5]]","B"
"True","True","25","True","B_o024_r03161","1","[[1,4,2,3,5]]","B"
"True","True","25","True","B_o024_r03162","1","[[1,4,2,3,5]]","B"
"True","True","21","True","B_o024_r03163","1","[[1,3,4,2,5]]","B"
"True","True","22","True","B_o024_r03164","1","[[1,3,4,2,5]]","B"
"True","True","23","True","B_o024_r03165","1","[[1,3,4,2,5]]","B"
"True","True","24","True","B_o024_r03166","1","[[1,3,4,2,5]]","B"
"True","True","25","True","B_o024_r03167","1","[[1,4,3,2,5]]","B"
"True","True","25","True","B_o024_r03168","1","[[1,4,3,2,5]]","B"
"True","True","13","True","B_o024_r03169","1","[[2,3,1,4,5]]","B"
"True","True","16","True","B_o024_r03170","1","[[2,3,1,4,5]]","B"
"True","True","17","True","B_o024_r03171","1","[[2,1,4,3,5]]","B"
"True","True","23","True","B_o024_r03172","2","[[2,1,3,4,5],[2,3,1,4,5]]","B"
"True","True","20","True","B_o024_r03173","1","[[2,1,4,3,5]]","B"
"True","True","23","True","B_o024_r03174","1","[[2,1,4,3,5]]","B"
"True","True","14","True","B_o024_r03175","1","[[2,3,1,4,5]]","B"
"True","True","17","True","B_o024_r03176","1","[[2,3,1,4,5]]","B"
"True","True","21","True","B_o024_r03181","1","[[3,1,4,2,5]]","B"
"True","True","25","True","B_o024_r03182","2","[[3,1,2,4,5],[3,2,1,4,5]]","B"
"True","True","21","True","B_o024_r03183","1","[[3,1,4,2,5]]","B"
"True","True","25","True","B_o024_r03184","2","[[3,1,2,4,5],[3,2,1,4,5]]","B"
"True","True","29","True","B_o024_r03185","2","[[1,4,2,3,5],[4,1,2,3,5]]","B"
"True","True","29","True","B_o024_r03186","2","[[1,4,2,3,5],[4,1,2,3,5]]","B"
"True","True","24","True","B_o024_r03187","1","[[3,1,4,2,5]]","B"
"True","True","25","True","B_o024_r03188","1","[[3,1,4,2,5]]","B"
"True","True","24","True","B_o024_r03189","1","[[3,1,4,2,5]]","B"
"True","True","25","True","B_o024_r03190","1","[[3,1,4,2,5]]","B"
"True","True","29","True","B_o024_r03191","2","[[1,4,3,2,5],[4,1,3,2,5]]","B"
"True","True","29","True","B_o024_r03192","2","[[1,4,3,2,5],[4,1,3,2,5]]","B"
"True","True","22","True","B_o024_r03194","1","[[2,3,1,4,5]]","B"
"True","True","25","True","B_o024_r03197","1","[[2,4,1,3,5]]","B"
"True","True","25","True","B_o024_r03198","1","[[2,4,1,3,5]]","B"
"True","True","23","True","B_o024_r03200","1","[[2,3,1,4,5]]","B"
"True","True","26","True","B_o024_r03203","1","[[2,4,1,3,5]]","B"
"True","True","26","True","B_o024_r03204","1","[[2,4,1,3,5]]","B"
"True","True","30","True","B_o024_r03209","2","[[2,4,1,3,5],[4,2,1,3,5]]","B"
"True","True","30","True","B_o024_r03210","2","[[2,4,1,3,5],[4,2,1,3,5]]","B"
"True","True","29","True","B_o024_r03211","1","[[3,4,1,2,5]]","B"
"True","True","29","True","B_o024_r03212","1","[[3,4,1,2,5]]","B"
"True","True","29","True","B_o024_r03213","1","[[3,4,1,2,5]]","B"
"True","True","29","True","B_o024_r03214","1","[[3,4,1,2,5]]","B"
"True","True","32","True","B_o024_r03215","2","[[3,4,1,2,5],[4,3,1,2,5]]","B"
"True","True","32","True","B_o024_r03216","2","[[3,4,1,2,5],[4,3,1,2,5]]","B"
"True","True","22","True","B_o024_r03217","1","[[2,3,4,1,5]]","B"
"True","True","22","True","B_o024_r03218","1","[[2,3,4,1,5]]","B"
"True","True","23","True","B_o024_r03219","1","[[2,3,4,1,5]]","B"
"True","True","23","True","B_o024_r03220","1","[[2,3,4,1,5]]","B"
"True","True","25","True","B_o024_r03221","1","[[2,4,3,1,5]]","B"
"True","True","25","True","B_o024_r03222","1","[[2,4,3,1,5]]","B"
"True","True","23","True","B_o024_r03223","1","[[2,3,4,1,5]]","B"
"True","True","23","True","B_o024_r03224","1","[[2,3,4,1,5]]","B"
"True","True","24","True","B_o024_r03225","1","[[2,3,4,1,5]]","B"
"True","True","24","True","B_o024_r03226","1","[[2,3,4,1,5]]","B"
"True","True","26","True","B_o024_r03227","1","[[2,4,3,1,5]]","B"
"True","True","26","True","B_o024_r03228","1","[[2,4,3,1,5]]","B"
"True","True","25","True","B_o024_r03229","1","[[3,2,4,1,5]]","B"
"True","True","25","True","B_o024_r03230","1","[[3,2,4,1,5]]","B"
"True","True","25","True","B_o024_r03231","1","[[3,2,4,1,5]]","B"
"True","True","25","True","B_o024_r03232","1","[[3,2,4,1,5]]","B"
"True","True","30","True","B_o024_r03233","2","[[2,4,3,1,5],[4,2,3,1,5]]","B"
"True","True","30","True","B_o024_r03234","2","[[2,4,3,1,5],[4,2,3,1,5]]","B"
"True","True","29","True","B_o024_r03235","1","[[3,4,2,1,5]]","B"
"True","True","29","True","B_o024_r03236","1","[[3,4,2,1,5]]","B"
"True","True","29","True","B_o024_r03237","1","[[3,4,2,1,5]]","B"
"True","True","29","True","B_o024_r03238","1","[[3,4,2,1,5]]","B"
"True","True","32","True","B_o024_r03239","2","[[3,4,2,1,5],[4,3,2,1,5]]","B"
"True","True","32","True","B_o024_r03240","2","[[3,4,2,1,5],[4,3,2,1,5]]","B"
"True","True","8","True","B_o025_r03241","1","[[1,2,3,4,5]]","B"
"True","True","10","True","B_o025_r03242","1","[[1,2,3,4,5]]","B"
"True","True","11","True","B_o025_r03243","1","[[1,2,4,3,5]]","B"
"True","True","18","True","B_o025_r03244","3","[[1,2,3,4,5],[1,2,4,3,5],[1,2,5,3,4]]","B"
"True","True","13","True","B_o025_r03245","1","[[1,2,4,3,5]]","B"
"True","True","18","True","B_o025_r03246","3","[[1,2,3,4,5],[1,2,4,3,5],[1,2,5,3,4]]","B"
"True","True","10","True","B_o025_r03247","1","[[1,3,2,4,5]]","B"
"True","True","12","True","B_o025_r03248","1","[[1,3,2,4,5]]","B"
"True","True","15","True","B_o025_r03249","1","[[1,2,4,3,5]]","B"
"True","True","22","True","B_o025_r03250","4","[[1,2,3,4,5],[1,2,4,3,5],[1,2,5,3,4],[1,3,2,4,5]]","B"
"True","True","17","True","B_o025_r03251","1","[[1,2,4,3,5]]","B"
"True","True","22","True","B_o025_r03252","4","[[1,2,3,4,5],[1,2,4,3,5],[1,2,5,3,4],[1,3,2,4,5]]","B"
"True","True","15","True","B_o025_r03253","1","[[1,3,4,2,5]]","B"
"True","True","20","True","B_o025_r03254","2","[[1,3,2,4,5],[1,3,4,2,5]]","B"
"True","True","17","True","B_o025_r03255","1","[[1,3,4,2,5]]","B"
"True","True","23","True","B_o025_r03257","2","[[1,4,2,3,5],[1,4,3,2,5]]","B"
"True","True","23","True","B_o025_r03258","2","[[1,4,2,3,5],[1,4,3,2,5]]","B"
"True","True","17","True","B_o025_r03259","1","[[1,3,4,2,5]]","B"
"True","True","19","True","B_o025_r03261","1","[[1,3,4,2,5]]","B"
"True","True","9","True","B_o025_r03265","1","[[2,1,3,4,5]]","B"
"True","True","11","True","B_o025_r03266","1","[[2,1,3,4,5]]","B"
"True","True","12","True","B_o025_r03267","1","[[2,1,4,3,5]]","B"
"True","True","19","True","B_o025_r03268","3","[[2,1,3,4,5],[2,1,4,3,5],[2,1,5,3,4]]","B"
"True","True","14","True","B_o025_r03269","1","[[2,1,4,3,5]]","B"
"True","True","19","True","B_o025_r03270","3","[[2,1,3,4,5],[2,1,4,3,5],[2,1,5,3,4]]","B"
"True","True","12","True","B_o025_r03271","1","[[1,3,2,4,5]]","B"
"True","True","14","True","B_o025_r03272","1","[[1,3,2,4,5]]","B"
"True","True","17","True","B_o025_r03273","2","[[1,2,4,3,5],[2,1,4,3,5]]","B"
"True","True","24","True","B_o025_r03274","7","[[1,2,3,4,5],[1,2,4,3,5],[1,2,5,3,4],[1,3,2,4,5],[2,1,3,4,5],[2,1,4,3,5],[2,1,5,3,4]]","B"
"True","True","19","True","B_o025_r03275","2","[[1,2,4,3,5],[2,1,4,3,5]]","B"
"True","True","24","True","B_o025_r03276","7","[[1,2,3,4,5],[1,2,4,3,5],[1,2,5,3,4],[1,3,2,4,5],[2,1,3,4,5],[2,1,4,3,5],[2,1,5,3,4]]","B"
"True","True","17","True","B_o025_r03277","1","[[1,3,4,2,5]]","B"
"True","True","22","True","B_o025_r03278","2","[[1,3,2,4,5],[1,3,4,2,5]]","B"
"True","True","19","True","B_o025_r03279","1","[[1,3,4,2,5]]","B"
"True","True","25","True","B_o025_r03281","2","[[1,4,2,3,5],[1,4,3,2,5]]","B"
"True","True","25","True","B_o025_r03282","2","[[1,4,2,3,5],[1,4,3,2,5]]","B"
"True","True","19","True","B_o025_r03283","1","[[1,3,4,2,5]]","B"
"True","True","21","True","B_o025_r03285","1","[[1,3,4,2,5]]","B"
"True","True","12","True","B_o025_r03289","1","[[2,3,1,4,5]]","B"
"True","True","14","True","B_o025_r03290","1","[[2,3,1,4,5]]","B"
"True","True","16","True","B_o025_r03291","1","[[2,1,4,3,5]]","B"
"True","True","23","True","B_o025_r03292","4","[[2,1,3,4,5],[2,1,4,3,5],[2,1,5,3,4],[2,3,1,4,5]]","B"
"True","True","18","True","B_o025_r03293","1","[[2,1,4,3,5]]","B"
"True","True","23","True","B_o025_r03294","4","[[2,1,3,4,5],[2,1,4,3,5],[2,1,5,3,4],[2,3,1,4,5]]","B"
"True","True","13","True","B_o025_r03295","1","[[2,3,1,4,5]]","B"
"True","True","15","True","B_o025_r03296","1","[[2,3,1,4,5]]","B"
"True","True","20","True","B_o025_r03301","1","[[3,1,4,2,5]]","B"
"True","True","25","True","B_o025_r03302","3","[[3,1,2,4,5],[3,1,4,2,5],[3,2,1,4,5]]","B"
"True","True","20","True","B_o025_r03303","1","[[3,1,4,2,5]]","B"
"True","True","25","True","B_o025_r03304","3","[[3,1,2,4,5],[3,1,4,2,5],[3,2,1,4,5]]","B"
"True","True","29","True","B_o025_r03305","4","[[1,4,2,3,5],[1,4,3,2,5],[4,1,2,3,5],[4,1,3,2,5]]","B"
"True","True","29","True","B_o025_r03306","4","[[1,4,2,3,5],[1,4,3,2,5],[4,1,2,3,5],[4,1,3,2,5]]","B"
"True","True","22","True","B_o025_r03307","1","[[3,1,4,2,5]]","B"
"True","True","22","True","B_o025_r03309","1","[[3,1,4,2,5]]","B"
"True","True","18","True","B_o025_r03313","1","[[2,3,4,1,5]]","B"
"True","True","22","True","B_o025_r03314","2","[[2,3,1,4,5],[2,3,4,1,5]]","B"
"True","True","19","True","B_o025_r03315","1","[[2,3,4,1,5]]","B"
"True","True","25","True","B_o025_r03317","2","[[2,4,1,3,5],[2,4,3,1,5]]","B"
"True","True","25","True","B_o025_r03318","2","[[2,4,1,3,5],[2,4,3,1,5]]","B"
"True","True","19","True","B_o025_r03319","1","[[2,3,4,1,5]]","B"
"True","True","23","True","B_o025_r03320","2","[[2,3,1,4,5],[2,3,4,1,5]]","B"
"True","True","20","True","B_o025_r03321","1","[[2,3,4,1,5]]","B"
"True","True","26","True","B_o025_r03323","2","[[2,4,1,3,5],[2,4,3,1,5]]","B"
"True","True","26","True","B_o025_r03324","2","[[2,4,1,3,5],[2,4,3,1,5]]","B"
"True","True","21","True","B_o025_r03325","1","[[3,2,4,1,5]]","B"
"True","True","21","True","B_o025_r03327","1","[[3,2,4,1,5]]","B"
"True","True","30","True","B_o025_r03329","4","[[2,4,1,3,5],[2,4,3,1,5],[4,2,1,3,5],[4,2,3,1,5]]","B"
"True","True","30","True","B_o025_r03330","4","[[2,4,1,3,5],[2,4,3,1,5],[4,2,1,3,5],[4,2,3,1,5]]","B"
"True","True","29","True","B_o025_r03331","2","[[3,4,1,2,5],[3,4,2,1,5]]","B"
"True","True","29","True","B_o025_r03332","2","[[3,4,1,2,5],[3,4,2,1,5]]","B"
"True","True","29","True","B_o025_r03333","2","[[3,4,1,2,5],[3,4,2,1,5]]","B"
"True","True","29","True","B_o025_r03334","2","[[3,4,1,2,5],[3,4,2,1,5]]","B"
"True","True","32","True","B_o025_r03335","4","[[3,4,1,2,5],[3,4,2,1,5],[4,3,1,2,5],[4,3,2,1,5]]","B"
"True","True","32","True","B_o025_r03336","4","[[3,4,1,2,5],[3,4,2,1,5],[4,3,1,2,5],[4,3,2,1,5]]","B"
"True","True","20","True","B_o025_r03337","1","[[2,3,4,1,5]]","B"
"True","True","21","True","B_o025_r03339","1","[[2,3,4,1,5]]","B"
"True","True","21","True","B_o025_r03343","1","[[2,3,4,1,5]]","B"
"True","True","22","True","B_o025_r03345","1","[[2,3,4,1,5]]","B"
"True","True","23","True","B_o025_r03349","1","[[3,2,4,1,5]]","B"
"True","True","23","True","B_o025_r03351","1","[[3,2,4,1,5]]","B"
"True","True","15","True","B_o026_r03361","1","[[1,2,3,4,5]]","B"
"True","True","15","True","B_o026_r03362","1","[[1,2,3,4,5]]","B"
"True","True","16","True","B_o026_r03363","1","[[1,2,4,3,5]]","B"
"True","True","17","True","B_o026_r03364","1","[[1,2,3,4,5]]","B"
"True","True","16","True","B_o026_r03365","1","[[1,2,4,3,5]]","B"
"True","True","17","True","B_o026_r03366","1","[[1,2,4,3,5]]","B"
"True","True","17","True","B_o026_r03367","1","[[1,3,2,4,5]]","B"
"True","True","17","True","B_o026_r03368","1","[[1,3,2,4,5]]","B"
"True","True","21","True","B_o026_r03369","1","[[1,4,2,3,5]]","B"
"True","True","23","True","B_o026_r03370","2","[[1,2,3,4,5],[1,3,2,4,5]]","B"
"True","True","21","True","B_o026_r03371","1","[[1,4,2,3,5]]","B"
"True","True","23","True","B_o026_r03372","1","[[1,2,4,3,5]]","B"
"True","True","19","True","B_o026_r03373","1","[[1,3,2,4,5]]","B"
"True","True","19","True","B_o026_r03374","1","[[1,3,2,4,5]]","B"
"True","True","22","True","B_o026_r03375","1","[[1,4,2,3,5]]","B"
"True","True","22","True","B_o026_r03377","1","[[1,4,2,3,5]]","B"
"True","True","23","True","B_o026_r03378","1","[[1,4,2,3,5]]","B"
"True","True","20","True","B_o026_r03379","1","[[1,3,4,2,5]]","B"
"True","True","20","True","B_o026_r03380","1","[[1,3,4,2,5]]","B"
"True","True","23","True","B_o026_r03381","1","[[1,4,3,2,5]]","B"
"True","True","24","True","B_o026_r03382","1","[[1,3,4,2,5]]","B"
"True","True","23","True","B_o026_r03383","1","[[1,4,3,2,5]]","B"
"True","True","24","True","B_o026_r03384","1","[[1,4,3,2,5]]","B"
"True","True","16","True","B_o026_r03385","1","[[2,1,3,4,5]]","B"
"True","True","16","True","B_o026_r03386","1","[[2,1,3,4,5]]","B"
"True","True","17","True","B_o026_r03387","1","[[2,1,4,3,5]]","B"
"True","True","18","True","B_o026_r03388","1","[[2,1,3,4,5]]","B"
"True","True","17","True","B_o026_r03389","1","[[2,1,4,3,5]]","B"
"True","True","18","True","B_o026_r03390","1","[[2,1,4,3,5]]","B"
"True","True","19","True","B_o026_r03391","1","[[1,3,2,4,5]]","B"
"True","True","19","True","B_o026_r03392","1","[[1,3,2,4,5]]","B"
"True","True","23","True","B_o026_r03393","1","[[1,4,2,3,5]]","B"
"True","True","25","True","B_o026_r03394","3","[[1,2,3,4,5],[1,3,2,4,5],[2,1,3,4,5]]","B"
"True","True","23","True","B_o026_r03395","1","[[1,4,2,3,5]]","B"
"True","True","25","True","B_o026_r03396","2","[[1,2,4,3,5],[2,1,4,3,5]]","B"
"True","True","21","True","B_o026_r03397","1","[[1,3,2,4,5]]","B"
"True","True","21","True","B_o026_r03398","1","[[1,3,2,4,5]]","B"
"True","True","24","True","B_o026_r03399","1","[[1,4,2,3,5]]","B"
"True","True","24","True","B_o026_r03401","1","[[1,4,2,3,5]]","B"
"True","True","25","True","B_o026_r03402","1","[[1,4,2,3,5]]","B"
"True","True","22","True","B_o026_r03403","1","[[1,3,4,2,5]]","B"
"True","True","22","True","B_o026_r03404","1","[[1,3,4,2,5]]","B"
"True","True","25","True","B_o026_r03405","1","[[1,4,3,2,5]]","B"
"True","True","26","True","B_o026_r03406","1","[[1,3,4,2,5]]","B"
"True","True","25","True","B_o026_r03407","1","[[1,4,3,2,5]]","B"
"True","True","26","True","B_o026_r03408","1","[[1,4,3,2,5]]","B"
"True","True","19","True","B_o026_r03409","1","[[2,3,1,4,5]]","B"
"True","True","19","True","B_o026_r03410","1","[[2,3,1,4,5]]","B"
"True","True","24","True","B_o026_r03412","2","[[2,1,3,4,5],[2,3,1,4,5]]","B"
"True","True","24","True","B_o026_r03414","1","[[2,1,4,3,5]]","B"
"True","True","20","True","B_o026_r03415","1","[[2,3,1,4,5]]","B"
"True","True","20","True","B_o026_r03416","1","[[2,3,1,4,5]]","B"
"True","True","26","True","B_o026_r03421","2","[[3,1,2,4,5],[3,2,1,4,5]]","B"
"True","True","26","True","B_o026_r03422","2","[[3,1,2,4,5],[3,2,1,4,5]]","B"
"True","True","26","True","B_o026_r03423","2","[[3,1,2,4,5],[3,2,1,4,5]]","B"
"True","True","26","True","B_o026_r03424","2","[[3,1,2,4,5],[3,2,1,4,5]]","B"
"True","True","29","True","B_o026_r03425","1","[[4,1,2,3,5]]","B"
"True","True","29","True","B_o026_r03426","1","[[4,1,2,3,5]]","B"
"True","True","27","True","B_o026_r03427","1","[[3,1,4,2,5]]","B"
"True","True","27","True","B_o026_r03428","1","[[3,1,4,2,5]]","B"
"True","True","27","True","B_o026_r03429","1","[[3,1,4,2,5]]","B"
"True","True","27","True","B_o026_r03430","1","[[3,1,4,2,5]]","B"
"True","True","30","True","B_o026_r03431","1","[[4,1,3,2,5]]","B"
"True","True","30","True","B_o026_r03432","1","[[4,1,3,2,5]]","B"
"True","True","21","True","B_o026_r03433","1","[[2,3,1,4,5]]","B"
"True","True","21","True","B_o026_r03434","1","[[2,3,1,4,5]]","B"
"True","True","24","True","B_o026_r03437","1","[[2,4,1,3,5]]","B"
"True","True","24","True","B_o026_r03438","1","[[2,4,1,3,5]]","B"
"True","True","22","True","B_o026_r03439","1","[[2,3,1,4,5]]","B"
"True","True","22","True","B_o026_r03440","1","[[2,3,1,4,5]]","B"
"True","True","25","True","B_o026_r03443","1","[[2,4,1,3,5]]","B"
"True","True","25","True","B_o026_r03444","1","[[2,4,1,3,5]]","B"
"True","True","29","True","B_o026_r03449","1","[[4,2,1,3,5]]","B"
"True","True","29","True","B_o026_r03450","1","[[4,2,1,3,5]]","B"
"True","True","13","True","B_o027_r03481","1","[[1,2,3,4,5]]","B"
"True","True","14","True","B_o027_r03482","1","[[1,2,3,4,5]]","B"
"True","True","14","True","B_o027_r03483","1","[[1,2,4,3,5]]","B"
"True","True","16","True","B_o027_r03484","1","[[1,2,3,4,5]]","B"
"True","True","15","True","B_o027_r03485","1","[[1,2,4,3,5]]","B"
"True","True","16","True","B_o027_r03486","1","[[1,2,4,3,5]]","B"
"True","True","15","True","B_o027_r03487","1","[[1,3,2,4,5]]","B"
"True","True","16","True","B_o027_r03488","1","[[1,3,2,4,5]]","B"
"True","True","19","True","B_o027_r03489","1","[[1,4,2,3,5]]","B"
"True","True","22","True","B_o027_r03490","2","[[1,2,3,4,5],[1,3,2,4,5]]","B"
"True","True","20","True","B_o027_r03491","1","[[1,4,2,3,5]]","B"
"True","True","22","True","B_o027_r03492","1","[[1,2,4,3,5]]","B"
"True","True","17","True","B_o027_r03493","1","[[1,3,2,4,5]]","B"
"True","True","18","True","B_o027_r03494","1","[[1,3,2,4,5]]","B"
"True","True","20","True","B_o027_r03495","1","[[1,4,2,3,5]]","B"
"True","True","21","True","B_o027_r03497","1","[[1,4,2,3,5]]","B"
"True","True","22","True","B_o027_r03498","1","[[1,4,2,3,5]]","B"
"True","True","19","True","B_o027_r03499","1","[[1,3,4,2,5]]","B"
"True","True","19","True","B_o027_r03500","1","[[1,3,4,2,5]]","B"
"True","True","22","True","B_o027_r03501","1","[[1,4,3,2,5]]","B"
"True","True","23","True","B_o027_r03502","1","[[1,3,4,2,5]]","B"
"True","True","22","True","B_o027_r03503","1","[[1,4,3,2,5]]","B"
"True","True","23","True","B_o027_r03504","1","[[1,4,3,2,5]]","B"
"True","True","14","True","B_o027_r03505","1","[[2,1,3,4,5]]","B"
"True","True","15","True","B_o027_r03506","1","[[2,1,3,4,5]]","B"
"True","True","15","True","B_o027_r03507","1","[[2,1,4,3,5]]","B"
"True","True","17","True","B_o027_r03508","1","[[2,1,3,4,5]]","B"
"True","True","16","True","B_o027_r03509","1","[[2,1,4,3,5]]","B"
"True","True","17","True","B_o027_r03510","1","[[2,1,4,3,5]]","B"
"True","True","17","True","B_o027_r03511","1","[[1,3,2,4,5]]","B"
"True","True","18","True","B_o027_r03512","1","[[1,3,2,4,5]]","B"
"True","True","21","True","B_o027_r03513","1","[[1,4,2,3,5]]","B"
"True","True","24","True","B_o027_r03514","3","[[1,2,3,4,5],[1,3,2,4,5],[2,1,3,4,5]]","B"
"True","True","22","True","B_o027_r03515","1","[[1,4,2,3,5]]","B"
"True","True","24","True","B_o027_r03516","2","[[1,2,4,3,5],[2,1,4,3,5]]","B"
"True","True","19","True","B_o027_r03517","1","[[1,3,2,4,5]]","B"
"True","True","20","True","B_o027_r03518","1","[[1,3,2,4,5]]","B"
"True","True","22","True","B_o027_r03519","1","[[1,4,2,3,5]]","B"
"True","True","23","True","B_o027_r03521","1","[[1,4,2,3,5]]","B"
"True","True","24","True","B_o027_r03522","1","[[1,4,2,3,5]]","B"
"True","True","21","True","B_o027_r03523","1","[[1,3,4,2,5]]","B"
"True","True","21","True","B_o027_r03524","1","[[1,3,4,2,5]]","B"
"True","True","24","True","B_o027_r03525","1","[[1,4,3,2,5]]","B"
"True","True","25","True","B_o027_r03526","1","[[1,3,4,2,5]]","B"
"True","True","24","True","B_o027_r03527","1","[[1,4,3,2,5]]","B"
"True","True","25","True","B_o027_r03528","1","[[1,4,3,2,5]]","B"
"True","True","17","True","B_o027_r03529","1","[[2,3,1,4,5]]","B"
"True","True","18","True","B_o027_r03530","1","[[2,3,1,4,5]]","B"
"True","True","23","True","B_o027_r03532","2","[[2,1,3,4,5],[2,3,1,4,5]]","B"
"True","True","23","True","B_o027_r03534","1","[[2,1,4,3,5]]","B"
"True","True","18","True","B_o027_r03535","1","[[2,3,1,4,5]]","B"
"True","True","19","True","B_o027_r03536","1","[[2,3,1,4,5]]","B"
"True","True","24","True","B_o027_r03541","2","[[3,1,2,4,5],[3,2,1,4,5]]","B"
"True","True","25","True","B_o027_r03542","2","[[3,1,2,4,5],[3,2,1,4,5]]","B"
"True","True","24","True","B_o027_r03543","2","[[3,1,2,4,5],[3,2,1,4,5]]","B"
"True","True","25","True","B_o027_r03544","2","[[3,1,2,4,5],[3,2,1,4,5]]","B"
"True","True","28","True","B_o027_r03545","1","[[4,1,2,3,5]]","B"
"True","True","28","True","B_o027_r03546","1","[[4,1,2,3,5]]","B"
"True","True","26","True","B_o027_r03547","1","[[3,1,4,2,5]]","B"
"True","True","26","True","B_o027_r03548","1","[[3,1,4,2,5]]","B"
"True","True","26","True","B_o027_r03549","1","[[3,1,4,2,5]]","B"
"True","True","26","True","B_o027_r03550","1","[[3,1,4,2,5]]","B"
"True","True","29","True","B_o027_r03551","1","[[4,1,3,2,5]]","B"
"True","True","29","True","B_o027_r03552","1","[[4,1,3,2,5]]","B"
"True","True","19","True","B_o027_r03553","1","[[2,3,1,4,5]]","B"
"True","True","20","True","B_o027_r03554","1","[[2,3,1,4,5]]","B"
"True","True","23","True","B_o027_r03557","1","[[2,4,1,3,5]]","B"
"True","True","23","True","B_o027_r03558","1","[[2,4,1,3,5]]","B"
"True","True","20","True","B_o027_r03559","1","[[2,3,1,4,5]]","B"
"True","True","21","True","B_o027_r03560","1","[[2,3,1,4,5]]","B"
"True","True","24","True","B_o027_r03563","1","[[2,4,1,3,5]]","B"
"True","True","24","True","B_o027_r03564","1","[[2,4,1,3,5]]","B"
"True","True","28","True","B_o027_r03569","1","[[4,2,1,3,5]]","B"
"True","True","28","True","B_o027_r03570","1","[[4,2,1,3,5]]","B"
"True","True","22","True","B_o027_r03577","1","[[2,3,4,1,5]]","B"
"True","True","22","True","B_o027_r03578","1","[[2,3,4,1,5]]","B"
"True","True","25","True","B_o027_r03580","1","[[2,3,4,1,5]]","B"
"True","True","25","True","B_o027_r03581","1","[[2,4,3,1,5]]","B"
"True","True","25","True","B_o027_r03582","1","[[2,4,3,1,5]]","B"
"True","True","23","True","B_o027_r03583","1","[[2,3,4,1,5]]","B"
"True","True","23","True","B_o027_r03584","1","[[2,3,4,1,5]]","B"
"True","True","26","True","B_o027_r03586","1","[[2,3,4,1,5]]","B"
"True","True","26","True","B_o027_r03587","1","[[2,4,3,1,5]]","B"
"True","True","26","True","B_o027_r03588","1","[[2,4,3,1,5]]","B"
"True","True","27","True","B_o027_r03589","1","[[3,2,4,1,5]]","B"
"True","True","27","True","B_o027_r03590","1","[[3,2,4,1,5]]","B"
"True","True","27","True","B_o027_r03591","1","[[3,2,4,1,5]]","B"
"True","True","27","True","B_o027_r03592","1","[[3,2,4,1,5]]","B"
"True","True","30","True","B_o027_r03593","1","[[4,2,3,1,5]]","B"
"True","True","30","True","B_o027_r03594","1","[[4,2,3,1,5]]","B"
"True","True","11","True","B_o028_r03601","1","[[1,2,3,4,5]]","B"
"True","True","14","True","B_o028_r03602","1","[[1,2,3,4,5]]","B"
"True","True","12","True","B_o028_r03603","1","[[1,2,4,3,5]]","B"
"True","True","16","True","B_o028_r03604","1","[[1,2,3,4,5]]","B"
"True","True","15","True","B_o028_r03605","1","[[1,2,4,3,5]]","B"
"True","True","16","True","B_o028_r03606","1","[[1,2,4,3,5]]","B"
"True","True","13","True","B_o028_r03607","1","[[1,3,2,4,5]]","B"
"True","True","16","True","B_o028_r03608","1","[[1,3,2,4,5]]","B"
"True","True","17","True","B_o028_r03609","1","[[1,4,2,3,5]]","B"
"True","True","22","True","B_o028_r03610","2","[[1,2,3,4,5],[1,3,2,4,5]]","B"
"True","True","20","True","B_o028_r03611","1","[[1,4,2,3,5]]","B"
"True","True","22","True","B_o028_r03612","1","[[1,2,4,3,5]]","B"
"True","True","15","True","B_o028_r03613","1","[[1,3,2,4,5]]","B"
"True","True","18","True","B_o028_r03614","1","[[1,3,2,4,5]]","B"
"True","True","18","True","B_o028_r03615","1","[[1,4,2,3,5]]","B"
"True","True","21","True","B_o028_r03617","1","[[1,4,2,3,5]]","B"
"True","True","22","True","B_o028_r03618","1","[[1,4,2,3,5]]","B"
"True","True","19","True","B_o028_r03619","1","[[1,3,4,2,5]]","B"
"True","True","19","True","B_o028_r03620","1","[[1,3,4,2,5]]","B"
"True","True","22","True","B_o028_r03621","1","[[1,4,3,2,5]]","B"
"True","True","23","True","B_o028_r03622","1","[[1,3,4,2,5]]","B"
"True","True","22","True","B_o028_r03623","1","[[1,4,3,2,5]]","B"
"True","True","23","True","B_o028_r03624","1","[[1,4,3,2,5]]","B"
"True","True","12","True","B_o028_r03625","1","[[2,1,3,4,5]]","B"
"True","True","15","True","B_o028_r03626","1","[[2,1,3,4,5]]","B"
"True","True","13","True","B_o028_r03627","1","[[2,1,4,3,5]]","B"
"True","True","17","True","B_o028_r03628","1","[[2,1,3,4,5]]","B"
"True","True","16","True","B_o028_r03629","1","[[2,1,4,3,5]]","B"
"True","True","17","True","B_o028_r03630","1","[[2,1,4,3,5]]","B"
"True","True","15","True","B_o028_r03631","1","[[1,3,2,4,5]]","B"
"True","True","18","True","B_o028_r03632","1","[[1,3,2,4,5]]","B"
"True","True","19","True","B_o028_r03633","1","[[1,4,2,3,5]]","B"
"True","True","24","True","B_o028_r03634","3","[[1,2,3,4,5],[1,3,2,4,5],[2,1,3,4,5]]","B"
"True","True","22","True","B_o028_r03635","1","[[1,4,2,3,5]]","B"
"True","True","24","True","B_o028_r03636","2","[[1,2,4,3,5],[2,1,4,3,5]]","B"
"True","True","17","True","B_o028_r03637","1","[[1,3,2,4,5]]","B"
"True","True","20","True","B_o028_r03638","1","[[1,3,2,4,5]]","B"
"True","True","20","True","B_o028_r03639","1","[[1,4,2,3,5]]","B"
"True","True","23","True","B_o028_r03641","1","[[1,4,2,3,5]]","B"
"True","True","24","True","B_o028_r03642","1","[[1,4,2,3,5]]","B"
"True","True","21","True","B_o028_r03643","1","[[1,3,4,2,5]]","B"
"True","True","21","True","B_o028_r03644","1","[[1,3,4,2,5]]","B"
"True","True","24","True","B_o028_r03645","1","[[1,4,3,2,5]]","B"
"True","True","25","True","B_o028_r03646","1","[[1,3,4,2,5]]","B"
"True","True","24","True","B_o028_r03647","1","[[1,4,3,2,5]]","B"
"True","True","25","True","B_o028_r03648","1","[[1,4,3,2,5]]","B"
"True","True","15","True","B_o028_r03649","1","[[2,3,1,4,5]]","B"
"True","True","18","True","B_o028_r03650","1","[[2,3,1,4,5]]","B"
"True","True","23","True","B_o028_r03652","2","[[2,1,3,4,5],[2,3,1,4,5]]","B"
"True","True","23","True","B_o028_r03654","1","[[2,1,4,3,5]]","B"
"True","True","16","True","B_o028_r03655","1","[[2,3,1,4,5]]","B"
"True","True","19","True","B_o028_r03656","1","[[2,3,1,4,5]]","B"
"True","True","22","True","B_o028_r03661","2","[[3,1,2,4,5],[3,2,1,4,5]]","B"
"True","True","25","True","B_o028_r03662","2","[[3,1,2,4,5],[3,2,1,4,5]]","B"
"True","True","22","True","B_o028_r03663","2","[[3,1,2,4,5],[3,2,1,4,5]]","B"
"True","True","25","True","B_o028_r03664","2","[[3,1,2,4,5],[3,2,1,4,5]]","B"
"True","True","28","True","B_o028_r03665","1","[[4,1,2,3,5]]","B"
"True","True","28","True","B_o028_r03666","1","[[4,1,2,3,5]]","B"
"True","True","26","True","B_o028_r03667","1","[[3,1,4,2,5]]","B"
"True","True","26","True","B_o028_r03668","1","[[3,1,4,2,5]]","B"
"True","True","26","True","B_o028_r03669","1","[[3,1,4,2,5]]","B"
"True","True","26","True","B_o028_r03670","1","[[3,1,4,2,5]]","B"
"True","True","29","True","B_o028_r03671","1","[[4,1,3,2,5]]","B"
"True","True","29","True","B_o028_r03672","1","[[4,1,3,2,5]]","B"
"True","True","17","True","B_o028_r03673","1","[[2,3,1,4,5]]","B"
"True","True","20","True","B_o028_r03674","1","[[2,3,1,4,5]]","B"
"True","True","23","True","B_o028_r03677","1","[[2,4,1,3,5]]","B"
"True","True","23","True","B_o028_r03678","1","[[2,4,1,3,5]]","B"
"True","True","18","True","B_o028_r03679","1","[[2,3,1,4,5]]","B"
"True","True","21","True","B_o028_r03680","1","[[2,3,1,4,5]]","B"
"True","True","24","True","B_o028_r03683","1","[[2,4,1,3,5]]","B"
"True","True","24","True","B_o028_r03684","1","[[2,4,1,3,5]]","B"
"True","True","28","True","B_o028_r03689","1","[[4,2,1,3,5]]","B"
"True","True","28","True","B_o028_r03690","1","[[4,2,1,3,5]]","B"
"True","True","22","True","B_o028_r03697","1","[[2,3,4,1,5]]","B"
"True","True","22","True","B_o028_r03698","1","[[2,3,4,1,5]]","B"
"True","True","25","True","B_o028_r03700","1","[[2,3,4,1,5]]","B"
"True","True","25","True","B_o028_r03701","1","[[2,4,3,1,5]]","B"
"True","True","25","True","B_o028_r03702","1","[[2,4,3,1,5]]","B"
"True","True","23","True","B_o028_r03703","1","[[2,3,4,1,5]]","B"
"True","True","23","True","B_o028_r03704","1","[[2,3,4,1,5]]","B"
"True","True","26","True","B_o028_r03706","1","[[2,3,4,1,5]]","B"
"True","True","26","True","B_o028_r03707","1","[[2,4,3,1,5]]","B"
"True","True","26","True","B_o028_r03708","1","[[2,4,3,1,5]]","B"
"True","True","27","True","B_o028_r03709","1","[[3,2,4,1,5]]","B"
"True","True","27","True","B_o028_r03710","1","[[3,2,4,1,5]]","B"
"True","True","27","True","B_o028_r03711","1","[[3,2,4,1,5]]","B"
"True","True","27","True","B_o028_r03712","1","[[3,2,4,1,5]]","B"
"True","True","30","True","B_o028_r03713","1","[[4,2,3,1,5]]","B"
"True","True","30","True","B_o028_r03714","1","[[4,2,3,1,5]]","B"
"True","True","11","True","B_o029_r03721","1","[[1,2,3,4,5]]","B"
"True","True","12","True","B_o029_r03722","1","[[1,2,3,4,5]]","B"
"True","True","12","True","B_o029_r03723","1","[[1,2,4,3,5]]","B"
"True","True","16","True","B_o029_r03724","1","[[1,2,3,4,5]]","B"
"True","True","13","True","B_o029_r03725","1","[[1,2,4,3,5]]","B"
"True","True","16","True","B_o029_r03726","1","[[1,2,4,3,5]]","B"
"True","True","13","True","B_o029_r03727","1","[[1,3,2,4,5]]","B"
"True","True","14","True","B_o029_r03728","1","[[1,3,2,4,5]]","B"
"True","True","17","True","B_o029_r03729","1","[[1,4,2,3,5]]","B"
"True","True","22","True","B_o029_r03730","2","[[1,2,3,4,5],[1,3,2,4,5]]","B"
"True","True","18","True","B_o029_r03731","1","[[1,4,2,3,5]]","B"
"True","True","22","True","B_o029_r03732","1","[[1,2,4,3,5]]","B"
"True","True","16","True","B_o029_r03733","1","[[1,3,4,2,5]]","B"
"True","True","18","True","B_o029_r03734","1","[[1,3,2,4,5]]","B"
"True","True","19","True","B_o029_r03735","1","[[1,4,3,2,5]]","B"
"True","True","21","True","B_o029_r03737","1","[[1,4,2,3,5]]","B"
"True","True","22","True","B_o029_r03738","1","[[1,4,2,3,5]]","B"
"True","True","17","True","B_o029_r03739","1","[[1,3,4,2,5]]","B"
"True","True","18","True","B_o029_r03740","1","[[1,3,4,2,5]]","B"
"True","True","20","True","B_o029_r03741","1","[[1,4,3,2,5]]","B"
"True","True","22","True","B_o029_r03742","1","[[1,3,4,2,5]]","B"
"True","True","21","True","B_o029_r03743","1","[[1,4,3,2,5]]","B"
"True","True","22","True","B_o029_r03744","1","[[1,4,3,2,5]]","B"
"True","True","12","True","B_o029_r03745","1","[[2,1,3,4,5]]","B"
"True","True","13","True","B_o029_r03746","1","[[2,1,3,4,5]]","B"
"True","True","13","True","B_o029_r03747","1","[[2,1,4,3,5]]","B"
"True","True","17","True","B_o029_r03748","1","[[2,1,3,4,5]]","B"
"True","True","14","True","B_o029_r03749","1","[[2,1,4,3,5]]","B"
"True","True","17","True","B_o029_r03750","1","[[2,1,4,3,5]]","B"
"True","True","15","True","B_o029_r03751","1","[[1,3,2,4,5]]","B"
"True","True","16","True","B_o029_r03752","1","[[1,3,2,4,5]]","B"
"True","True","19","True","B_o029_r03753","1","[[1,4,2,3,5]]","B"
"True","True","24","True","B_o029_r03754","3","[[1,2,3,4,5],[1,3,2,4,5],[2,1,3,4,5]]","B"
"True","True","20","True","B_o029_r03755","1","[[1,4,2,3,5]]","B"
"True","True","24","True","B_o029_r03756","2","[[1,2,4,3,5],[2,1,4,3,5]]","B"
"True","True","18","True","B_o029_r03757","1","[[1,3,4,2,5]]","B"
"True","True","20","True","B_o029_r03758","1","[[1,3,2,4,5]]","B"
"True","True","21","True","B_o029_r03759","1","[[1,4,3,2,5]]","B"
"True","True","23","True","B_o029_r03761","1","[[1,4,2,3,5]]","B"
"True","True","24","True","B_o029_r03762","1","[[1,4,2,3,5]]","B"
"True","True","19","True","B_o029_r03763","1","[[1,3,4,2,5]]","B"
"True","True","20","True","B_o029_r03764","1","[[1,3,4,2,5]]","B"
"True","True","22","True","B_o029_r03765","1","[[1,4,3,2,5]]","B"
"True","True","24","True","B_o029_r03766","1","[[1,3,4,2,5]]","B"
"True","True","23","True","B_o029_r03767","1","[[1,4,3,2,5]]","B"
"True","True","24","True","B_o029_r03768","1","[[1,4,3,2,5]]","B"
"True","True","15","True","B_o029_r03769","1","[[2,3,1,4,5]]","B"
"True","True","16","True","B_o029_r03770","1","[[2,3,1,4,5]]","B"
"True","True","23","True","B_o029_r03772","2","[[2,1,3,4,5],[2,3,1,4,5]]","B"
"True","True","23","True","B_o029_r03774","1","[[2,1,4,3,5]]","B"
"True","True","16","True","B_o029_r03775","1","[[2,3,1,4,5]]","B"
"True","True","17","True","B_o029_r03776","1","[[2,3,1,4,5]]","B"
"True","True","23","True","B_o029_r03781","1","[[3,1,4,2,5]]","B"
"True","True","25","True","B_o029_r03782","2","[[3,1,2,4,5],[3,2,1,4,5]]","B"
"True","True","23","True","B_o029_r03783","1","[[3,1,4,2,5]]","B"
"True","True","25","True","B_o029_r03784","2","[[3,1,2,4,5],[3,2,1,4,5]]","B"
"True","True","28","True","B_o029_r03785","1","[[4,1,2,3,5]]","B"
"True","True","28","True","B_o029_r03786","1","[[4,1,2,3,5]]","B"
"True","True","24","True","B_o029_r03787","1","[[3,1,4,2,5]]","B"
"True","True","25","True","B_o029_r03788","1","[[3,1,4,2,5]]","B"
"True","True","24","True","B_o029_r03789","1","[[3,1,4,2,5]]","B"
"True","True","25","True","B_o029_r03790","1","[[3,1,4,2,5]]","B"
"True","True","28","True","B_o029_r03791","1","[[4,1,3,2,5]]","B"
"True","True","28","True","B_o029_r03792","1","[[4,1,3,2,5]]","B"
"True","True","20","True","B_o029_r03794","1","[[2,3,1,4,5]]","B"
"True","True","23","True","B_o029_r03797","1","[[2,4,1,3,5]]","B"
"True","True","23","True","B_o029_r03798","1","[[2,4,1,3,5]]","B"
"True","True","21","True","B_o029_r03800","1","[[2,3,1,4,5]]","B"
"True","True","24","True","B_o029_r03803","1","[[2,4,1,3,5]]","B"
"True","True","24","True","B_o029_r03804","1","[[2,4,1,3,5]]","B"
"True","True","28","True","B_o029_r03809","1","[[4,2,1,3,5]]","B"
"True","True","28","True","B_o029_r03810","1","[[4,2,1,3,5]]","B"
"True","True","27","True","B_o029_r03811","1","[[3,4,1,2,5]]","B"
"True","True","27","True","B_o029_r03812","1","[[3,4,1,2,5]]","B"
"True","True","27","True","B_o029_r03813","1","[[3,4,1,2,5]]","B"
"True","True","27","True","B_o029_r03814","1","[[3,4,1,2,5]]","B"
"True","True","30","True","B_o029_r03815","1","[[4,3,1,2,5]]","B"
"True","True","30","True","B_o029_r03816","1","[[4,3,1,2,5]]","B"
"True","True","20","True","B_o029_r03817","1","[[2,3,4,1,5]]","B"
"True","True","20","True","B_o029_r03818","1","[[2,3,4,1,5]]","B"
"True","True","23","True","B_o029_r03820","1","[[2,3,4,1,5]]","B"
"True","True","23","True","B_o029_r03821","1","[[2,4,3,1,5]]","B"
"True","True","23","True","B_o029_r03822","1","[[2,4,3,1,5]]","B"
"True","True","21","True","B_o029_r03823","1","[[2,3,4,1,5]]","B"
"True","True","21","True","B_o029_r03824","1","[[2,3,4,1,5]]","B"
"True","True","24","True","B_o029_r03826","1","[[2,3,4,1,5]]","B"
"True","True","24","True","B_o029_r03827","1","[[2,4,3,1,5]]","B"
"True","True","24","True","B_o029_r03828","1","[[2,4,3,1,5]]","B"
"True","True","25","True","B_o029_r03829","1","[[3,2,4,1,5]]","B"
"True","True","25","True","B_o029_r03830","1","[[3,2,4,1,5]]","B"
"True","True","25","True","B_o029_r03831","1","[[3,2,4,1,5]]","B"
"True","True","25","True","B_o029_r03832","1","[[3,2,4,1,5]]","B"
"True","True","28","True","B_o029_r03833","1","[[4,2,3,1,5]]","B"
"True","True","28","True","B_o029_r03834","1","[[4,2,3,1,5]]","B"
"True","True","27","True","B_o029_r03835","1","[[3,4,2,1,5]]","B"
"True","True","27","True","B_o029_r03836","1","[[3,4,2,1,5]]","B"
"True","True","27","True","B_o029_r03837","1","[[3,4,2,1,5]]","B"
"True","True","27","True","B_o029_r03838","1","[[3,4,2,1,5]]","B"
"True","True","30","True","B_o029_r03839","1","[[4,3,2,1,5]]","B"
"True","True","30","True","B_o029_r03840","1","[[4,3,2,1,5]]","B"
"True","True","9","True","B_o030_r03841","1","[[1,2,3,4,5]]","B"
"True","True","12","True","B_o030_r03842","1","[[1,2,3,4,5]]","B"
"True","True","10","True","B_o030_r03843","1","[[1,2,4,3,5]]","B"
"True","True","16","True","B_o030_r03844","1","[[1,2,3,4,5]]","B"
"True","True","13","True","B_o030_r03845","1","[[1,2,4,3,5]]","B"
"True","True","16","True","B_o030_r03846","1","[[1,2,4,3,5]]","B"
"True","True","11","True","B_o030_r03847","1","[[1,3,2,4,5]]","B"
"True","True","14","True","B_o030_r03848","1","[[1,3,2,4,5]]","B"
"True","True","15","True","B_o030_r03849","1","[[1,4,2,3,5]]","B"
"True","True","22","True","B_o030_r03850","2","[[1,2,3,4,5],[1,3,2,4,5]]","B"
"True","True","18","True","B_o030_r03851","1","[[1,4,2,3,5]]","B"
"True","True","22","True","B_o030_r03852","1","[[1,2,4,3,5]]","B"
"True","True","14","True","B_o030_r03853","1","[[1,3,4,2,5]]","B"
"True","True","18","True","B_o030_r03854","1","[[1,3,2,4,5]]","B"
"True","True","17","True","B_o030_r03855","1","[[1,4,3,2,5]]","B"
"True","True","21","True","B_o030_r03857","1","[[1,4,2,3,5]]","B"
"True","True","22","True","B_o030_r03858","1","[[1,4,2,3,5]]","B"
"True","True","17","True","B_o030_r03859","1","[[1,3,4,2,5]]","B"
"True","True","18","True","B_o030_r03860","1","[[1,3,4,2,5]]","B"
"True","True","20","True","B_o030_r03861","1","[[1,4,3,2,5]]","B"
"True","True","22","True","B_o030_r03862","1","[[1,3,4,2,5]]","B"
"True","True","21","True","B_o030_r03863","1","[[1,4,3,2,5]]","B"
"True","True","22","True","B_o030_r03864","1","[[1,4,3,2,5]]","B"
"True","True","10","True","B_o030_r03865","1","[[2,1,3,4,5]]","B"
"True","True","13","True","B_o030_r03866","1","[[2,1,3,4,5]]","B"
"True","True","11","True","B_o030_r03867","1","[[2,1,4,3,5]]","B"
"True","True","17","True","B_o030_r03868","1","[[2,1,3,4,5]]","B"
"True","True","14","True","B_o030_r03869","1","[[2,1,4,3,5]]","B"
"True","True","17","True","B_o030_r03870","1","[[2,1,4,3,5]]","B"
"True","True","13","True","B_o030_r03871","1","[[1,3,2,4,5]]","B"
"True","True","16","True","B_o030_r03872","1","[[1,3,2,4,5]]","B"
"True","True","17","True","B_o030_r03873","1","[[1,4,2,3,5]]","B"
"True","True","24","True","B_o030_r03874","3","[[1,2,3,4,5],[1,3,2,4,5],[2,1,3,4,5]]","B"
"True","True","20","True","B_o030_r03875","1","[[1,4,2,3,5]]","B"
"True","True","24","True","B_o030_r03876","2","[[1,2,4,3,5],[2,1,4,3,5]]","B"
"True","True","16","True","B_o030_r03877","1","[[1,3,4,2,5]]","B"
"True","True","20","True","B_o030_r03878","1","[[1,3,2,4,5]]","B"
"True","True","19","True","B_o030_r03879","1","[[1,4,3,2,5]]","B"
"True","True","23","True","B_o030_r03881","1","[[1,4,2,3,5]]","B"
"True","True","24","True","B_o030_r03882","1","[[1,4,2,3,5]]","B"
"True","True","19","True","B_o030_r03883","1","[[1,3,4,2,5]]","B"
"True","True","20","True","B_o030_r03884","1","[[1,3,4,2,5]]","B"
"True","True","22","True","B_o030_r03885","1","[[1,4,3,2,5]]","B"
"True","True","24","True","B_o030_r03886","1","[[1,3,4,2,5]]","B"
"True","True","23","True","B_o030_r03887","1","[[1,4,3,2,5]]","B"
"True","True","24","True","B_o030_r03888","1","[[1,4,3,2,5]]","B"
"True","True","13","True","B_o030_r03889","1","[[2,3,1,4,5]]","B"
"True","True","16","True","B_o030_r03890","1","[[2,3,1,4,5]]","B"
"True","True","23","True","B_o030_r03892","2","[[2,1,3,4,5],[2,3,1,4,5]]","B"
"True","True","23","True","B_o030_r03894","1","[[2,1,4,3,5]]","B"
"True","True","14","True","B_o030_r03895","1","[[2,3,1,4,5]]","B"
"True","True","17","True","B_o030_r03896","1","[[2,3,1,4,5]]","B"
"True","True","21","True","B_o030_r03901","1","[[3,1,4,2,5]]","B"
"True","True","25","True","B_o030_r03902","2","[[3,1,2,4,5],[3,2,1,4,5]]","B"
"True","True","21","True","B_o030_r03903","1","[[3,1,4,2,5]]","B"
"True","True","25","True","B_o030_r03904","2","[[3,1,2,4,5],[3,2,1,4,5]]","B"
"True","True","28","True","B_o030_r03905","1","[[4,1,2,3,5]]","B"
"True","True","28","True","B_o030_r03906","1","[[4,1,2,3,5]]","B"
"True","True","24","True","B_o030_r03907","1","[[3,1,4,2,5]]","B"
"True","True","25","True","B_o030_r03908","1","[[3,1,4,2,5]]","B"
"True","True","24","True","B_o030_r03909","1","[[3,1,4,2,5]]","B"
"True","True","25","True","B_o030_r03910","1","[[3,1,4,2,5]]","B"
"True","True","28","True","B_o030_r03911","1","[[4,1,3,2,5]]","B"
"True","True","28","True","B_o030_r03912","1","[[4,1,3,2,5]]","B"
"True","True","20","True","B_o030_r03914","1","[[2,3,1,4,5]]","B"
"True","True","23","True","B_o030_r03917","1","[[2,4,1,3,5]]","B"
"True","True","23","True","B_o030_r03918","1","[[2,4,1,3,5]]","B"
"True","True","21","True","B_o030_r03920","1","[[2,3,1,4,5]]","B"
"True","True","24","True","B_o030_r03923","1","[[2,4,1,3,5]]","B"
"True","True","24","True","B_o030_r03924","1","[[2,4,1,3,5]]","B"
"True","True","28","True","B_o030_r03929","1","[[4,2,1,3,5]]","B"
"True","True","28","True","B_o030_r03930","1","[[4,2,1,3,5]]","B"
"True","True","27","True","B_o030_r03931","1","[[3,4,1,2,5]]","B"
"True","True","27","True","B_o030_r03932","1","[[3,4,1,2,5]]","B"
"True","True","27","True","B_o030_r03933","1","[[3,4,1,2,5]]","B"
"True","True","27","True","B_o030_r03934","1","[[3,4,1,2,5]]","B"
"True","True","30","True","B_o030_r03935","1","[[4,3,1,2,5]]","B"
"True","True","30","True","B_o030_r03936","1","[[4,3,1,2,5]]","B"
"True","True","20","True","B_o030_r03937","1","[[2,3,4,1,5]]","B"
"True","True","20","True","B_o030_r03938","1","[[2,3,4,1,5]]","B"
"True","True","23","True","B_o030_r03940","1","[[2,3,4,1,5]]","B"
"True","True","23","True","B_o030_r03941","1","[[2,4,3,1,5]]","B"
"True","True","23","True","B_o030_r03942","1","[[2,4,3,1,5]]","B"
"True","True","21","True","B_o030_r03943","1","[[2,3,4,1,5]]","B"
"True","True","21","True","B_o030_r03944","1","[[2,3,4,1,5]]","B"
"True","True","24","True","B_o030_r03946","1","[[2,3,4,1,5]]","B"
"True","True","24","True","B_o030_r03947","1","[[2,4,3,1,5]]","B"
"True","True","24","True","B_o030_r03948","1","[[2,4,3,1,5]]","B"
"True","True","25","True","B_o030_r03949","1","[[3,2,4,1,5]]","B"
"True","True","25","True","B_o030_r03950","1","[[3,2,4,1,5]]","B"
"True","True","25","True","B_o030_r03951","1","[[3,2,4,1,5]]","B"
"True","True","25","True","B_o030_r03952","1","[[3,2,4,1,5]]","B"
"True","True","28","True","B_o030_r03953","1","[[4,2,3,1,5]]","B"
"True","True","28","True","B_o030_r03954","1","[[4,2,3,1,5]]","B"
"True","True","27","True","B_o030_r03955","1","[[3,4,2,1,5]]","B"
"True","True","27","True","B_o030_r03956","1","[[3,4,2,1,5]]","B"
"True","True","27","True","B_o030_r03957","1","[[3,4,2,1,5]]","B"
"True","True","27","True","B_o030_r03958","1","[[3,4,2,1,5]]","B"
"True","True","30","True","B_o030_r03959","1","[[4,3,2,1,5]]","B"
"True","True","30","True","B_o030_r03960","1","[[4,3,2,1,5]]","B"
"True","True","8","True","B_o031_r03961","1","[[1,2,3,4,5]]","B"
"True","True","10","True","B_o031_r03962","1","[[1,2,3,4,5]]","B"
"True","True","9","True","B_o031_r03963","1","[[1,2,4,3,5]]","B"
"True","True","16","True","B_o031_r03964","3","[[1,2,3,4,5],[1,2,4,3,5],[1,2,5,3,4]]","B"
"True","True","11","True","B_o031_r03965","1","[[1,2,4,3,5]]","B"
"True","True","16","True","B_o031_r03966","3","[[1,2,3,4,5],[1,2,4,3,5],[1,2,5,3,4]]","B"
"True","True","10","True","B_o031_r03967","1","[[1,3,2,4,5]]","B"
"True","True","12","True","B_o031_r03968","1","[[1,3,2,4,5]]","B"
"True","True","14","True","B_o031_r03969","1","[[1,4,2,3,5]]","B"
"True","True","22","True","B_o031_r03970","4","[[1,2,3,4,5],[1,2,4,3,5],[1,2,5,3,4],[1,3,2,4,5]]","B"
"True","True","16","True","B_o031_r03971","1","[[1,4,2,3,5]]","B"
"True","True","22","True","B_o031_r03972","4","[[1,2,3,4,5],[1,2,4,3,5],[1,2,5,3,4],[1,3,2,4,5]]","B"
"True","True","13","True","B_o031_r03973","1","[[1,3,4,2,5]]","B"
"True","True","18","True","B_o031_r03974","2","[[1,3,2,4,5],[1,3,4,2,5]]","B"
"True","True","16","True","B_o031_r03975","1","[[1,4,3,2,5]]","B"
"True","True","21","True","B_o031_r03977","2","[[1,4,2,3,5],[1,4,3,2,5]]","B"
"True","True","22","True","B_o031_r03978","2","[[1,4,2,3,5],[1,4,3,2,5]]","B"
"True","True","15","True","B_o031_r03979","1","[[1,3,4,2,5]]","B"
"True","True","18","True","B_o031_r03981","1","[[1,4,3,2,5]]","B"
"True","True","9","True","B_o031_r03985","1","[[2,1,3,4,5]]","B"
"True","True","11","True","B_o031_r03986","1","[[2,1,3,4,5]]","B"
"True","True","10","True","B_o031_r03987","1","[[2,1,4,3,5]]","B"
"True","True","17","True","B_o031_r03988","3","[[2,1,3,4,5],[2,1,4,3,5],[2,1,5,3,4]]","B"
"True","True","12","True","B_o031_r03989","1","[[2,1,4,3,5]]","B"
"True","True","17","True","B_o031_r03990","3","[[2,1,3,4,5],[2,1,4,3,5],[2,1,5,3,4]]","B"
"True","True","12","True","B_o031_r03991","1","[[1,3,2,4,5]]","B"
"True","True","14","True","B_o031_r03992","1","[[1,3,2,4,5]]","B"
"True","True","16","True","B_o031_r03993","1","[[1,4,2,3,5]]","B"
"True","True","24","True","B_o031_r03994","7","[[1,2,3,4,5],[1,2,4,3,5],[1,2,5,3,4],[1,3,2,4,5],[2,1,3,4,5],[2,1,4,3,5],[2,1,5,3,4]]","B"
"True","True","18","True","B_o031_r03995","1","[[1,4,2,3,5]]","B"
"True","True","24","True","B_o031_r03996","7","[[1,2,3,4,5],[1,2,4,3,5],[1,2,5,3,4],[1,3,2,4,5],[2,1,3,4,5],[2,1,4,3,5],[2,1,5,3,4]]","B"
"True","True","15","True","B_o031_r03997","1","[[1,3,4,2,5]]","B"
"True","True","20","True","B_o031_r03998","2","[[1,3,2,4,5],[1,3,4,2,5]]","B"
"True","True","18","True","B_o031_r03999","1","[[1,4,3,2,5]]","B"
"True","True","23","True","B_o031_r04001","2","[[1,4,2,3,5],[1,4,3,2,5]]","B"
"True","True","24","True","B_o031_r04002","2","[[1,4,2,3,5],[1,4,3,2,5]]","B"
"True","True","17","True","B_o031_r04003","1","[[1,3,4,2,5]]","B"
"True","True","20","True","B_o031_r04005","1","[[1,4,3,2,5]]","B"
"True","True","12","True","B_o031_r04009","1","[[2,3,1,4,5]]","B"
"True","True","14","True","B_o031_r04010","1","[[2,3,1,4,5]]","B"
"True","True","23","True","B_o031_r04012","4","[[2,1,3,4,5],[2,1,4,3,5],[2,1,5,3,4],[2,3,1,4,5]]","B"
"True","True","23","True","B_o031_r04014","4","[[2,1,3,4,5],[2,1,4,3,5],[2,1,5,3,4],[2,3,1,4,5]]","B"
"True","True","13","True","B_o031_r04015","1","[[2,3,1,4,5]]","B"
"True","True","15","True","B_o031_r04016","1","[[2,3,1,4,5]]","B"
"True","True","20","True","B_o031_r04021","1","[[3,1,4,2,5]]","B"
"True","True","25","True","B_o031_r04022","3","[[3,1,2,4,5],[3,1,4,2,5],[3,2,1,4,5]]","B"
"True","True","20","True","B_o031_r04023","1","[[3,1,4,2,5]]","B"
"True","True","25","True","B_o031_r04024","3","[[3,1,2,4,5],[3,1,4,2,5],[3,2,1,4,5]]","B"
"True","True","28","True","B_o031_r04025","2","[[4,1,2,3,5],[4,1,3,2,5]]","B"
"True","True","28","True","B_o031_r04026","2","[[4,1,2,3,5],[4,1,3,2,5]]","B"
"True","True","22","True","B_o031_r04027","1","[[3,1,4,2,5]]","B"
"True","True","22","True","B_o031_r04029","1","[[3,1,4,2,5]]","B"
"True","True","16","True","B_o031_r04033","1","[[2,3,4,1,5]]","B"
"True","True","20","True","B_o031_r04034","2","[[2,3,1,4,5],[2,3,4,1,5]]","B"
"True","True","23","True","B_o031_r04037","2","[[2,4,1,3,5],[2,4,3,1,5]]","B"
"True","True","23","True","B_o031_r04038","2","[[2,4,1,3,5],[2,4,3,1,5]]","B"
"True","True","17","True","B_o031_r04039","1","[[2,3,4,1,5]]","B"
"True","True","21","True","B_o031_r04040","2","[[2,3,1,4,5],[2,3,4,1,5]]","B"
"True","True","24","True","B_o031_r04043","2","[[2,4,1,3,5],[2,4,3,1,5]]","B"
"True","True","24","True","B_o031_r04044","2","[[2,4,1,3,5],[2,4,3,1,5]]","B"
"True","True","21","True","B_o031_r04045","1","[[3,2,4,1,5]]","B"
"True","True","21","True","B_o031_r04047","1","[[3,2,4,1,5]]","B"
"True","True","28","True","B_o031_r04049","2","[[4,2,1,3,5],[4,2,3,1,5]]","B"
"True","True","28","True","B_o031_r04050","2","[[4,2,1,3,5],[4,2,3,1,5]]","B"
"True","True","27","True","B_o031_r04051","2","[[3,4,1,2,5],[3,4,2,1,5]]","B"
"True","True","27","True","B_o031_r04052","2","[[3,4,1,2,5],[3,4,2,1,5]]","B"
"True","True","27","True","B_o031_r04053","2","[[3,4,1,2,5],[3,4,2,1,5]]","B"
"True","True","27","True","B_o031_r04054","2","[[3,4,1,2,5],[3,4,2,1,5]]","B"
"True","True","30","True","B_o031_r04055","2","[[4,3,1,2,5],[4,3,2,1,5]]","B"
"True","True","30","True","B_o031_r04056","2","[[4,3,1,2,5],[4,3,2,1,5]]","B"
"True","True","18","True","B_o031_r04057","1","[[2,3,4,1,5]]","B"
"True","True","19","True","B_o031_r04063","1","[[2,3,4,1,5]]","B"
"True","True","23","True","B_o031_r04069","1","[[3,2,4,1,5]]","B"
"True","True","23","True","B_o031_r04071","1","[[3,2,4,1,5]]","B"
"True","True","11","True","B_o032_r04081","1","[[1,2,3,4,5]]","B"
"True","True","12","True","B_o032_r04082","1","[[1,2,3,4,5]]","B"
"True","True","11","True","B_o032_r04083","1","[[1,2,4,3,5]]","B"
"True","True","14","True","B_o032_r04084","1","[[1,2,3,4,5]]","B"
"True","True","12","True","B_o032_r04085","1","[[1,2,4,3,5]]","B"
"True","True","14","True","B_o032_r04086","1","[[1,2,4,3,5]]","B"
"True","True","13","True","B_o032_r04087","1","[[1,3,2,4,5]]","B"
"True","True","14","True","B_o032_r04088","1","[[1,3,2,4,5]]","B"
"True","True","16","True","B_o032_r04089","1","[[1,4,2,3,5]]","B"
"True","True","22","True","B_o032_r04090","2","[[1,2,3,4,5],[1,3,2,4,5]]","B"
"True","True","17","True","B_o032_r04091","1","[[1,4,2,3,5]]","B"
"True","True","22","True","B_o032_r04092","2","[[1,2,4,3,5],[1,4,2,3,5]]","B"
"True","True","14","True","B_o032_r04093","1","[[1,3,4,2,5]]","B"
"True","True","16","True","B_o032_r04094","1","[[1,3,2,4,5]]","B"
"True","True","17","True","B_o032_r04095","1","[[1,4,3,2,5]]","B"
"True","True","19","True","B_o032_r04097","1","[[1,4,2,3,5]]","B"
"True","True","15","True","B_o032_r04099","1","[[1,3,4,2,5]]","B"
"True","True","16","True","B_o032_r04100","1","[[1,3,4,2,5]]","B"
"True","True","18","True","B_o032_r04101","1","[[1,4,3,2,5]]","B"
"True","True","22","True","B_o032_r04102","1","[[1,3,4,2,5]]","B"
"True","True","19","True","B_o032_r04103","1","[[1,4,3,2,5]]","B"
"True","True","22","True","B_o032_r04104","1","[[1,4,3,2,5]]","B"
"True","True","12","True","B_o032_r04105","1","[[2,1,3,4,5]]","B"
"True","True","13","True","B_o032_r04106","1","[[2,1,3,4,5]]","B"
"True","True","12","True","B_o032_r04107","1","[[2,1,4,3,5]]","B"
"True","True","15","True","B_o032_r04108","1","[[2,1,3,4,5]]","B"
"True","True","13","True","B_o032_r04109","1","[[2,1,4,3,5]]","B"
"True","True","15","True","B_o032_r04110","1","[[2,1,4,3,5]]","B"
"True","True","15","True","B_o032_r04111","1","[[1,3,2,4,5]]","B"
"True","True","16","True","B_o032_r04112","1","[[1,3,2,4,5]]","B"
"True","True","18","True","B_o032_r04113","1","[[1,4,2,3,5]]","B"
"True","True","24","True","B_o032_r04114","3","[[1,2,3,4,5],[1,3,2,4,5],[2,1,3,4,5]]","B"
"True","True","19","True","B_o032_r04115","1","[[1,4,2,3,5]]","B"
"True","True","24","True","B_o032_r04116","3","[[1,2,4,3,5],[1,4,2,3,5],[2,1,4,3,5]]","B"
"True","True","16","True","B_o032_r04117","1","[[1,3,4,2,5]]","B"
"True","True","18","True","B_o032_r04118","1","[[1,3,2,4,5]]","B"
"True","True","19","True","B_o032_r04119","1","[[1,4,3,2,5]]","B"
"True","True","21","True","B_o032_r04121","1","[[1,4,2,3,5]]","B"
"True","True","17","True","B_o032_r04123","1","[[1,3,4,2,5]]","B"
"True","True","18","True","B_o032_r04124","1","[[1,3,4,2,5]]","B"
"True","True","20","True","B_o032_r04125","1","[[1,4,3,2,5]]","B"
"True","True","24","True","B_o032_r04126","1","[[1,3,4,2,5]]","B"
"True","True","21","True","B_o032_r04127","1","[[1,4,3,2,5]]","B"
"True","True","24","True","B_o032_r04128","1","[[1,4,3,2,5]]","B"
"True","True","15","True","B_o032_r04129","1","[[2,3,1,4,5]]","B"
"True","True","16","True","B_o032_r04130","1","[[2,3,1,4,5]]","B"
"True","True","18","True","B_o032_r04131","1","[[2,4,1,3,5]]","B"
"True","True","23","True","B_o032_r04132","2","[[2,1,3,4,5],[2,3,1,4,5]]","B"
"True","True","19","True","B_o032_r04133","1","[[2,4,1,3,5]]","B"
"True","True","23","True","B_o032_r04134","2","[[2,1,4,3,5],[2,4,1,3,5]]","B"
"True","True","16","True","B_o032_r04135","1","[[2,3,1,4,5]]","B"
"True","True","17","True","B_o032_r04136","1","[[2,3,1,4,5]]","B"
"True","True","19","True","B_o032_r04137","1","[[2,4,1,3,5]]","B"
"True","True","20","True","B_o032_r04139","1","[[2,4,1,3,5]]","B"
"True","True","25","True","B_o032_r04142","2","[[3,1,2,4,5],[3,2,1,4,5]]","B"
"True","True","25","True","B_o032_r04144","2","[[3,1,2,4,5],[3,2,1,4,5]]","B"
"True","True","28","True","B_o032_r04145","2","[[4,1,2,3,5],[4,2,1,3,5]]","B"
"True","True","28","True","B_o032_r04146","2","[[4,1,2,3,5],[4,2,1,3,5]]","B"
"True","True","25","True","B_o032_r04148","1","[[3,1,4,2,5]]","B"
"True","True","25","True","B_o032_r04150","1","[[3,1,4,2,5]]","B"
"True","True","28","True","B_o032_r04151","1","[[4,1,3,2,5]]","B"
"True","True","28","True","B_o032_r04152","1","[[4,1,3,2,5]]","B"
"True","True","18","True","B_o032_r04154","1","[[2,3,1,4,5]]","B"
"True","True","21","True","B_o032_r04157","1","[[2,4,1,3,5]]","B"
"True","True","19","True","B_o032_r04160","1","[[2,3,1,4,5]]","B"
"True","True","22","True","B_o032_r04163","1","[[2,4,1,3,5]]","B"
"True","True","25","True","B_o032_r04171","1","[[3,4,1,2,5]]","B"
"True","True","25","True","B_o032_r04172","1","[[3,4,1,2,5]]","B"
"True","True","25","True","B_o032_r04173","1","[[3,4,1,2,5]]","B"
"True","True","25","True","B_o032_r04174","1","[[3,4,1,2,5]]","B"
"True","True","28","True","B_o032_r04175","1","[[4,3,1,2,5]]","B"
"True","True","28","True","B_o032_r04176","1","[[4,3,1,2,5]]","B"
"True","True","18","True","B_o032_r04177","1","[[2,3,4,1,5]]","B"
"True","True","18","True","B_o032_r04178","1","[[2,3,4,1,5]]","B"
"True","True","21","True","B_o032_r04179","1","[[2,4,3,1,5]]","B"
"True","True","23","True","B_o032_r04180","1","[[2,3,4,1,5]]","B"
"True","True","21","True","B_o032_r04181","1","[[2,4,3,1,5]]","B"
"True","True","23","True","B_o032_r04182","1","[[2,4,3,1,5]]","B"
"True","True","19","True","B_o032_r04183","1","[[2,3,4,1,5]]","B"
"True","True","19","True","B_o032_r04184","1","[[2,3,4,1,5]]","B"
"True","True","22","True","B_o032_r04185","1","[[2,4,3,1,5]]","B"
"True","True","24","True","B_o032_r04186","1","[[2,3,4,1,5]]","B"
"True","True","22","True","B_o032_r04187","1","[[2,4,3,1,5]]","B"
"True","True","24","True","B_o032_r04188","1","[[2,4,3,1,5]]","B"
"True","True","25","True","B_o032_r04190","1","[[3,2,4,1,5]]","B"
"True","True","25","True","B_o032_r04192","1","[[3,2,4,1,5]]","B"
"True","True","28","True","B_o032_r04193","1","[[4,2,3,1,5]]","B"
"True","True","28","True","B_o032_r04194","1","[[4,2,3,1,5]]","B"
"True","True","25","True","B_o032_r04195","1","[[3,4,2,1,5]]","B"
"True","True","25","True","B_o032_r04196","1","[[3,4,2,1,5]]","B"
"True","True","25","True","B_o032_r04197","1","[[3,4,2,1,5]]","B"
"True","True","25","True","B_o032_r04198","1","[[3,4,2,1,5]]","B"
"True","True","28","True","B_o032_r04199","1","[[4,3,2,1,5]]","B"
"True","True","28","True","B_o032_r04200","1","[[4,3,2,1,5]]","B"
"True","True","9","True","B_o033_r04201","1","[[1,2,3,4,5]]","B"
"True","True","12","True","B_o033_r04202","1","[[1,2,3,4,5]]","B"
"True","True","9","True","B_o033_r04203","1","[[1,2,4,3,5]]","B"
"True","True","14","True","B_o033_r04204","1","[[1,2,3,4,5]]","B"
"True","True","12","True","B_o033_r04205","1","[[1,2,4,3,5]]","B"
"True","True","14","True","B_o033_r04206","1","[[1,2,4,3,5]]","B"
"True","True","11","True","B_o033_r04207","1","[[1,3,2,4,5]]","B"
"True","True","14","True","B_o033_r04208","1","[[1,3,2,4,5]]","B"
"True","True","14","True","B_o033_r04209","1","[[1,4,2,3,5]]","B"
"True","True","22","True","B_o033_r04210","2","[[1,2,3,4,5],[1,3,2,4,5]]","B"
"True","True","17","True","B_o033_r04211","1","[[1,4,2,3,5]]","B"
"True","True","22","True","B_o033_r04212","2","[[1,2,4,3,5],[1,4,2,3,5]]","B"
"True","True","12","True","B_o033_r04213","1","[[1,3,4,2,5]]","B"
"True","True","16","True","B_o033_r04214","1","[[1,3,2,4,5]]","B"
"True","True","15","True","B_o033_r04215","1","[[1,4,3,2,5]]","B"
"True","True","19","True","B_o033_r04217","1","[[1,4,2,3,5]]","B"
"True","True","15","True","B_o033_r04219","1","[[1,3,4,2,5]]","B"
"True","True","16","True","B_o033_r04220","1","[[1,3,4,2,5]]","B"
"True","True","18","True","B_o033_r04221","1","[[1,4,3,2,5]]","B"
"True","True","22","True","B_o033_r04222","1","[[1,3,4,2,5]]","B"
"True","True","19","True","B_o033_r04223","1","[[1,4,3,2,5]]","B"
"True","True","22","True","B_o033_r04224","1","[[1,4,3,2,5]]","B"
"True","True","10","True","B_o033_r04225","1","[[2,1,3,4,5]]","B"
"True","True","13","True","B_o033_r04226","1","[[2,1,3,4,5]]","B"
"True","True","10","True","B_o033_r04227","1","[[2,1,4,3,5]]","B"
"True","True","15","True","B_o033_r04228","1","[[2,1,3,4,5]]","B"
"True","True","13","True","B_o033_r04229","1","[[2,1,4,3,5]]","B"
"True","True","15","True","B_o033_r04230","1","[[2,1,4,3,5]]","B"
"True","True","13","True","B_o033_r04231","1","[[1,3,2,4,5]]","B"
"True","True","16","True","B_o033_r04232","1","[[1,3,2,4,5]]","B"
"True","True","16","True","B_o033_r04233","1","[[1,4,2,3,5]]","B"
"True","True","24","True","B_o033_r04234","3","[[1,2,3,4,5],[1,3,2,4,5],[2,1,3,4,5]]","B"
"True","True","19","True","B_o033_r04235","1","[[1,4,2,3,5]]","B"
"True","True","24","True","B_o033_r04236","3","[[1,2,4,3,5],[1,4,2,3,5],[2,1,4,3,5]]","B"
"True","True","14","True","B_o033_r04237","1","[[1,3,4,2,5]]","B"
"True","True","18","True","B_o033_r04238","1","[[1,3,2,4,5]]","B"
"True","True","17","True","B_o033_r04239","1","[[1,4,3,2,5]]","B"
"True","True","21","True","B_o033_r04241","1","[[1,4,2,3,5]]","B"
"True","True","17","True","B_o033_r04243","1","[[1,3,4,2,5]]","B"
"True","True","18","True","B_o033_r04244","1","[[1,3,4,2,5]]","B"
"True","True","20","True","B_o033_r04245","1","[[1,4,3,2,5]]","B"
"True","True","24","True","B_o033_r04246","1","[[1,3,4,2,5]]","B"
"True","True","21","True","B_o033_r04247","1","[[1,4,3,2,5]]","B"
"True","True","24","True","B_o033_r04248","1","[[1,4,3,2,5]]","B"
"True","True","13","True","B_o033_r04249","1","[[2,3,1,4,5]]","B"
"True","True","16","True","B_o033_r04250","1","[[2,3,1,4,5]]","B"
"True","True","16","True","B_o033_r04251","1","[[2,4,1,3,5]]","B"
"True","True","23","True","B_o033_r04252","2","[[2,1,3,4,5],[2,3,1,4,5]]","B"
"True","True","19","True","B_o033_r04253","1","[[2,4,1,3,5]]","B"
"True","True","23","True","B_o033_r04254","2","[[2,1,4,3,5],[2,4,1,3,5]]","B"
"True","True","14","True","B_o033_r04255","1","[[2,3,1,4,5]]","B"
"True","True","17","True","B_o033_r04256","1","[[2,3,1,4,5]]","B"
"True","True","17","True","B_o033_r04257","1","[[2,4,1,3,5]]","B"
"True","True","20","True","B_o033_r04259","1","[[2,4,1,3,5]]","B"
"True","True","25","True","B_o033_r04262","2","[[3,1,2,4,5],[3,2,1,4,5]]","B"
"True","True","25","True","B_o033_r04264","2","[[3,1,2,4,5],[3,2,1,4,5]]","B"
"True","True","28","True","B_o033_r04265","2","[[4,1,2,3,5],[4,2,1,3,5]]","B"
"True","True","28","True","B_o033_r04266","2","[[4,1,2,3,5],[4,2,1,3,5]]","B"
"True","True","25","True","B_o033_r04268","1","[[3,1,4,2,5]]","B"
"True","True","25","True","B_o033_r04270","1","[[3,1,4,2,5]]","B"
"True","True","28","True","B_o033_r04271","1","[[4,1,3,2,5]]","B"
"True","True","28","True","B_o033_r04272","1","[[4,1,3,2,5]]","B"
"True","True","18","True","B_o033_r04274","1","[[2,3,1,4,5]]","B"
"True","True","21","True","B_o033_r04277","1","[[2,4,1,3,5]]","B"
"True","True","19","True","B_o033_r04280","1","[[2,3,1,4,5]]","B"
"True","True","22","True","B_o033_r04283","1","[[2,4,1,3,5]]","B"
"True","True","25","True","B_o033_r04291","1","[[3,4,1,2,5]]","B"
"True","True","25","True","B_o033_r04292","1","[[3,4,1,2,5]]","B"
"True","True","25","True","B_o033_r04293","1","[[3,4,1,2,5]]","B"
"True","True","25","True","B_o033_r04294","1","[[3,4,1,2,5]]","B"
"True","True","28","True","B_o033_r04295","1","[[4,3,1,2,5]]","B"
"True","True","28","True","B_o033_r04296","1","[[4,3,1,2,5]]","B"
"True","True","18","True","B_o033_r04297","1","[[2,3,4,1,5]]","B"
"True","True","18","True","B_o033_r04298","1","[[2,3,4,1,5]]","B"
"True","True","21","True","B_o033_r04299","1","[[2,4,3,1,5]]","B"
"True","True","23","True","B_o033_r04300","1","[[2,3,4,1,5]]","B"
"True","True","21","True","B_o033_r04301","1","[[2,4,3,1,5]]","B"
"True","True","23","True","B_o033_r04302","1","[[2,4,3,1,5]]","B"
"True","True","19","True","B_o033_r04303","1","[[2,3,4,1,5]]","B"
"True","True","19","True","B_o033_r04304","1","[[2,3,4,1,5]]","B"
"True","True","22","True","B_o033_r04305","1","[[2,4,3,1,5]]","B"
"True","True","24","True","B_o033_r04306","1","[[2,3,4,1,5]]","B"
"True","True","22","True","B_o033_r04307","1","[[2,4,3,1,5]]","B"
"True","True","24","True","B_o033_r04308","1","[[2,4,3,1,5]]","B"
"True","True","25","True","B_o033_r04310","1","[[3,2,4,1,5]]","B"
"True","True","25","True","B_o033_r04312","1","[[3,2,4,1,5]]","B"
"True","True","28","True","B_o033_r04313","1","[[4,2,3,1,5]]","B"
"True","True","28","True","B_o033_r04314","1","[[4,2,3,1,5]]","B"
"True","True","25","True","B_o033_r04315","1","[[3,4,2,1,5]]","B"
"True","True","25","True","B_o033_r04316","1","[[3,4,2,1,5]]","B"
"True","True","25","True","B_o033_r04317","1","[[3,4,2,1,5]]","B"
"True","True","25","True","B_o033_r04318","1","[[3,4,2,1,5]]","B"
"True","True","28","True","B_o033_r04319","1","[[4,3,2,1,5]]","B"
"True","True","28","True","B_o033_r04320","1","[[4,3,2,1,5]]","B"
"True","True","8","True","B_o034_r04321","1","[[1,2,3,4,5]]","B"
"True","True","10","True","B_o034_r04322","1","[[1,2,3,4,5]]","B"
"True","True","8","True","B_o034_r04323","1","[[1,2,4,3,5]]","B"
"True","True","14","True","B_o034_r04324","3","[[1,2,3,4,5],[1,2,4,3,5],[1,2,5,3,4]]","B"
"True","True","10","True","B_o034_r04325","1","[[1,2,4,3,5]]","B"
"True","True","14","True","B_o034_r04326","3","[[1,2,3,4,5],[1,2,4,3,5],[1,2,5,3,4]]","B"
"True","True","10","True","B_o034_r04327","1","[[1,3,2,4,5]]","B"
"True","True","12","True","B_o034_r04328","1","[[1,3,2,4,5]]","B"
"True","True","13","True","B_o034_r04329","1","[[1,4,2,3,5]]","B"
"True","True","22","True","B_o034_r04330","5","[[1,2,3,4,5],[1,2,4,3,5],[1,2,5,3,4],[1,3,2,4,5],[1,4,2,3,5]]","B"
"True","True","15","True","B_o034_r04331","1","[[1,4,2,3,5]]","B"
"True","True","22","True","B_o034_r04332","5","[[1,2,3,4,5],[1,2,4,3,5],[1,2,5,3,4],[1,3,2,4,5],[1,4,2,3,5]]","B"
"True","True","11","True","B_o034_r04333","1","[[1,3,4,2,5]]","B"
"True","True","16","True","B_o034_r04334","2","[[1,3,2,4,5],[1,3,4,2,5]]","B"
"True","True","14","True","B_o034_r04335","1","[[1,4,3,2,5]]","B"
"True","True","19","True","B_o034_r04337","2","[[1,4,2,3,5],[1,4,3,2,5]]","B"
"True","True","13","True","B_o034_r04339","1","[[1,3,4,2,5]]","B"
"True","True","16","True","B_o034_r04341","1","[[1,4,3,2,5]]","B"
"True","True","9","True","B_o034_r04345","1","[[2,1,3,4,5]]","B"
"True","True","11","True","B_o034_r04346","1","[[2,1,3,4,5]]","B"
"True","True","9","True","B_o034_r04347","1","[[2,1,4,3,5]]","B"
"True","True","15","True","B_o034_r04348","3","[[2,1,3,4,5],[2,1,4,3,5],[2,1,5,3,4]]","B"
"True","True","11","True","B_o034_r04349","1","[[2,1,4,3,5]]","B"
"True","True","15","True","B_o034_r04350","3","[[2,1,3,4,5],[2,1,4,3,5],[2,1,5,3,4]]","B"
"True","True","12","True","B_o034_r04351","1","[[1,3,2,4,5]]","B"
"True","True","14","True","B_o034_r04352","1","[[1,3,2,4,5]]","B"
"True","True","15","True","B_o034_r04353","1","[[1,4,2,3,5]]","B"
"True","True","24","True","B_o034_r04354","8","[[1,2,3,4,5],[1,2,4,3,5],[1,2,5,3,4],[1,3,2,4,5],[1,4,2,3,5],[2,1,3,4,5],[2,1,4,3,5],[2,1,5,3,4]]","B"
"True","True","17","True","B_o034_r04355","1","[[1,4,2,3,5]]","B"
"True","True","24","True","B_o034_r04356","8","[[1,2,3,4,5],[1,2,4,3,5],[1,2,5,3,4],[1,3,2,4,5],[1,4,2,3,5],[2,1,3,4,5],[2,1,4,3,5],[2,1,5,3,4]]","B"
"True","True","13","True","B_o034_r04357","1","[[1,3,4,2,5]]","B"
"True","True","18","True","B_o034_r04358","2","[[1,3,2,4,5],[1,3,4,2,5]]","B"
"True","True","16","True","B_o034_r04359","1","[[1,4,3,2,5]]","B"
"True","True","21","True","B_o034_r04361","2","[[1,4,2,3,5],[1,4,3,2,5]]","B"
"True","True","15","True","B_o034_r04363","1","[[1,3,4,2,5]]","B"
"True","True","18","True","B_o034_r04365","1","[[1,4,3,2,5]]","B"
"True","True","12","True","B_o034_r04369","1","[[2,3,1,4,5]]","B"
"True","True","14","True","B_o034_r04370","1","[[2,3,1,4,5]]","B"
"True","True","15","True","B_o034_r04371","1","[[2,4,1,3,5]]","B"
"True","True","23","True","B_o034_r04372","5","[[2,1,3,4,5],[2,1,4,3,5],[2,1,5,3,4],[2,3,1,4,5],[2,4,1,3,5]]","B"
"True","True","17","True","B_o034_r04373","1","[[2,4,1,3,5]]","B"
"True","True","23","True","B_o034_r04374","5","[[2,1,3,4,5],[2,1,4,3,5],[2,1,5,3,4],[2,3,1,4,5],[2,4,1,3,5]]","B"
"True","True","13","True","B_o034_r04375","1","[[2,3,1,4,5]]","B"
"True","True","15","True","B_o034_r04376","1","[[2,3,1,4,5]]","B"
"True","True","16","True","B_o034_r04377","1","[[2,4,1,3,5]]","B"
"True","True","18","True","B_o034_r04379","1","[[2,4,1,3,5]]","B"
"True","True","25","True","B_o034_r04382","3","[[3,1,2,4,5],[3,1,4,2,5],[3,2,1,4,5]]","B"
"True","True","25","True","B_o034_r04384","3","[[3,1,2,4,5],[3,1,4,2,5],[3,2,1,4,5]]","B"
"True","True","28","True","B_o034_r04385","3","[[4,1,2,3,5],[4,1,3,2,5],[4,2,1,3,5]]","B"
"True","True","28","True","B_o034_r04386","3","[[4,1,2,3,5],[4,1,3,2,5],[4,2,1,3,5]]","B"
"True","True","14","True","B_o034_r04393","1","[[2,3,4,1,5]]","B"
"True","True","18","True","B_o034_r04394","2","[[2,3,1,4,5],[2,3,4,1,5]]","B"
"True","True","17","True","B_o034_r04395","1","[[2,4,3,1,5]]","B"
"True","True","21","True","B_o034_r04397","2","[[2,4,1,3,5],[2,4,3,1,5]]","B"
"True","True","15","True","B_o034_r04399","1","[[2,3,4,1,5]]","B"
"True","True","19","True","B_o034_r04400","2","[[2,3,1,4,5],[2,3,4,1,5]]","B"
"True","True","18","True","B_o034_r04401","1","[[2,4,3,1,5]]","B"
"True","True","22","True","B_o034_r04403","2","[[2,4,1,3,5],[2,4,3,1,5]]","B"
"True","True","25","True","B_o034_r04411","2","[[3,4,1,2,5],[3,4,2,1,5]]","B"
"True","True","25","True","B_o034_r04412","2","[[3,4,1,2,5],[3,4,2,1,5]]","B"
"True","True","25","True","B_o034_r04413","2","[[3,4,1,2,5],[3,4,2,1,5]]","B"
"True","True","25","True","B_o034_r04414","2","[[3,4,1,2,5],[3,4,2,1,5]]","B"
"True","True","28","True","B_o034_r04415","2","[[4,3,1,2,5],[4,3,2,1,5]]","B"
"True","True","28","True","B_o034_r04416","2","[[4,3,1,2,5],[4,3,2,1,5]]","B"
"True","True","16","True","B_o034_r04417","1","[[2,3,4,1,5]]","B"
"True","True","19","True","B_o034_r04419","1","[[2,4,3,1,5]]","B"
"True","True","17","True","B_o034_r04423","1","[[2,3,4,1,5]]","B"
"True","True","20","True","B_o034_r04425","1","[[2,4,3,1,5]]","B"
"True","True","8","True","B_o035_r04441","1","[[1,2,3,4,5]]","B"
"True","True","10","True","B_o035_r04442","1","[[1,2,3,4,5]]","B"
"True","True","8","True","B_o035_r04443","1","[[1,2,4,3,5]]","B"
"True","True","12","True","B_o035_r04444","3","[[1,2,3,4,5],[1,2,4,3,5],[1,2,5,3,4]]","B"
"True","True","10","True","B_o035_r04445","1","[[1,2,4,3,5]]","B"
"True","True","12","True","B_o035_r04446","3","[[1,2,3,4,5],[1,2,4,3,5],[1,2,5,3,4]]","B"
"True","True","10","True","B_o035_r04447","1","[[1,3,2,4,5]]","B"
"True","True","12","True","B_o035_r04448","1","[[1,3,2,4,5]]","B"
"True","True","13","True","B_o035_r04449","1","[[1,4,2,3,5]]","B"
"True","True","21","True","B_o035_r04450","1","[[1,5,2,3,4]]","B"
"True","True","15","True","B_o035_r04451","1","[[1,4,2,3,5]]","B"
"True","True","21","True","B_o035_r04452","1","[[1,5,2,3,4]]","B"
"True","True","10","True","B_o035_r04453","1","[[1,3,4,2,5]]","B"
"True","True","14","True","B_o035_r04454","2","[[1,3,2,4,5],[1,3,4,2,5]]","B"
"True","True","13","True","B_o035_r04455","1","[[1,4,3,2,5]]","B"
"True","True","22","True","B_o035_r04456","5","[[1,2,3,4,5],[1,3,2,4,5],[1,3,4,2,5],[1,4,3,2,5],[1,5,2,3,4]]","B"
"True","True","17","True","B_o035_r04457","2","[[1,4,2,3,5],[1,4,3,2,5]]","B"
"True","True","22","True","B_o035_r04458","5","[[1,2,4,3,5],[1,3,4,2,5],[1,4,2,3,5],[1,4,3,2,5],[1,5,2,3,4]]","B"
"True","True","12","True","B_o035_r04459","1","[[1,3,4,2,5]]","B"
"True","True","15","True","B_o035_r04461","1","[[1,4,3,2,5]]","B"
"True","True","22","True","B_o035_r04462","4","[[1,2,3,4,5],[1,3,2,4,5],[1,3,4,2,5],[1,4,3,2,5]]","B"
"True","True","22","True","B_o035_r04464","4","[[1,2,4,3,5],[1,3,4,2,5],[1,4,2,3,5],[1,4,3,2,5]]","B"
"True","True","9","True","B_o035_r04465","1","[[2,1,3,4,5]]","B"
"True","True","11","True","B_o035_r04466","1","[[2,1,3,4,5]]","B"
"True","True","9","True","B_o035_r04467","1","[[2,1,4,3,5]]","B"
"True","True","13","True","B_o035_r04468","3","[[2,1,3,4,5],[2,1,4,3,5],[2,1,5,3,4]]","B"
"True","True","11","True","B_o035_r04469","1","[[2,1,4,3,5]]","B"
"True","True","13","True","B_o035_r04470","3","[[2,1,3,4,5],[2,1,4,3,5],[2,1,5,3,4]]","B"
"True","True","12","True","B_o035_r04471","1","[[1,3,2,4,5]]","B"
"True","True","14","True","B_o035_r04472","1","[[1,3,2,4,5]]","B"
"True","True","15","True","B_o035_r04473","1","[[1,4,2,3,5]]","B"
"True","True","23","True","B_o035_r04474","1","[[1,5,2,3,4]]","B"
"True","True","17","True","B_o035_r04475","1","[[1,4,2,3,5]]","B"
"True","True","23","True","B_o035_r04476","1","[[1,5,2,3,4]]","B"
"True","True","12","True","B_o035_r04477","1","[[1,3,4,2,5]]","B"
"True","True","16","True","B_o035_r04478","2","[[1,3,2,4,5],[1,3,4,2,5]]","B"
"True","True","15","True","B_o035_r04479","1","[[1,4,3,2,5]]","B"
"True","True","24","True","B_o035_r04480","6","[[1,2,3,4,5],[1,3,2,4,5],[1,3,4,2,5],[1,4,3,2,5],[1,5,2,3,4],[2,1,3,4,5]]","B"
"True","True","19","True","B_o035_r04481","2","[[1,4,2,3,5],[1,4,3,2,5]]","B"
"True","True","24","True","B_o035_r04482","6","[[1,2,4,3,5],[1,3,4,2,5],[1,4,2,3,5],[1,4,3,2,5],[1,5,2,3,4],[2,1,4,3,5]]","B"
"True","True","14","True","B_o035_r04483","1","[[1,3,4,2,5]]","B"
"True","True","17","True","B_o035_r04485","1","[[1,4,3,2,5]]","B"
"True","True","24","True","B_o035_r04486","5","[[1,2,3,4,5],[1,3,2,4,5],[1,3,4,2,5],[1,4,3,2,5],[2,1,3,4,5]]","B"
"True","True","24","True","B_o035_r04488","5","[[1,2,4,3,5],[1,3,4,2,5],[1,4,2,3,5],[1,4,3,2,5],[2,1,4,3,5]]","B"
"True","True","12","True","B_o035_r04489","1","[[2,3,1,4,5]]","B"
"True","True","14","True","B_o035_r04490","1","[[2,3,1,4,5]]","B"
"True","True","15","True","B_o035_r04491","1","[[2,4,1,3,5]]","B"
"True","True","23","True","B_o035_r04492","6","[[2,1,3,4,5],[2,1,4,3,5],[2,1,5,3,4],[2,3,1,4,5],[2,4,1,3,5],[2,5,1,3,4]]","B"
"True","True","17","True","B_o035_r04493","1","[[2,4,1,3,5]]","B"
"True","True","23","True","B_o035_r04494","6","[[2,1,3,4,5],[2,1,4,3,5],[2,1,5,3,4],[2,3,1,4,5],[2,4,1,3,5],[2,5,1,3,4]]","B"
"True","True","13","True","B_o035_r04495","1","[[2,3,1,4,5]]","B"
"True","True","15","True","B_o035_r04496","1","[[2,3,1,4,5]]","B"
"True","True","16","True","B_o035_r04497","1","[[2,4,1,3,5]]","B"
"True","True","18","True","B_o035_r04499","1","[[2,4,1,3,5]]","B"
"True","True","19","True","B_o035_r04501","1","[[3,4,1,2,5]]","B"
"True","True","25","True","B_o035_r04502","4","[[3,1,2,4,5],[3,1,4,2,5],[3,2,1,4,5],[3,4,1,2,5]]","B"
"True","True","19","True","B_o035_r04503","1","[[3,4,1,2,5]]","B"
"True","True","25","True","B_o035_r04504","4","[[3,1,2,4,5],[3,1,4,2,5],[3,2,1,4,5],[3,4,1,2,5]]","B"
"True","True","28","True","B_o035_r04505","4","[[4,1,2,3,5],[4,1,3,2,5],[4,2,1,3,5],[4,3,1,2,5]]","B"
"True","True","28","True","B_o035_r04506","4","[[4,1,2,3,5],[4,1,3,2,5],[4,2,1,3,5],[4,3,1,2,5]]","B"
"True","True","21","True","B_o035_r04507","1","[[3,4,1,2,5]]","B"
"True","True","21","True","B_o035_r04509","1","[[3,4,1,2,5]]","B"
"True","True","12","True","B_o035_r04513","1","[[2,3,4,1,5]]","B"
"True","True","16","True","B_o035_r04514","2","[[2,3,1,4,5],[2,3,4,1,5]]","B"
"True","True","15","True","B_o035_r04515","1","[[2,4,3,1,5]]","B"
"True","True","19","True","B_o035_r04517","2","[[2,4,1,3,5],[2,4,3,1,5]]","B"
"True","True","13","True","B_o035_r04519","1","[[2,3,4,1,5]]","B"
"True","True","17","True","B_o035_r04520","2","[[2,3,1,4,5],[2,3,4,1,5]]","B"
"True","True","16","True","B_o035_r04521","1","[[2,4,3,1,5]]","B"
"True","True","20","True","B_o035_r04523","2","[[2,4,1,3,5],[2,4,3,1,5]]","B"
"True","True","19","True","B_o035_r04525","1","[[3,4,2,1,5]]","B"
"True","True","19","True","B_o035_r04527","1","[[3,4,2,1,5]]","B"
"True","True","23","True","B_o035_r04531","2","[[3,4,1,2,5],[3,4,2,1,5]]","B"
"True","True","23","True","B_o035_r04533","2","[[3,4,1,2,5],[3,4,2,1,5]]","B"
"True","True","14","True","B_o035_r04537","1","[[2,3,4,1,5]]","B"
"True","True","17","True","B_o035_r04539","1","[[2,4,3,1,5]]","B"
"True","True","15","True","B_o035_r04543","1","[[2,3,4,1,5]]","B"
"True","True","18","True","B_o035_r04545","1","[[2,4,3,1,5]]","B"
"True","True","21","True","B_o035_r04549","1","[[3,4,2,1,5]]","B"
"True","True","21","True","B_o035_r04551","1","[[3,4,2,1,5]]","B"
"True","True","19","True","B_o036_r04561","1","[[1,2,3,4,5]]","B"
"True","True","19","True","B_o036_r04562","1","[[1,2,3,4,5]]","B"
"True","True","21","True","B_o036_r04563","1","[[1,2,3,4,5]]","B"
"True","True","21","True","B_o036_r04564","1","[[1,2,3,4,5]]","B"
"True","True","22","True","B_o036_r04565","1","[[1,2,4,3,5]]","B"
"True","True","22","True","B_o036_r04566","1","[[1,2,4,3,5]]","B"
"True","True","19","True","B_o036_r04567","1","[[1,3,2,4,5]]","B"
"True","True","19","True","B_o036_r04568","1","[[1,3,2,4,5]]","B"
"True","True","23","True","B_o036_r04569","2","[[1,2,3,4,5],[1,3,2,4,5]]","B"
"True","True","23","True","B_o036_r04570","2","[[1,2,3,4,5],[1,3,2,4,5]]","B"
"True","True","24","True","B_o036_r04571","1","[[1,2,4,3,5]]","B"
"True","True","24","True","B_o036_r04572","1","[[1,2,4,3,5]]","B"
"True","True","21","True","B_o036_r04573","1","[[1,3,2,4,5]]","B"
"True","True","21","True","B_o036_r04574","1","[[1,3,2,4,5]]","B"
"True","True","25","True","B_o036_r04577","1","[[1,4,2,3,5]]","B"
"True","True","25","True","B_o036_r04578","1","[[1,4,2,3,5]]","B"
"True","True","23","True","B_o036_r04579","1","[[1,3,2,4,5]]","B"
"True","True","23","True","B_o036_r04580","1","[[1,3,2,4,5]]","B"
"True","True","26","True","B_o036_r04583","1","[[1,4,2,3,5]]","B"
"True","True","26","True","B_o036_r04584","1","[[1,4,2,3,5]]","B"
"True","True","20","True","B_o036_r04585","1","[[2,1,3,4,5]]","B"
"True","True","20","True","B_o036_r04586","1","[[2,1,3,4,5]]","B"
"True","True","22","True","B_o036_r04587","1","[[2,1,3,4,5]]","B"
"True","True","22","True","B_o036_r04588","1","[[2,1,3,4,5]]","B"
"True","True","23","True","B_o036_r04589","1","[[2,1,4,3,5]]","B"
"True","True","23","True","B_o036_r04590","1","[[2,1,4,3,5]]","B"
"True","True","22","True","B_o036_r04591","1","[[3,1,2,4,5]]","B"
"True","True","22","True","B_o036_r04592","1","[[3,1,2,4,5]]","B"
"True","True","27","True","B_o036_r04593","4","[[1,2,3,4,5],[1,3,2,4,5],[2,1,3,4,5],[3,1,2,4,5]]","B"
"True","True","27","True","B_o036_r04594","4","[[1,2,3,4,5],[1,3,2,4,5],[2,1,3,4,5],[3,1,2,4,5]]","B"
"True","True","28","True","B_o036_r04595","2","[[1,2,4,3,5],[2,1,4,3,5]]","B"
"True","True","28","True","B_o036_r04596","2","[[1,2,4,3,5],[2,1,4,3,5]]","B"
"True","True","24","True","B_o036_r04597","1","[[3,1,2,4,5]]","B"
"True","True","24","True","B_o036_r04598","1","[[3,1,2,4,5]]","B"
"True","True","29","True","B_o036_r04601","1","[[1,4,2,3,5]]","B"
"True","True","29","True","B_o036_r04602","1","[[1,4,2,3,5]]","B"
"True","True","26","True","B_o036_r04603","1","[[3,1,2,4,5]]","B"
"True","True","26","True","B_o036_r04604","1","[[3,1,2,4,5]]","B"
"True","True","30","True","B_o036_r04607","1","[[1,4,2,3,5]]","B"
"True","True","30","True","B_o036_r04608","1","[[1,4,2,3,5]]","B"
"True","True","21","True","B_o036_r04609","1","[[2,3,1,4,5]]","B"
"True","True","21","True","B_o036_r04610","1","[[2,3,1,4,5]]","B"
"True","True","24","True","B_o036_r04611","2","[[2,1,3,4,5],[2,3,1,4,5]]","B"
"True","True","24","True","B_o036_r04612","2","[[2,1,3,4,5],[2,3,1,4,5]]","B"
"True","True","25","True","B_o036_r04613","1","[[2,1,4,3,5]]","B"
"True","True","25","True","B_o036_r04614","1","[[2,1,4,3,5]]","B"
"True","True","23","True","B_o036_r04615","1","[[3,2,1,4,5]]","B"
"True","True","23","True","B_o036_r04616","1","[[3,2,1,4,5]]","B"
"True","True","26","True","B_o036_r04621","2","[[3,1,2,4,5],[3,2,1,4,5]]","B"
"True","True","26","True","B_o036_r04622","2","[[3,1,2,4,5],[3,2,1,4,5]]","B"
"True","True","31","True","B_o036_r04625","2","[[1,4,2,3,5],[4,1,2,3,5]]","B"
"True","True","31","True","B_o036_r04626","2","[[1,4,2,3,5],[4,1,2,3,5]]","B"
"True","True","28","True","B_o036_r04627","2","[[3,1,2,4,5],[3,2,1,4,5]]","B"
"True","True","28","True","B_o036_r04628","2","[[3,1,2,4,5],[3,2,1,4,5]]","B"
"True","True","32","True","B_o036_r04631","2","[[1,4,2,3,5],[4,1,2,3,5]]","B"
"True","True","32","True","B_o036_r04632","2","[[1,4,2,3,5],[4,1,2,3,5]]","B"
"True","True","23","True","B_o036_r04633","1","[[2,3,1,4,5]]","B"
"True","True","23","True","B_o036_r04634","1","[[2,3,1,4,5]]","B"
"True","True","25","True","B_o036_r04639","1","[[3,2,1,4,5]]","B"
"True","True","25","True","B_o036_r04640","1","[[3,2,1,4,5]]","B"
"True","True","30","True","B_o036_r04651","2","[[3,1,2,4,5],[3,2,1,4,5]]","B"
"True","True","30","True","B_o036_r04652","2","[[3,1,2,4,5],[3,2,1,4,5]]","B"
"True","True","25","True","B_o036_r04657","1","[[2,3,1,4,5]]","B"
"True","True","25","True","B_o036_r04658","1","[[2,3,1,4,5]]","B"
"True","True","27","True","B_o036_r04663","1","[[3,2,1,4,5]]","B"
"True","True","27","True","B_o036_r04664","1","[[3,2,1,4,5]]","B"
"True","True","17","True","B_o037_r04681","1","[[1,2,3,4,5]]","B"
"True","True","17","True","B_o037_r04682","1","[[1,2,3,4,5]]","B"
"True","True","19","True","B_o037_r04683","1","[[1,2,3,4,5]]","B"
"True","True","19","True","B_o037_r04684","1","[[1,2,3,4,5]]","B"
"True","True","20","True","B_o037_r04685","1","[[1,2,4,3,5]]","B"
"True","True","20","True","B_o037_r04686","1","[[1,2,4,3,5]]","B"
"True","True","17","True","B_o037_r04687","1","[[1,3,2,4,5]]","B"
"True","True","17","True","B_o037_r04688","1","[[1,3,2,4,5]]","B"
"True","True","21","True","B_o037_r04689","2","[[1,2,3,4,5],[1,3,2,4,5]]","B"
"True","True","21","True","B_o037_r04690","2","[[1,2,3,4,5],[1,3,2,4,5]]","B"
"True","True","22","True","B_o037_r04691","1","[[1,2,4,3,5]]","B"
"True","True","22","True","B_o037_r04692","1","[[1,2,4,3,5]]","B"
"True","True","19","True","B_o037_r04693","1","[[1,3,2,4,5]]","B"
"True","True","19","True","B_o037_r04694","1","[[1,3,2,4,5]]","B"
"True","True","23","True","B_o037_r04697","1","[[1,4,2,3,5]]","B"
"True","True","23","True","B_o037_r04698","1","[[1,4,2,3,5]]","B"
"True","True","22","True","B_o037_r04699","1","[[1,3,4,2,5]]","B"
"True","True","22","True","B_o037_r04700","1","[[1,3,4,2,5]]","B"
"True","True","24","True","B_o037_r04701","1","[[1,3,4,2,5]]","B"
"True","True","24","True","B_o037_r04702","1","[[1,3,4,2,5]]","B"
"True","True","25","True","B_o037_r04703","1","[[1,4,3,2,5]]","B"
"True","True","25","True","B_o037_r04704","1","[[1,4,3,2,5]]","B"
"True","True","18","True","B_o037_r04705","1","[[2,1,3,4,5]]","B"
"True","True","18","True","B_o037_r04706","1","[[2,1,3,4,5]]","B"
"True","True","20","True","B_o037_r04707","1","[[2,1,3,4,5]]","B"
"True","True","20","True","B_o037_r04708","1","[[2,1,3,4,5]]","B"
"True","True","21","True","B_o037_r04709","1","[[2,1,4,3,5]]","B"
"True","True","21","True","B_o037_r04710","1","[[2,1,4,3,5]]","B"
"True","True","20","True","B_o037_r04711","1","[[3,1,2,4,5]]","B"
"True","True","20","True","B_o037_r04712","1","[[3,1,2,4,5]]","B"
"True","True","25","True","B_o037_r04713","4","[[1,2,3,4,5],[1,3,2,4,5],[2,1,3,4,5],[3,1,2,4,5]]","B"
"True","True","25","True","B_o037_r04714","4","[[1,2,3,4,5],[1,3,2,4,5],[2,1,3,4,5],[3,1,2,4,5]]","B"
"True","True","26","True","B_o037_r04715","2","[[1,2,4,3,5],[2,1,4,3,5]]","B"
"True","True","26","True","B_o037_r04716","2","[[1,2,4,3,5],[2,1,4,3,5]]","B"
"True","True","22","True","B_o037_r04717","1","[[3,1,2,4,5]]","B"
"True","True","22","True","B_o037_r04718","1","[[3,1,2,4,5]]","B"
"True","True","27","True","B_o037_r04721","1","[[1,4,2,3,5]]","B"
"True","True","27","True","B_o037_r04722","1","[[1,4,2,3,5]]","B"
"True","True","25","True","B_o037_r04723","1","[[3,1,4,2,5]]","B"
"True","True","25","True","B_o037_r04724","1","[[3,1,4,2,5]]","B"
"True","True","28","True","B_o037_r04725","2","[[1,3,4,2,5],[3,1,4,2,5]]","B"
"True","True","28","True","B_o037_r04726","2","[[1,3,4,2,5],[3,1,4,2,5]]","B"
"True","True","29","True","B_o037_r04727","1","[[1,4,3,2,5]]","B"
"True","True","29","True","B_o037_r04728","1","[[1,4,3,2,5]]","B"
"True","True","19","True","B_o037_r04729","1","[[2,3,1,4,5]]","B"
"True","True","19","True","B_o037_r04730","1","[[2,3,1,4,5]]","B"
"True","True","22","True","B_o037_r04731","2","[[2,1,3,4,5],[2,3,1,4,5]]","B"
"True","True","22","True","B_o037_r04732","2","[[2,1,3,4,5],[2,3,1,4,5]]","B"
"True","True","23","True","B_o037_r04733","1","[[2,1,4,3,5]]","B"
"True","True","23","True","B_o037_r04734","1","[[2,1,4,3,5]]","B"
"True","True","21","True","B_o037_r04735","1","[[3,2,1,4,5]]","B"
"True","True","21","True","B_o037_r04736","1","[[3,2,1,4,5]]","B"
"True","True","24","True","B_o037_r04741","2","[[3,1,2,4,5],[3,2,1,4,5]]","B"
"True","True","24","True","B_o037_r04742","2","[[3,1,2,4,5],[3,2,1,4,5]]","B"
"True","True","29","True","B_o037_r04745","2","[[1,4,2,3,5],[4,1,2,3,5]]","B"
"True","True","29","True","B_o037_r04746","2","[[1,4,2,3,5],[4,1,2,3,5]]","B"
"True","True","27","True","B_o037_r04747","1","[[3,1,4,2,5]]","B"
"True","True","27","True","B_o037_r04748","1","[[3,1,4,2,5]]","B"
"True","True","31","True","B_o037_r04751","2","[[1,4,3,2,5],[4,1,3,2,5]]","B"
"True","True","31","True","B_o037_r04752","2","[[1,4,3,2,5],[4,1,3,2,5]]","B"
"True","True","21","True","B_o037_r04753","1","[[2,3,1,4,5]]","B"
"True","True","21","True","B_o037_r04754","1","[[2,3,1,4,5]]","B"
"True","True","23","True","B_o037_r04759","1","[[3,2,1,4,5]]","B"
"True","True","23","True","B_o037_r04760","1","[[3,2,1,4,5]]","B"
"True","True","29","True","B_o037_r04771","1","[[3,1,4,2,5]]","B"
"True","True","29","True","B_o037_r04772","1","[[3,1,4,2,5]]","B"
"True","True","15","True","B_o038_r04801","1","[[1,2,3,4,5]]","B"
"True","True","16","True","B_o038_r04802","1","[[1,2,3,4,5]]","B"
"True","True","17","True","B_o038_r04803","1","[[1,2,3,4,5]]","B"
"True","True","18","True","B_o038_r04804","1","[[1,2,3,4,5]]","B"
"True","True","19","True","B_o038_r04805","1","[[1,2,4,3,5]]","B"
"True","True","19","True","B_o038_r04806","1","[[1,2,4,3,5]]","B"
"True","True","15","True","B_o038_r04807","1","[[1,3,2,4,5]]","B"
"True","True","16","True","B_o038_r04808","1","[[1,3,2,4,5]]","B"
"True","True","19","True","B_o038_r04809","2","[[1,2,3,4,5],[1,3,2,4,5]]","B"
"True","True","20","True","B_o038_r04810","2","[[1,2,3,4,5],[1,3,2,4,5]]","B"
"True","True","21","True","B_o038_r04811","1","[[1,2,4,3,5]]","B"
"True","True","21","True","B_o038_r04812","1","[[1,2,4,3,5]]","B"
"True","True","17","True","B_o038_r04813","1","[[1,3,2,4,5]]","B"
"True","True","18","True","B_o038_r04814","1","[[1,3,2,4,5]]","B"
"True","True","22","True","B_o038_r04817","1","[[1,4,2,3,5]]","B"
"True","True","22","True","B_o038_r04818","1","[[1,4,2,3,5]]","B"
"True","True","21","True","B_o038_r04819","1","[[1,3,4,2,5]]","B"
"True","True","21","True","B_o038_r04820","1","[[1,3,4,2,5]]","B"
"True","True","23","True","B_o038_r04821","1","[[1,3,4,2,5]]","B"
"True","True","23","True","B_o038_r04822","1","[[1,3,4,2,5]]","B"
"True","True","24","True","B_o038_r04823","1","[[1,4,3,2,5]]","B"
"True","True","24","True","B_o038_r04824","1","[[1,4,3,2,5]]","B"
"True","True","16","True","B_o038_r04825","1","[[2,1,3,4,5]]","B"
"True","True","17","True","B_o038_r04826","1","[[2,1,3,4,5]]","B"
"True","True","18","True","B_o038_r04827","1","[[2,1,3,4,5]]","B"
"True","True","19","True","B_o038_r04828","1","[[2,1,3,4,5]]","B"
"True","True","20","True","B_o038_r04829","1","[[2,1,4,3,5]]","B"
"True","True","20","True","B_o038_r04830","1","[[2,1,4,3,5]]","B"
"True","True","18","True","B_o038_r04831","1","[[3,1,2,4,5]]","B"
"True","True","19","True","B_o038_r04832","1","[[3,1,2,4,5]]","B"
"True","True","23","True","B_o038_r04833","4","[[1,2,3,4,5],[1,3,2,4,5],[2,1,3,4,5],[3,1,2,4,5]]","B"
"True","True","24","True","B_o038_r04834","4","[[1,2,3,4,5],[1,3,2,4,5],[2,1,3,4,5],[3,1,2,4,5]]","B"
"True","True","25","True","B_o038_r04835","2","[[1,2,4,3,5],[2,1,4,3,5]]","B"
"True","True","25","True","B_o038_r04836","2","[[1,2,4,3,5],[2,1,4,3,5]]","B"
"True","True","20","True","B_o038_r04837","1","[[3,1,2,4,5]]","B"
"True","True","21","True","B_o038_r04838","1","[[3,1,2,4,5]]","B"
"True","True","26","True","B_o038_r04841","1","[[1,4,2,3,5]]","B"
"True","True","26","True","B_o038_r04842","1","[[1,4,2,3,5]]","B"
"True","True","24","True","B_o038_r04843","1","[[3,1,4,2,5]]","B"
"True","True","24","True","B_o038_r04844","1","[[3,1,4,2,5]]","B"
"True","True","27","True","B_o038_r04845","2","[[1,3,4,2,5],[3,1,4,2,5]]","B"
"True","True","27","True","B_o038_r04846","2","[[1,3,4,2,5],[3,1,4,2,5]]","B"
"True","True","28","True","B_o038_r04847","1","[[1,4,3,2,5]]","B"
"True","True","28","True","B_o038_r04848","1","[[1,4,3,2,5]]","B"
"True","True","17","True","B_o038_r04849","1","[[2,3,1,4,5]]","B"
"True","True","18","True","B_o038_r04850","1","[[2,3,1,4,5]]","B"
"True","True","20","True","B_o038_r04851","2","[[2,1,3,4,5],[2,3,1,4,5]]","B"
"True","True","21","True","B_o038_r04852","2","[[2,1,3,4,5],[2,3,1,4,5]]","B"
"True","True","22","True","B_o038_r04853","1","[[2,1,4,3,5]]","B"
"True","True","22","True","B_o038_r04854","1","[[2,1,4,3,5]]","B"
"True","True","19","True","B_o038_r04855","1","[[3,2,1,4,5]]","B"
"True","True","20","True","B_o038_r04856","1","[[3,2,1,4,5]]","B"
"True","True","22","True","B_o038_r04861","2","[[3,1,2,4,5],[3,2,1,4,5]]","B"
"True","True","23","True","B_o038_r04862","2","[[3,1,2,4,5],[3,2,1,4,5]]","B"
"True","True","28","True","B_o038_r04865","2","[[1,4,2,3,5],[4,1,2,3,5]]","B"
"True","True","28","True","B_o038_r04866","2","[[1,4,2,3,5],[4,1,2,3,5]]","B"
"True","True","26","True","B_o038_r04867","1","[[3,1,4,2,5]]","B"
"True","True","26","True","B_o038_r04868","1","[[3,1,4,2,5]]","B"
"True","True","30","True","B_o038_r04871","2","[[1,4,3,2,5],[4,1,3,2,5]]","B"
"True","True","30","True","B_o038_r04872","2","[[1,4,3,2,5],[4,1,3,2,5]]","B"
"True","True","19","True","B_o038_r04873","1","[[2,3,1,4,5]]","B"
"True","True","20","True","B_o038_r04874","1","[[2,3,1,4,5]]","B"
"True","True","21","True","B_o038_r04879","1","[[3,2,1,4,5]]","B"
"True","True","22","True","B_o038_r04880","1","[[3,2,1,4,5]]","B"
"True","True","28","True","B_o038_r04891","1","[[3,1,4,2,5]]","B"
"True","True","28","True","B_o038_r04892","1","[[3,1,4,2,5]]","B"
"True","True","24","True","B_o038_r04897","1","[[2,3,4,1,5]]","B"
"True","True","24","True","B_o038_r04898","1","[[2,3,4,1,5]]","B"
"True","True","25","True","B_o038_r04899","1","[[2,3,4,1,5]]","B"
"True","True","25","True","B_o038_r04900","1","[[2,3,4,1,5]]","B"
"True","True","26","True","B_o038_r04903","1","[[3,2,4,1,5]]","B"
"True","True","26","True","B_o038_r04904","1","[[3,2,4,1,5]]","B"
"True","True","28","True","B_o038_r04905","1","[[2,3,4,1,5]]","B"
"True","True","28","True","B_o038_r04906","1","[[2,3,4,1,5]]","B"
"True","True","27","True","B_o038_r04909","1","[[3,2,4,1,5]]","B"
"True","True","27","True","B_o038_r04910","1","[[3,2,4,1,5]]","B"
"True","True","28","True","B_o038_r04911","1","[[3,2,4,1,5]]","B"
"True","True","28","True","B_o038_r04912","1","[[3,2,4,1,5]]","B"
"True","True","29","True","B_o038_r04915","1","[[3,2,4,1,5]]","B"
"True","True","29","True","B_o038_r04916","1","[[3,2,4,1,5]]","B"
"True","True","30","True","B_o038_r04917","1","[[3,2,4,1,5]]","B"
"True","True","30","True","B_o038_r04918","1","[[3,2,4,1,5]]","B"
"True","True","13","True","B_o039_r04921","1","[[1,2,3,4,5]]","B"
"True","True","16","True","B_o039_r04922","1","[[1,2,3,4,5]]","B"
"True","True","15","True","B_o039_r04923","1","[[1,2,3,4,5]]","B"
"True","True","18","True","B_o039_r04924","1","[[1,2,3,4,5]]","B"
"True","True","19","True","B_o039_r04925","1","[[1,2,4,3,5]]","B"
"True","True","19","True","B_o039_r04926","1","[[1,2,4,3,5]]","B"
"True","True","13","True","B_o039_r04927","1","[[1,3,2,4,5]]","B"
"True","True","16","True","B_o039_r04928","1","[[1,3,2,4,5]]","B"
"True","True","17","True","B_o039_r04929","2","[[1,2,3,4,5],[1,3,2,4,5]]","B"
"True","True","20","True","B_o039_r04930","2","[[1,2,3,4,5],[1,3,2,4,5]]","B"
"True","True","21","True","B_o039_r04931","1","[[1,2,4,3,5]]","B"
"True","True","21","True","B_o039_r04932","1","[[1,2,4,3,5]]","B"
"True","True","15","True","B_o039_r04933","1","[[1,3,2,4,5]]","B"
"True","True","18","True","B_o039_r04934","1","[[1,3,2,4,5]]","B"
"True","True","22","True","B_o039_r04937","1","[[1,4,2,3,5]]","B"
"True","True","22","True","B_o039_r04938","1","[[1,4,2,3,5]]","B"
"True","True","21","True","B_o039_r04939","1","[[1,3,4,2,5]]","B"
"True","True","21","True","B_o039_r04940","1","[[1,3,4,2,5]]","B"
"True","True","23","True","B_o039_r04941","1","[[1,3,4,2,5]]","B"
"True","True","23","True","B_o039_r04942","1","[[1,3,4,2,5]]","B"
"True","True","24","True","B_o039_r04943","1","[[1,4,3,2,5]]","B"
"True","True","24","True","B_o039_r04944","1","[[1,4,3,2,5]]","B"
"True","True","14","True","B_o039_r04945","1","[[2,1,3,4,5]]","B"
"True","True","17","True","B_o039_r04946","1","[[2,1,3,4,5]]","B"
"True","True","16","True","B_o039_r04947","1","[[2,1,3,4,5]]","B"
"True","True","19","True","B_o039_r04948","1","[[2,1,3,4,5]]","B"
"True","True","20","True","B_o039_r04949","1","[[2,1,4,3,5]]","B"
"True","True","20","True","B_o039_r04950","1","[[2,1,4,3,5]]","B"
"True","True","16","True","B_o039_r04951","1","[[3,1,2,4,5]]","B"
"True","True","19","True","B_o039_r04952","1","[[3,1,2,4,5]]","B"
"True","True","21","True","B_o039_r04953","4","[[1,2,3,4,5],[1,3,2,4,5],[2,1,3,4,5],[3,1,2,4,5]]","B"
"True","True","24","True","B_o039_r04954","4","[[1,2,3,4,5],[1,3,2,4,5],[2,1,3,4,5],[3,1,2,4,5]]","B"
"True","True","25","True","B_o039_r04955","2","[[1,2,4,3,5],[2,1,4,3,5]]","B"
"True","True","25","True","B_o039_r04956","2","[[1,2,4,3,5],[2,1,4,3,5]]","B"
"True","True","18","True","B_o039_r04957","1","[[3,1,2,4,5]]","B"
"True","True","21","True","B_o039_r04958","1","[[3,1,2,4,5]]","B"
"True","True","26","True","B_o039_r04961","1","[[1,4,2,3,5]]","B"
"True","True","26","True","B_o039_r04962","1","[[1,4,2,3,5]]","B"
"True","True","24","True","B_o039_r04963","1","[[3,1,4,2,5]]","B"
"True","True","24","True","B_o039_r04964","1","[[3,1,4,2,5]]","B"
"True","True","27","True","B_o039_r04965","2","[[1,3,4,2,5],[3,1,4,2,5]]","B"
"True","True","27","True","B_o039_r04966","2","[[1,3,4,2,5],[3,1,4,2,5]]","B"
"True","True","28","True","B_o039_r04967","1","[[1,4,3,2,5]]","B"
"True","True","28","True","B_o039_r04968","1","[[1,4,3,2,5]]","B"
"True","True","15","True","B_o039_r04969","1","[[2,3,1,4,5]]","B"
"True","True","18","True","B_o039_r04970","1","[[2,3,1,4,5]]","B"
"True","True","18","True","B_o039_r04971","2","[[2,1,3,4,5],[2,3,1,4,5]]","B"
"True","True","21","True","B_o039_r04972","2","[[2,1,3,4,5],[2,3,1,4,5]]","B"
"True","True","22","True","B_o039_r04973","1","[[2,1,4,3,5]]","B"
"True","True","22","True","B_o039_r04974","1","[[2,1,4,3,5]]","B"
"True","True","17","True","B_o039_r04975","1","[[3,2,1,4,5]]","B"
"True","True","20","True","B_o039_r04976","1","[[3,2,1,4,5]]","B"
"True","True","20","True","B_o039_r04981","2","[[3,1,2,4,5],[3,2,1,4,5]]","B"
"True","True","23","True","B_o039_r04982","2","[[3,1,2,4,5],[3,2,1,4,5]]","B"
"True","True","28","True","B_o039_r04985","2","[[1,4,2,3,5],[4,1,2,3,5]]","B"
"True","True","28","True","B_o039_r04986","2","[[1,4,2,3,5],[4,1,2,3,5]]","B"
"True","True","26","True","B_o039_r04987","1","[[3,1,4,2,5]]","B"
"True","True","26","True","B_o039_r04988","1","[[3,1,4,2,5]]","B"
"True","True","30","True","B_o039_r04991","2","[[1,4,3,2,5],[4,1,3,2,5]]","B"
"True","True","30","True","B_o039_r04992","2","[[1,4,3,2,5],[4,1,3,2,5]]","B"
"True","True","17","True","B_o039_r04993","1","[[2,3,1,4,5]]","B"
"True","True","20","True","B_o039_r04994","1","[[2,3,1,4,5]]","B"
"True","True","19","True","B_o039_r04999","1","[[3,2,1,4,5]]","B"
"True","True","22","True","B_o039_r05000","1","[[3,2,1,4,5]]","B"
"True","True","28","True","B_o039_r05011","1","[[3,1,4,2,5]]","B"
"True","True","28","True","B_o039_r05012","1","[[3,1,4,2,5]]","B"
"True","True","24","True","B_o039_r05017","1","[[2,3,4,1,5]]","B"
"True","True","24","True","B_o039_r05018","1","[[2,3,4,1,5]]","B"
"True","True","25","True","B_o039_r05019","1","[[2,3,4,1,5]]","B"
"True","True","25","True","B_o039_r05020","1","[[2,3,4,1,5]]","B"
"True","True","26","True","B_o039_r05023","1","[[3,2,4,1,5]]","B"
"True","True","26","True","B_o039_r05024","1","[[3,2,4,1,5]]","B"
"True","True","28","True","B_o039_r05025","1","[[2,3,4,1,5]]","B"
"True","True","28","True","B_o039_r05026","1","[[2,3,4,1,5]]","B"
"True","True","27","True","B_o039_r05029","1","[[3,2,4,1,5]]","B"
"True","True","27","True","B_o039_r05030","1","[[3,2,4,1,5]]","B"
"True","True","28","True","B_o039_r05031","1","[[3,2,4,1,5]]","B"
"True","True","28","True","B_o039_r05032","1","[[3,2,4,1,5]]","B"
"True","True","29","True","B_o039_r05035","1","[[3,2,4,1,5]]","B"
"True","True","29","True","B_o039_r05036","1","[[3,2,4,1,5]]","B"
"True","True","30","True","B_o039_r05037","1","[[3,2,4,1,5]]","B"
"True","True","30","True","B_o039_r05038","1","[[3,2,4,1,5]]","B"
"True","True","15","True","B_o040_r05041","1","[[1,2,3,4,5]]","B"
"True","True","15","True","B_o040_r05042","1","[[1,2,3,4,5]]","B"
"True","True","18","True","B_o040_r05043","1","[[1,2,4,3,5]]","B"
"True","True","19","True","B_o040_r05044","1","[[1,2,3,4,5]]","B"
"True","True","18","True","B_o040_r05045","1","[[1,2,4,3,5]]","B"
"True","True","19","True","B_o040_r05046","1","[[1,2,4,3,5]]","B"
"True","True","15","True","B_o040_r05047","1","[[1,3,2,4,5]]","B"
"True","True","15","True","B_o040_r05048","1","[[1,3,2,4,5]]","B"
"True","True","20","True","B_o040_r05049","1","[[1,2,4,3,5]]","B"
"True","True","21","True","B_o040_r05050","2","[[1,2,3,4,5],[1,3,2,4,5]]","B"
"True","True","20","True","B_o040_r05051","1","[[1,2,4,3,5]]","B"
"True","True","21","True","B_o040_r05052","1","[[1,2,4,3,5]]","B"
"True","True","19","True","B_o040_r05053","1","[[1,3,2,4,5]]","B"
"True","True","19","True","B_o040_r05054","1","[[1,3,2,4,5]]","B"
"True","True","22","True","B_o040_r05057","1","[[1,4,2,3,5]]","B"
"True","True","22","True","B_o040_r05058","1","[[1,4,2,3,5]]","B"
"True","True","20","True","B_o040_r05059","1","[[1,3,4,2,5]]","B"
"True","True","20","True","B_o040_r05060","1","[[1,3,4,2,5]]","B"
"True","True","22","True","B_o040_r05061","1","[[1,3,4,2,5]]","B"
"True","True","22","True","B_o040_r05062","1","[[1,3,4,2,5]]","B"
"True","True","23","True","B_o040_r05063","1","[[1,4,3,2,5]]","B"
"True","True","23","True","B_o040_r05064","1","[[1,4,3,2,5]]","B"
"True","True","16","True","B_o040_r05065","1","[[2,1,3,4,5]]","B"
"True","True","16","True","B_o040_r05066","1","[[2,1,3,4,5]]","B"
"True","True","19","True","B_o040_r05067","1","[[2,1,4,3,5]]","B"
"True","True","20","True","B_o040_r05068","1","[[2,1,3,4,5]]","B"
"True","True","19","True","B_o040_r05069","1","[[2,1,4,3,5]]","B"
"True","True","20","True","B_o040_r05070","1","[[2,1,4,3,5]]","B"
"True","True","18","True","B_o040_r05071","1","[[3,1,2,4,5]]","B"
"True","True","18","True","B_o040_r05072","1","[[3,1,2,4,5]]","B"
"True","True","24","True","B_o040_r05073","2","[[1,2,4,3,5],[2,1,4,3,5]]","B"
"True","True","25","True","B_o040_r05074","4","[[1,2,3,4,5],[1,3,2,4,5],[2,1,3,4,5],[3,1,2,4,5]]","B"
"True","True","24","True","B_o040_r05075","2","[[1,2,4,3,5],[2,1,4,3,5]]","B"
"True","True","25","True","B_o040_r05076","2","[[1,2,4,3,5],[2,1,4,3,5]]","B"
"True","True","22","True","B_o040_r05077","1","[[3,1,2,4,5]]","B"
"True","True","22","True","B_o040_r05078","1","[[3,1,2,4,5]]","B"
"True","True","26","True","B_o040_r05081","1","[[1,4,2,3,5]]","B"
"True","True","26","True","B_o040_r05082","1","[[1,4,2,3,5]]","B"
"True","True","23","True","B_o040_r05083","1","[[3,1,4,2,5]]","B"
"True","True","23","True","B_o040_r05084","1","[[3,1,4,2,5]]","B"
"True","True","26","True","B_o040_r05085","2","[[1,3,4,2,5],[3,1,4,2,5]]","B"
"True","True","26","True","B_o040_r05086","2","[[1,3,4,2,5],[3,1,4,2,5]]","B"
"True","True","27","True","B_o040_r05087","1","[[1,4,3,2,5]]","B"
"True","True","27","True","B_o040_r05088","1","[[1,4,3,2,5]]","B"
"True","True","17","True","B_o040_r05089","1","[[2,3,1,4,5]]","B"
"True","True","17","True","B_o040_r05090","1","[[2,3,1,4,5]]","B"
"True","True","21","True","B_o040_r05091","1","[[2,1,4,3,5]]","B"
"True","True","22","True","B_o040_r05092","2","[[2,1,3,4,5],[2,3,1,4,5]]","B"
"True","True","21","True","B_o040_r05093","1","[[2,1,4,3,5]]","B"
"True","True","22","True","B_o040_r05094","1","[[2,1,4,3,5]]","B"
"True","True","19","True","B_o040_r05095","1","[[3,2,1,4,5]]","B"
"True","True","19","True","B_o040_r05096","1","[[3,2,1,4,5]]","B"
"True","True","24","True","B_o040_r05101","2","[[3,1,2,4,5],[3,2,1,4,5]]","B"
"True","True","24","True","B_o040_r05102","2","[[3,1,2,4,5],[3,2,1,4,5]]","B"
"True","True","28","True","B_o040_r05105","2","[[1,4,2,3,5],[4,1,2,3,5]]","B"
"True","True","28","True","B_o040_r05106","2","[[1,4,2,3,5],[4,1,2,3,5]]","B"
"True","True","25","True","B_o040_r05107","1","[[3,1,4,2,5]]","B"
"True","True","25","True","B_o040_r05108","1","[[3,1,4,2,5]]","B"
"True","True","29","True","B_o040_r05111","2","[[1,4,3,2,5],[4,1,3,2,5]]","B"
"True","True","29","True","B_o040_r05112","2","[[1,4,3,2,5],[4,1,3,2,5]]","B"
"True","True","21","True","B_o040_r05113","1","[[2,3,1,4,5]]","B"
"True","True","21","True","B_o040_r05114","1","[[2,3,1,4,5]]","B"
"True","True","24","True","B_o040_r05117","1","[[2,4,1,3,5]]","B"
"True","True","24","True","B_o040_r05118","1","[[2,4,1,3,5]]","B"
"True","True","23","True","B_o040_r05119","1","[[3,2,1,4,5]]","B"
"True","True","23","True","B_o040_r05120","1","[[3,2,1,4,5]]","B"
"True","True","27","True","B_o040_r05123","1","[[2,4,1,3,5]]","B"
"True","True","27","True","B_o040_r05124","1","[[2,4,1,3,5]]","B"
"True","True","29","True","B_o040_r05129","2","[[2,4,1,3,5],[4,2,1,3,5]]","B"
"True","True","29","True","B_o040_r05130","2","[[2,4,1,3,5],[4,2,1,3,5]]","B"
"True","True","13","True","B_o041_r05161","1","[[1,2,3,4,5]]","B"
"True","True","14","True","B_o041_r05162","1","[[1,2,3,4,5]]","B"
"True","True","16","True","B_o041_r05163","1","[[1,2,4,3,5]]","B"
"True","True","18","True","B_o041_r05164","1","[[1,2,3,4,5]]","B"
"True","True","17","True","B_o041_r05165","1","[[1,2,4,3,5]]","B"
"True","True","18","True","B_o041_r05166","1","[[1,2,4,3,5]]","B"
"True","True","13","True","B_o041_r05167","1","[[1,3,2,4,5]]","B"
"True","True","14","True","B_o041_r05168","1","[[1,3,2,4,5]]","B"
"True","True","18","True","B_o041_r05169","1","[[1,2,4,3,5]]","B"
"True","True","20","True","B_o041_r05170","2","[[1,2,3,4,5],[1,3,2,4,5]]","B"
"True","True","19","True","B_o041_r05171","1","[[1,2,4,3,5]]","B"
"True","True","20","True","B_o041_r05172","1","[[1,2,4,3,5]]","B"
"True","True","17","True","B_o041_r05173","1","[[1,3,2,4,5]]","B"
"True","True","18","True","B_o041_r05174","1","[[1,3,2,4,5]]","B"
"True","True","21","True","B_o041_r05177","1","[[1,4,2,3,5]]","B"
"True","True","21","True","B_o041_r05178","1","[[1,4,2,3,5]]","B"
"True","True","19","True","B_o041_r05179","1","[[1,3,4,2,5]]","B"
"True","True","19","True","B_o041_r05180","1","[[1,3,4,2,5]]","B"
"True","True","21","True","B_o041_r05181","1","[[1,3,4,2,5]]","B"
"True","True","21","True","B_o041_r05182","1","[[1,3,4,2,5]]","B"
"True","True","22","True","B_o041_r05183","1","[[1,4,3,2,5]]","B"
"True","True","22","True","B_o041_r05184","1","[[1,4,3,2,5]]","B"
"True","True","14","True","B_o041_r05185","1","[[2,1,3,4,5]]","B"
"True","True","15","True","B_o041_r05186","1","[[2,1,3,4,5]]","B"
"True","True","17","True","B_o041_r05187","1","[[2,1,4,3,5]]","B"
"True","True","19","True","B_o041_r05188","1","[[2,1,3,4,5]]","B"
"True","True","18","True","B_o041_r05189","1","[[2,1,4,3,5]]","B"
"True","True","19","True","B_o041_r05190","1","[[2,1,4,3,5]]","B"
"True","True","16","True","B_o041_r05191","1","[[3,1,2,4,5]]","B"
"True","True","17","True","B_o041_r05192","1","[[3,1,2,4,5]]","B"
"True","True","22","True","B_o041_r05193","2","[[1,2,4,3,5],[2,1,4,3,5]]","B"
"True","True","24","True","B_o041_r05194","4","[[1,2,3,4,5],[1,3,2,4,5],[2,1,3,4,5],[3,1,2,4,5]]","B"
"True","True","23","True","B_o041_r05195","2","[[1,2,4,3,5],[2,1,4,3,5]]","B"
"True","True","24","True","B_o041_r05196","2","[[1,2,4,3,5],[2,1,4,3,5]]","B"
"True","True","20","True","B_o041_r05197","1","[[3,1,2,4,5]]","B"
"True","True","21","True","B_o041_r05198","1","[[3,1,2,4,5]]","B"
"True","True","25","True","B_o041_r05201","1","[[1,4,2,3,5]]","B"
"True","True","25","True","B_o041_r05202","1","[[1,4,2,3,5]]","B"
"True","True","22","True","B_o041_r05203","1","[[3,1,4,2,5]]","B"
"True","True","22","True","B_o041_r05204","1","[[3,1,4,2,5]]","B"
"True","True","25","True","B_o041_r05205","2","[[1,3,4,2,5],[3,1,4,2,5]]","B"
"True","True","25","True","B_o041_r05206","2","[[1,3,4,2,5],[3,1,4,2,5]]","B"
"True","True","26","True","B_o041_r05207","1","[[1,4,3,2,5]]","B"
"True","True","26","True","B_o041_r05208","1","[[1,4,3,2,5]]","B"
"True","True","15","True","B_o041_r05209","1","[[2,3,1,4,5]]","B"
"True","True","16","True","B_o041_r05210","1","[[2,3,1,4,5]]","B"
"True","True","19","True","B_o041_r05211","1","[[2,1,4,3,5]]","B"
"True","True","21","True","B_o041_r05212","2","[[2,1,3,4,5],[2,3,1,4,5]]","B"
"True","True","20","True","B_o041_r05213","1","[[2,1,4,3,5]]","B"
"True","True","21","True","B_o041_r05214","1","[[2,1,4,3,5]]","B"
"True","True","17","True","B_o041_r05215","1","[[3,2,1,4,5]]","B"
"True","True","18","True","B_o041_r05216","1","[[3,2,1,4,5]]","B"
"True","True","22","True","B_o041_r05221","2","[[3,1,2,4,5],[3,2,1,4,5]]","B"
"True","True","23","True","B_o041_r05222","2","[[3,1,2,4,5],[3,2,1,4,5]]","B"
"True","True","27","True","B_o041_r05225","2","[[1,4,2,3,5],[4,1,2,3,5]]","B"
"True","True","27","True","B_o041_r05226","2","[[1,4,2,3,5],[4,1,2,3,5]]","B"
"True","True","24","True","B_o041_r05227","1","[[3,1,4,2,5]]","B"
"True","True","24","True","B_o041_r05228","1","[[3,1,4,2,5]]","B"
"True","True","28","True","B_o041_r05231","2","[[1,4,3,2,5],[4,1,3,2,5]]","B"
"True","True","28","True","B_o041_r05232","2","[[1,4,3,2,5],[4,1,3,2,5]]","B"
"True","True","19","True","B_o041_r05233","1","[[2,3,1,4,5]]","B"
"True","True","20","True","B_o041_r05234","1","[[2,3,1,4,5]]","B"
"True","True","23","True","B_o041_r05237","1","[[2,4,1,3,5]]","B"
"True","True","23","True","B_o041_r05238","1","[[2,4,1,3,5]]","B"
"True","True","21","True","B_o041_r05239","1","[[3,2,1,4,5]]","B"
"True","True","22","True","B_o041_r05240","1","[[3,2,1,4,5]]","B"
"True","True","26","True","B_o041_r05243","1","[[2,4,1,3,5]]","B"
"True","True","26","True","B_o041_r05244","1","[[2,4,1,3,5]]","B"
"True","True","28","True","B_o041_r05249","2","[[2,4,1,3,5],[4,2,1,3,5]]","B"
"True","True","28","True","B_o041_r05250","2","[[2,4,1,3,5],[4,2,1,3,5]]","B"
"True","True","22","True","B_o041_r05257","1","[[2,3,4,1,5]]","B"
"True","True","22","True","B_o041_r05258","1","[[2,3,4,1,5]]","B"
"True","True","23","True","B_o041_r05259","1","[[2,3,4,1,5]]","B"
"True","True","23","True","B_o041_r05260","1","[[2,3,4,1,5]]","B"
"True","True","25","True","B_o041_r05261","1","[[2,4,3,1,5]]","B"
"True","True","25","True","B_o041_r05262","1","[[2,4,3,1,5]]","B"
"True","True","24","True","B_o041_r05263","1","[[3,2,4,1,5]]","B"
"True","True","24","True","B_o041_r05264","1","[[3,2,4,1,5]]","B"
"True","True","26","True","B_o041_r05265","1","[[2,3,4,1,5]]","B"
"True","True","26","True","B_o041_r05266","1","[[2,3,4,1,5]]","B"
"True","True","28","True","B_o041_r05267","1","[[2,4,3,1,5]]","B"
"True","True","28","True","B_o041_r05268","1","[[2,4,3,1,5]]","B"
"True","True","25","True","B_o041_r05269","1","[[3,2,4,1,5]]","B"
"True","True","25","True","B_o041_r05270","1","[[3,2,4,1,5]]","B"
"True","True","26","True","B_o041_r05271","1","[[3,2,4,1,5]]","B"
"True","True","26","True","B_o041_r05272","1","[[3,2,4,1,5]]","B"
"True","True","30","True","B_o041_r05273","2","[[2,4,3,1,5],[4,2,3,1,5]]","B"
"True","True","30","True","B_o041_r05274","2","[[2,4,3,1,5],[4,2,3,1,5]]","B"
"True","True","11","True","B_o042_r05281","1","[[1,2,3,4,5]]","B"
"True","True","14","True","B_o042_r05282","1","[[1,2,3,4,5]]","B"
"True","True","14","True","B_o042_r05283","1","[[1,2,4,3,5]]","B"
"True","True","18","True","B_o042_r05284","1","[[1,2,3,4,5]]","B"
"True","True","17","True","B_o042_r05285","1","[[1,2,4,3,5]]","B"
"True","True","18","True","B_o042_r05286","1","[[1,2,4,3,5]]","B"
"True","True","11","True","B_o042_r05287","1","[[1,3,2,4,5]]","B"
"True","True","14","True","B_o042_r05288","1","[[1,3,2,4,5]]","B"
"True","True","16","True","B_o042_r05289","1","[[1,2,4,3,5]]","B"
"True","True","20","True","B_o042_r05290","2","[[1,2,3,4,5],[1,3,2,4,5]]","B"
"True","True","19","True","B_o042_r05291","1","[[1,2,4,3,5]]","B"
"True","True","20","True","B_o042_r05292","1","[[1,2,4,3,5]]","B"
"True","True","15","True","B_o042_r05293","1","[[1,3,2,4,5]]","B"
"True","True","18","True","B_o042_r05294","1","[[1,3,2,4,5]]","B"
"True","True","21","True","B_o042_r05297","1","[[1,4,2,3,5]]","B"
"True","True","21","True","B_o042_r05298","1","[[1,4,2,3,5]]","B"
"True","True","19","True","B_o042_r05299","1","[[1,3,4,2,5]]","B"
"True","True","19","True","B_o042_r05300","1","[[1,3,4,2,5]]","B"
"True","True","21","True","B_o042_r05301","1","[[1,3,4,2,5]]","B"
"True","True","21","True","B_o042_r05302","1","[[1,3,4,2,5]]","B"
"True","True","22","True","B_o042_r05303","1","[[1,4,3,2,5]]","B"
"True","True","22","True","B_o042_r05304","1","[[1,4,3,2,5]]","B"
"True","True","12","True","B_o042_r05305","1","[[2,1,3,4,5]]","B"
"True","True","15","True","B_o042_r05306","1","[[2,1,3,4,5]]","B"
"True","True","15","True","B_o042_r05307","1","[[2,1,4,3,5]]","B"
"True","True","19","True","B_o042_r05308","1","[[2,1,3,4,5]]","B"
"True","True","18","True","B_o042_r05309","1","[[2,1,4,3,5]]","B"
"True","True","19","True","B_o042_r05310","1","[[2,1,4,3,5]]","B"
"True","True","14","True","B_o042_r05311","1","[[3,1,2,4,5]]","B"
"True","True","17","True","B_o042_r05312","1","[[3,1,2,4,5]]","B"
"True","True","20","True","B_o042_r05313","2","[[1,2,4,3,5],[2,1,4,3,5]]","B"
"True","True","24","True","B_o042_r05314","4","[[1,2,3,4,5],[1,3,2,4,5],[2,1,3,4,5],[3,1,2,4,5]]","B"
"True","True","23","True","B_o042_r05315","2","[[1,2,4,3,5],[2,1,4,3,5]]","B"
"True","True","24","True","B_o042_r05316","2","[[1,2,4,3,5],[2,1,4,3,5]]","B"
"True","True","18","True","B_o042_r05317","1","[[3,1,2,4,5]]","B"
"True","True","21","True","B_o042_r05318","1","[[3,1,2,4,5]]","B"
"True","True","25","True","B_o042_r05321","1","[[1,4,2,3,5]]","B"
"True","True","25","True","B_o042_r05322","1","[[1,4,2,3,5]]","B"
"True","True","22","True","B_o042_r05323","1","[[3,1,4,2,5]]","B"
"True","True","22","True","B_o042_r05324","1","[[3,1,4,2,5]]","B"
"True","True","25","True","B_o042_r05325","2","[[1,3,4,2,5],[3,1,4,2,5]]","B"
"True","True","25","True","B_o042_r05326","2","[[1,3,4,2,5],[3,1,4,2,5]]","B"
"True","True","26","True","B_o042_r05327","1","[[1,4,3,2,5]]","B"
"True","True","26","True","B_o042_r05328","1","[[1,4,3,2,5]]","B"
"True","True","13","True","B_o042_r05329","1","[[2,3,1,4,5]]","B"
"True","True","16","True","B_o042_r05330","1","[[2,3,1,4,5]]","B"
"True","True","17","True","B_o042_r05331","1","[[2,1,4,3,5]]","B"
"True","True","21","True","B_o042_r05332","2","[[2,1,3,4,5],[2,3,1,4,5]]","B"
"True","True","20","True","B_o042_r05333","1","[[2,1,4,3,5]]","B"
"True","True","21","True","B_o042_r05334","1","[[2,1,4,3,5]]","B"
"True","True","15","True","B_o042_r05335","1","[[3,2,1,4,5]]","B"
"True","True","18","True","B_o042_r05336","1","[[3,2,1,4,5]]","B"
"True","True","20","True","B_o042_r05341","2","[[3,1,2,4,5],[3,2,1,4,5]]","B"
"True","True","23","True","B_o042_r05342","2","[[3,1,2,4,5],[3,2,1,4,5]]","B"
"True","True","27","True","B_o042_r05345","2","[[1,4,2,3,5],[4,1,2,3,5]]","B"
"True","True","27","True","B_o042_r05346","2","[[1,4,2,3,5],[4,1,2,3,5]]","B"
"True","True","24","True","B_o042_r05347","1","[[3,1,4,2,5]]","B"
"True","True","24","True","B_o042_r05348","1","[[3,1,4,2,5]]","B"
"True","True","28","True","B_o042_r05351","2","[[1,4,3,2,5],[4,1,3,2,5]]","B"
"True","True","28","True","B_o042_r05352","2","[[1,4,3,2,5],[4,1,3,2,5]]","B"
"True","True","17","True","B_o042_r05353","1","[[2,3,1,4,5]]","B"
"True","True","20","True","B_o042_r05354","1","[[2,3,1,4,5]]","B"
"True","True","23","True","B_o042_r05357","1","[[2,4,1,3,5]]","B"
"True","True","23","True","B_o042_r05358","1","[[2,4,1,3,5]]","B"
"True","True","19","True","B_o042_r05359","1","[[3,2,1,4,5]]","B"
"True","True","22","True","B_o042_r05360","1","[[3,2,1,4,5]]","B"
"True","True","26","True","B_o042_r05363","1","[[2,4,1,3,5]]","B"
"True","True","26","True","B_o042_r05364","1","[[2,4,1,3,5]]","B"
"True","True","28","True","B_o042_r05369","2","[[2,4,1,3,5],[4,2,1,3,5]]","B"
"True","True","28","True","B_o042_r05370","2","[[2,4,1,3,5],[4,2,1,3,5]]","B"
"True","True","22","True","B_o042_r05377","1","[[2,3,4,1,5]]","B"
"True","True","22","True","B_o042_r05378","1","[[2,3,4,1,5]]","B"
"True","True","23","True","B_o042_r05379","1","[[2,3,4,1,5]]","B"
"True","True","23","True","B_o042_r05380","1","[[2,3,4,1,5]]","B"
"True","True","25","True","B_o042_r05381","1","[[2,4,3,1,5]]","B"
"True","True","25","True","B_o042_r05382","1","[[2,4,3,1,5]]","B"
"True","True","24","True","B_o042_r05383","1","[[3,2,4,1,5]]","B"
"True","True","24","True","B_o042_r05384","1","[[3,2,4,1,5]]","B"
"True","True","26","True","B_o042_r05385","1","[[2,3,4,1,5]]","B"
"True","True","26","True","B_o042_r05386","1","[[2,3,4,1,5]]","B"
"True","True","28","True","B_o042_r05387","1","[[2,4,3,1,5]]","B"
"True","True","28","True","B_o042_r05388","1","[[2,4,3,1,5]]","B"
"True","True","25","True","B_o042_r05389","1","[[3,2,4,1,5]]","B"
"True","True","25","True","B_o042_r05390","1","[[3,2,4,1,5]]","B"
"True","True","26","True","B_o042_r05391","1","[[3,2,4,1,5]]","B"
"True","True","26","True","B_o042_r05392","1","[[3,2,4,1,5]]","B"
"True","True","30","True","B_o042_r05393","2","[[2,4,3,1,5],[4,2,3,1,5]]","B"
"True","True","30","True","B_o042_r05394","2","[[2,4,3,1,5],[4,2,3,1,5]]","B"
"True","True","11","True","B_o043_r05401","1","[[1,2,3,4,5]]","B"
"True","True","12","True","B_o043_r05402","1","[[1,2,3,4,5]]","B"
"True","True","14","True","B_o043_r05403","1","[[1,2,4,3,5]]","B"
"True","True","18","True","B_o043_r05404","1","[[1,2,3,4,5]]","B"
"True","True","15","True","B_o043_r05405","1","[[1,2,4,3,5]]","B"
"True","True","18","True","B_o043_r05406","1","[[1,2,4,3,5]]","B"
"True","True","11","True","B_o043_r05407","1","[[1,3,2,4,5]]","B"
"True","True","12","True","B_o043_r05408","1","[[1,3,2,4,5]]","B"
"True","True","16","True","B_o043_r05409","1","[[1,2,4,3,5]]","B"
"True","True","20","True","B_o043_r05410","2","[[1,2,3,4,5],[1,3,2,4,5]]","B"
"True","True","17","True","B_o043_r05411","1","[[1,2,4,3,5]]","B"
"True","True","20","True","B_o043_r05412","1","[[1,2,4,3,5]]","B"
"True","True","16","True","B_o043_r05413","1","[[1,3,4,2,5]]","B"
"True","True","18","True","B_o043_r05414","1","[[1,3,2,4,5]]","B"
"True","True","18","True","B_o043_r05415","1","[[1,3,4,2,5]]","B"
"True","True","21","True","B_o043_r05417","1","[[1,4,2,3,5]]","B"
"True","True","21","True","B_o043_r05418","1","[[1,4,2,3,5]]","B"
"True","True","17","True","B_o043_r05419","1","[[1,3,4,2,5]]","B"
"True","True","18","True","B_o043_r05420","1","[[1,3,4,2,5]]","B"
"True","True","19","True","B_o043_r05421","1","[[1,3,4,2,5]]","B"
"True","True","20","True","B_o043_r05422","1","[[1,3,4,2,5]]","B"
"True","True","21","True","B_o043_r05423","1","[[1,4,3,2,5]]","B"
"True","True","21","True","B_o043_r05424","1","[[1,4,3,2,5]]","B"
"True","True","12","True","B_o043_r05425","1","[[2,1,3,4,5]]","B"
"True","True","13","True","B_o043_r05426","1","[[2,1,3,4,5]]","B"
"True","True","15","True","B_o043_r05427","1","[[2,1,4,3,5]]","B"
"True","True","19","True","B_o043_r05428","1","[[2,1,3,4,5]]","B"
"True","True","16","True","B_o043_r05429","1","[[2,1,4,3,5]]","B"
"True","True","19","True","B_o043_r05430","1","[[2,1,4,3,5]]","B"
"True","True","14","True","B_o043_r05431","1","[[3,1,2,4,5]]","B"
"True","True","15","True","B_o043_r05432","1","[[3,1,2,4,5]]","B"
"True","True","20","True","B_o043_r05433","2","[[1,2,4,3,5],[2,1,4,3,5]]","B"
"True","True","24","True","B_o043_r05434","4","[[1,2,3,4,5],[1,3,2,4,5],[2,1,3,4,5],[3,1,2,4,5]]","B"
"True","True","21","True","B_o043_r05435","2","[[1,2,4,3,5],[2,1,4,3,5]]","B"
"True","True","24","True","B_o043_r05436","2","[[1,2,4,3,5],[2,1,4,3,5]]","B"
"True","True","19","True","B_o043_r05437","1","[[3,1,4,2,5]]","B"
"True","True","21","True","B_o043_r05438","1","[[3,1,2,4,5]]","B"
"True","True","22","True","B_o043_r05439","2","[[1,3,4,2,5],[3,1,4,2,5]]","B"
"True","True","25","True","B_o043_r05441","1","[[1,4,2,3,5]]","B"
"True","True","25","True","B_o043_r05442","1","[[1,4,2,3,5]]","B"
"True","True","20","True","B_o043_r05443","1","[[3,1,4,2,5]]","B"
"True","True","21","True","B_o043_r05444","1","[[3,1,4,2,5]]","B"
"True","True","23","True","B_o043_r05445","2","[[1,3,4,2,5],[3,1,4,2,5]]","B"
"True","True","24","True","B_o043_r05446","2","[[1,3,4,2,5],[3,1,4,2,5]]","B"
"True","True","25","True","B_o043_r05447","1","[[1,4,3,2,5]]","B"
"True","True","25","True","B_o043_r05448","1","[[1,4,3,2,5]]","B"
"True","True","13","True","B_o043_r05449","1","[[2,3,1,4,5]]","B"
"True","True","14","True","B_o043_r05450","1","[[2,3,1,4,5]]","B"
"True","True","17","True","B_o043_r05451","1","[[2,1,4,3,5]]","B"
"True","True","21","True","B_o043_r05452","2","[[2,1,3,4,5],[2,3,1,4,5]]","B"
"True","True","18","True","B_o043_r05453","1","[[2,1,4,3,5]]","B"
"True","True","21","True","B_o043_r05454","1","[[2,1,4,3,5]]","B"
"True","True","15","True","B_o043_r05455","1","[[3,2,1,4,5]]","B"
"True","True","16","True","B_o043_r05456","1","[[3,2,1,4,5]]","B"
"True","True","21","True","B_o043_r05461","1","[[3,1,4,2,5]]","B"
"True","True","23","True","B_o043_r05462","2","[[3,1,2,4,5],[3,2,1,4,5]]","B"
"True","True","27","True","B_o043_r05465","2","[[1,4,2,3,5],[4,1,2,3,5]]","B"
"True","True","27","True","B_o043_r05466","2","[[1,4,2,3,5],[4,1,2,3,5]]","B"
"True","True","22","True","B_o043_r05467","1","[[3,1,4,2,5]]","B"
"True","True","23","True","B_o043_r05468","1","[[3,1,4,2,5]]","B"
"True","True","27","True","B_o043_r05471","2","[[1,4,3,2,5],[4,1,3,2,5]]","B"
"True","True","27","True","B_o043_r05472","2","[[1,4,3,2,5],[4,1,3,2,5]]","B"
"True","True","20","True","B_o043_r05474","1","[[2,3,1,4,5]]","B"
"True","True","23","True","B_o043_r05477","1","[[2,4,1,3,5]]","B"
"True","True","23","True","B_o043_r05478","1","[[2,4,1,3,5]]","B"
"True","True","22","True","B_o043_r05480","1","[[3,2,1,4,5]]","B"
"True","True","26","True","B_o043_r05483","1","[[2,4,1,3,5]]","B"
"True","True","26","True","B_o043_r05484","1","[[2,4,1,3,5]]","B"
"True","True","28","True","B_o043_r05489","2","[[2,4,1,3,5],[4,2,1,3,5]]","B"
"True","True","28","True","B_o043_r05490","2","[[2,4,1,3,5],[4,2,1,3,5]]","B"
"True","True","27","True","B_o043_r05491","1","[[3,4,1,2,5]]","B"
"True","True","27","True","B_o043_r05492","1","[[3,4,1,2,5]]","B"
"True","True","28","True","B_o043_r05493","1","[[3,4,1,2,5]]","B"
"True","True","28","True","B_o043_r05494","1","[[3,4,1,2,5]]","B"
"True","True","30","True","B_o043_r05495","2","[[3,4,1,2,5],[4,3,1,2,5]]","B"
"True","True","30","True","B_o043_r05496","2","[[3,4,1,2,5],[4,3,1,2,5]]","B"
"True","True","20","True","B_o043_r05497","1","[[2,3,4,1,5]]","B"
"True","True","20","True","B_o043_r05498","1","[[2,3,4,1,5]]","B"
"True","True","21","True","B_o043_r05499","1","[[2,3,4,1,5]]","B"
"True","True","21","True","B_o043_r05500","1","[[2,3,4,1,5]]","B"
"True","True","23","True","B_o043_r05501","1","[[2,4,3,1,5]]","B"
"True","True","23","True","B_o043_r05502","1","[[2,4,3,1,5]]","B"
"True","True","22","True","B_o043_r05503","1","[[3,2,4,1,5]]","B"
"True","True","22","True","B_o043_r05504","1","[[3,2,4,1,5]]","B"
"True","True","24","True","B_o043_r05505","1","[[2,3,4,1,5]]","B"
"True","True","24","True","B_o043_r05506","1","[[2,3,4,1,5]]","B"
"True","True","26","True","B_o043_r05507","1","[[2,4,3,1,5]]","B"
"True","True","26","True","B_o043_r05508","1","[[2,4,3,1,5]]","B"
"True","True","23","True","B_o043_r05509","1","[[3,2,4,1,5]]","B"
"True","True","23","True","B_o043_r05510","1","[[3,2,4,1,5]]","B"
"True","True","24","True","B_o043_r05511","1","[[3,2,4,1,5]]","B"
"True","True","24","True","B_o043_r05512","1","[[3,2,4,1,5]]","B"
"True","True","28","True","B_o043_r05513","2","[[2,4,3,1,5],[4,2,3,1,5]]","B"
"True","True","28","True","B_o043_r05514","2","[[2,4,3,1,5],[4,2,3,1,5]]","B"
"True","True","27","True","B_o043_r05515","1","[[3,4,2,1,5]]","B"
"True","True","27","True","B_o043_r05516","1","[[3,4,2,1,5]]","B"
"True","True","28","True","B_o043_r05517","1","[[3,4,2,1,5]]","B"
"True","True","28","True","B_o043_r05518","1","[[3,4,2,1,5]]","B"
"True","True","30","True","B_o043_r05519","2","[[3,4,2,1,5],[4,3,2,1,5]]","B"
"True","True","30","True","B_o043_r05520","2","[[3,4,2,1,5],[4,3,2,1,5]]","B"
"True","True","9","True","B_o044_r05521","1","[[1,2,3,4,5]]","B"
"True","True","12","True","B_o044_r05522","1","[[1,2,3,4,5]]","B"
"True","True","12","True","B_o044_r05523","1","[[1,2,4,3,5]]","B"
"True","True","18","True","B_o044_r05524","1","[[1,2,3,4,5]]","B"
"True","True","15","True","B_o044_r05525","1","[[1,2,4,3,5]]","B"
"True","True","18","True","B_o044_r05526","1","[[1,2,4,3,5]]","B"
"True","True","9","True","B_o044_r05527","1","[[1,3,2,4,5]]","B"
"True","True","12","True","B_o044_r05528","1","[[1,3,2,4,5]]","B"
"True","True","14","True","B_o044_r05529","1","[[1,2,4,3,5]]","B"
"True","True","20","True","B_o044_r05530","2","[[1,2,3,4,5],[1,3,2,4,5]]","B"
"True","True","17","True","B_o044_r05531","1","[[1,2,4,3,5]]","B"
"True","True","20","True","B_o044_r05532","1","[[1,2,4,3,5]]","B"
"True","True","14","True","B_o044_r05533","1","[[1,3,4,2,5]]","B"
"True","True","18","True","B_o044_r05534","1","[[1,3,2,4,5]]","B"
"True","True","16","True","B_o044_r05535","1","[[1,3,4,2,5]]","B"
"True","True","21","True","B_o044_r05537","1","[[1,4,2,3,5]]","B"
"True","True","21","True","B_o044_r05538","1","[[1,4,2,3,5]]","B"
"True","True","17","True","B_o044_r05539","1","[[1,3,4,2,5]]","B"
"True","True","18","True","B_o044_r05540","1","[[1,3,4,2,5]]","B"
"True","True","19","True","B_o044_r05541","1","[[1,3,4,2,5]]","B"
"True","True","20","True","B_o044_r05542","1","[[1,3,4,2,5]]","B"
"True","True","21","True","B_o044_r05543","1","[[1,4,3,2,5]]","B"
"True","True","21","True","B_o044_r05544","1","[[1,4,3,2,5]]","B"
"True","True","10","True","B_o044_r05545","1","[[2,1,3,4,5]]","B"
"True","True","13","True","B_o044_r05546","1","[[2,1,3,4,5]]","B"
"True","True","13","True","B_o044_r05547","1","[[2,1,4,3,5]]","B"
"True","True","19","True","B_o044_r05548","1","[[2,1,3,4,5]]","B"
"True","True","16","True","B_o044_r05549","1","[[2,1,4,3,5]]","B"
"True","True","19","True","B_o044_r05550","1","[[2,1,4,3,5]]","B"
"True","True","12","True","B_o044_r05551","1","[[3,1,2,4,5]]","B"
"True","True","15","True","B_o044_r05552","1","[[3,1,2,4,5]]","B"
"True","True","18","True","B_o044_r05553","2","[[1,2,4,3,5],[2,1,4,3,5]]","B"
"True","True","24","True","B_o044_r05554","4","[[1,2,3,4,5],[1,3,2,4,5],[2,1,3,4,5],[3,1,2,4,5]]","B"
"True","True","21","True","B_o044_r05555","2","[[1,2,4,3,5],[2,1,4,3,5]]","B"
"True","True","24","True","B_o044_r05556","2","[[1,2,4,3,5],[2,1,4,3,5]]","B"
"True","True","17","True","B_o044_r05557","1","[[3,1,4,2,5]]","B"
"True","True","21","True","B_o044_r05558","1","[[3,1,2,4,5]]","B"
"True","True","20","True","B_o044_r05559","2","[[1,3,4,2,5],[3,1,4,2,5]]","B"
"True","True","25","True","B_o044_r05561","1","[[1,4,2,3,5]]","B"
"True","True","25","True","B_o044_r05562","1","[[1,4,2,3,5]]","B"
"True","True","20","True","B_o044_r05563","1","[[3,1,4,2,5]]","B"
"True","True","21","True","B_o044_r05564","1","[[3,1,4,2,5]]","B"
"True","True","23","True","B_o044_r05565","2","[[1,3,4,2,5],[3,1,4,2,5]]","B"
"True","True","24","True","B_o044_r05566","2","[[1,3,4,2,5],[3,1,4,2,5]]","B"
"True","True","25","True","B_o044_r05567","1","[[1,4,3,2,5]]","B"
"True","True","25","True","B_o044_r05568","1","[[1,4,3,2,5]]","B"
"True","True","11","True","B_o044_r05569","1","[[2,3,1,4,5]]","B"
"True","True","14","True","B_o044_r05570","1","[[2,3,1,4,5]]","B"
"True","True","15","True","B_o044_r05571","1","[[2,1,4,3,5]]","B"
"True","True","21","True","B_o044_r05572","2","[[2,1,3,4,5],[2,3,1,4,5]]","B"
"True","True","18","True","B_o044_r05573","1","[[2,1,4,3,5]]","B"
"True","True","21","True","B_o044_r05574","1","[[2,1,4,3,5]]","B"
"True","True","13","True","B_o044_r05575","1","[[3,2,1,4,5]]","B"
"True","True","16","True","B_o044_r05576","1","[[3,2,1,4,5]]","B"
"True","True","19","True","B_o044_r05581","1","[[3,1,4,2,5]]","B"
"True","True","23","True","B_o044_r05582","2","[[3,1,2,4,5],[3,2,1,4,5]]","B"
"True","True","27","True","B_o044_r05585","2","[[1,4,2,3,5],[4,1,2,3,5]]","B"
"True","True","27","True","B_o044_r05586","2","[[1,4,2,3,5],[4,1,2,3,5]]","B"
"True","True","22","True","B_o044_r05587","1","[[3,1,4,2,5]]","B"
"True","True","23","True","B_o044_r05588","1","[[3,1,4,2,5]]","B"
"True","True","27","True","B_o044_r05591","2","[[1,4,3,2,5],[4,1,3,2,5]]","B"
"True","True","27","True","B_o044_r05592","2","[[1,4,3,2,5],[4,1,3,2,5]]","B"
"True","True","20","True","B_o044_r05594","1","[[2,3,1,4,5]]","B"
"True","True","23","True","B_o044_r05597","1","[[2,4,1,3,5]]","B"
"True","True","23","True","B_o044_r05598","1","[[2,4,1,3,5]]","B"
"True","True","22","True","B_o044_r05600","1","[[3,2,1,4,5]]","B"
"True","True","26","True","B_o044_r05603","1","[[2,4,1,3,5]]","B"
"True","True","26","True","B_o044_r05604","1","[[2,4,1,3,5]]","B"
"True","True","28","True","B_o044_r05609","2","[[2,4,1,3,5],[4,2,1,3,5]]","B"
"True","True","28","True","B_o044_r05610","2","[[2,4,1,3,5],[4,2,1,3,5]]","B"
"True","True","27","True","B_o044_r05611","1","[[3,4,1,2,5]]","B"
"True","True","27","True","B_o044_r05612","1","[[3,4,1,2,5]]","B"
"True","True","28","True","B_o044_r05613","1","[[3,4,1,2,5]]","B"
"True","True","28","True","B_o044_r05614","1","[[3,4,1,2,5]]","B"
"True","True","30","True","B_o044_r05615","2","[[3,4,1,2,5],[4,3,1,2,5]]","B"
"True","True","30","True","B_o044_r05616","2","[[3,4,1,2,5],[4,3,1,2,5]]","B"
"True","True","20","True","B_o044_r05617","1","[[2,3,4,1,5]]","B"
"True","True","20","True","B_o044_r05618","1","[[2,3,4,1,5]]","B"
"True","True","21","True","B_o044_r05619","1","[[2,3,4,1,5]]","B"
"True","True","21","True","B_o044_r05620","1","[[2,3,4,1,5]]","B"
"True","True","23","True","B_o044_r05621","1","[[2,4,3,1,5]]","B"
"True","True","23","True","B_o044_r05622","1","[[2,4,3,1,5]]","B"
"True","True","22","True","B_o044_r05623","1","[[3,2,4,1,5]]","B"
"True","True","22","True","B_o044_r05624","1","[[3,2,4,1,5]]","B"
"True","True","24","True","B_o044_r05625","1","[[2,3,4,1,5]]","B"
"True","True","24","True","B_o044_r05626","1","[[2,3,4,1,5]]","B"
"True","True","26","True","B_o044_r05627","1","[[2,4,3,1,5]]","B"
"True","True","26","True","B_o044_r05628","1","[[2,4,3,1,5]]","B"
"True","True","23","True","B_o044_r05629","1","[[3,2,4,1,5]]","B"
"True","True","23","True","B_o044_r05630","1","[[3,2,4,1,5]]","B"
"True","True","24","True","B_o044_r05631","1","[[3,2,4,1,5]]","B"
"True","True","24","True","B_o044_r05632","1","[[3,2,4,1,5]]","B"
"True","True","28","True","B_o044_r05633","2","[[2,4,3,1,5],[4,2,3,1,5]]","B"
"True","True","28","True","B_o044_r05634","2","[[2,4,3,1,5],[4,2,3,1,5]]","B"
"True","True","27","True","B_o044_r05635","1","[[3,4,2,1,5]]","B"
"True","True","27","True","B_o044_r05636","1","[[3,4,2,1,5]]","B"
"True","True","28","True","B_o044_r05637","1","[[3,4,2,1,5]]","B"
"True","True","28","True","B_o044_r05638","1","[[3,4,2,1,5]]","B"
"True","True","30","True","B_o044_r05639","2","[[3,4,2,1,5],[4,3,2,1,5]]","B"
"True","True","30","True","B_o044_r05640","2","[[3,4,2,1,5],[4,3,2,1,5]]","B"
"True","True","8","True","B_o045_r05641","1","[[1,2,3,4,5]]","B"
"True","True","10","True","B_o045_r05642","1","[[1,2,3,4,5]]","B"
"True","True","11","True","B_o045_r05643","1","[[1,2,4,3,5]]","B"
"True","True","18","True","B_o045_r05644","3","[[1,2,3,4,5],[1,2,4,3,5],[1,2,5,3,4]]","B"
"True","True","13","True","B_o045_r05645","1","[[1,2,4,3,5]]","B"
"True","True","18","True","B_o045_r05646","3","[[1,2,3,4,5],[1,2,4,3,5],[1,2,5,3,4]]","B"
"True","True","8","True","B_o045_r05647","1","[[1,3,2,4,5]]","B"
"True","True","10","True","B_o045_r05648","1","[[1,3,2,4,5]]","B"
"True","True","13","True","B_o045_r05649","1","[[1,2,4,3,5]]","B"
"True","True","20","True","B_o045_r05650","4","[[1,2,3,4,5],[1,2,4,3,5],[1,2,5,3,4],[1,3,2,4,5]]","B"
"True","True","15","True","B_o045_r05651","1","[[1,2,4,3,5]]","B"
"True","True","20","True","B_o045_r05652","4","[[1,2,3,4,5],[1,2,4,3,5],[1,2,5,3,4],[1,3,2,4,5]]","B"
"True","True","13","True","B_o045_r05653","1","[[1,3,4,2,5]]","B"
"True","True","18","True","B_o045_r05654","2","[[1,3,2,4,5],[1,3,4,2,5]]","B"
"True","True","15","True","B_o045_r05655","1","[[1,3,4,2,5]]","B"
"True","True","21","True","B_o045_r05657","2","[[1,4,2,3,5],[1,4,3,2,5]]","B"
"True","True","21","True","B_o045_r05658","2","[[1,4,2,3,5],[1,4,3,2,5]]","B"
"True","True","15","True","B_o045_r05659","1","[[1,3,4,2,5]]","B"
"True","True","17","True","B_o045_r05661","1","[[1,3,4,2,5]]","B"
"True","True","9","True","B_o045_r05665","1","[[2,1,3,4,5]]","B"
"True","True","11","True","B_o045_r05666","1","[[2,1,3,4,5]]","B"
"True","True","12","True","B_o045_r05667","1","[[2,1,4,3,5]]","B"
"True","True","19","True","B_o045_r05668","3","[[2,1,3,4,5],[2,1,4,3,5],[2,1,5,3,4]]","B"
"True","True","14","True","B_o045_r05669","1","[[2,1,4,3,5]]","B"
"True","True","19","True","B_o045_r05670","3","[[2,1,3,4,5],[2,1,4,3,5],[2,1,5,3,4]]","B"
"True","True","11","True","B_o045_r05671","1","[[3,1,2,4,5]]","B"
"True","True","13","True","B_o045_r05672","1","[[3,1,2,4,5]]","B"
"True","True","17","True","B_o045_r05673","2","[[1,2,4,3,5],[2,1,4,3,5]]","B"
"True","True","24","True","B_o045_r05674","8","[[1,2,3,4,5],[1,2,4,3,5],[1,2,5,3,4],[1,3,2,4,5],[2,1,3,4,5],[2,1,4,3,5],[2,1,5,3,4],[3,1,2,4,5]]","B"
"True","True","19","True","B_o045_r05675","2","[[1,2,4,3,5],[2,1,4,3,5]]","B"
"True","True","24","True","B_o045_r05676","8","[[1,2,3,4,5],[1,2,4,3,5],[1,2,5,3,4],[1,3,2,4,5],[2,1,3,4,5],[2,1,4,3,5],[2,1,5,3,4],[3,1,2,4,5]]","B"
"True","True","16","True","B_o045_r05677","1","[[3,1,4,2,5]]","B"
"True","True","21","True","B_o045_r05678","2","[[3,1,2,4,5],[3,1,4,2,5]]","B"
"True","True","19","True","B_o045_r05679","2","[[1,3,4,2,5],[3,1,4,2,5]]","B"
"True","True","25","True","B_o045_r05681","2","[[1,4,2,3,5],[1,4,3,2,5]]","B"
"True","True","25","True","B_o045_r05682","2","[[1,4,2,3,5],[1,4,3,2,5]]","B"
"True","True","18","True","B_o045_r05683","1","[[3,1,4,2,5]]","B"
"True","True","21","True","B_o045_r05685","2","[[1,3,4,2,5],[3,1,4,2,5]]","B"
"True","True","10","True","B_o045_r05689","1","[[2,3,1,4,5]]","B"
"True","True","12","True","B_o045_r05690","1","[[2,3,1,4,5]]","B"
"True","True","14","True","B_o045_r05691","1","[[2,1,4,3,5]]","B"
"True","True","21","True","B_o045_r05692","4","[[2,1,3,4,5],[2,1,4,3,5],[2,1,5,3,4],[2,3,1,4,5]]","B"
"True","True","16","True","B_o045_r05693","1","[[2,1,4,3,5]]","B"
"True","True","21","True","B_o045_r05694","4","[[2,1,3,4,5],[2,1,4,3,5],[2,1,5,3,4],[2,3,1,4,5]]","B"
"True","True","12","True","B_o045_r05695","1","[[3,2,1,4,5]]","B"
"True","True","14","True","B_o045_r05696","1","[[3,2,1,4,5]]","B"
"True","True","18","True","B_o045_r05701","1","[[3,1,4,2,5]]","B"
"True","True","23","True","B_o045_r05702","3","[[3,1,2,4,5],[3,1,4,2,5],[3,2,1,4,5]]","B"
"True","True","27","True","B_o045_r05705","4","[[1,4,2,3,5],[1,4,3,2,5],[4,1,2,3,5],[4,1,3,2,5]]","B"
"True","True","27","True","B_o045_r05706","4","[[1,4,2,3,5],[1,4,3,2,5],[4,1,2,3,5],[4,1,3,2,5]]","B"
"True","True","20","True","B_o045_r05707","1","[[3,1,4,2,5]]","B"
"True","True","16","True","B_o045_r05713","1","[[2,3,4,1,5]]","B"
"True","True","20","True","B_o045_r05714","2","[[2,3,1,4,5],[2,3,4,1,5]]","B"
"True","True","17","True","B_o045_r05715","1","[[2,3,4,1,5]]","B"
"True","True","23","True","B_o045_r05717","2","[[2,4,1,3,5],[2,4,3,1,5]]","B"
"True","True","23","True","B_o045_r05718","2","[[2,4,1,3,5],[2,4,3,1,5]]","B"
"True","True","18","True","B_o045_r05719","1","[[3,2,4,1,5]]","B"
"True","True","22","True","B_o045_r05720","2","[[3,2,1,4,5],[3,2,4,1,5]]","B"
"True","True","20","True","B_o045_r05721","1","[[2,3,4,1,5]]","B"
"True","True","26","True","B_o045_r05723","2","[[2,4,1,3,5],[2,4,3,1,5]]","B"
"True","True","26","True","B_o045_r05724","2","[[2,4,1,3,5],[2,4,3,1,5]]","B"
"True","True","19","True","B_o045_r05725","1","[[3,2,4,1,5]]","B"
"True","True","20","True","B_o045_r05727","1","[[3,2,4,1,5]]","B"
"True","True","28","True","B_o045_r05729","4","[[2,4,1,3,5],[2,4,3,1,5],[4,2,1,3,5],[4,2,3,1,5]]","B"
"True","True","28","True","B_o045_r05730","4","[[2,4,1,3,5],[2,4,3,1,5],[4,2,1,3,5],[4,2,3,1,5]]","B"
"True","True","27","True","B_o045_r05731","2","[[3,4,1,2,5],[3,4,2,1,5]]","B"
"True","True","27","True","B_o045_r05732","2","[[3,4,1,2,5],[3,4,2,1,5]]","B"
"True","True","28","True","B_o045_r05733","2","[[3,4,1,2,5],[3,4,2,1,5]]","B"
"True","True","28","True","B_o045_r05734","2","[[3,4,1,2,5],[3,4,2,1,5]]","B"
"True","True","30","True","B_o045_r05735","4","[[3,4,1,2,5],[3,4,2,1,5],[4,3,1,2,5],[4,3,2,1,5]]","B"
"True","True","30","True","B_o045_r05736","4","[[3,4,1,2,5],[3,4,2,1,5],[4,3,1,2,5],[4,3,2,1,5]]","B"
"True","True","18","True","B_o045_r05737","1","[[2,3,4,1,5]]","B"
"True","True","19","True","B_o045_r05739","1","[[2,3,4,1,5]]","B"
"True","True","20","True","B_o045_r05743","1","[[3,2,4,1,5]]","B"
"True","True","22","True","B_o045_r05745","1","[[2,3,4,1,5]]","B"
"True","True","21","True","B_o045_r05749","1","[[3,2,4,1,5]]","B"
"True","True","22","True","B_o045_r05751","1","[[3,2,4,1,5]]","B"
"True","True","15","True","B_o046_r05761","1","[[1,2,3,4,5]]","B"
"True","True","15","True","B_o046_r05762","1","[[1,2,3,4,5]]","B"
"True","True","16","True","B_o046_r05763","1","[[1,2,4,3,5]]","B"
"True","True","17","True","B_o046_r05764","1","[[1,2,3,4,5]]","B"
"True","True","16","True","B_o046_r05765","1","[[1,2,4,3,5]]","B"
"True","True","17","True","B_o046_r05766","1","[[1,2,4,3,5]]","B"
"True","True","15","True","B_o046_r05767","1","[[1,3,2,4,5]]","B"
"True","True","15","True","B_o046_r05768","1","[[1,3,2,4,5]]","B"
"True","True","19","True","B_o046_r05769","1","[[1,4,2,3,5]]","B"
"True","True","21","True","B_o046_r05770","2","[[1,2,3,4,5],[1,3,2,4,5]]","B"
"True","True","19","True","B_o046_r05771","1","[[1,4,2,3,5]]","B"
"True","True","21","True","B_o046_r05772","1","[[1,2,4,3,5]]","B"
"True","True","17","True","B_o046_r05773","1","[[1,3,2,4,5]]","B"
"True","True","17","True","B_o046_r05774","1","[[1,3,2,4,5]]","B"
"True","True","20","True","B_o046_r05775","1","[[1,4,2,3,5]]","B"
"True","True","20","True","B_o046_r05777","1","[[1,4,2,3,5]]","B"
"True","True","21","True","B_o046_r05778","1","[[1,4,2,3,5]]","B"
"True","True","18","True","B_o046_r05779","1","[[1,3,4,2,5]]","B"
"True","True","18","True","B_o046_r05780","1","[[1,3,4,2,5]]","B"
"True","True","21","True","B_o046_r05781","1","[[1,4,3,2,5]]","B"
"True","True","22","True","B_o046_r05782","1","[[1,3,4,2,5]]","B"
"True","True","21","True","B_o046_r05783","1","[[1,4,3,2,5]]","B"
"True","True","22","True","B_o046_r05784","1","[[1,4,3,2,5]]","B"
"True","True","16","True","B_o046_r05785","1","[[2,1,3,4,5]]","B"
"True","True","16","True","B_o046_r05786","1","[[2,1,3,4,5]]","B"
"True","True","17","True","B_o046_r05787","1","[[2,1,4,3,5]]","B"
"True","True","18","True","B_o046_r05788","1","[[2,1,3,4,5]]","B"
"True","True","17","True","B_o046_r05789","1","[[2,1,4,3,5]]","B"
"True","True","18","True","B_o046_r05790","1","[[2,1,4,3,5]]","B"
"True","True","18","True","B_o046_r05791","1","[[3,1,2,4,5]]","B"
"True","True","18","True","B_o046_r05792","1","[[3,1,2,4,5]]","B"
"True","True","23","True","B_o046_r05793","1","[[1,4,2,3,5]]","B"
"True","True","25","True","B_o046_r05794","4","[[1,2,3,4,5],[1,3,2,4,5],[2,1,3,4,5],[3,1,2,4,5]]","B"
"True","True","23","True","B_o046_r05795","1","[[1,4,2,3,5]]","B"
"True","True","25","True","B_o046_r05796","2","[[1,2,4,3,5],[2,1,4,3,5]]","B"
"True","True","20","True","B_o046_r05797","1","[[3,1,2,4,5]]","B"
"True","True","20","True","B_o046_r05798","1","[[3,1,2,4,5]]","B"
"True","True","24","True","B_o046_r05799","1","[[1,4,2,3,5]]","B"
"True","True","24","True","B_o046_r05801","1","[[1,4,2,3,5]]","B"
"True","True","25","True","B_o046_r05802","1","[[1,4,2,3,5]]","B"
"True","True","21","True","B_o046_r05803","1","[[3,1,4,2,5]]","B"
"True","True","21","True","B_o046_r05804","1","[[3,1,4,2,5]]","B"
"True","True","25","True","B_o046_r05805","1","[[1,4,3,2,5]]","B"
"True","True","26","True","B_o046_r05806","2","[[1,3,4,2,5],[3,1,4,2,5]]","B"
"True","True","25","True","B_o046_r05807","1","[[1,4,3,2,5]]","B"
"True","True","26","True","B_o046_r05808","1","[[1,4,3,2,5]]","B"
"True","True","17","True","B_o046_r05809","1","[[2,3,1,4,5]]","B"
"True","True","17","True","B_o046_r05810","1","[[2,3,1,4,5]]","B"
"True","True","22","True","B_o046_r05812","2","[[2,1,3,4,5],[2,3,1,4,5]]","B"
"True","True","22","True","B_o046_r05814","1","[[2,1,4,3,5]]","B"
"True","True","19","True","B_o046_r05815","1","[[3,2,1,4,5]]","B"
"True","True","19","True","B_o046_r05816","1","[[3,2,1,4,5]]","B"
"True","True","24","True","B_o046_r05821","2","[[3,1,2,4,5],[3,2,1,4,5]]","B"
"True","True","24","True","B_o046_r05822","2","[[3,1,2,4,5],[3,2,1,4,5]]","B"
"True","True","27","True","B_o046_r05825","1","[[4,1,2,3,5]]","B"
"True","True","27","True","B_o046_r05826","1","[[4,1,2,3,5]]","B"
"True","True","25","True","B_o046_r05827","1","[[3,1,4,2,5]]","B"
"True","True","25","True","B_o046_r05828","1","[[3,1,4,2,5]]","B"
"True","True","28","True","B_o046_r05831","1","[[4,1,3,2,5]]","B"
"True","True","28","True","B_o046_r05832","1","[[4,1,3,2,5]]","B"
"True","True","19","True","B_o046_r05833","1","[[2,3,1,4,5]]","B"
"True","True","19","True","B_o046_r05834","1","[[2,3,1,4,5]]","B"
"True","True","22","True","B_o046_r05837","1","[[2,4,1,3,5]]","B"
"True","True","22","True","B_o046_r05838","1","[[2,4,1,3,5]]","B"
"True","True","21","True","B_o046_r05839","1","[[3,2,1,4,5]]","B"
"True","True","21","True","B_o046_r05840","1","[[3,2,1,4,5]]","B"
"True","True","25","True","B_o046_r05843","1","[[2,4,1,3,5]]","B"
"True","True","25","True","B_o046_r05844","1","[[2,4,1,3,5]]","B"
"True","True","27","True","B_o046_r05849","1","[[4,2,1,3,5]]","B"
"True","True","27","True","B_o046_r05850","1","[[4,2,1,3,5]]","B"
"True","True","13","True","B_o047_r05881","1","[[1,2,3,4,5]]","B"
"True","True","14","True","B_o047_r05882","1","[[1,2,3,4,5]]","B"
"True","True","14","True","B_o047_r05883","1","[[1,2,4,3,5]]","B"
"True","True","16","True","B_o047_r05884","1","[[1,2,3,4,5]]","B"
"True","True","15","True","B_o047_r05885","1","[[1,2,4,3,5]]","B"
"True","True","16","True","B_o047_r05886","1","[[1,2,4,3,5]]","B"
"True","True","13","True","B_o047_r05887","1","[[1,3,2,4,5]]","B"
"True","True","14","True","B_o047_r05888","1","[[1,3,2,4,5]]","B"
"True","True","17","True","B_o047_r05889","1","[[1,4,2,3,5]]","B"
"True","True","20","True","B_o047_r05890","2","[[1,2,3,4,5],[1,3,2,4,5]]","B"
"True","True","18","True","B_o047_r05891","1","[[1,4,2,3,5]]","B"
"True","True","20","True","B_o047_r05892","1","[[1,2,4,3,5]]","B"
"True","True","15","True","B_o047_r05893","1","[[1,3,2,4,5]]","B"
"True","True","16","True","B_o047_r05894","1","[[1,3,2,4,5]]","B"
"True","True","18","True","B_o047_r05895","1","[[1,4,2,3,5]]","B"
"True","True","19","True","B_o047_r05897","1","[[1,4,2,3,5]]","B"
"True","True","20","True","B_o047_r05898","1","[[1,4,2,3,5]]","B"
"True","True","17","True","B_o047_r05899","1","[[1,3,4,2,5]]","B"
"True","True","17","True","B_o047_r05900","1","[[1,3,4,2,5]]","B"
"True","True","20","True","B_o047_r05901","1","[[1,4,3,2,5]]","B"
"True","True","21","True","B_o047_r05902","1","[[1,3,4,2,5]]","B"
"True","True","20","True","B_o047_r05903","1","[[1,4,3,2,5]]","B"
"True","True","21","True","B_o047_r05904","1","[[1,4,3,2,5]]","B"
"True","True","14","True","B_o047_r05905","1","[[2,1,3,4,5]]","B"
"True","True","15","True","B_o047_r05906","1","[[2,1,3,4,5]]","B"
"True","True","15","True","B_o047_r05907","1","[[2,1,4,3,5]]","B"
"True","True","17","True","B_o047_r05908","1","[[2,1,3,4,5]]","B"
"True","True","16","True","B_o047_r05909","1","[[2,1,4,3,5]]","B"
"True","True","17","True","B_o047_r05910","1","[[2,1,4,3,5]]","B"
"True","True","16","True","B_o047_r05911","1","[[3,1,2,4,5]]","B"
"True","True","17","True","B_o047_r05912","1","[[3,1,2,4,5]]","B"
"True","True","21","True","B_o047_r05913","1","[[1,4,2,3,5]]","B"
"True","True","24","True","B_o047_r05914","4","[[1,2,3,4,5],[1,3,2,4,5],[2,1,3,4,5],[3,1,2,4,5]]","B"
"True","True","22","True","B_o047_r05915","1","[[1,4,2,3,5]]","B"
"True","True","24","True","B_o047_r05916","2","[[1,2,4,3,5],[2,1,4,3,5]]","B"
"True","True","18","True","B_o047_r05917","1","[[3,1,2,4,5]]","B"
"True","True","19","True","B_o047_r05918","1","[[3,1,2,4,5]]","B"
"True","True","22","True","B_o047_r05919","1","[[1,4,2,3,5]]","B"
"True","True","23","True","B_o047_r05921","1","[[1,4,2,3,5]]","B"
"True","True","24","True","B_o047_r05922","1","[[1,4,2,3,5]]","B"
"True","True","20","True","B_o047_r05923","1","[[3,1,4,2,5]]","B"
"True","True","20","True","B_o047_r05924","1","[[3,1,4,2,5]]","B"
"True","True","24","True","B_o047_r05925","1","[[1,4,3,2,5]]","B"
"True","True","25","True","B_o047_r05926","2","[[1,3,4,2,5],[3,1,4,2,5]]","B"
"True","True","24","True","B_o047_r05927","1","[[1,4,3,2,5]]","B"
"True","True","25","True","B_o047_r05928","1","[[1,4,3,2,5]]","B"
"True","True","15","True","B_o047_r05929","1","[[2,3,1,4,5]]","B"
"True","True","16","True","B_o047_r05930","1","[[2,3,1,4,5]]","B"
"True","True","21","True","B_o047_r05932","2","[[2,1,3,4,5],[2,3,1,4,5]]","B"
"True","True","21","True","B_o047_r05934","1","[[2,1,4,3,5]]","B"
"True","True","17","True","B_o047_r05935","1","[[3,2,1,4,5]]","B"
"True","True","18","True","B_o047_r05936","1","[[3,2,1,4,5]]","B"
"True","True","22","True","B_o047_r05941","2","[[3,1,2,4,5],[3,2,1,4,5]]","B"
"True","True","23","True","B_o047_r05942","2","[[3,1,2,4,5],[3,2,1,4,5]]","B"
"True","True","26","True","B_o047_r05945","1","[[4,1,2,3,5]]","B"
"True","True","26","True","B_o047_r05946","1","[[4,1,2,3,5]]","B"
"True","True","24","True","B_o047_r05947","1","[[3,1,4,2,5]]","B"
"True","True","24","True","B_o047_r05948","1","[[3,1,4,2,5]]","B"
"True","True","27","True","B_o047_r05951","1","[[4,1,3,2,5]]","B"
"True","True","27","True","B_o047_r05952","1","[[4,1,3,2,5]]","B"
"True","True","17","True","B_o047_r05953","1","[[2,3,1,4,5]]","B"
"True","True","18","True","B_o047_r05954","1","[[2,3,1,4,5]]","B"
"True","True","21","True","B_o047_r05957","1","[[2,4,1,3,5]]","B"
"True","True","21","True","B_o047_r05958","1","[[2,4,1,3,5]]","B"
"True","True","19","True","B_o047_r05959","1","[[3,2,1,4,5]]","B"
"True","True","20","True","B_o047_r05960","1","[[3,2,1,4,5]]","B"
"True","True","24","True","B_o047_r05963","1","[[2,4,1,3,5]]","B"
"True","True","24","True","B_o047_r05964","1","[[2,4,1,3,5]]","B"
"True","True","26","True","B_o047_r05969","1","[[4,2,1,3,5]]","B"
"True","True","26","True","B_o047_r05970","1","[[4,2,1,3,5]]","B"
"True","True","20","True","B_o047_r05977","1","[[2,3,4,1,5]]","B"
"True","True","20","True","B_o047_r05978","1","[[2,3,4,1,5]]","B"
"True","True","23","True","B_o047_r05980","1","[[2,3,4,1,5]]","B"
"True","True","23","True","B_o047_r05981","1","[[2,4,3,1,5]]","B"
"True","True","23","True","B_o047_r05982","1","[[2,4,3,1,5]]","B"
"True","True","22","True","B_o047_r05983","1","[[3,2,4,1,5]]","B"
"True","True","22","True","B_o047_r05984","1","[[3,2,4,1,5]]","B"
"True","True","26","True","B_o047_r05986","1","[[2,3,4,1,5]]","B"
"True","True","26","True","B_o047_r05987","1","[[2,4,3,1,5]]","B"
"True","True","26","True","B_o047_r05988","1","[[2,4,3,1,5]]","B"
"True","True","25","True","B_o047_r05989","1","[[3,2,4,1,5]]","B"
"True","True","25","True","B_o047_r05990","1","[[3,2,4,1,5]]","B"
"True","True","26","True","B_o047_r05991","1","[[3,2,4,1,5]]","B"
"True","True","26","True","B_o047_r05992","1","[[3,2,4,1,5]]","B"
"True","True","28","True","B_o047_r05993","1","[[4,2,3,1,5]]","B"
"True","True","28","True","B_o047_r05994","1","[[4,2,3,1,5]]","B"
"True","True","11","True","B_o048_r06001","1","[[1,2,3,4,5]]","B"
"True","True","14","True","B_o048_r06002","1","[[1,2,3,4,5]]","B"
"True","True","12","True","B_o048_r06003","1","[[1,2,4,3,5]]","B"
"True","True","16","True","B_o048_r06004","1","[[1,2,3,4,5]]","B"
"True","True","15","True","B_o048_r06005","1","[[1,2,4,3,5]]","B"
"True","True","16","True","B_o048_r06006","1","[[1,2,4,3,5]]","B"
"True","True","11","True","B_o048_r06007","1","[[1,3,2,4,5]]","B"
"True","True","14","True","B_o048_r06008","1","[[1,3,2,4,5]]","B"
"True","True","15","True","B_o048_r06009","1","[[1,4,2,3,5]]","B"
"True","True","20","True","B_o048_r06010","2","[[1,2,3,4,5],[1,3,2,4,5]]","B"
"True","True","18","True","B_o048_r06011","1","[[1,4,2,3,5]]","B"
"True","True","20","True","B_o048_r06012","1","[[1,2,4,3,5]]","B"
"True","True","13","True","B_o048_r06013","1","[[1,3,2,4,5]]","B"
"True","True","16","True","B_o048_r06014","1","[[1,3,2,4,5]]","B"
"True","True","16","True","B_o048_r06015","1","[[1,4,2,3,5]]","B"
"True","True","19","True","B_o048_r06017","1","[[1,4,2,3,5]]","B"
"True","True","20","True","B_o048_r06018","1","[[1,4,2,3,5]]","B"
"True","True","17","True","B_o048_r06019","1","[[1,3,4,2,5]]","B"
"True","True","17","True","B_o048_r06020","1","[[1,3,4,2,5]]","B"
"True","True","20","True","B_o048_r06021","1","[[1,4,3,2,5]]","B"
"True","True","21","True","B_o048_r06022","1","[[1,3,4,2,5]]","B"
"True","True","20","True","B_o048_r06023","1","[[1,4,3,2,5]]","B"
"True","True","21","True","B_o048_r06024","1","[[1,4,3,2,5]]","B"
"True","True","12","True","B_o048_r06025","1","[[2,1,3,4,5]]","B"
"True","True","15","True","B_o048_r06026","1","[[2,1,3,4,5]]","B"
"True","True","13","True","B_o048_r06027","1","[[2,1,4,3,5]]","B"
"True","True","17","True","B_o048_r06028","1","[[2,1,3,4,5]]","B"
"True","True","16","True","B_o048_r06029","1","[[2,1,4,3,5]]","B"
"True","True","17","True","B_o048_r06030","1","[[2,1,4,3,5]]","B"
"True","True","14","True","B_o048_r06031","1","[[3,1,2,4,5]]","B"
"True","True","17","True","B_o048_r06032","1","[[3,1,2,4,5]]","B"
"True","True","19","True","B_o048_r06033","1","[[1,4,2,3,5]]","B"
"True","True","24","True","B_o048_r06034","4","[[1,2,3,4,5],[1,3,2,4,5],[2,1,3,4,5],[3,1,2,4,5]]","B"
"True","True","22","True","B_o048_r06035","1","[[1,4,2,3,5]]","B"
"True","True","24","True","B_o048_r06036","2","[[1,2,4,3,5],[2,1,4,3,5]]","B"
"True","True","16","True","B_o048_r06037","1","[[3,1,2,4,5]]","B"
"True","True","19","True","B_o048_r06038","1","[[3,1,2,4,5]]","B"
"True","True","20","True","B_o048_r06039","1","[[1,4,2,3,5]]","B"
"True","True","23","True","B_o048_r06041","1","[[1,4,2,3,5]]","B"
"True","True","24","True","B_o048_r06042","1","[[1,4,2,3,5]]","B"
"True","True","20","True","B_o048_r06043","1","[[3,1,4,2,5]]","B"
"True","True","20","True","B_o048_r06044","1","[[3,1,4,2,5]]","B"
"True","True","24","True","B_o048_r06045","1","[[1,4,3,2,5]]","B"
"True","True","25","True","B_o048_r06046","2","[[1,3,4,2,5],[3,1,4,2,5]]","B"
"True","True","24","True","B_o048_r06047","1","[[1,4,3,2,5]]","B"
"True","True","25","True","B_o048_r06048","1","[[1,4,3,2,5]]","B"
"True","True","13","True","B_o048_r06049","1","[[2,3,1,4,5]]","B"
"True","True","16","True","B_o048_r06050","1","[[2,3,1,4,5]]","B"
"True","True","21","True","B_o048_r06052","2","[[2,1,3,4,5],[2,3,1,4,5]]","B"
"True","True","21","True","B_o048_r06054","1","[[2,1,4,3,5]]","B"
"True","True","15","True","B_o048_r06055","1","[[3,2,1,4,5]]","B"
"True","True","18","True","B_o048_r06056","1","[[3,2,1,4,5]]","B"
"True","True","20","True","B_o048_r06061","2","[[3,1,2,4,5],[3,2,1,4,5]]","B"
"True","True","23","True","B_o048_r06062","2","[[3,1,2,4,5],[3,2,1,4,5]]","B"
"True","True","26","True","B_o048_r06065","1","[[4,1,2,3,5]]","B"
"True","True","26","True","B_o048_r06066","1","[[4,1,2,3,5]]","B"
"True","True","24","True","B_o048_r06067","1","[[3,1,4,2,5]]","B"
"True","True","24","True","B_o048_r06068","1","[[3,1,4,2,5]]","B"
"True","True","27","True","B_o048_r06071","1","[[4,1,3,2,5]]","B"
"True","True","27","True","B_o048_r06072","1","[[4,1,3,2,5]]","B"
"True","True","15","True","B_o048_r06073","1","[[2,3,1,4,5]]","B"
"True","True","18","True","B_o048_r06074","1","[[2,3,1,4,5]]","B"
"True","True","21","True","B_o048_r06077","1","[[2,4,1,3,5]]","B"
"True","True","21","True","B_o048_r06078","1","[[2,4,1,3,5]]","B"
"True","True","17","True","B_o048_r06079","1","[[3,2,1,4,5]]","B"
"True","True","20","True","B_o048_r06080","1","[[3,2,1,4,5]]","B"
"True","True","24","True","B_o048_r06083","1","[[2,4,1,3,5]]","B"
"True","True","24","True","B_o048_r06084","1","[[2,4,1,3,5]]","B"
"True","True","26","True","B_o048_r06089","1","[[4,2,1,3,5]]","B"
"True","True","26","True","B_o048_r06090","1","[[4,2,1,3,5]]","B"
"True","True","20","True","B_o048_r06097","1","[[2,3,4,1,5]]","B"
"True","True","20","True","B_o048_r06098","1","[[2,3,4,1,5]]","B"
"True","True","23","True","B_o048_r06100","1","[[2,3,4,1,5]]","B"
"True","True","23","True","B_o048_r06101","1","[[2,4,3,1,5]]","B"
"True","True","23","True","B_o048_r06102","1","[[2,4,3,1,5]]","B"
"True","True","22","True","B_o048_r06103","1","[[3,2,4,1,5]]","B"
"True","True","22","True","B_o048_r06104","1","[[3,2,4,1,5]]","B"
"True","True","26","True","B_o048_r06106","1","[[2,3,4,1,5]]","B"
"True","True","26","True","B_o048_r06107","1","[[2,4,3,1,5]]","B"
"True","True","26","True","B_o048_r06108","1","[[2,4,3,1,5]]","B"
"True","True","25","True","B_o048_r06109","1","[[3,2,4,1,5]]","B"
"True","True","25","True","B_o048_r06110","1","[[3,2,4,1,5]]","B"
"True","True","26","True","B_o048_r06111","1","[[3,2,4,1,5]]","B"
"True","True","26","True","B_o048_r06112","1","[[3,2,4,1,5]]","B"
"True","True","28","True","B_o048_r06113","1","[[4,2,3,1,5]]","B"
"True","True","28","True","B_o048_r06114","1","[[4,2,3,1,5]]","B"
"True","True","11","True","B_o049_r06121","1","[[1,2,3,4,5]]","B"
"True","True","12","True","B_o049_r06122","1","[[1,2,3,4,5]]","B"
"True","True","12","True","B_o049_r06123","1","[[1,2,4,3,5]]","B"
"True","True","16","True","B_o049_r06124","1","[[1,2,3,4,5]]","B"
"True","True","13","True","B_o049_r06125","1","[[1,2,4,3,5]]","B"
"True","True","16","True","B_o049_r06126","1","[[1,2,4,3,5]]","B"
"True","True","11","True","B_o049_r06127","1","[[1,3,2,4,5]]","B"
"True","True","12","True","B_o049_r06128","1","[[1,3,2,4,5]]","B"
"True","True","15","True","B_o049_r06129","1","[[1,4,2,3,5]]","B"
"True","True","20","True","B_o049_r06130","2","[[1,2,3,4,5],[1,3,2,4,5]]","B"
"True","True","16","True","B_o049_r06131","1","[[1,4,2,3,5]]","B"
"True","True","20","True","B_o049_r06132","1","[[1,2,4,3,5]]","B"
"True","True","14","True","B_o049_r06133","1","[[1,3,4,2,5]]","B"
"True","True","16","True","B_o049_r06134","1","[[1,3,2,4,5]]","B"
"True","True","17","True","B_o049_r06135","1","[[1,4,3,2,5]]","B"
"True","True","19","True","B_o049_r06137","1","[[1,4,2,3,5]]","B"
"True","True","20","True","B_o049_r06138","1","[[1,4,2,3,5]]","B"
"True","True","15","True","B_o049_r06139","1","[[1,3,4,2,5]]","B"
"True","True","16","True","B_o049_r06140","1","[[1,3,4,2,5]]","B"
"True","True","18","True","B_o049_r06141","1","[[1,4,3,2,5]]","B"
"True","True","20","True","B_o049_r06142","1","[[1,3,4,2,5]]","B"
"True","True","19","True","B_o049_r06143","1","[[1,4,3,2,5]]","B"
"True","True","20","True","B_o049_r06144","1","[[1,4,3,2,5]]","B"
"True","True","12","True","B_o049_r06145","1","[[2,1,3,4,5]]","B"
"True","True","13","True","B_o049_r06146","1","[[2,1,3,4,5]]","B"
"True","True","13","True","B_o049_r06147","1","[[2,1,4,3,5]]","B"
"True","True","17","True","B_o049_r06148","1","[[2,1,3,4,5]]","B"
"True","True","14","True","B_o049_r06149","1","[[2,1,4,3,5]]","B"
"True","True","17","True","B_o049_r06150","1","[[2,1,4,3,5]]","B"
"True","True","14","True","B_o049_r06151","1","[[3,1,2,4,5]]","B"
"True","True","15","True","B_o049_r06152","1","[[3,1,2,4,5]]","B"
"True","True","19","True","B_o049_r06153","1","[[1,4,2,3,5]]","B"
"True","True","24","True","B_o049_r06154","4","[[1,2,3,4,5],[1,3,2,4,5],[2,1,3,4,5],[3,1,2,4,5]]","B"
"True","True","20","True","B_o049_r06155","1","[[1,4,2,3,5]]","B"
"True","True","24","True","B_o049_r06156","2","[[1,2,4,3,5],[2,1,4,3,5]]","B"
"True","True","17","True","B_o049_r06157","1","[[3,1,4,2,5]]","B"
"True","True","19","True","B_o049_r06158","1","[[3,1,2,4,5]]","B"
"True","True","21","True","B_o049_r06159","1","[[1,4,3,2,5]]","B"
"True","True","23","True","B_o049_r06161","1","[[1,4,2,3,5]]","B"
"True","True","24","True","B_o049_r06162","1","[[1,4,2,3,5]]","B"
"True","True","18","True","B_o049_r06163","1","[[3,1,4,2,5]]","B"
"True","True","19","True","B_o049_r06164","1","[[3,1,4,2,5]]","B"
"True","True","22","True","B_o049_r06165","1","[[1,4,3,2,5]]","B"
"True","True","24","True","B_o049_r06166","2","[[1,3,4,2,5],[3,1,4,2,5]]","B"
"True","True","23","True","B_o049_r06167","1","[[1,4,3,2,5]]","B"
"True","True","24","True","B_o049_r06168","1","[[1,4,3,2,5]]","B"
"True","True","13","True","B_o049_r06169","1","[[2,3,1,4,5]]","B"
"True","True","14","True","B_o049_r06170","1","[[2,3,1,4,5]]","B"
"True","True","21","True","B_o049_r06172","2","[[2,1,3,4,5],[2,3,1,4,5]]","B"
"True","True","21","True","B_o049_r06174","1","[[2,1,4,3,5]]","B"
"True","True","15","True","B_o049_r06175","1","[[3,2,1,4,5]]","B"
"True","True","16","True","B_o049_r06176","1","[[3,2,1,4,5]]","B"
"True","True","21","True","B_o049_r06181","1","[[3,1,4,2,5]]","B"
"True","True","23","True","B_o049_r06182","2","[[3,1,2,4,5],[3,2,1,4,5]]","B"
"True","True","26","True","B_o049_r06185","1","[[4,1,2,3,5]]","B"
"True","True","26","True","B_o049_r06186","1","[[4,1,2,3,5]]","B"
"True","True","22","True","B_o049_r06187","1","[[3,1,4,2,5]]","B"
"True","True","23","True","B_o049_r06188","1","[[3,1,4,2,5]]","B"
"True","True","26","True","B_o049_r06191","1","[[4,1,3,2,5]]","B"
"True","True","26","True","B_o049_r06192","1","[[4,1,3,2,5]]","B"
"True","True","18","True","B_o049_r06194","1","[[2,3,1,4,5]]","B"
"True","True","21","True","B_o049_r06197","1","[[2,4,1,3,5]]","B"
"True","True","21","True","B_o049_r06198","1","[[2,4,1,3,5]]","B"
"True","True","20","True","B_o049_r06200","1","[[3,2,1,4,5]]","B"
"True","True","24","True","B_o049_r06203","1","[[2,4,1,3,5]]","B"
"True","True","24","True","B_o049_r06204","1","[[2,4,1,3,5]]","B"
"True","True","26","True","B_o049_r06209","1","[[4,2,1,3,5]]","B"
"True","True","26","True","B_o049_r06210","1","[[4,2,1,3,5]]","B"
"True","True","25","True","B_o049_r06211","1","[[3,4,1,2,5]]","B"
"True","True","25","True","B_o049_r06212","1","[[3,4,1,2,5]]","B"
"True","True","26","True","B_o049_r06213","1","[[3,4,1,2,5]]","B"
"True","True","26","True","B_o049_r06214","1","[[3,4,1,2,5]]","B"
"True","True","28","True","B_o049_r06215","1","[[4,3,1,2,5]]","B"
"True","True","28","True","B_o049_r06216","1","[[4,3,1,2,5]]","B"
"True","True","18","True","B_o049_r06217","1","[[2,3,4,1,5]]","B"
"True","True","18","True","B_o049_r06218","1","[[2,3,4,1,5]]","B"
"True","True","21","True","B_o049_r06220","1","[[2,3,4,1,5]]","B"
"True","True","21","True","B_o049_r06221","1","[[2,4,3,1,5]]","B"
"True","True","21","True","B_o049_r06222","1","[[2,4,3,1,5]]","B"
"True","True","20","True","B_o049_r06223","1","[[3,2,4,1,5]]","B"
"True","True","20","True","B_o049_r06224","1","[[3,2,4,1,5]]","B"
"True","True","24","True","B_o049_r06226","1","[[2,3,4,1,5]]","B"
"True","True","24","True","B_o049_r06227","1","[[2,4,3,1,5]]","B"
"True","True","24","True","B_o049_r06228","1","[[2,4,3,1,5]]","B"
"True","True","23","True","B_o049_r06229","1","[[3,2,4,1,5]]","B"
"True","True","23","True","B_o049_r06230","1","[[3,2,4,1,5]]","B"
"True","True","24","True","B_o049_r06231","1","[[3,2,4,1,5]]","B"
"True","True","24","True","B_o049_r06232","1","[[3,2,4,1,5]]","B"
"True","True","26","True","B_o049_r06233","1","[[4,2,3,1,5]]","B"
"True","True","26","True","B_o049_r06234","1","[[4,2,3,1,5]]","B"
"True","True","25","True","B_o049_r06235","1","[[3,4,2,1,5]]","B"
"True","True","25","True","B_o049_r06236","1","[[3,4,2,1,5]]","B"
"True","True","26","True","B_o049_r06237","1","[[3,4,2,1,5]]","B"
"True","True","26","True","B_o049_r06238","1","[[3,4,2,1,5]]","B"
"True","True","28","True","B_o049_r06239","1","[[4,3,2,1,5]]","B"
"True","True","28","True","B_o049_r06240","1","[[4,3,2,1,5]]","B"
"True","True","9","True","B_o050_r06241","1","[[1,2,3,4,5]]","B"
"True","True","12","True","B_o050_r06242","1","[[1,2,3,4,5]]","B"
"True","True","10","True","B_o050_r06243","1","[[1,2,4,3,5]]","B"
"True","True","16","True","B_o050_r06244","1","[[1,2,3,4,5]]","B"
"True","True","13","True","B_o050_r06245","1","[[1,2,4,3,5]]","B"
"True","True","16","True","B_o050_r06246","1","[[1,2,4,3,5]]","B"
"True","True","9","True","B_o050_r06247","1","[[1,3,2,4,5]]","B"
"True","True","12","True","B_o050_r06248","1","[[1,3,2,4,5]]","B"
"True","True","13","True","B_o050_r06249","1","[[1,4,2,3,5]]","B"
"True","True","20","True","B_o050_r06250","2","[[1,2,3,4,5],[1,3,2,4,5]]","B"
"True","True","16","True","B_o050_r06251","1","[[1,4,2,3,5]]","B"
"True","True","20","True","B_o050_r06252","1","[[1,2,4,3,5]]","B"
"True","True","12","True","B_o050_r06253","1","[[1,3,4,2,5]]","B"
"True","True","16","True","B_o050_r06254","1","[[1,3,2,4,5]]","B"
"True","True","15","True","B_o050_r06255","1","[[1,4,3,2,5]]","B"
"True","True","19","True","B_o050_r06257","1","[[1,4,2,3,5]]","B"
"True","True","20","True","B_o050_r06258","1","[[1,4,2,3,5]]","B"
"True","True","15","True","B_o050_r06259","1","[[1,3,4,2,5]]","B"
"True","True","16","True","B_o050_r06260","1","[[1,3,4,2,5]]","B"
"True","True","18","True","B_o050_r06261","1","[[1,4,3,2,5]]","B"
"True","True","20","True","B_o050_r06262","1","[[1,3,4,2,5]]","B"
"True","True","19","True","B_o050_r06263","1","[[1,4,3,2,5]]","B"
"True","True","20","True","B_o050_r06264","1","[[1,4,3,2,5]]","B"
"True","True","10","True","B_o050_r06265","1","[[2,1,3,4,5]]","B"
"True","True","13","True","B_o050_r06266","1","[[2,1,3,4,5]]","B"
"True","True","11","True","B_o050_r06267","1","[[2,1,4,3,5]]","B"
"True","True","17","True","B_o050_r06268","1","[[2,1,3,4,5]]","B"
"True","True","14","True","B_o050_r06269","1","[[2,1,4,3,5]]","B"
"True","True","17","True","B_o050_r06270","1","[[2,1,4,3,5]]","B"
"True","True","12","True","B_o050_r06271","1","[[3,1,2,4,5]]","B"
"True","True","15","True","B_o050_r06272","1","[[3,1,2,4,5]]","B"
"True","True","17","True","B_o050_r06273","1","[[1,4,2,3,5]]","B"
"True","True","24","True","B_o050_r06274","4","[[1,2,3,4,5],[1,3,2,4,5],[2,1,3,4,5],[3,1,2,4,5]]","B"
"True","True","20","True","B_o050_r06275","1","[[1,4,2,3,5]]","B"
"True","True","24","True","B_o050_r06276","2","[[1,2,4,3,5],[2,1,4,3,5]]","B"
"True","True","15","True","B_o050_r06277","1","[[3,1,4,2,5]]","B"
"True","True","19","True","B_o050_r06278","1","[[3,1,2,4,5]]","B"
"True","True","19","True","B_o050_r06279","1","[[1,4,3,2,5]]","B"
"True","True","23","True","B_o050_r06281","1","[[1,4,2,3,5]]","B"
"True","True","24","True","B_o050_r06282","1","[[1,4,2,3,5]]","B"
"True","True","18","True","B_o050_r06283","1","[[3,1,4,2,5]]","B"
"True","True","19","True","B_o050_r06284","1","[[3,1,4,2,5]]","B"
"True","True","22","True","B_o050_r06285","1","[[1,4,3,2,5]]","B"
"True","True","24","True","B_o050_r06286","2","[[1,3,4,2,5],[3,1,4,2,5]]","B"
"True","True","23","True","B_o050_r06287","1","[[1,4,3,2,5]]","B"
"True","True","24","True","B_o050_r06288","1","[[1,4,3,2,5]]","B"
"True","True","11","True","B_o050_r06289","1","[[2,3,1,4,5]]","B"
"True","True","14","True","B_o050_r06290","1","[[2,3,1,4,5]]","B"
"True","True","21","True","B_o050_r06292","2","[[2,1,3,4,5],[2,3,1,4,5]]","B"
"True","True","21","True","B_o050_r06294","1","[[2,1,4,3,5]]","B"
"True","True","13","True","B_o050_r06295","1","[[3,2,1,4,5]]","B"
"True","True","16","True","B_o050_r06296","1","[[3,2,1,4,5]]","B"
"True","True","19","True","B_o050_r06301","1","[[3,1,4,2,5]]","B"
"True","True","23","True","B_o050_r06302","2","[[3,1,2,4,5],[3,2,1,4,5]]","B"
"True","True","26","True","B_o050_r06305","1","[[4,1,2,3,5]]","B"
"True","True","26","True","B_o050_r06306","1","[[4,1,2,3,5]]","B"
"True","True","22","True","B_o050_r06307","1","[[3,1,4,2,5]]","B"
"True","True","23","True","B_o050_r06308","1","[[3,1,4,2,5]]","B"
"True","True","26","True","B_o050_r06311","1","[[4,1,3,2,5]]","B"
"True","True","26","True","B_o050_r06312","1","[[4,1,3,2,5]]","B"
"True","True","18","True","B_o050_r06314","1","[[2,3,1,4,5]]","B"
"True","True","21","True","B_o050_r06317","1","[[2,4,1,3,5]]","B"
"True","True","21","True","B_o050_r06318","1","[[2,4,1,3,5]]","B"
"True","True","20","True","B_o050_r06320","1","[[3,2,1,4,5]]","B"
"True","True","24","True","B_o050_r06323","1","[[2,4,1,3,5]]","B"
"True","True","24","True","B_o050_r06324","1","[[2,4,1,3,5]]","B"
"True","True","26","True","B_o050_r06329","1","[[4,2,1,3,5]]","B"
"True","True","26","True","B_o050_r06330","1","[[4,2,1,3,5]]","B"
"True","True","25","True","B_o050_r06331","1","[[3,4,1,2,5]]","B"
"True","True","25","True","B_o050_r06332","1","[[3,4,1,2,5]]","B"
"True","True","26","True","B_o050_r06333","1","[[3,4,1,2,5]]","B"
"True","True","26","True","B_o050_r06334","1","[[3,4,1,2,5]]","B"
"True","True","28","True","B_o050_r06335","1","[[4,3,1,2,5]]","B"
"True","True","28","True","B_o050_r06336","1","[[4,3,1,2,5]]","B"
"True","True","18","True","B_o050_r06337","1","[[2,3,4,1,5]]","B"
"True","True","18","True","B_o050_r06338","1","[[2,3,4,1,5]]","B"
"True","True","21","True","B_o050_r06340","1","[[2,3,4,1,5]]","B"
"True","True","21","True","B_o050_r06341","1","[[2,4,3,1,5]]","B"
"True","True","21","True","B_o050_r06342","1","[[2,4,3,1,5]]","B"
"True","True","20","True","B_o050_r06343","1","[[3,2,4,1,5]]","B"
"True","True","20","True","B_o050_r06344","1","[[3,2,4,1,5]]","B"
"True","True","24","True","B_o050_r06346","1","[[2,3,4,1,5]]","B"
"True","True","24","True","B_o050_r06347","1","[[2,4,3,1,5]]","B"
"True","True","24","True","B_o050_r06348","1","[[2,4,3,1,5]]","B"
"True","True","23","True","B_o050_r06349","1","[[3,2,4,1,5]]","B"
"True","True","23","True","B_o050_r06350","1","[[3,2,4,1,5]]","B"
"True","True","24","True","B_o050_r06351","1","[[3,2,4,1,5]]","B"
"True","True","24","True","B_o050_r06352","1","[[3,2,4,1,5]]","B"
"True","True","26","True","B_o050_r06353","1","[[4,2,3,1,5]]","B"
"True","True","26","True","B_o050_r06354","1","[[4,2,3,1,5]]","B"
"True","True","25","True","B_o050_r06355","1","[[3,4,2,1,5]]","B"
"True","True","25","True","B_o050_r06356","1","[[3,4,2,1,5]]","B"
"True","True","26","True","B_o050_r06357","1","[[3,4,2,1,5]]","B"
"True","True","26","True","B_o050_r06358","1","[[3,4,2,1,5]]","B"
"True","True","28","True","B_o050_r06359","1","[[4,3,2,1,5]]","B"
"True","True","28","True","B_o050_r06360","1","[[4,3,2,1,5]]","B"
"True","True","8","True","B_o051_r06361","1","[[1,2,3,4,5]]","B"
"True","True","10","True","B_o051_r06362","1","[[1,2,3,4,5]]","B"
"True","True","9","True","B_o051_r06363","1","[[1,2,4,3,5]]","B"
"True","True","16","True","B_o051_r06364","3","[[1,2,3,4,5],[1,2,4,3,5],[1,2,5,3,4]]","B"
"True","True","11","True","B_o051_r06365","1","[[1,2,4,3,5]]","B"
"True","True","16","True","B_o051_r06366","3","[[1,2,3,4,5],[1,2,4,3,5],[1,2,5,3,4]]","B"
"True","True","8","True","B_o051_r06367","1","[[1,3,2,4,5]]","B"
"True","True","10","True","B_o051_r06368","1","[[1,3,2,4,5]]","B"
"True","True","12","True","B_o051_r06369","1","[[1,4,2,3,5]]","B"
"True","True","20","True","B_o051_r06370","4","[[1,2,3,4,5],[1,2,4,3,5],[1,2,5,3,4],[1,3,2,4,5]]","B"
"True","True","14","True","B_o051_r06371","1","[[1,4,2,3,5]]","B"
"True","True","20","True","B_o051_r06372","4","[[1,2,3,4,5],[1,2,4,3,5],[1,2,5,3,4],[1,3,2,4,5]]","B"
"True","True","11","True","B_o051_r06373","1","[[1,3,4,2,5]]","B"
"True","True","16","True","B_o051_r06374","2","[[1,3,2,4,5],[1,3,4,2,5]]","B"
"True","True","14","True","B_o051_r06375","1","[[1,4,3,2,5]]","B"
"True","True","19","True","B_o051_r06377","2","[[1,4,2,3,5],[1,4,3,2,5]]","B"
"True","True","20","True","B_o051_r06378","2","[[1,4,2,3,5],[1,4,3,2,5]]","B"
"True","True","13","True","B_o051_r06379","1","[[1,3,4,2,5]]","B"
"True","True","16","True","B_o051_r06381","1","[[1,4,3,2,5]]","B"
"True","True","9","True","B_o051_r06385","1","[[2,1,3,4,5]]","B"
"True","True","11","True","B_o051_r06386","1","[[2,1,3,4,5]]","B"
"True","True","10","True","B_o051_r06387","1","[[2,1,4,3,5]]","B"
"True","True","17","True","B_o051_r06388","3","[[2,1,3,4,5],[2,1,4,3,5],[2,1,5,3,4]]","B"
"True","True","12","True","B_o051_r06389","1","[[2,1,4,3,5]]","B"
"True","True","17","True","B_o051_r06390","3","[[2,1,3,4,5],[2,1,4,3,5],[2,1,5,3,4]]","B"
"True","True","11","True","B_o051_r06391","1","[[3,1,2,4,5]]","B"
"True","True","13","True","B_o051_r06392","1","[[3,1,2,4,5]]","B"
"True","True","16","True","B_o051_r06393","1","[[1,4,2,3,5]]","B"
"True","True","24","True","B_o051_r06394","8","[[1,2,3,4,5],[1,2,4,3,5],[1,2,5,3,4],[1,3,2,4,5],[2,1,3,4,5],[2,1,4,3,5],[2,1,5,3,4],[3,1,2,4,5]]","B"
"True","True","18","True","B_o051_r06395","1","[[1,4,2,3,5]]","B"
"True","True","24","True","B_o051_r06396","8","[[1,2,3,4,5],[1,2,4,3,5],[1,2,5,3,4],[1,3,2,4,5],[2,1,3,4,5],[2,1,4,3,5],[2,1,5,3,4],[3,1,2,4,5]]","B"
"True","True","14","True","B_o051_r06397","1","[[3,1,4,2,5]]","B"
"True","True","19","True","B_o051_r06398","2","[[3,1,2,4,5],[3,1,4,2,5]]","B"
"True","True","18","True","B_o051_r06399","1","[[1,4,3,2,5]]","B"
"True","True","23","True","B_o051_r06401","2","[[1,4,2,3,5],[1,4,3,2,5]]","B"
"True","True","24","True","B_o051_r06402","2","[[1,4,2,3,5],[1,4,3,2,5]]","B"
"True","True","16","True","B_o051_r06403","1","[[3,1,4,2,5]]","B"
"True","True","20","True","B_o051_r06405","1","[[1,4,3,2,5]]","B"
"True","True","10","True","B_o051_r06409","1","[[2,3,1,4,5]]","B"
"True","True","12","True","B_o051_r06410","1","[[2,3,1,4,5]]","B"
"True","True","21","True","B_o051_r06412","4","[[2,1,3,4,5],[2,1,4,3,5],[2,1,5,3,4],[2,3,1,4,5]]","B"
"True","True","21","True","B_o051_r06414","4","[[2,1,3,4,5],[2,1,4,3,5],[2,1,5,3,4],[2,3,1,4,5]]","B"
"True","True","12","True","B_o051_r06415","1","[[3,2,1,4,5]]","B"
"True","True","14","True","B_o051_r06416","1","[[3,2,1,4,5]]","B"
"True","True","18","True","B_o051_r06421","1","[[3,1,4,2,5]]","B"
"True","True","23","True","B_o051_r06422","3","[[3,1,2,4,5],[3,1,4,2,5],[3,2,1,4,5]]","B"
"True","True","26","True","B_o051_r06425","2","[[4,1,2,3,5],[4,1,3,2,5]]","B"
"True","True","26","True","B_o051_r06426","2","[[4,1,2,3,5],[4,1,3,2,5]]","B"
"True","True","20","True","B_o051_r06427","1","[[3,1,4,2,5]]","B"
"True","True","14","True","B_o051_r06433","1","[[2,3,4,1,5]]","B"
"True","True","18","True","B_o051_r06434","2","[[2,3,1,4,5],[2,3,4,1,5]]","B"
"True","True","21","True","B_o051_r06437","2","[[2,4,1,3,5],[2,4,3,1,5]]","B"
"True","True","21","True","B_o051_r06438","2","[[2,4,1,3,5],[2,4,3,1,5]]","B"
"True","True","16","True","B_o051_r06439","1","[[3,2,4,1,5]]","B"
"True","True","20","True","B_o051_r06440","2","[[3,2,1,4,5],[3,2,4,1,5]]","B"
"True","True","24","True","B_o051_r06443","2","[[2,4,1,3,5],[2,4,3,1,5]]","B"
"True","True","24","True","B_o051_r06444","2","[[2,4,1,3,5],[2,4,3,1,5]]","B"
"True","True","19","True","B_o051_r06445","1","[[3,2,4,1,5]]","B"
"True","True","20","True","B_o051_r06447","1","[[3,2,4,1,5]]","B"
"True","True","26","True","B_o051_r06449","2","[[4,2,1,3,5],[4,2,3,1,5]]","B"
"True","True","26","True","B_o051_r06450","2","[[4,2,1,3,5],[4,2,3,1,5]]","B"
"True","True","25","True","B_o051_r06451","2","[[3,4,1,2,5],[3,4,2,1,5]]","B"
"True","True","25","True","B_o051_r06452","2","[[3,4,1,2,5],[3,4,2,1,5]]","B"
"True","True","26","True","B_o051_r06453","2","[[3,4,1,2,5],[3,4,2,1,5]]","B"
"True","True","26","True","B_o051_r06454","2","[[3,4,1,2,5],[3,4,2,1,5]]","B"
"True","True","28","True","B_o051_r06455","2","[[4,3,1,2,5],[4,3,2,1,5]]","B"
"True","True","28","True","B_o051_r06456","2","[[4,3,1,2,5],[4,3,2,1,5]]","B"
"True","True","16","True","B_o051_r06457","1","[[2,3,4,1,5]]","B"
"True","True","18","True","B_o051_r06463","1","[[3,2,4,1,5]]","B"
"True","True","21","True","B_o051_r06469","1","[[3,2,4,1,5]]","B"
"True","True","22","True","B_o051_r06471","1","[[3,2,4,1,5]]","B"
"True","True","11","True","B_o052_r06481","1","[[1,2,3,4,5]]","B"
"True","True","12","True","B_o052_r06482","1","[[1,2,3,4,5]]","B"
"True","True","11","True","B_o052_r06483","1","[[1,2,4,3,5]]","B"
"True","True","14","True","B_o052_r06484","1","[[1,2,3,4,5]]","B"
"True","True","12","True","B_o052_r06485","1","[[1,2,4,3,5]]","B"
"True","True","14","True","B_o052_r06486","1","[[1,2,4,3,5]]","B"
"True","True","11","True","B_o052_r06487","1","[[1,3,2,4,5]]","B"
"True","True","12","True","B_o052_r06488","1","[[1,3,2,4,5]]","B"
"True","True","14","True","B_o052_r06489","1","[[1,4,2,3,5]]","B"
"True","True","20","True","B_o052_r06490","2","[[1,2,3,4,5],[1,3,2,4,5]]","B"
"True","True","15","True","B_o052_r06491","1","[[1,4,2,3,5]]","B"
"True","True","20","True","B_o052_r06492","2","[[1,2,4,3,5],[1,4,2,3,5]]","B"
"True","True","12","True","B_o052_r06493","1","[[1,3,4,2,5]]","B"
"True","True","14","True","B_o052_r06494","1","[[1,3,2,4,5]]","B"
"True","True","15","True","B_o052_r06495","1","[[1,4,3,2,5]]","B"
"True","True","17","True","B_o052_r06497","1","[[1,4,2,3,5]]","B"
"True","True","13","True","B_o052_r06499","1","[[1,3,4,2,5]]","B"
"True","True","14","True","B_o052_r06500","1","[[1,3,4,2,5]]","B"
"True","True","16","True","B_o052_r06501","1","[[1,4,3,2,5]]","B"
"True","True","20","True","B_o052_r06502","1","[[1,3,4,2,5]]","B"
"True","True","17","True","B_o052_r06503","1","[[1,4,3,2,5]]","B"
"True","True","20","True","B_o052_r06504","1","[[1,4,3,2,5]]","B"
"True","True","12","True","B_o052_r06505","1","[[2,1,3,4,5]]","B"
"True","True","13","True","B_o052_r06506","1","[[2,1,3,4,5]]","B"
"True","True","12","True","B_o052_r06507","1","[[2,1,4,3,5]]","B"
"True","True","15","True","B_o052_r06508","1","[[2,1,3,4,5]]","B"
"True","True","13","True","B_o052_r06509","1","[[2,1,4,3,5]]","B"
"True","True","15","True","B_o052_r06510","1","[[2,1,4,3,5]]","B"
"True","True","14","True","B_o052_r06511","1","[[3,1,2,4,5]]","B"
"True","True","15","True","B_o052_r06512","1","[[3,1,2,4,5]]","B"
"True","True","18","True","B_o052_r06513","1","[[1,4,2,3,5]]","B"
"True","True","24","True","B_o052_r06514","4","[[1,2,3,4,5],[1,3,2,4,5],[2,1,3,4,5],[3,1,2,4,5]]","B"
"True","True","19","True","B_o052_r06515","1","[[1,4,2,3,5]]","B"
"True","True","24","True","B_o052_r06516","3","[[1,2,4,3,5],[1,4,2,3,5],[2,1,4,3,5]]","B"
"True","True","15","True","B_o052_r06517","1","[[3,1,4,2,5]]","B"
"True","True","17","True","B_o052_r06518","1","[[3,1,2,4,5]]","B"
"True","True","19","True","B_o052_r06519","1","[[1,4,3,2,5]]","B"
"True","True","21","True","B_o052_r06521","1","[[1,4,2,3,5]]","B"
"True","True","16","True","B_o052_r06523","1","[[3,1,4,2,5]]","B"
"True","True","17","True","B_o052_r06524","1","[[3,1,4,2,5]]","B"
"True","True","20","True","B_o052_r06525","1","[[1,4,3,2,5]]","B"
"True","True","24","True","B_o052_r06526","2","[[1,3,4,2,5],[3,1,4,2,5]]","B"
"True","True","21","True","B_o052_r06527","1","[[1,4,3,2,5]]","B"
"True","True","24","True","B_o052_r06528","1","[[1,4,3,2,5]]","B"
"True","True","13","True","B_o052_r06529","1","[[2,3,1,4,5]]","B"
"True","True","14","True","B_o052_r06530","1","[[2,3,1,4,5]]","B"
"True","True","16","True","B_o052_r06531","1","[[2,4,1,3,5]]","B"
"True","True","21","True","B_o052_r06532","2","[[2,1,3,4,5],[2,3,1,4,5]]","B"
"True","True","17","True","B_o052_r06533","1","[[2,4,1,3,5]]","B"
"True","True","21","True","B_o052_r06534","2","[[2,1,4,3,5],[2,4,1,3,5]]","B"
"True","True","15","True","B_o052_r06535","1","[[3,2,1,4,5]]","B"
"True","True","16","True","B_o052_r06536","1","[[3,2,1,4,5]]","B"
"True","True","19","True","B_o052_r06537","1","[[2,4,1,3,5]]","B"
"True","True","20","True","B_o052_r06539","1","[[2,4,1,3,5]]","B"
"True","True","23","True","B_o052_r06542","2","[[3,1,2,4,5],[3,2,1,4,5]]","B"
"True","True","26","True","B_o052_r06545","2","[[4,1,2,3,5],[4,2,1,3,5]]","B"
"True","True","26","True","B_o052_r06546","2","[[4,1,2,3,5],[4,2,1,3,5]]","B"
"True","True","23","True","B_o052_r06548","1","[[3,1,4,2,5]]","B"
"True","True","26","True","B_o052_r06551","1","[[4,1,3,2,5]]","B"
"True","True","26","True","B_o052_r06552","1","[[4,1,3,2,5]]","B"
"True","True","16","True","B_o052_r06554","1","[[2,3,1,4,5]]","B"
"True","True","19","True","B_o052_r06557","1","[[2,4,1,3,5]]","B"
"True","True","18","True","B_o052_r06560","1","[[3,2,1,4,5]]","B"
"True","True","22","True","B_o052_r06563","1","[[2,4,1,3,5]]","B"
"True","True","23","True","B_o052_r06571","1","[[3,4,1,2,5]]","B"
"True","True","23","True","B_o052_r06572","1","[[3,4,1,2,5]]","B"
"True","True","24","True","B_o052_r06573","1","[[3,4,1,2,5]]","B"
"True","True","24","True","B_o052_r06574","1","[[3,4,1,2,5]]","B"
"True","True","26","True","B_o052_r06575","1","[[4,3,1,2,5]]","B"
"True","True","26","True","B_o052_r06576","1","[[4,3,1,2,5]]","B"
"True","True","16","True","B_o052_r06577","1","[[2,3,4,1,5]]","B"
"True","True","16","True","B_o052_r06578","1","[[2,3,4,1,5]]","B"
"True","True","19","True","B_o052_r06579","1","[[2,4,3,1,5]]","B"
"True","True","21","True","B_o052_r06580","1","[[2,3,4,1,5]]","B"
"True","True","19","True","B_o052_r06581","1","[[2,4,3,1,5]]","B"
"True","True","21","True","B_o052_r06582","1","[[2,4,3,1,5]]","B"
"True","True","18","True","B_o052_r06583","1","[[3,2,4,1,5]]","B"
"True","True","18","True","B_o052_r06584","1","[[3,2,4,1,5]]","B"
"True","True","22","True","B_o052_r06585","1","[[2,4,3,1,5]]","B"
"True","True","24","True","B_o052_r06586","1","[[2,3,4,1,5]]","B"
"True","True","22","True","B_o052_r06587","1","[[2,4,3,1,5]]","B"
"True","True","24","True","B_o052_r06588","1","[[2,4,3,1,5]]","B"
"True","True","23","True","B_o052_r06590","1","[[3,2,4,1,5]]","B"
"True","True","24","True","B_o052_r06592","1","[[3,2,4,1,5]]","B"
"True","True","26","True","B_o052_r06593","1","[[4,2,3,1,5]]","B"
"True","True","26","True","B_o052_r06594","1","[[4,2,3,1,5]]","B"
"True","True","23","True","B_o052_r06595","1","[[3,4,2,1,5]]","B"
"True","True","23","True","B_o052_r06596","1","[[3,4,2,1,5]]","B"
"True","True","24","True","B_o052_r06597","1","[[3,4,2,1,5]]","B"
"True","True","24","True","B_o052_r06598","1","[[3,4,2,1,5]]","B"
"True","True","26","True","B_o052_r06599","1","[[4,3,2,1,5]]","B"
"True","True","26","True","B_o052_r06600","1","[[4,3,2,1,5]]","B"
"True","True","9","True","B_o053_r06601","1","[[1,2,3,4,5]]","B"
"True","True","12","True","B_o053_r06602","1","[[1,2,3,4,5]]","B"
"True","True","9","True","B_o053_r06603","1","[[1,2,4,3,5]]","B"
"True","True","14","True","B_o053_r06604","1","[[1,2,3,4,5]]","B"
"True","True","12","True","B_o053_r06605","1","[[1,2,4,3,5]]","B"
"True","True","14","True","B_o053_r06606","1","[[1,2,4,3,5]]","B"
"True","True","9","True","B_o053_r06607","1","[[1,3,2,4,5]]","B"
"True","True","12","True","B_o053_r06608","1","[[1,3,2,4,5]]","B"
"True","True","12","True","B_o053_r06609","1","[[1,4,2,3,5]]","B"
"True","True","20","True","B_o053_r06610","2","[[1,2,3,4,5],[1,3,2,4,5]]","B"
"True","True","15","True","B_o053_r06611","1","[[1,4,2,3,5]]","B"
"True","True","20","True","B_o053_r06612","2","[[1,2,4,3,5],[1,4,2,3,5]]","B"
"True","True","10","True","B_o053_r06613","1","[[1,3,4,2,5]]","B"
"True","True","14","True","B_o053_r06614","1","[[1,3,2,4,5]]","B"
"True","True","13","True","B_o053_r06615","1","[[1,4,3,2,5]]","B"
"True","True","17","True","B_o053_r06617","1","[[1,4,2,3,5]]","B"
"True","True","13","True","B_o053_r06619","1","[[1,3,4,2,5]]","B"
"True","True","14","True","B_o053_r06620","1","[[1,3,4,2,5]]","B"
"True","True","16","True","B_o053_r06621","1","[[1,4,3,2,5]]","B"
"True","True","20","True","B_o053_r06622","1","[[1,3,4,2,5]]","B"
"True","True","17","True","B_o053_r06623","1","[[1,4,3,2,5]]","B"
"True","True","20","True","B_o053_r06624","1","[[1,4,3,2,5]]","B"
"True","True","10","True","B_o053_r06625","1","[[2,1,3,4,5]]","B"
"True","True","13","True","B_o053_r06626","1","[[2,1,3,4,5]]","B"
"True","True","10","True","B_o053_r06627","1","[[2,1,4,3,5]]","B"
"True","True","15","True","B_o053_r06628","1","[[2,1,3,4,5]]","B"
"True","True","13","True","B_o053_r06629","1","[[2,1,4,3,5]]","B"
"True","True","15","True","B_o053_r06630","1","[[2,1,4,3,5]]","B"
"True","True","12","True","B_o053_r06631","1","[[3,1,2,4,5]]","B"
"True","True","15","True","B_o053_r06632","1","[[3,1,2,4,5]]","B"
"True","True","16","True","B_o053_r06633","1","[[1,4,2,3,5]]","B"
"True","True","24","True","B_o053_r06634","4","[[1,2,3,4,5],[1,3,2,4,5],[2,1,3,4,5],[3,1,2,4,5]]","B"
"True","True","19","True","B_o053_r06635","1","[[1,4,2,3,5]]","B"
"True","True","24","True","B_o053_r06636","3","[[1,2,4,3,5],[1,4,2,3,5],[2,1,4,3,5]]","B"
"True","True","13","True","B_o053_r06637","1","[[3,1,4,2,5]]","B"
"True","True","17","True","B_o053_r06638","1","[[3,1,2,4,5]]","B"
"True","True","17","True","B_o053_r06639","1","[[1,4,3,2,5]]","B"
"True","True","21","True","B_o053_r06641","1","[[1,4,2,3,5]]","B"
"True","True","16","True","B_o053_r06643","1","[[3,1,4,2,5]]","B"
"True","True","17","True","B_o053_r06644","1","[[3,1,4,2,5]]","B"
"True","True","20","True","B_o053_r06645","1","[[1,4,3,2,5]]","B"
"True","True","24","True","B_o053_r06646","2","[[1,3,4,2,5],[3,1,4,2,5]]","B"
"True","True","21","True","B_o053_r06647","1","[[1,4,3,2,5]]","B"
"True","True","24","True","B_o053_r06648","1","[[1,4,3,2,5]]","B"
"True","True","11","True","B_o053_r06649","1","[[2,3,1,4,5]]","B"
"True","True","14","True","B_o053_r06650","1","[[2,3,1,4,5]]","B"
"True","True","14","True","B_o053_r06651","1","[[2,4,1,3,5]]","B"
"True","True","21","True","B_o053_r06652","2","[[2,1,3,4,5],[2,3,1,4,5]]","B"
"True","True","17","True","B_o053_r06653","1","[[2,4,1,3,5]]","B"
"True","True","21","True","B_o053_r06654","2","[[2,1,4,3,5],[2,4,1,3,5]]","B"
"True","True","13","True","B_o053_r06655","1","[[3,2,1,4,5]]","B"
"True","True","16","True","B_o053_r06656","1","[[3,2,1,4,5]]","B"
"True","True","17","True","B_o053_r06657","1","[[2,4,1,3,5]]","B"
"True","True","20","True","B_o053_r06659","1","[[2,4,1,3,5]]","B"
"True","True","23","True","B_o053_r06662","2","[[3,1,2,4,5],[3,2,1,4,5]]","B"
"True","True","26","True","B_o053_r06665","2","[[4,1,2,3,5],[4,2,1,3,5]]","B"
"True","True","26","True","B_o053_r06666","2","[[4,1,2,3,5],[4,2,1,3,5]]","B"
"True","True","23","True","B_o053_r06668","1","[[3,1,4,2,5]]","B"
"True","True","26","True","B_o053_r06671","1","[[4,1,3,2,5]]","B"
"True","True","26","True","B_o053_r06672","1","[[4,1,3,2,5]]","B"
"True","True","16","True","B_o053_r06674","1","[[2,3,1,4,5]]","B"
"True","True","19","True","B_o053_r06677","1","[[2,4,1,3,5]]","B"
"True","True","18","True","B_o053_r06680","1","[[3,2,1,4,5]]","B"
"True","True","22","True","B_o053_r06683","1","[[2,4,1,3,5]]","B"
"True","True","23","True","B_o053_r06691","1","[[3,4,1,2,5]]","B"
"True","True","23","True","B_o053_r06692","1","[[3,4,1,2,5]]","B"
"True","True","24","True","B_o053_r06693","1","[[3,4,1,2,5]]","B"
"True","True","24","True","B_o053_r06694","1","[[3,4,1,2,5]]","B"
"True","True","26","True","B_o053_r06695","1","[[4,3,1,2,5]]","B"
"True","True","26","True","B_o053_r06696","1","[[4,3,1,2,5]]","B"
"True","True","16","True","B_o053_r06697","1","[[2,3,4,1,5]]","B"
"True","True","16","True","B_o053_r06698","1","[[2,3,4,1,5]]","B"
"True","True","19","True","B_o053_r06699","1","[[2,4,3,1,5]]","B"
"True","True","21","True","B_o053_r06700","1","[[2,3,4,1,5]]","B"
"True","True","19","True","B_o053_r06701","1","[[2,4,3,1,5]]","B"
"True","True","21","True","B_o053_r06702","1","[[2,4,3,1,5]]","B"
"True","True","18","True","B_o053_r06703","1","[[3,2,4,1,5]]","B"
"True","True","18","True","B_o053_r06704","1","[[3,2,4,1,5]]","B"
"True","True","22","True","B_o053_r06705","1","[[2,4,3,1,5]]","B"
"True","True","24","True","B_o053_r06706","1","[[2,3,4,1,5]]","B"
"True","True","22","True","B_o053_r06707","1","[[2,4,3,1,5]]","B"
"True","True","24","True","B_o053_r06708","1","[[2,4,3,1,5]]","B"
"True","True","23","True","B_o053_r06710","1","[[3,2,4,1,5]]","B"
"True","True","24","True","B_o053_r06712","1","[[3,2,4,1,5]]","B"
"True","True","26","True","B_o053_r06713","1","[[4,2,3,1,5]]","B"
"True","True","26","True","B_o053_r06714","1","[[4,2,3,1,5]]","B"
"True","True","23","True","B_o053_r06715","1","[[3,4,2,1,5]]","B"
"True","True","23","True","B_o053_r06716","1","[[3,4,2,1,5]]","B"
"True","True","24","True","B_o053_r06717","1","[[3,4,2,1,5]]","B"
"True","True","24","True","B_o053_r06718","1","[[3,4,2,1,5]]","B"
"True","True","26","True","B_o053_r06719","1","[[4,3,2,1,5]]","B"
"True","True","26","True","B_o053_r06720","1","[[4,3,2,1,5]]","B"
"True","True","8","True","B_o054_r06721","1","[[1,2,3,4,5]]","B"
"True","True","10","True","B_o054_r06722","1","[[1,2,3,4,5]]","B"
"True","True","8","True","B_o054_r06723","1","[[1,2,4,3,5]]","B"
"True","True","14","True","B_o054_r06724","3","[[1,2,3,4,5],[1,2,4,3,5],[1,2,5,3,4]]","B"
"True","True","10","True","B_o054_r06725","1","[[1,2,4,3,5]]","B"
"True","True","14","True","B_o054_r06726","3","[[1,2,3,4,5],[1,2,4,3,5],[1,2,5,3,4]]","B"
"True","True","8","True","B_o054_r06727","1","[[1,3,2,4,5]]","B"
"True","True","10","True","B_o054_r06728","1","[[1,3,2,4,5]]","B"
"True","True","11","True","B_o054_r06729","1","[[1,4,2,3,5]]","B"
"True","True","20","True","B_o054_r06730","5","[[1,2,3,4,5],[1,2,4,3,5],[1,2,5,3,4],[1,3,2,4,5],[1,4,2,3,5]]","B"
"True","True","13","True","B_o054_r06731","1","[[1,4,2,3,5]]","B"
"True","True","20","True","B_o054_r06732","5","[[1,2,3,4,5],[1,2,4,3,5],[1,2,5,3,4],[1,3,2,4,5],[1,4,2,3,5]]","B"
"True","True","9","True","B_o054_r06733","1","[[1,3,4,2,5]]","B"
"True","True","14","True","B_o054_r06734","2","[[1,3,2,4,5],[1,3,4,2,5]]","B"
"True","True","12","True","B_o054_r06735","1","[[1,4,3,2,5]]","B"
"True","True","17","True","B_o054_r06737","2","[[1,4,2,3,5],[1,4,3,2,5]]","B"
"True","True","11","True","B_o054_r06739","1","[[1,3,4,2,5]]","B"
"True","True","14","True","B_o054_r06741","1","[[1,4,3,2,5]]","B"
"True","True","9","True","B_o054_r06745","1","[[2,1,3,4,5]]","B"
"True","True","11","True","B_o054_r06746","1","[[2,1,3,4,5]]","B"
"True","True","9","True","B_o054_r06747","1","[[2,1,4,3,5]]","B"
"True","True","15","True","B_o054_r06748","3","[[2,1,3,4,5],[2,1,4,3,5],[2,1,5,3,4]]","B"
"True","True","11","True","B_o054_r06749","1","[[2,1,4,3,5]]","B"
"True","True","15","True","B_o054_r06750","3","[[2,1,3,4,5],[2,1,4,3,5],[2,1,5,3,4]]","B"
"True","True","11","True","B_o054_r06751","1","[[3,1,2,4,5]]","B"
"True","True","13","True","B_o054_r06752","1","[[3,1,2,4,5]]","B"
"True","True","15","True","B_o054_r06753","1","[[1,4,2,3,5]]","B"
"True","True","24","True","B_o054_r06754","9","[[1,2,3,4,5],[1,2,4,3,5],[1,2,5,3,4],[1,3,2,4,5],[1,4,2,3,5],[2,1,3,4,5],[2,1,4,3,5],[2,1,5,3,4],[3,1,2,4,5]]","B"
"True","True","17","True","B_o054_r06755","1","[[1,4,2,3,5]]","B"
"True","True","24","True","B_o054_r06756","9","[[1,2,3,4,5],[1,2,4,3,5],[1,2,5,3,4],[1,3,2,4,5],[1,4,2,3,5],[2,1,3,4,5],[2,1,4,3,5],[2,1,5,3,4],[3,1,2,4,5]]","B"
"True","True","12","True","B_o054_r06757","1","[[3,1,4,2,5]]","B"
"True","True","17","True","B_o054_r06758","2","[[3,1,2,4,5],[3,1,4,2,5]]","B"
"True","True","16","True","B_o054_r06759","1","[[1,4,3,2,5]]","B"
"True","True","21","True","B_o054_r06761","2","[[1,4,2,3,5],[1,4,3,2,5]]","B"
"True","True","14","True","B_o054_r06763","1","[[3,1,4,2,5]]","B"
"True","True","18","True","B_o054_r06765","1","[[1,4,3,2,5]]","B"
"True","True","10","True","B_o054_r06769","1","[[2,3,1,4,5]]","B"
"True","True","12","True","B_o054_r06770","1","[[2,3,1,4,5]]","B"
"True","True","13","True","B_o054_r06771","1","[[2,4,1,3,5]]","B"
"True","True","21","True","B_o054_r06772","5","[[2,1,3,4,5],[2,1,4,3,5],[2,1,5,3,4],[2,3,1,4,5],[2,4,1,3,5]]","B"
"True","True","15","True","B_o054_r06773","1","[[2,4,1,3,5]]","B"
"True","True","21","True","B_o054_r06774","5","[[2,1,3,4,5],[2,1,4,3,5],[2,1,5,3,4],[2,3,1,4,5],[2,4,1,3,5]]","B"
"True","True","12","True","B_o054_r06775","1","[[3,2,1,4,5]]","B"
"True","True","14","True","B_o054_r06776","1","[[3,2,1,4,5]]","B"
"True","True","16","True","B_o054_r06777","1","[[2,4,1,3,5]]","B"
"True","True","18","True","B_o054_r06779","1","[[2,4,1,3,5]]","B"
"True","True","23","True","B_o054_r06782","3","[[3,1,2,4,5],[3,1,4,2,5],[3,2,1,4,5]]","B"
"True","True","26","True","B_o054_r06785","3","[[4,1,2,3,5],[4,1,3,2,5],[4,2,1,3,5]]","B"
"True","True","26","True","B_o054_r06786","3","[[4,1,2,3,5],[4,1,3,2,5],[4,2,1,3,5]]","B"
"True","True","12","True","B_o054_r06793","1","[[2,3,4,1,5]]","B"
"True","True","16","True","B_o054_r06794","2","[[2,3,1,4,5],[2,3,4,1,5]]","B"
"True","True","15","True","B_o054_r06795","1","[[2,4,3,1,5]]","B"
"True","True","19","True","B_o054_r06797","2","[[2,4,1,3,5],[2,4,3,1,5]]","B"
"True","True","14","True","B_o054_r06799","1","[[3,2,4,1,5]]","B"
"True","True","18","True","B_o054_r06800","2","[[3,2,1,4,5],[3,2,4,1,5]]","B"
"True","True","18","True","B_o054_r06801","1","[[2,4,3,1,5]]","B"
"True","True","22","True","B_o054_r06803","2","[[2,4,1,3,5],[2,4,3,1,5]]","B"
"True","True","23","True","B_o054_r06811","2","[[3,4,1,2,5],[3,4,2,1,5]]","B"
"True","True","23","True","B_o054_r06812","2","[[3,4,1,2,5],[3,4,2,1,5]]","B"
"True","True","24","True","B_o054_r06813","2","[[3,4,1,2,5],[3,4,2,1,5]]","B"
"True","True","24","True","B_o054_r06814","2","[[3,4,1,2,5],[3,4,2,1,5]]","B"
"True","True","26","True","B_o054_r06815","2","[[4,3,1,2,5],[4,3,2,1,5]]","B"
"True","True","26","True","B_o054_r06816","2","[[4,3,1,2,5],[4,3,2,1,5]]","B"
"True","True","14","True","B_o054_r06817","1","[[2,3,4,1,5]]","B"
"True","True","17","True","B_o054_r06819","1","[[2,4,3,1,5]]","B"
"True","True","16","True","B_o054_r06823","1","[[3,2,4,1,5]]","B"
"True","True","20","True","B_o054_r06825","1","[[2,4,3,1,5]]","B"
"True","True","8","True","B_o055_r06841","1","[[1,2,3,4,5]]","B"
"True","True","10","True","B_o055_r06842","1","[[1,2,3,4,5]]","B"
"True","True","8","True","B_o055_r06843","1","[[1,2,4,3,5]]","B"
"True","True","12","True","B_o055_r06844","3","[[1,2,3,4,5],[1,2,4,3,5],[1,2,5,3,4]]","B"
"True","True","10","True","B_o055_r06845","1","[[1,2,4,3,5]]","B"
"True","True","12","True","B_o055_r06846","3","[[1,2,3,4,5],[1,2,4,3,5],[1,2,5,3,4]]","B"
"True","True","8","True","B_o055_r06847","1","[[1,3,2,4,5]]","B"
"True","True","10","True","B_o055_r06848","1","[[1,3,2,4,5]]","B"
"True","True","11","True","B_o055_r06849","1","[[1,4,2,3,5]]","B"
"True","True","19","True","B_o055_r06850","1","[[1,5,2,3,4]]","B"
"True","True","13","True","B_o055_r06851","1","[[1,4,2,3,5]]","B"
"True","True","19","True","B_o055_r06852","1","[[1,5,2,3,4]]","B"
"True","True","8","True","B_o055_r06853","1","[[1,3,4,2,5]]","B"
"True","True","12","True","B_o055_r06854","2","[[1,3,2,4,5],[1,3,4,2,5]]","B"
"True","True","11","True","B_o055_r06855","1","[[1,4,3,2,5]]","B"
"True","True","20","True","B_o055_r06856","5","[[1,2,3,4,5],[1,3,2,4,5],[1,3,4,2,5],[1,4,3,2,5],[1,5,2,3,4]]","B"
"True","True","15","True","B_o055_r06857","2","[[1,4,2,3,5],[1,4,3,2,5]]","B"
"True","True","20","True","B_o055_r06858","5","[[1,2,4,3,5],[1,3,4,2,5],[1,4,2,3,5],[1,4,3,2,5],[1,5,2,3,4]]","B"
"True","True","10","True","B_o055_r06859","1","[[1,3,4,2,5]]","B"
"True","True","13","True","B_o055_r06861","1","[[1,4,3,2,5]]","B"
"True","True","20","True","B_o055_r06862","4","[[1,2,3,4,5],[1,3,2,4,5],[1,3,4,2,5],[1,4,3,2,5]]","B"
"True","True","20","True","B_o055_r06864","4","[[1,2,4,3,5],[1,3,4,2,5],[1,4,2,3,5],[1,4,3,2,5]]","B"
"True","True","9","True","B_o055_r06865","1","[[2,1,3,4,5]]","B"
"True","True","11","True","B_o055_r06866","1","[[2,1,3,4,5]]","B"
"True","True","9","True","B_o055_r06867","1","[[2,1,4,3,5]]","B"
"True","True","13","True","B_o055_r06868","3","[[2,1,3,4,5],[2,1,4,3,5],[2,1,5,3,4]]","B"
"True","True","11","True","B_o055_r06869","1","[[2,1,4,3,5]]","B"
"True","True","13","True","B_o055_r06870","3","[[2,1,3,4,5],[2,1,4,3,5],[2,1,5,3,4]]","B"
"True","True","11","True","B_o055_r06871","1","[[3,1,2,4,5]]","B"
"True","True","13","True","B_o055_r06872","1","[[3,1,2,4,5]]","B"
"True","True","15","True","B_o055_r06873","1","[[1,4,2,3,5]]","B"
"True","True","23","True","B_o055_r06874","1","[[1,5,2,3,4]]","B"
"True","True","17","True","B_o055_r06875","1","[[1,4,2,3,5]]","B"
"True","True","23","True","B_o055_r06876","1","[[1,5,2,3,4]]","B"
"True","True","11","True","B_o055_r06877","1","[[3,1,4,2,5]]","B"
"True","True","15","True","B_o055_r06878","2","[[3,1,2,4,5],[3,1,4,2,5]]","B"
"True","True","15","True","B_o055_r06879","1","[[1,4,3,2,5]]","B"
"True","True","24","True","B_o055_r06880","8","[[1,2,3,4,5],[1,3,2,4,5],[1,3,4,2,5],[1,4,3,2,5],[1,5,2,3,4],[2,1,3,4,5],[3,1,2,4,5],[3,1,4,2,5]]","B"
"True","True","19","True","B_o055_r06881","2","[[1,4,2,3,5],[1,4,3,2,5]]","B"
"True","True","24","True","B_o055_r06882","7","[[1,2,4,3,5],[1,3,4,2,5],[1,4,2,3,5],[1,4,3,2,5],[1,5,2,3,4],[2,1,4,3,5],[3,1,4,2,5]]","B"
"True","True","13","True","B_o055_r06883","1","[[3,1,4,2,5]]","B"
"True","True","17","True","B_o055_r06885","1","[[1,4,3,2,5]]","B"
"True","True","24","True","B_o055_r06886","7","[[1,2,3,4,5],[1,3,2,4,5],[1,3,4,2,5],[1,4,3,2,5],[2,1,3,4,5],[3,1,2,4,5],[3,1,4,2,5]]","B"
"True","True","24","True","B_o055_r06888","6","[[1,2,4,3,5],[1,3,4,2,5],[1,4,2,3,5],[1,4,3,2,5],[2,1,4,3,5],[3,1,4,2,5]]","B"
"True","True","10","True","B_o055_r06889","1","[[2,3,1,4,5]]","B"
"True","True","12","True","B_o055_r06890","1","[[2,3,1,4,5]]","B"
"True","True","13","True","B_o055_r06891","1","[[2,4,1,3,5]]","B"
"True","True","21","True","B_o055_r06892","6","[[2,1,3,4,5],[2,1,4,3,5],[2,1,5,3,4],[2,3,1,4,5],[2,4,1,3,5],[2,5,1,3,4]]","B"
"True","True","15","True","B_o055_r06893","1","[[2,4,1,3,5]]","B"
"True","True","21","True","B_o055_r06894","6","[[2,1,3,4,5],[2,1,4,3,5],[2,1,5,3,4],[2,3,1,4,5],[2,4,1,3,5],[2,5,1,3,4]]","B"
"True","True","12","True","B_o055_r06895","1","[[3,2,1,4,5]]","B"
"True","True","14","True","B_o055_r06896","1","[[3,2,1,4,5]]","B"
"True","True","16","True","B_o055_r06897","1","[[2,4,1,3,5]]","B"
"True","True","18","True","B_o055_r06899","1","[[2,4,1,3,5]]","B"
"True","True","17","True","B_o055_r06901","1","[[3,4,1,2,5]]","B"
"True","True","23","True","B_o055_r06902","4","[[3,1,2,4,5],[3,1,4,2,5],[3,2,1,4,5],[3,4,1,2,5]]","B"
"True","True","18","True","B_o055_r06903","1","[[3,4,1,2,5]]","B"
"True","True","26","True","B_o055_r06905","4","[[4,1,2,3,5],[4,1,3,2,5],[4,2,1,3,5],[4,3,1,2,5]]","B"
"True","True","26","True","B_o055_r06906","4","[[4,1,2,3,5],[4,1,3,2,5],[4,2,1,3,5],[4,3,1,2,5]]","B"
"True","True","19","True","B_o055_r06907","1","[[3,4,1,2,5]]","B"
"True","True","20","True","B_o055_r06909","1","[[3,4,1,2,5]]","B"
"True","True","10","True","B_o055_r06913","1","[[2,3,4,1,5]]","B"
"True","True","14","True","B_o055_r06914","2","[[2,3,1,4,5],[2,3,4,1,5]]","B"
"True","True","13","True","B_o055_r06915","1","[[2,4,3,1,5]]","B"
"True","True","17","True","B_o055_r06917","2","[[2,4,1,3,5],[2,4,3,1,5]]","B"
"True","True","12","True","B_o055_r06919","1","[[3,2,4,1,5]]","B"
"True","True","16","True","B_o055_r06920","2","[[3,2,1,4,5],[3,2,4,1,5]]","B"
"True","True","16","True","B_o055_r06921","1","[[2,4,3,1,5]]","B"
"True","True","20","True","B_o055_r06923","2","[[2,4,1,3,5],[2,4,3,1,5]]","B"
"True","True","17","True","B_o055_r06925","1","[[3,4,2,1,5]]","B"
"True","True","18","True","B_o055_r06927","1","[[3,4,2,1,5]]","B"
"True","True","21","True","B_o055_r06931","2","[[3,4,1,2,5],[3,4,2,1,5]]","B"
"True","True","22","True","B_o055_r06933","2","[[3,4,1,2,5],[3,4,2,1,5]]","B"
"True","True","12","True","B_o055_r06937","1","[[2,3,4,1,5]]","B"
"True","True","15","True","B_o055_r06939","1","[[2,4,3,1,5]]","B"
"True","True","14","True","B_o055_r06943","1","[[3,2,4,1,5]]","B"
"True","True","18","True","B_o055_r06945","1","[[2,4,3,1,5]]","B"
"True","True","19","True","B_o055_r06949","1","[[3,4,2,1,5]]","B"
"True","True","20","True","B_o055_r06951","1","[[3,4,2,1,5]]","B"
"True","True","15","True","B_o056_r06961","2","[[1,2,3,4,5],[1,3,2,4,5]]","B"
"True","True","15","True","B_o056_r06962","2","[[1,2,3,4,5],[1,3,2,4,5]]","B"
"True","True","16","True","B_o056_r06963","1","[[1,2,4,3,5]]","B"
"True","True","17","True","B_o056_r06964","2","[[1,2,3,4,5],[1,3,2,4,5]]","B"
"True","True","16","True","B_o056_r06965","1","[[1,2,4,3,5]]","B"
"True","True","17","True","B_o056_r06966","1","[[1,2,4,3,5]]","B"
"True","True","17","True","B_o056_r06969","1","[[1,4,2,3,5]]","B"
"True","True","19","True","B_o056_r06970","2","[[1,2,3,4,5],[1,3,2,4,5]]","B"
"True","True","17","True","B_o056_r06971","1","[[1,4,2,3,5]]","B"
"True","True","19","True","B_o056_r06972","1","[[1,2,4,3,5]]","B"
"True","True","18","True","B_o056_r06975","1","[[1,4,2,3,5]]","B"
"True","True","18","True","B_o056_r06977","1","[[1,4,2,3,5]]","B"
"True","True","19","True","B_o056_r06978","1","[[1,4,2,3,5]]","B"
"True","True","18","True","B_o056_r06979","1","[[1,3,4,2,5]]","B"
"True","True","18","True","B_o056_r06980","1","[[1,3,4,2,5]]","B"
"True","True","19","True","B_o056_r06981","1","[[1,4,3,2,5]]","B"
"True","True","20","True","B_o056_r06982","1","[[1,3,4,2,5]]","B"
"True","True","19","True","B_o056_r06983","1","[[1,4,3,2,5]]","B"
"True","True","20","True","B_o056_r06984","1","[[1,4,3,2,5]]","B"
"True","True","16","True","B_o056_r06985","2","[[2,1,3,4,5],[2,3,1,4,5]]","B"
"True","True","16","True","B_o056_r06986","2","[[2,1,3,4,5],[2,3,1,4,5]]","B"
"True","True","17","True","B_o056_r06987","1","[[2,1,4,3,5]]","B"
"True","True","18","True","B_o056_r06988","2","[[2,1,3,4,5],[2,3,1,4,5]]","B"
"True","True","17","True","B_o056_r06989","1","[[2,1,4,3,5]]","B"
"True","True","18","True","B_o056_r06990","1","[[2,1,4,3,5]]","B"
"True","True","18","True","B_o056_r06991","2","[[3,1,2,4,5],[3,2,1,4,5]]","B"
"True","True","18","True","B_o056_r06992","2","[[3,1,2,4,5],[3,2,1,4,5]]","B"
"True","True","23","True","B_o056_r06993","2","[[1,4,2,3,5],[4,1,2,3,5]]","B"
"True","True","25","True","B_o056_r06994","6","[[1,2,3,4,5],[1,3,2,4,5],[2,1,3,4,5],[2,3,1,4,5],[3,1,2,4,5],[3,2,1,4,5]]","B"
"True","True","23","True","B_o056_r06995","2","[[1,4,2,3,5],[4,1,2,3,5]]","B"
"True","True","25","True","B_o056_r06996","2","[[1,2,4,3,5],[2,1,4,3,5]]","B"
"True","True","20","True","B_o056_r06997","2","[[3,1,2,4,5],[3,2,1,4,5]]","B"
"True","True","20","True","B_o056_r06998","2","[[3,1,2,4,5],[3,2,1,4,5]]","B"
"True","True","24","True","B_o056_r06999","2","[[1,4,2,3,5],[4,1,2,3,5]]","B"
"True","True","24","True","B_o056_r07001","2","[[1,4,2,3,5],[4,1,2,3,5]]","B"
"True","True","25","True","B_o056_r07002","1","[[1,4,2,3,5]]","B"
"True","True","21","True","B_o056_r07003","1","[[3,1,4,2,5]]","B"
"True","True","21","True","B_o056_r07004","1","[[3,1,4,2,5]]","B"
"True","True","25","True","B_o056_r07005","2","[[1,4,3,2,5],[4,1,3,2,5]]","B"
"True","True","26","True","B_o056_r07006","2","[[1,3,4,2,5],[3,1,4,2,5]]","B"
"True","True","25","True","B_o056_r07007","2","[[1,4,3,2,5],[4,1,3,2,5]]","B"
"True","True","26","True","B_o056_r07008","1","[[1,4,3,2,5]]","B"
"True","True","20","True","B_o056_r07012","2","[[2,1,3,4,5],[2,3,1,4,5]]","B"
"True","True","20","True","B_o056_r07014","1","[[2,1,4,3,5]]","B"
"True","True","22","True","B_o056_r07021","2","[[3,1,2,4,5],[3,2,1,4,5]]","B"
"True","True","22","True","B_o056_r07022","2","[[3,1,2,4,5],[3,2,1,4,5]]","B"
"True","True","25","True","B_o056_r07025","1","[[4,1,2,3,5]]","B"
"True","True","25","True","B_o056_r07026","1","[[4,1,2,3,5]]","B"
"True","True","23","True","B_o056_r07027","1","[[3,1,4,2,5]]","B"
"True","True","23","True","B_o056_r07028","1","[[3,1,4,2,5]]","B"
"True","True","26","True","B_o056_r07031","1","[[4,1,3,2,5]]","B"
"True","True","26","True","B_o056_r07032","1","[[4,1,3,2,5]]","B"
"True","True","20","True","B_o056_r07037","1","[[2,4,1,3,5]]","B"
"True","True","20","True","B_o056_r07038","1","[[2,4,1,3,5]]","B"
"True","True","25","True","B_o056_r07043","2","[[2,4,1,3,5],[4,2,1,3,5]]","B"
"True","True","25","True","B_o056_r07044","1","[[2,4,1,3,5]]","B"
"True","True","25","True","B_o056_r07049","1","[[4,2,1,3,5]]","B"
"True","True","25","True","B_o056_r07050","1","[[4,2,1,3,5]]","B"
"True","True","13","True","B_o057_r07081","2","[[1,2,3,4,5],[1,3,2,4,5]]","B"
"True","True","14","True","B_o057_r07082","2","[[1,2,3,4,5],[1,3,2,4,5]]","B"
"True","True","14","True","B_o057_r07083","1","[[1,2,4,3,5]]","B"
"True","True","16","True","B_o057_r07084","2","[[1,2,3,4,5],[1,3,2,4,5]]","B"
"True","True","15","True","B_o057_r07085","1","[[1,2,4,3,5]]","B"
"True","True","16","True","B_o057_r07086","1","[[1,2,4,3,5]]","B"
"True","True","15","True","B_o057_r07089","1","[[1,4,2,3,5]]","B"
"True","True","18","True","B_o057_r07090","2","[[1,2,3,4,5],[1,3,2,4,5]]","B"
"True","True","16","True","B_o057_r07091","1","[[1,4,2,3,5]]","B"
"True","True","18","True","B_o057_r07092","1","[[1,2,4,3,5]]","B"
"True","True","16","True","B_o057_r07095","1","[[1,4,2,3,5]]","B"
"True","True","17","True","B_o057_r07097","1","[[1,4,2,3,5]]","B"
"True","True","18","True","B_o057_r07098","1","[[1,4,2,3,5]]","B"
"True","True","17","True","B_o057_r07099","1","[[1,3,4,2,5]]","B"
"True","True","17","True","B_o057_r07100","1","[[1,3,4,2,5]]","B"
"True","True","18","True","B_o057_r07101","1","[[1,4,3,2,5]]","B"
"True","True","19","True","B_o057_r07102","1","[[1,3,4,2,5]]","B"
"True","True","18","True","B_o057_r07103","1","[[1,4,3,2,5]]","B"
"True","True","19","True","B_o057_r07104","1","[[1,4,3,2,5]]","B"
"True","True","14","True","B_o057_r07105","2","[[2,1,3,4,5],[2,3,1,4,5]]","B"
"True","True","15","True","B_o057_r07106","2","[[2,1,3,4,5],[2,3,1,4,5]]","B"
"True","True","15","True","B_o057_r07107","1","[[2,1,4,3,5]]","B"
"True","True","17","True","B_o057_r07108","2","[[2,1,3,4,5],[2,3,1,4,5]]","B"
"True","True","16","True","B_o057_r07109","1","[[2,1,4,3,5]]","B"
"True","True","17","True","B_o057_r07110","1","[[2,1,4,3,5]]","B"
"True","True","16","True","B_o057_r07111","2","[[3,1,2,4,5],[3,2,1,4,5]]","B"
"True","True","17","True","B_o057_r07112","2","[[3,1,2,4,5],[3,2,1,4,5]]","B"
"True","True","21","True","B_o057_r07113","2","[[1,4,2,3,5],[4,1,2,3,5]]","B"
"True","True","24","True","B_o057_r07114","6","[[1,2,3,4,5],[1,3,2,4,5],[2,1,3,4,5],[2,3,1,4,5],[3,1,2,4,5],[3,2,1,4,5]]","B"
"True","True","22","True","B_o057_r07115","2","[[1,4,2,3,5],[4,1,2,3,5]]","B"
"True","True","24","True","B_o057_r07116","2","[[1,2,4,3,5],[2,1,4,3,5]]","B"
"True","True","18","True","B_o057_r07117","2","[[3,1,2,4,5],[3,2,1,4,5]]","B"
"True","True","19","True","B_o057_r07118","2","[[3,1,2,4,5],[3,2,1,4,5]]","B"
"True","True","22","True","B_o057_r07119","2","[[1,4,2,3,5],[4,1,2,3,5]]","B"
"True","True","23","True","B_o057_r07121","2","[[1,4,2,3,5],[4,1,2,3,5]]","B"
"True","True","24","True","B_o057_r07122","1","[[1,4,2,3,5]]","B"
"True","True","20","True","B_o057_r07123","1","[[3,1,4,2,5]]","B"
"True","True","20","True","B_o057_r07124","1","[[3,1,4,2,5]]","B"
"True","True","24","True","B_o057_r07125","2","[[1,4,3,2,5],[4,1,3,2,5]]","B"
"True","True","25","True","B_o057_r07126","2","[[1,3,4,2,5],[3,1,4,2,5]]","B"
"True","True","24","True","B_o057_r07127","2","[[1,4,3,2,5],[4,1,3,2,5]]","B"
"True","True","25","True","B_o057_r07128","1","[[1,4,3,2,5]]","B"
"True","True","19","True","B_o057_r07132","2","[[2,1,3,4,5],[2,3,1,4,5]]","B"
"True","True","19","True","B_o057_r07134","1","[[2,1,4,3,5]]","B"
"True","True","20","True","B_o057_r07141","2","[[3,1,2,4,5],[3,2,1,4,5]]","B"
"True","True","21","True","B_o057_r07142","2","[[3,1,2,4,5],[3,2,1,4,5]]","B"
"True","True","24","True","B_o057_r07145","1","[[4,1,2,3,5]]","B"
"True","True","24","True","B_o057_r07146","1","[[4,1,2,3,5]]","B"
"True","True","22","True","B_o057_r07147","1","[[3,1,4,2,5]]","B"
"True","True","22","True","B_o057_r07148","1","[[3,1,4,2,5]]","B"
"True","True","25","True","B_o057_r07151","1","[[4,1,3,2,5]]","B"
"True","True","25","True","B_o057_r07152","1","[[4,1,3,2,5]]","B"
"True","True","19","True","B_o057_r07157","1","[[2,4,1,3,5]]","B"
"True","True","19","True","B_o057_r07158","1","[[2,4,1,3,5]]","B"
"True","True","24","True","B_o057_r07163","2","[[2,4,1,3,5],[4,2,1,3,5]]","B"
"True","True","24","True","B_o057_r07164","1","[[2,4,1,3,5]]","B"
"True","True","24","True","B_o057_r07169","1","[[4,2,1,3,5]]","B"
"True","True","24","True","B_o057_r07170","1","[[4,2,1,3,5]]","B"
"True","True","19","True","B_o057_r07177","1","[[2,3,4,1,5]]","B"
"True","True","19","True","B_o057_r07178","1","[[2,3,4,1,5]]","B"
"True","True","21","True","B_o057_r07180","1","[[2,3,4,1,5]]","B"
"True","True","21","True","B_o057_r07181","1","[[2,4,3,1,5]]","B"
"True","True","21","True","B_o057_r07182","1","[[2,4,3,1,5]]","B"
"True","True","21","True","B_o057_r07183","1","[[3,2,4,1,5]]","B"
"True","True","21","True","B_o057_r07184","1","[[3,2,4,1,5]]","B"
"True","True","26","True","B_o057_r07186","2","[[2,3,4,1,5],[3,2,4,1,5]]","B"
"True","True","26","True","B_o057_r07187","2","[[2,4,3,1,5],[4,2,3,1,5]]","B"
"True","True","26","True","B_o057_r07188","1","[[2,4,3,1,5]]","B"
"True","True","23","True","B_o057_r07189","1","[[3,2,4,1,5]]","B"
"True","True","23","True","B_o057_r07190","1","[[3,2,4,1,5]]","B"
"True","True","26","True","B_o057_r07193","1","[[4,2,3,1,5]]","B"
"True","True","26","True","B_o057_r07194","1","[[4,2,3,1,5]]","B"
"True","True","11","True","B_o058_r07201","2","[[1,2,3,4,5],[1,3,2,4,5]]","B"
"True","True","14","True","B_o058_r07202","2","[[1,2,3,4,5],[1,3,2,4,5]]","B"
"True","True","12","True","B_o058_r07203","1","[[1,2,4,3,5]]","B"
"True","True","16","True","B_o058_r07204","2","[[1,2,3,4,5],[1,3,2,4,5]]","B"
"True","True","15","True","B_o058_r07205","1","[[1,2,4,3,5]]","B"
"True","True","16","True","B_o058_r07206","1","[[1,2,4,3,5]]","B"
"True","True","13","True","B_o058_r07209","1","[[1,4,2,3,5]]","B"
"True","True","18","True","B_o058_r07210","2","[[1,2,3,4,5],[1,3,2,4,5]]","B"
"True","True","16","True","B_o058_r07211","1","[[1,4,2,3,5]]","B"
"True","True","18","True","B_o058_r07212","1","[[1,2,4,3,5]]","B"
"True","True","14","True","B_o058_r07215","1","[[1,4,2,3,5]]","B"
"True","True","17","True","B_o058_r07217","1","[[1,4,2,3,5]]","B"
"True","True","18","True","B_o058_r07218","1","[[1,4,2,3,5]]","B"
"True","True","17","True","B_o058_r07219","1","[[1,3,4,2,5]]","B"
"True","True","17","True","B_o058_r07220","1","[[1,3,4,2,5]]","B"
"True","True","18","True","B_o058_r07221","1","[[1,4,3,2,5]]","B"
"True","True","19","True","B_o058_r07222","1","[[1,3,4,2,5]]","B"
"True","True","18","True","B_o058_r07223","1","[[1,4,3,2,5]]","B"
"True","True","19","True","B_o058_r07224","1","[[1,4,3,2,5]]","B"
"True","True","12","True","B_o058_r07225","2","[[2,1,3,4,5],[2,3,1,4,5]]","B"
"True","True","15","True","B_o058_r07226","2","[[2,1,3,4,5],[2,3,1,4,5]]","B"
"True","True","13","True","B_o058_r07227","1","[[2,1,4,3,5]]","B"
"True","True","17","True","B_o058_r07228","2","[[2,1,3,4,5],[2,3,1,4,5]]","B"
"True","True","16","True","B_o058_r07229","1","[[2,1,4,3,5]]","B"
"True","True","17","True","B_o058_r07230","1","[[2,1,4,3,5]]","B"
"True","True","14","True","B_o058_r07231","2","[[3,1,2,4,5],[3,2,1,4,5]]","B"
"True","True","17","True","B_o058_r07232","2","[[3,1,2,4,5],[3,2,1,4,5]]","B"
"True","True","19","True","B_o058_r07233","2","[[1,4,2,3,5],[4,1,2,3,5]]","B"
"True","True","24","True","B_o058_r07234","6","[[1,2,3,4,5],[1,3,2,4,5],[2,1,3,4,5],[2,3,1,4,5],[3,1,2,4,5],[3,2,1,4,5]]","B"
"True","True","22","True","B_o058_r07235","2","[[1,4,2,3,5],[4,1,2,3,5]]","B"
"True","True","24","True","B_o058_r07236","2","[[1,2,4,3,5],[2,1,4,3,5]]","B"
"True","True","16","True","B_o058_r07237","2","[[3,1,2,4,5],[3,2,1,4,5]]","B"
"True","True","19","True","B_o058_r07238","2","[[3,1,2,4,5],[3,2,1,4,5]]","B"
"True","True","20","True","B_o058_r07239","2","[[1,4,2,3,5],[4,1,2,3,5]]","B"
"True","True","23","True","B_o058_r07241","2","[[1,4,2,3,5],[4,1,2,3,5]]","B"
"True","True","24","True","B_o058_r07242","1","[[1,4,2,3,5]]","B"
"True","True","20","True","B_o058_r07243","1","[[3,1,4,2,5]]","B"
"True","True","20","True","B_o058_r07244","1","[[3,1,4,2,5]]","B"
"True","True","24","True","B_o058_r07245","2","[[1,4,3,2,5],[4,1,3,2,5]]","B"
"True","True","25","True","B_o058_r07246","2","[[1,3,4,2,5],[3,1,4,2,5]]","B"
"True","True","24","True","B_o058_r07247","2","[[1,4,3,2,5],[4,1,3,2,5]]","B"
"True","True","25","True","B_o058_r07248","1","[[1,4,3,2,5]]","B"
"True","True","19","True","B_o058_r07252","2","[[2,1,3,4,5],[2,3,1,4,5]]","B"
"True","True","19","True","B_o058_r07254","1","[[2,1,4,3,5]]","B"
"True","True","18","True","B_o058_r07261","2","[[3,1,2,4,5],[3,2,1,4,5]]","B"
"True","True","21","True","B_o058_r07262","2","[[3,1,2,4,5],[3,2,1,4,5]]","B"
"True","True","24","True","B_o058_r07265","1","[[4,1,2,3,5]]","B"
"True","True","24","True","B_o058_r07266","1","[[4,1,2,3,5]]","B"
"True","True","22","True","B_o058_r07267","1","[[3,1,4,2,5]]","B"
"True","True","22","True","B_o058_r07268","1","[[3,1,4,2,5]]","B"
"True","True","25","True","B_o058_r07271","1","[[4,1,3,2,5]]","B"
"True","True","25","True","B_o058_r07272","1","[[4,1,3,2,5]]","B"
"True","True","19","True","B_o058_r07277","1","[[2,4,1,3,5]]","B"
"True","True","19","True","B_o058_r07278","1","[[2,4,1,3,5]]","B"
"True","True","24","True","B_o058_r07283","2","[[2,4,1,3,5],[4,2,1,3,5]]","B"
"True","True","24","True","B_o058_r07284","1","[[2,4,1,3,5]]","B"
"True","True","24","True","B_o058_r07289","1","[[4,2,1,3,5]]","B"
"True","True","24","True","B_o058_r07290","1","[[4,2,1,3,5]]","B"
"True","True","19","True","B_o058_r07297","1","[[2,3,4,1,5]]","B"
"True","True","19","True","B_o058_r07298","1","[[2,3,4,1,5]]","B"
"True","True","21","True","B_o058_r07300","1","[[2,3,4,1,5]]","B"
"True","True","21","True","B_o058_r07301","1","[[2,4,3,1,5]]","B"
"True","True","21","True","B_o058_r07302","1","[[2,4,3,1,5]]","B"
"True","True","21","True","B_o058_r07303","1","[[3,2,4,1,5]]","B"
"True","True","21","True","B_o058_r07304","1","[[3,2,4,1,5]]","B"
"True","True","26","True","B_o058_r07306","2","[[2,3,4,1,5],[3,2,4,1,5]]","B"
"True","True","26","True","B_o058_r07307","2","[[2,4,3,1,5],[4,2,3,1,5]]","B"
"True","True","26","True","B_o058_r07308","1","[[2,4,3,1,5]]","B"
"True","True","23","True","B_o058_r07309","1","[[3,2,4,1,5]]","B"
"True","True","23","True","B_o058_r07310","1","[[3,2,4,1,5]]","B"
"True","True","26","True","B_o058_r07313","1","[[4,2,3,1,5]]","B"
"True","True","26","True","B_o058_r07314","1","[[4,2,3,1,5]]","B"
"True","True","11","True","B_o059_r07321","2","[[1,2,3,4,5],[1,3,2,4,5]]","B"
"True","True","12","True","B_o059_r07322","2","[[1,2,3,4,5],[1,3,2,4,5]]","B"
"True","True","12","True","B_o059_r07323","1","[[1,2,4,3,5]]","B"
"True","True","16","True","B_o059_r07324","2","[[1,2,3,4,5],[1,3,2,4,5]]","B"
"True","True","13","True","B_o059_r07325","1","[[1,2,4,3,5]]","B"
"True","True","16","True","B_o059_r07326","1","[[1,2,4,3,5]]","B"
"True","True","13","True","B_o059_r07329","1","[[1,4,2,3,5]]","B"
"True","True","18","True","B_o059_r07330","2","[[1,2,3,4,5],[1,3,2,4,5]]","B"
"True","True","14","True","B_o059_r07331","1","[[1,4,2,3,5]]","B"
"True","True","18","True","B_o059_r07332","1","[[1,2,4,3,5]]","B"
"True","True","14","True","B_o059_r07333","1","[[1,3,4,2,5]]","B"
"True","True","15","True","B_o059_r07335","1","[[1,4,3,2,5]]","B"
"True","True","17","True","B_o059_r07337","1","[[1,4,2,3,5]]","B"
"True","True","18","True","B_o059_r07338","1","[[1,4,2,3,5]]","B"
"True","True","15","True","B_o059_r07339","1","[[1,3,4,2,5]]","B"
"True","True","16","True","B_o059_r07340","1","[[1,3,4,2,5]]","B"
"True","True","16","True","B_o059_r07341","1","[[1,4,3,2,5]]","B"
"True","True","18","True","B_o059_r07342","1","[[1,3,4,2,5]]","B"
"True","True","17","True","B_o059_r07343","1","[[1,4,3,2,5]]","B"
"True","True","18","True","B_o059_r07344","1","[[1,4,3,2,5]]","B"
"True","True","12","True","B_o059_r07345","2","[[2,1,3,4,5],[2,3,1,4,5]]","B"
"True","True","13","True","B_o059_r07346","2","[[2,1,3,4,5],[2,3,1,4,5]]","B"
"True","True","13","True","B_o059_r07347","1","[[2,1,4,3,5]]","B"
"True","True","17","True","B_o059_r07348","2","[[2,1,3,4,5],[2,3,1,4,5]]","B"
"True","True","14","True","B_o059_r07349","1","[[2,1,4,3,5]]","B"
"True","True","17","True","B_o059_r07350","1","[[2,1,4,3,5]]","B"
"True","True","14","True","B_o059_r07351","2","[[3,1,2,4,5],[3,2,1,4,5]]","B"
"True","True","15","True","B_o059_r07352","2","[[3,1,2,4,5],[3,2,1,4,5]]","B"
"True","True","19","True","B_o059_r07353","2","[[1,4,2,3,5],[4,1,2,3,5]]","B"
"True","True","24","True","B_o059_r07354","6","[[1,2,3,4,5],[1,3,2,4,5],[2,1,3,4,5],[2,3,1,4,5],[3,1,2,4,5],[3,2,1,4,5]]","B"
"True","True","20","True","B_o059_r07355","2","[[1,4,2,3,5],[4,1,2,3,5]]","B"
"True","True","24","True","B_o059_r07356","2","[[1,2,4,3,5],[2,1,4,3,5]]","B"
"True","True","17","True","B_o059_r07357","1","[[3,1,4,2,5]]","B"
"True","True","19","True","B_o059_r07358","2","[[3,1,2,4,5],[3,2,1,4,5]]","B"
"True","True","21","True","B_o059_r07359","2","[[1,4,3,2,5],[4,1,3,2,5]]","B"
"True","True","23","True","B_o059_r07361","2","[[1,4,2,3,5],[4,1,2,3,5]]","B"
"True","True","24","True","B_o059_r07362","1","[[1,4,2,3,5]]","B"
"True","True","18","True","B_o059_r07363","1","[[3,1,4,2,5]]","B"
"True","True","19","True","B_o059_r07364","1","[[3,1,4,2,5]]","B"
"True","True","22","True","B_o059_r07365","2","[[1,4,3,2,5],[4,1,3,2,5]]","B"
"True","True","24","True","B_o059_r07366","2","[[1,3,4,2,5],[3,1,4,2,5]]","B"
"True","True","23","True","B_o059_r07367","2","[[1,4,3,2,5],[4,1,3,2,5]]","B"
"True","True","24","True","B_o059_r07368","1","[[1,4,3,2,5]]","B"
"True","True","19","True","B_o059_r07372","2","[[2,1,3,4,5],[2,3,1,4,5]]","B"
"True","True","19","True","B_o059_r07374","1","[[2,1,4,3,5]]","B"
"True","True","19","True","B_o059_r07381","1","[[3,1,4,2,5]]","B"
"True","True","21","True","B_o059_r07382","2","[[3,1,2,4,5],[3,2,1,4,5]]","B"
"True","True","24","True","B_o059_r07385","1","[[4,1,2,3,5]]","B"
"True","True","24","True","B_o059_r07386","1","[[4,1,2,3,5]]","B"
"True","True","20","True","B_o059_r07387","1","[[3,1,4,2,5]]","B"
"True","True","21","True","B_o059_r07388","1","[[3,1,4,2,5]]","B"
"True","True","24","True","B_o059_r07391","1","[[4,1,3,2,5]]","B"
"True","True","24","True","B_o059_r07392","1","[[4,1,3,2,5]]","B"
"True","True","19","True","B_o059_r07397","1","[[2,4,1,3,5]]","B"
"True","True","19","True","B_o059_r07398","1","[[2,4,1,3,5]]","B"
"True","True","24","True","B_o059_r07403","2","[[2,4,1,3,5],[4,2,1,3,5]]","B"
"True","True","24","True","B_o059_r07404","1","[[2,4,1,3,5]]","B"
"True","True","24","True","B_o059_r07409","1","[[4,2,1,3,5]]","B"
"True","True","24","True","B_o059_r07410","1","[[4,2,1,3,5]]","B"
"True","True","23","True","B_o059_r07411","1","[[3,4,1,2,5]]","B"
"True","True","23","True","B_o059_r07412","1","[[3,4,1,2,5]]","B"
"True","True","26","True","B_o059_r07413","2","[[3,4,1,2,5],[4,3,1,2,5]]","B"
"True","True","26","True","B_o059_r07414","1","[[3,4,1,2,5]]","B"
"True","True","26","True","B_o059_r07415","1","[[4,3,1,2,5]]","B"
"True","True","26","True","B_o059_r07416","1","[[4,3,1,2,5]]","B"
"True","True","17","True","B_o059_r07417","1","[[2,3,4,1,5]]","B"
"True","True","17","True","B_o059_r07418","1","[[2,3,4,1,5]]","B"
"True","True","19","True","B_o059_r07420","1","[[2,3,4,1,5]]","B"
"True","True","19","True","B_o059_r07421","1","[[2,4,3,1,5]]","B"
"True","True","19","True","B_o059_r07422","1","[[2,4,3,1,5]]","B"
"True","True","19","True","B_o059_r07423","1","[[3,2,4,1,5]]","B"
"True","True","19","True","B_o059_r07424","1","[[3,2,4,1,5]]","B"
"True","True","24","True","B_o059_r07426","2","[[2,3,4,1,5],[3,2,4,1,5]]","B"
"True","True","24","True","B_o059_r07427","2","[[2,4,3,1,5],[4,2,3,1,5]]","B"
"True","True","24","True","B_o059_r07428","1","[[2,4,3,1,5]]","B"
"True","True","21","True","B_o059_r07429","1","[[3,2,4,1,5]]","B"
"True","True","21","True","B_o059_r07430","1","[[3,2,4,1,5]]","B"
"True","True","24","True","B_o059_r07433","1","[[4,2,3,1,5]]","B"
"True","True","24","True","B_o059_r07434","1","[[4,2,3,1,5]]","B"
"True","True","23","True","B_o059_r07435","1","[[3,4,2,1,5]]","B"
"True","True","23","True","B_o059_r07436","1","[[3,4,2,1,5]]","B"
"True","True","26","True","B_o059_r07437","2","[[3,4,2,1,5],[4,3,2,1,5]]","B"
"True","True","26","True","B_o059_r07438","1","[[3,4,2,1,5]]","B"
"True","True","26","True","B_o059_r07439","1","[[4,3,2,1,5]]","B"
"True","True","26","True","B_o059_r07440","1","[[4,3,2,1,5]]","B"
"True","True","9","True","B_o060_r07441","2","[[1,2,3,4,5],[1,3,2,4,5]]","B"
"True","True","12","True","B_o060_r07442","2","[[1,2,3,4,5],[1,3,2,4,5]]","B"
"True","True","10","True","B_o060_r07443","1","[[1,2,4,3,5]]","B"
"True","True","16","True","B_o060_r07444","2","[[1,2,3,4,5],[1,3,2,4,5]]","B"
"True","True","13","True","B_o060_r07445","1","[[1,2,4,3,5]]","B"
"True","True","16","True","B_o060_r07446","1","[[1,2,4,3,5]]","B"
"True","True","11","True","B_o060_r07449","1","[[1,4,2,3,5]]","B"
"True","True","18","True","B_o060_r07450","2","[[1,2,3,4,5],[1,3,2,4,5]]","B"
"True","True","14","True","B_o060_r07451","1","[[1,4,2,3,5]]","B"
"True","True","18","True","B_o060_r07452","1","[[1,2,4,3,5]]","B"
"True","True","12","True","B_o060_r07453","1","[[1,3,4,2,5]]","B"
"True","True","13","True","B_o060_r07455","1","[[1,4,3,2,5]]","B"
"True","True","17","True","B_o060_r07457","1","[[1,4,2,3,5]]","B"
"True","True","18","True","B_o060_r07458","1","[[1,4,2,3,5]]","B"
"True","True","15","True","B_o060_r07459","1","[[1,3,4,2,5]]","B"
"True","True","16","True","B_o060_r07460","1","[[1,3,4,2,5]]","B"
"True","True","16","True","B_o060_r07461","1","[[1,4,3,2,5]]","B"
"True","True","18","True","B_o060_r07462","1","[[1,3,4,2,5]]","B"
"True","True","17","True","B_o060_r07463","1","[[1,4,3,2,5]]","B"
"True","True","18","True","B_o060_r07464","1","[[1,4,3,2,5]]","B"
"True","True","10","True","B_o060_r07465","2","[[2,1,3,4,5],[2,3,1,4,5]]","B"
"True","True","13","True","B_o060_r07466","2","[[2,1,3,4,5],[2,3,1,4,5]]","B"
"True","True","11","True","B_o060_r07467","1","[[2,1,4,3,5]]","B"
"True","True","17","True","B_o060_r07468","2","[[2,1,3,4,5],[2,3,1,4,5]]","B"
"True","True","14","True","B_o060_r07469","1","[[2,1,4,3,5]]","B"
"True","True","17","True","B_o060_r07470","1","[[2,1,4,3,5]]","B"
"True","True","12","True","B_o060_r07471","2","[[3,1,2,4,5],[3,2,1,4,5]]","B"
"True","True","15","True","B_o060_r07472","2","[[3,1,2,4,5],[3,2,1,4,5]]","B"
"True","True","17","True","B_o060_r07473","2","[[1,4,2,3,5],[4,1,2,3,5]]","B"
"True","True","24","True","B_o060_r07474","6","[[1,2,3,4,5],[1,3,2,4,5],[2,1,3,4,5],[2,3,1,4,5],[3,1,2,4,5],[3,2,1,4,5]]","B"
"True","True","20","True","B_o060_r07475","2","[[1,4,2,3,5],[4,1,2,3,5]]","B"
"True","True","24","True","B_o060_r07476","2","[[1,2,4,3,5],[2,1,4,3,5]]","B"
"True","True","15","True","B_o060_r07477","1","[[3,1,4,2,5]]","B"
"True","True","19","True","B_o060_r07478","2","[[3,1,2,4,5],[3,2,1,4,5]]","B"
"True","True","19","True","B_o060_r07479","2","[[1,4,3,2,5],[4,1,3,2,5]]","B"
"True","True","23","True","B_o060_r07481","2","[[1,4,2,3,5],[4,1,2,3,5]]","B"
"True","True","24","True","B_o060_r07482","1","[[1,4,2,3,5]]","B"
"True","True","18","True","B_o060_r07483","1","[[3,1,4,2,5]]","B"
"True","True","19","True","B_o060_r07484","1","[[3,1,4,2,5]]","B"
"True","True","22","True","B_o060_r07485","2","[[1,4,3,2,5],[4,1,3,2,5]]","B"
"True","True","24","True","B_o060_r07486","2","[[1,3,4,2,5],[3,1,4,2,5]]","B"
"True","True","23","True","B_o060_r07487","2","[[1,4,3,2,5],[4,1,3,2,5]]","B"
"True","True","24","True","B_o060_r07488","1","[[1,4,3,2,5]]","B"
"True","True","19","True","B_o060_r07492","2","[[2,1,3,4,5],[2,3,1,4,5]]","B"
"True","True","19","True","B_o060_r07494","1","[[2,1,4,3,5]]","B"
"True","True","17","True","B_o060_r07501","1","[[3,1,4,2,5]]","B"
"True","True","21","True","B_o060_r07502","2","[[3,1,2,4,5],[3,2,1,4,5]]","B"
"True","True","24","True","B_o060_r07505","1","[[4,1,2,3,5]]","B"
"True","True","24","True","B_o060_r07506","1","[[4,1,2,3,5]]","B"
"True","True","20","True","B_o060_r07507","1","[[3,1,4,2,5]]","B"
"True","True","21","True","B_o060_r07508","1","[[3,1,4,2,5]]","B"
"True","True","24","True","B_o060_r07511","1","[[4,1,3,2,5]]","B"
"True","True","24","True","B_o060_r07512","1","[[4,1,3,2,5]]","B"
"True","True","19","True","B_o060_r07517","1","[[2,4,1,3,5]]","B"
"True","True","19","True","B_o060_r07518","1","[[2,4,1,3,5]]","B"
"True","True","24","True","B_o060_r07523","2","[[2,4,1,3,5],[4,2,1,3,5]]","B"
"True","True","24","True","B_o060_r07524","1","[[2,4,1,3,5]]","B"
"True","True","24","True","B_o060_r07529","1","[[4,2,1,3,5]]","B"
"True","True","24","True","B_o060_r07530","1","[[4,2,1,3,5]]","B"
"True","True","23","True","B_o060_r07531","1","[[3,4,1,2,5]]","B"
"True","True","23","True","B_o060_r07532","1","[[3,4,1,2,5]]","B"
"True","True","26","True","B_o060_r07533","2","[[3,4,1,2,5],[4,3,1,2,5]]","B"
"True","True","26","True","B_o060_r07534","1","[[3,4,1,2,5]]","B"
"True","True","26","True","B_o060_r07535","1","[[4,3,1,2,5]]","B"
"True","True","26","True","B_o060_r07536","1","[[4,3,1,2,5]]","B"
"True","True","17","True","B_o060_r07537","1","[[2,3,4,1,5]]","B"
"True","True","17","True","B_o060_r07538","1","[[2,3,4,1,5]]","B"
"True","True","19","True","B_o060_r07540","1","[[2,3,4,1,5]]","B"
"True","True","19","True","B_o060_r07541","1","[[2,4,3,1,5]]","B"
"True","True","19","True","B_o060_r07542","1","[[2,4,3,1,5]]","B"
"True","True","19","True","B_o060_r07543","1","[[3,2,4,1,5]]","B"
"True","True","19","True","B_o060_r07544","1","[[3,2,4,1,5]]","B"
"True","True","24","True","B_o060_r07546","2","[[2,3,4,1,5],[3,2,4,1,5]]","B"
"True","True","24","True","B_o060_r07547","2","[[2,4,3,1,5],[4,2,3,1,5]]","B"
"True","True","24","True","B_o060_r07548","1","[[2,4,3,1,5]]","B"
"True","True","21","True","B_o060_r07549","1","[[3,2,4,1,5]]","B"
"True","True","21","True","B_o060_r07550","1","[[3,2,4,1,5]]","B"
"True","True","24","True","B_o060_r07553","1","[[4,2,3,1,5]]","B"
"True","True","24","True","B_o060_r07554","1","[[4,2,3,1,5]]","B"
"True","True","23","True","B_o060_r07555","1","[[3,4,2,1,5]]","B"
"True","True","23","True","B_o060_r07556","1","[[3,4,2,1,5]]","B"
"True","True","26","True","B_o060_r07557","2","[[3,4,2,1,5],[4,3,2,1,5]]","B"
"True","True","26","True","B_o060_r07558","1","[[3,4,2,1,5]]","B"
"True","True","26","True","B_o060_r07559","1","[[4,3,2,1,5]]","B"
"True","True","26","True","B_o060_r07560","1","[[4,3,2,1,5]]","B"
"True","True","8","True","B_o061_r07561","2","[[1,2,3,4,5],[1,3,2,4,5]]","B"
"True","True","10","True","B_o061_r07562","2","[[1,2,3,4,5],[1,3,2,4,5]]","B"
"True","True","9","True","B_o061_r07563","1","[[1,2,4,3,5]]","B"
"True","True","16","True","B_o061_r07564","4","[[1,2,3,4,5],[1,2,4,3,5],[1,2,5,3,4],[1,3,2,4,5]]","B"
"True","True","11","True","B_o061_r07565","1","[[1,2,4,3,5]]","B"
"True","True","16","True","B_o061_r07566","4","[[1,2,3,4,5],[1,2,4,3,5],[1,2,5,3,4],[1,3,2,4,5]]","B"
"True","True","10","True","B_o061_r07569","1","[[1,4,2,3,5]]","B"
"True","True","18","True","B_o061_r07570","4","[[1,2,3,4,5],[1,2,4,3,5],[1,2,5,3,4],[1,3,2,4,5]]","B"
"True","True","12","True","B_o061_r07571","1","[[1,4,2,3,5]]","B"
"True","True","18","True","B_o061_r07572","4","[[1,2,3,4,5],[1,2,4,3,5],[1,2,5,3,4],[1,3,2,4,5]]","B"
"True","True","11","True","B_o061_r07573","1","[[1,3,4,2,5]]","B"
"True","True","12","True","B_o061_r07575","1","[[1,4,3,2,5]]","B"
"True","True","17","True","B_o061_r07577","2","[[1,4,2,3,5],[1,4,3,2,5]]","B"
"True","True","18","True","B_o061_r07578","2","[[1,4,2,3,5],[1,4,3,2,5]]","B"
"True","True","13","True","B_o061_r07579","1","[[1,3,4,2,5]]","B"
"True","True","14","True","B_o061_r07581","1","[[1,4,3,2,5]]","B"
"True","True","9","True","B_o061_r07585","2","[[2,1,3,4,5],[2,3,1,4,5]]","B"
"True","True","11","True","B_o061_r07586","2","[[2,1,3,4,5],[2,3,1,4,5]]","B"
"True","True","10","True","B_o061_r07587","1","[[2,1,4,3,5]]","B"
"True","True","17","True","B_o061_r07588","4","[[2,1,3,4,5],[2,1,4,3,5],[2,1,5,3,4],[2,3,1,4,5]]","B"
"True","True","12","True","B_o061_r07589","1","[[2,1,4,3,5]]","B"
"True","True","17","True","B_o061_r07590","4","[[2,1,3,4,5],[2,1,4,3,5],[2,1,5,3,4],[2,3,1,4,5]]","B"
"True","True","11","True","B_o061_r07591","2","[[3,1,2,4,5],[3,2,1,4,5]]","B"
"True","True","13","True","B_o061_r07592","2","[[3,1,2,4,5],[3,2,1,4,5]]","B"
"True","True","16","True","B_o061_r07593","2","[[1,4,2,3,5],[4,1,2,3,5]]","B"
"True","True","24","True","B_o061_r07594","10","[[1,2,3,4,5],[1,2,4,3,5],[1,2,5,3,4],[1,3,2,4,5],[2,1,3,4,5],[2,1,4,3,5],[2,1,5,3,4],[2,3,1,4,5],[3,1,2,4,5],[3,2,1,4,5]]","B"
"True","True","18","True","B_o061_r07595","2","[[1,4,2,3,5],[4,1,2,3,5]]","B"
"True","True","24","True","B_o061_r07596","10","[[1,2,3,4,5],[1,2,4,3,5],[1,2,5,3,4],[1,3,2,4,5],[2,1,3,4,5],[2,1,4,3,5],[2,1,5,3,4],[2,3,1,4,5],[3,1,2,4,5],[3,2,1,4,5]]","B"
"True","True","14","True","B_o061_r07597","1","[[3,1,4,2,5]]","B"
"True","True","19","True","B_o061_r07598","3","[[3,1,2,4,5],[3,1,4,2,5],[3,2,1,4,5]]","B"
"True","True","18","True","B_o061_r07599","2","[[1,4,3,2,5],[4,1,3,2,5]]","B"
"True","True","23","True","B_o061_r07601","4","[[1,4,2,3,5],[1,4,3,2,5],[4,1,2,3,5],[4,1,3,2,5]]","B"
"True","True","24","True","B_o061_r07602","2","[[1,4,2,3,5],[1,4,3,2,5]]","B"
"True","True","16","True","B_o061_r07603","1","[[3,1,4,2,5]]","B"
"True","True","20","True","B_o061_r07605","2","[[1,4,3,2,5],[4,1,3,2,5]]","B"
"True","True","19","True","B_o061_r07612","4","[[2,1,3,4,5],[2,1,4,3,5],[2,1,5,3,4],[2,3,1,4,5]]","B"
"True","True","19","True","B_o061_r07614","4","[[2,1,3,4,5],[2,1,4,3,5],[2,1,5,3,4],[2,3,1,4,5]]","B"
"True","True","16","True","B_o061_r07621","1","[[3,1,4,2,5]]","B"
"True","True","21","True","B_o061_r07622","3","[[3,1,2,4,5],[3,1,4,2,5],[3,2,1,4,5]]","B"
"True","True","24","True","B_o061_r07625","2","[[4,1,2,3,5],[4,1,3,2,5]]","B"
"True","True","24","True","B_o061_r07626","2","[[4,1,2,3,5],[4,1,3,2,5]]","B"
"True","True","18","True","B_o061_r07627","1","[[3,1,4,2,5]]","B"
"True","True","13","True","B_o061_r07633","1","[[2,3,4,1,5]]","B"
"True","True","19","True","B_o061_r07637","2","[[2,4,1,3,5],[2,4,3,1,5]]","B"
"True","True","19","True","B_o061_r07638","2","[[2,4,1,3,5],[2,4,3,1,5]]","B"
"True","True","15","True","B_o061_r07639","1","[[3,2,4,1,5]]","B"
"True","True","24","True","B_o061_r07643","4","[[2,4,1,3,5],[2,4,3,1,5],[4,2,1,3,5],[4,2,3,1,5]]","B"
"True","True","24","True","B_o061_r07644","2","[[2,4,1,3,5],[2,4,3,1,5]]","B"
"True","True","17","True","B_o061_r07645","1","[[3,2,4,1,5]]","B"
"True","True","24","True","B_o061_r07649","2","[[4,2,1,3,5],[4,2,3,1,5]]","B"
"True","True","24","True","B_o061_r07650","2","[[4,2,1,3,5],[4,2,3,1,5]]","B"
"True","True","23","True","B_o061_r07651","2","[[3,4,1,2,5],[3,4,2,1,5]]","B"
"True","True","23","True","B_o061_r07652","2","[[3,4,1,2,5],[3,4,2,1,5]]","B"
"True","True","26","True","B_o061_r07653","4","[[3,4,1,2,5],[3,4,2,1,5],[4,3,1,2,5],[4,3,2,1,5]]","B"
"True","True","26","True","B_o061_r07654","2","[[3,4,1,2,5],[3,4,2,1,5]]","B"
"True","True","26","True","B_o061_r07655","2","[[4,3,1,2,5],[4,3,2,1,5]]","B"
"True","True","26","True","B_o061_r07656","2","[[4,3,1,2,5],[4,3,2,1,5]]","B"
"True","True","15","True","B_o061_r07657","1","[[2,3,4,1,5]]","B"
"True","True","17","True","B_o061_r07663","1","[[3,2,4,1,5]]","B"
"True","True","19","True","B_o061_r07669","1","[[3,2,4,1,5]]","B"
"True","True","11","True","B_o062_r07681","2","[[1,2,3,4,5],[1,3,2,4,5]]","B"
"True","True","12","True","B_o062_r07682","2","[[1,2,3,4,5],[1,3,2,4,5]]","B"
"True","True","11","True","B_o062_r07683","1","[[1,2,4,3,5]]","B"
"True","True","14","True","B_o062_r07684","2","[[1,2,3,4,5],[1,3,2,4,5]]","B"
"True","True","12","True","B_o062_r07685","1","[[1,2,4,3,5]]","B"
"True","True","14","True","B_o062_r07686","1","[[1,2,4,3,5]]","B"
"True","True","12","True","B_o062_r07689","1","[[1,4,2,3,5]]","B"
"True","True","18","True","B_o062_r07690","2","[[1,2,3,4,5],[1,3,2,4,5]]","B"
"True","True","13","True","B_o062_r07691","1","[[1,4,2,3,5]]","B"
"True","True","18","True","B_o062_r07692","2","[[1,2,4,3,5],[1,4,2,3,5]]","B"
"True","True","12","True","B_o062_r07693","1","[[1,3,4,2,5]]","B"
"True","True","13","True","B_o062_r07695","1","[[1,4,3,2,5]]","B"
"True","True","15","True","B_o062_r07697","1","[[1,4,2,3,5]]","B"
"True","True","13","True","B_o062_r07699","1","[[1,3,4,2,5]]","B"
"True","True","14","True","B_o062_r07700","1","[[1,3,4,2,5]]","B"
"True","True","14","True","B_o062_r07701","1","[[1,4,3,2,5]]","B"
"True","True","18","True","B_o062_r07702","1","[[1,3,4,2,5]]","B"
"True","True","15","True","B_o062_r07703","1","[[1,4,3,2,5]]","B"
"True","True","18","True","B_o062_r07704","1","[[1,4,3,2,5]]","B"
"True","True","12","True","B_o062_r07705","2","[[2,1,3,4,5],[2,3,1,4,5]]","B"
"True","True","13","True","B_o062_r07706","2","[[2,1,3,4,5],[2,3,1,4,5]]","B"
"True","True","12","True","B_o062_r07707","1","[[2,1,4,3,5]]","B"
"True","True","15","True","B_o062_r07708","2","[[2,1,3,4,5],[2,3,1,4,5]]","B"
"True","True","13","True","B_o062_r07709","1","[[2,1,4,3,5]]","B"
"True","True","15","True","B_o062_r07710","1","[[2,1,4,3,5]]","B"
"True","True","14","True","B_o062_r07711","2","[[3,1,2,4,5],[3,2,1,4,5]]","B"
"True","True","15","True","B_o062_r07712","2","[[3,1,2,4,5],[3,2,1,4,5]]","B"
"True","True","18","True","B_o062_r07713","2","[[1,4,2,3,5],[4,1,2,3,5]]","B"
"True","True","24","True","B_o062_r07714","6","[[1,2,3,4,5],[1,3,2,4,5],[2,1,3,4,5],[2,3,1,4,5],[3,1,2,4,5],[3,2,1,4,5]]","B"
"True","True","19","True","B_o062_r07715","2","[[1,4,2,3,5],[4,1,2,3,5]]","B"
"True","True","24","True","B_o062_r07716","3","[[1,2,4,3,5],[1,4,2,3,5],[2,1,4,3,5]]","B"
"True","True","15","True","B_o062_r07717","1","[[3,1,4,2,5]]","B"
"True","True","17","True","B_o062_r07718","2","[[3,1,2,4,5],[3,2,1,4,5]]","B"
"True","True","19","True","B_o062_r07719","2","[[1,4,3,2,5],[4,1,3,2,5]]","B"
"True","True","21","True","B_o062_r07721","2","[[1,4,2,3,5],[4,1,2,3,5]]","B"
"True","True","16","True","B_o062_r07723","1","[[3,1,4,2,5]]","B"
"True","True","17","True","B_o062_r07724","1","[[3,1,4,2,5]]","B"
"True","True","20","True","B_o062_r07725","2","[[1,4,3,2,5],[4,1,3,2,5]]","B"
"True","True","24","True","B_o062_r07726","2","[[1,3,4,2,5],[3,1,4,2,5]]","B"
"True","True","21","True","B_o062_r07727","2","[[1,4,3,2,5],[4,1,3,2,5]]","B"
"True","True","24","True","B_o062_r07728","1","[[1,4,3,2,5]]","B"
"True","True","14","True","B_o062_r07731","1","[[2,4,1,3,5]]","B"
"True","True","19","True","B_o062_r07732","2","[[2,1,3,4,5],[2,3,1,4,5]]","B"
"True","True","15","True","B_o062_r07733","1","[[2,4,1,3,5]]","B"
"True","True","19","True","B_o062_r07734","2","[[2,1,4,3,5],[2,4,1,3,5]]","B"
"True","True","19","True","B_o062_r07737","2","[[2,4,1,3,5],[4,2,1,3,5]]","B"
"True","True","20","True","B_o062_r07739","2","[[2,4,1,3,5],[4,2,1,3,5]]","B"
"True","True","21","True","B_o062_r07742","2","[[3,1,2,4,5],[3,2,1,4,5]]","B"
"True","True","24","True","B_o062_r07745","2","[[4,1,2,3,5],[4,2,1,3,5]]","B"
"True","True","24","True","B_o062_r07746","2","[[4,1,2,3,5],[4,2,1,3,5]]","B"
"True","True","21","True","B_o062_r07748","1","[[3,1,4,2,5]]","B"
"True","True","24","True","B_o062_r07751","1","[[4,1,3,2,5]]","B"
"True","True","24","True","B_o062_r07752","1","[[4,1,3,2,5]]","B"
"True","True","17","True","B_o062_r07757","1","[[2,4,1,3,5]]","B"
"True","True","22","True","B_o062_r07763","2","[[2,4,1,3,5],[4,2,1,3,5]]","B"
"True","True","21","True","B_o062_r07771","1","[[3,4,1,2,5]]","B"
"True","True","21","True","B_o062_r07772","1","[[3,4,1,2,5]]","B"
"True","True","24","True","B_o062_r07773","2","[[3,4,1,2,5],[4,3,1,2,5]]","B"
"True","True","24","True","B_o062_r07774","1","[[3,4,1,2,5]]","B"
"True","True","24","True","B_o062_r07775","1","[[4,3,1,2,5]]","B"
"True","True","24","True","B_o062_r07776","1","[[4,3,1,2,5]]","B"
"True","True","15","True","B_o062_r07777","1","[[2,3,4,1,5]]","B"
"True","True","15","True","B_o062_r07778","1","[[2,3,4,1,5]]","B"
"True","True","17","True","B_o062_r07779","1","[[2,4,3,1,5]]","B"
"True","True","19","True","B_o062_r07780","1","[[2,3,4,1,5]]","B"
"True","True","17","True","B_o062_r07781","1","[[2,4,3,1,5]]","B"
"True","True","19","True","B_o062_r07782","1","[[2,4,3,1,5]]","B"
"True","True","17","True","B_o062_r07783","1","[[3,2,4,1,5]]","B"
"True","True","17","True","B_o062_r07784","1","[[3,2,4,1,5]]","B"
"True","True","22","True","B_o062_r07785","2","[[2,4,3,1,5],[4,2,3,1,5]]","B"
"True","True","24","True","B_o062_r07786","2","[[2,3,4,1,5],[3,2,4,1,5]]","B"
"True","True","22","True","B_o062_r07787","2","[[2,4,3,1,5],[4,2,3,1,5]]","B"
"True","True","24","True","B_o062_r07788","1","[[2,4,3,1,5]]","B"
"True","True","21","True","B_o062_r07790","1","[[3,2,4,1,5]]","B"
"True","True","24","True","B_o062_r07793","1","[[4,2,3,1,5]]","B"
"True","True","24","True","B_o062_r07794","1","[[4,2,3,1,5]]","B"
"True","True","21","True","B_o062_r07795","1","[[3,4,2,1,5]]","B"
"True","True","21","True","B_o062_r07796","1","[[3,4,2,1,5]]","B"
"True","True","24","True","B_o062_r07797","2","[[3,4,2,1,5],[4,3,2,1,5]]","B"
"True","True","24","True","B_o062_r07798","1","[[3,4,2,1,5]]","B"
"True","True","24","True","B_o062_r07799","1","[[4,3,2,1,5]]","B"
"True","True","24","True","B_o062_r07800","1","[[4,3,2,1,5]]","B"
"True","True","9","True","B_o063_r07801","2","[[1,2,3,4,5],[1,3,2,4,5]]","B"
"True","True","12","True","B_o063_r07802","2","[[1,2,3,4,5],[1,3,2,4,5]]","B"
"True","True","9","True","B_o063_r07803","1","[[1,2,4,3,5]]","B"
"True","True","14","True","B_o063_r07804","2","[[1,2,3,4,5],[1,3,2,4,5]]","B"
"True","True","12","True","B_o063_r07805","1","[[1,2,4,3,5]]","B"
"True","True","14","True","B_o063_r07806","1","[[1,2,4,3,5]]","B"
"True","True","10","True","B_o063_r07809","1","[[1,4,2,3,5]]","B"
"True","True","18","True","B_o063_r07810","2","[[1,2,3,4,5],[1,3,2,4,5]]","B"
"True","True","13","True","B_o063_r07811","1","[[1,4,2,3,5]]","B"
"True","True","18","True","B_o063_r07812","2","[[1,2,4,3,5],[1,4,2,3,5]]","B"
"True","True","10","True","B_o063_r07813","1","[[1,3,4,2,5]]","B"
"True","True","11","True","B_o063_r07815","1","[[1,4,3,2,5]]","B"
"True","True","15","True","B_o063_r07817","1","[[1,4,2,3,5]]","B"
"True","True","13","True","B_o063_r07819","1","[[1,3,4,2,5]]","B"
"True","True","14","True","B_o063_r07820","1","[[1,3,4,2,5]]","B"
"True","True","14","True","B_o063_r07821","1","[[1,4,3,2,5]]","B"
"True","True","18","True","B_o063_r07822","1","[[1,3,4,2,5]]","B"
"True","True","15","True","B_o063_r07823","1","[[1,4,3,2,5]]","B"
"True","True","18","True","B_o063_r07824","1","[[1,4,3,2,5]]","B"
"True","True","10","True","B_o063_r07825","2","[[2,1,3,4,5],[2,3,1,4,5]]","B"
"True","True","13","True","B_o063_r07826","2","[[2,1,3,4,5],[2,3,1,4,5]]","B"
"True","True","10","True","B_o063_r07827","1","[[2,1,4,3,5]]","B"
"True","True","15","True","B_o063_r07828","2","[[2,1,3,4,5],[2,3,1,4,5]]","B"
"True","True","13","True","B_o063_r07829","1","[[2,1,4,3,5]]","B"
"True","True","15","True","B_o063_r07830","1","[[2,1,4,3,5]]","B"
"True","True","12","True","B_o063_r07831","2","[[3,1,2,4,5],[3,2,1,4,5]]","B"
"True","True","15","True","B_o063_r07832","2","[[3,1,2,4,5],[3,2,1,4,5]]","B"
"True","True","16","True","B_o063_r07833","2","[[1,4,2,3,5],[4,1,2,3,5]]","B"
"True","True","24","True","B_o063_r07834","6","[[1,2,3,4,5],[1,3,2,4,5],[2,1,3,4,5],[2,3,1,4,5],[3,1,2,4,5],[3,2,1,4,5]]","B"
"True","True","19","True","B_o063_r07835","2","[[1,4,2,3,5],[4,1,2,3,5]]","B"
"True","True","24","True","B_o063_r07836","3","[[1,2,4,3,5],[1,4,2,3,5],[2,1,4,3,5]]","B"
"True","True","13","True","B_o063_r07837","1","[[3,1,4,2,5]]","B"
"True","True","17","True","B_o063_r07838","2","[[3,1,2,4,5],[3,2,1,4,5]]","B"
"True","True","17","True","B_o063_r07839","2","[[1,4,3,2,5],[4,1,3,2,5]]","B"
"True","True","21","True","B_o063_r07841","2","[[1,4,2,3,5],[4,1,2,3,5]]","B"
"True","True","16","True","B_o063_r07843","1","[[3,1,4,2,5]]","B"
"True","True","17","True","B_o063_r07844","1","[[3,1,4,2,5]]","B"
"True","True","20","True","B_o063_r07845","2","[[1,4,3,2,5],[4,1,3,2,5]]","B"
"True","True","24","True","B_o063_r07846","2","[[1,3,4,2,5],[3,1,4,2,5]]","B"
"True","True","21","True","B_o063_r07847","2","[[1,4,3,2,5],[4,1,3,2,5]]","B"
"True","True","24","True","B_o063_r07848","1","[[1,4,3,2,5]]","B"
"True","True","12","True","B_o063_r07851","1","[[2,4,1,3,5]]","B"
"True","True","19","True","B_o063_r07852","2","[[2,1,3,4,5],[2,3,1,4,5]]","B"
"True","True","15","True","B_o063_r07853","1","[[2,4,1,3,5]]","B"
"True","True","19","True","B_o063_r07854","2","[[2,1,4,3,5],[2,4,1,3,5]]","B"
"True","True","17","True","B_o063_r07857","2","[[2,4,1,3,5],[4,2,1,3,5]]","B"
"True","True","20","True","B_o063_r07859","2","[[2,4,1,3,5],[4,2,1,3,5]]","B"
"True","True","21","True","B_o063_r07862","2","[[3,1,2,4,5],[3,2,1,4,5]]","B"
"True","True","24","True","B_o063_r07865","2","[[4,1,2,3,5],[4,2,1,3,5]]","B"
"True","True","24","True","B_o063_r07866","2","[[4,1,2,3,5],[4,2,1,3,5]]","B"
"True","True","21","True","B_o063_r07868","1","[[3,1,4,2,5]]","B"
"True","True","24","True","B_o063_r07871","1","[[4,1,3,2,5]]","B"
"True","True","24","True","B_o063_r07872","1","[[4,1,3,2,5]]","B"
"True","True","17","True","B_o063_r07877","1","[[2,4,1,3,5]]","B"
"True","True","22","True","B_o063_r07883","2","[[2,4,1,3,5],[4,2,1,3,5]]","B"
"True","True","21","True","B_o063_r07891","1","[[3,4,1,2,5]]","B"
"True","True","21","True","B_o063_r07892","1","[[3,4,1,2,5]]","B"
"True","True","24","True","B_o063_r07893","2","[[3,4,1,2,5],[4,3,1,2,5]]","B"
"True","True","24","True","B_o063_r07894","1","[[3,4,1,2,5]]","B"
"True","True","24","True","B_o063_r07895","1","[[4,3,1,2,5]]","B"
"True","True","24","True","B_o063_r07896","1","[[4,3,1,2,5]]","B"
"True","True","15","True","B_o063_r07897","1","[[2,3,4,1,5]]","B"
"True","True","15","True","B_o063_r07898","1","[[2,3,4,1,5]]","B"
"True","True","17","True","B_o063_r07899","1","[[2,4,3,1,5]]","B"
"True","True","19","True","B_o063_r07900","1","[[2,3,4,1,5]]","B"
"True","True","17","True","B_o063_r07901","1","[[2,4,3,1,5]]","B"
"True","True","19","True","B_o063_r07902","1","[[2,4,3,1,5]]","B"
"True","True","17","True","B_o063_r07903","1","[[3,2,4,1,5]]","B"
"True","True","17","True","B_o063_r07904","1","[[3,2,4,1,5]]","B"
"True","True","22","True","B_o063_r07905","2","[[2,4,3,1,5],[4,2,3,1,5]]","B"
"True","True","24","True","B_o063_r07906","2","[[2,3,4,1,5],[3,2,4,1,5]]","B"
"True","True","22","True","B_o063_r07907","2","[[2,4,3,1,5],[4,2,3,1,5]]","B"
"True","True","24","True","B_o063_r07908","1","[[2,4,3,1,5]]","B"
"True","True","21","True","B_o063_r07910","1","[[3,2,4,1,5]]","B"
"True","True","24","True","B_o063_r07913","1","[[4,2,3,1,5]]","B"
"True","True","24","True","B_o063_r07914","1","[[4,2,3,1,5]]","B"
"True","True","21","True","B_o063_r07915","1","[[3,4,2,1,5]]","B"
"True","True","21","True","B_o063_r07916","1","[[3,4,2,1,5]]","B"
"True","True","24","True","B_o063_r07917","2","[[3,4,2,1,5],[4,3,2,1,5]]","B"
"True","True","24","True","B_o063_r07918","1","[[3,4,2,1,5]]","B"
"True","True","24","True","B_o063_r07919","1","[[4,3,2,1,5]]","B"
"True","True","24","True","B_o063_r07920","1","[[4,3,2,1,5]]","B"
"True","True","8","True","B_o064_r07921","2","[[1,2,3,4,5],[1,3,2,4,5]]","B"
"True","True","10","True","B_o064_r07922","2","[[1,2,3,4,5],[1,3,2,4,5]]","B"
"True","True","8","True","B_o064_r07923","1","[[1,2,4,3,5]]","B"
"True","True","14","True","B_o064_r07924","4","[[1,2,3,4,5],[1,2,4,3,5],[1,2,5,3,4],[1,3,2,4,5]]","B"
"True","True","10","True","B_o064_r07925","1","[[1,2,4,3,5]]","B"
"True","True","14","True","B_o064_r07926","4","[[1,2,3,4,5],[1,2,4,3,5],[1,2,5,3,4],[1,3,2,4,5]]","B"
"True","True","9","True","B_o064_r07929","1","[[1,4,2,3,5]]","B"
"True","True","18","True","B_o064_r07930","5","[[1,2,3,4,5],[1,2,4,3,5],[1,2,5,3,4],[1,3,2,4,5],[1,4,2,3,5]]","B"
"True","True","11","True","B_o064_r07931","1","[[1,4,2,3,5]]","B"
"True","True","18","True","B_o064_r07932","5","[[1,2,3,4,5],[1,2,4,3,5],[1,2,5,3,4],[1,3,2,4,5],[1,4,2,3,5]]","B"
"True","True","9","True","B_o064_r07933","1","[[1,3,4,2,5]]","B"
"True","True","10","True","B_o064_r07935","1","[[1,4,3,2,5]]","B"
"True","True","15","True","B_o064_r07937","2","[[1,4,2,3,5],[1,4,3,2,5]]","B"
"True","True","11","True","B_o064_r07939","1","[[1,3,4,2,5]]","B"
"True","True","12","True","B_o064_r07941","1","[[1,4,3,2,5]]","B"
"True","True","9","True","B_o064_r07945","2","[[2,1,3,4,5],[2,3,1,4,5]]","B"
"True","True","11","True","B_o064_r07946","2","[[2,1,3,4,5],[2,3,1,4,5]]","B"
"True","True","9","True","B_o064_r07947","1","[[2,1,4,3,5]]","B"
"True","True","15","True","B_o064_r07948","4","[[2,1,3,4,5],[2,1,4,3,5],[2,1,5,3,4],[2,3,1,4,5]]","B"
"True","True","11","True","B_o064_r07949","1","[[2,1,4,3,5]]","B"
"True","True","15","True","B_o064_r07950","4","[[2,1,3,4,5],[2,1,4,3,5],[2,1,5,3,4],[2,3,1,4,5]]","B"
"True","True","11","True","B_o064_r07951","2","[[3,1,2,4,5],[3,2,1,4,5]]","B"
"True","True","13","True","B_o064_r07952","2","[[3,1,2,4,5],[3,2,1,4,5]]","B"
"True","True","15","True","B_o064_r07953","2","[[1,4,2,3,5],[4,1,2,3,5]]","B"
"True","True","24","True","B_o064_r07954","11","[[1,2,3,4,5],[1,2,4,3,5],[1,2,5,3,4],[1,3,2,4,5],[1,4,2,3,5],[2,1,3,4,5],[2,1,4,3,5],[2,1,5,3,4],[2,3,1,4,5],[3,1,2,4,5],[3,2,1,4,5]]","B"
"True","True","17","True","B_o064_r07955","2","[[1,4,2,3,5],[4,1,2,3,5]]","B"
"True","True","24","True","B_o064_r07956","11","[[1,2,3,4,5],[1,2,4,3,5],[1,2,5,3,4],[1,3,2,4,5],[1,4,2,3,5],[2,1,3,4,5],[2,1,4,3,5],[2,1,5,3,4],[2,3,1,4,5],[3,1,2,4,5],[3,2,1,4,5]]","B"
"True","True","12","True","B_o064_r07957","1","[[3,1,4,2,5]]","B"
"True","True","17","True","B_o064_r07958","3","[[3,1,2,4,5],[3,1,4,2,5],[3,2,1,4,5]]","B"
"True","True","16","True","B_o064_r07959","2","[[1,4,3,2,5],[4,1,3,2,5]]","B"
"True","True","21","True","B_o064_r07961","4","[[1,4,2,3,5],[1,4,3,2,5],[4,1,2,3,5],[4,1,3,2,5]]","B"
"True","True","14","True","B_o064_r07963","1","[[3,1,4,2,5]]","B"
"True","True","18","True","B_o064_r07965","2","[[1,4,3,2,5],[4,1,3,2,5]]","B"
"True","True","11","True","B_o064_r07971","1","[[2,4,1,3,5]]","B"
"True","True","19","True","B_o064_r07972","5","[[2,1,3,4,5],[2,1,4,3,5],[2,1,5,3,4],[2,3,1,4,5],[2,4,1,3,5]]","B"
"True","True","13","True","B_o064_r07973","1","[[2,4,1,3,5]]","B"
"True","True","19","True","B_o064_r07974","5","[[2,1,3,4,5],[2,1,4,3,5],[2,1,5,3,4],[2,3,1,4,5],[2,4,1,3,5]]","B"
"True","True","16","True","B_o064_r07977","2","[[2,4,1,3,5],[4,2,1,3,5]]","B"
"True","True","18","True","B_o064_r07979","2","[[2,4,1,3,5],[4,2,1,3,5]]","B"
"True","True","21","True","B_o064_r07982","3","[[3,1,2,4,5],[3,1,4,2,5],[3,2,1,4,5]]","B"
"True","True","24","True","B_o064_r07985","3","[[4,1,2,3,5],[4,1,3,2,5],[4,2,1,3,5]]","B"
"True","True","24","True","B_o064_r07986","3","[[4,1,2,3,5],[4,1,3,2,5],[4,2,1,3,5]]","B"
"True","True","11","True","B_o064_r07993","1","[[2,3,4,1,5]]","B"
"True","True","13","True","B_o064_r07995","1","[[2,4,3,1,5]]","B"
"True","True","17","True","B_o064_r07997","2","[[2,4,1,3,5],[2,4,3,1,5]]","B"
"True","True","13","True","B_o064_r07999","1","[[3,2,4,1,5]]","B"
"True","True","18","True","B_o064_r08001","2","[[2,4,3,1,5],[4,2,3,1,5]]","B"
"True","True","22","True","B_o064_r08003","4","[[2,4,1,3,5],[2,4,3,1,5],[4,2,1,3,5],[4,2,3,1,5]]","B"
"True","True","21","True","B_o064_r08011","2","[[3,4,1,2,5],[3,4,2,1,5]]","B"
"True","True","21","True","B_o064_r08012","2","[[3,4,1,2,5],[3,4,2,1,5]]","B"
"True","True","24","True","B_o064_r08013","4","[[3,4,1,2,5],[3,4,2,1,5],[4,3,1,2,5],[4,3,2,1,5]]","B"
"True","True","24","True","B_o064_r08014","2","[[3,4,1,2,5],[3,4,2,1,5]]","B"
"True","True","24","True","B_o064_r08015","2","[[4,3,1,2,5],[4,3,2,1,5]]","B"
"True","True","24","True","B_o064_r08016","2","[[4,3,1,2,5],[4,3,2,1,5]]","B"
"True","True","13","True","B_o064_r08017","1","[[2,3,4,1,5]]","B"
"True","True","15","True","B_o064_r08019","1","[[2,4,3,1,5]]","B"
"True","True","15","True","B_o064_r08023","1","[[3,2,4,1,5]]","B"
"True","True","20","True","B_o064_r08025","2","[[2,4,3,1,5],[4,2,3,1,5]]","B"
"True","True","8","True","B_o065_r08041","2","[[1,2,3,4,5],[1,3,2,4,5]]","B"
"True","True","10","True","B_o065_r08042","2","[[1,2,3,4,5],[1,3,2,4,5]]","B"
"True","True","8","True","B_o065_r08043","1","[[1,2,4,3,5]]","B"
"True","True","12","True","B_o065_r08044","4","[[1,2,3,4,5],[1,2,4,3,5],[1,2,5,3,4],[1,3,2,4,5]]","B"
"True","True","10","True","B_o065_r08045","1","[[1,2,4,3,5]]","B"
"True","True","12","True","B_o065_r08046","4","[[1,2,3,4,5],[1,2,4,3,5],[1,2,5,3,4],[1,3,2,4,5]]","B"
"True","True","9","True","B_o065_r08049","1","[[1,4,2,3,5]]","B"
"True","True","17","True","B_o065_r08050","1","[[1,5,2,3,4]]","B"
"True","True","11","True","B_o065_r08051","1","[[1,4,2,3,5]]","B"
"True","True","17","True","B_o065_r08052","1","[[1,5,2,3,4]]","B"
"True","True","8","True","B_o065_r08053","1","[[1,3,4,2,5]]","B"
"True","True","9","True","B_o065_r08055","1","[[1,4,3,2,5]]","B"
"True","True","18","True","B_o065_r08056","5","[[1,2,3,4,5],[1,3,2,4,5],[1,3,4,2,5],[1,4,3,2,5],[1,5,2,3,4]]","B"
"True","True","13","True","B_o065_r08057","2","[[1,4,2,3,5],[1,4,3,2,5]]","B"
"True","True","18","True","B_o065_r08058","5","[[1,2,4,3,5],[1,3,4,2,5],[1,4,2,3,5],[1,4,3,2,5],[1,5,2,3,4]]","B"
"True","True","10","True","B_o065_r08059","1","[[1,3,4,2,5]]","B"
"True","True","11","True","B_o065_r08061","1","[[1,4,3,2,5]]","B"
"True","True","18","True","B_o065_r08062","4","[[1,2,3,4,5],[1,3,2,4,5],[1,3,4,2,5],[1,4,3,2,5]]","B"
"True","True","18","True","B_o065_r08064","4","[[1,2,4,3,5],[1,3,4,2,5],[1,4,2,3,5],[1,4,3,2,5]]","B"
"True","True","9","True","B_o065_r08065","2","[[2,1,3,4,5],[2,3,1,4,5]]","B"
"True","True","11","True","B_o065_r08066","2","[[2,1,3,4,5],[2,3,1,4,5]]","B"
"True","True","9","True","B_o065_r08067","1","[[2,1,4,3,5]]","B"
"True","True","13","True","B_o065_r08068","4","[[2,1,3,4,5],[2,1,4,3,5],[2,1,5,3,4],[2,3,1,4,5]]","B"
"True","True","11","True","B_o065_r08069","1","[[2,1,4,3,5]]","B"
"True","True","13","True","B_o065_r08070","4","[[2,1,3,4,5],[2,1,4,3,5],[2,1,5,3,4],[2,3,1,4,5]]","B"
"True","True","11","True","B_o065_r08071","2","[[3,1,2,4,5],[3,2,1,4,5]]","B"
"True","True","13","True","B_o065_r08072","2","[[3,1,2,4,5],[3,2,1,4,5]]","B"
"True","True","15","True","B_o065_r08073","2","[[1,4,2,3,5],[4,1,2,3,5]]","B"
"True","True","23","True","B_o065_r08074","1","[[1,5,2,3,4]]","B"
"True","True","17","True","B_o065_r08075","2","[[1,4,2,3,5],[4,1,2,3,5]]","B"
"True","True","23","True","B_o065_r08076","1","[[1,5,2,3,4]]","B"
"True","True","11","True","B_o065_r08077","1","[[3,1,4,2,5]]","B"
"True","True","15","True","B_o065_r08078","3","[[3,1,2,4,5],[3,1,4,2,5],[3,2,1,4,5]]","B"
"True","True","15","True","B_o065_r08079","2","[[1,4,3,2,5],[4,1,3,2,5]]","B"
"True","True","24","True","B_o065_r08080","10","[[1,2,3,4,5],[1,3,2,4,5],[1,3,4,2,5],[1,4,3,2,5],[1,5,2,3,4],[2,1,3,4,5],[2,3,1,4,5],[3,1,2,4,5],[3,1,4,2,5],[3,2,1,4,5]]","B"
"True","True","19","True","B_o065_r08081","4","[[1,4,2,3,5],[1,4,3,2,5],[4,1,2,3,5],[4,1,3,2,5]]","B"
"True","True","24","True","B_o065_r08082","7","[[1,2,4,3,5],[1,3,4,2,5],[1,4,2,3,5],[1,4,3,2,5],[1,5,2,3,4],[2,1,4,3,5],[3,1,4,2,5]]","B"
"True","True","13","True","B_o065_r08083","1","[[3,1,4,2,5]]","B"
"True","True","17","True","B_o065_r08085","2","[[1,4,3,2,5],[4,1,3,2,5]]","B"
"True","True","24","True","B_o065_r08086","9","[[1,2,3,4,5],[1,3,2,4,5],[1,3,4,2,5],[1,4,3,2,5],[2,1,3,4,5],[2,3,1,4,5],[3,1,2,4,5],[3,1,4,2,5],[3,2,1,4,5]]","B"
"True","True","24","True","B_o065_r08088","6","[[1,2,4,3,5],[1,3,4,2,5],[1,4,2,3,5],[1,4,3,2,5],[2,1,4,3,5],[3,1,4,2,5]]","B"
"True","True","11","True","B_o065_r08091","1","[[2,4,1,3,5]]","B"
"True","True","19","True","B_o065_r08092","6","[[2,1,3,4,5],[2,1,4,3,5],[2,1,5,3,4],[2,3,1,4,5],[2,4,1,3,5],[2,5,1,3,4]]","B"
"True","True","13","True","B_o065_r08093","1","[[2,4,1,3,5]]","B"
"True","True","19","True","B_o065_r08094","6","[[2,1,3,4,5],[2,1,4,3,5],[2,1,5,3,4],[2,3,1,4,5],[2,4,1,3,5],[2,5,1,3,4]]","B"
"True","True","16","True","B_o065_r08097","2","[[2,4,1,3,5],[4,2,1,3,5]]","B"
"True","True","18","True","B_o065_r08099","2","[[2,4,1,3,5],[4,2,1,3,5]]","B"
"True","True","15","True","B_o065_r08101","1","[[3,4,1,2,5]]","B"
"True","True","21","True","B_o065_r08102","4","[[3,1,2,4,5],[3,1,4,2,5],[3,2,1,4,5],[3,4,1,2,5]]","B"
"True","True","18","True","B_o065_r08103","2","[[3,4,1,2,5],[4,3,1,2,5]]","B"
"True","True","24","True","B_o065_r08105","4","[[4,1,2,3,5],[4,1,3,2,5],[4,2,1,3,5],[4,3,1,2,5]]","B"
"True","True","24","True","B_o065_r08106","4","[[4,1,2,3,5],[4,1,3,2,5],[4,2,1,3,5],[4,3,1,2,5]]","B"
"True","True","17","True","B_o065_r08107","1","[[3,4,1,2,5]]","B"
"True","True","20","True","B_o065_r08109","2","[[3,4,1,2,5],[4,3,1,2,5]]","B"
"True","True","9","True","B_o065_r08113","1","[[2,3,4,1,5]]","B"
"True","True","11","True","B_o065_r08115","1","[[2,4,3,1,5]]","B"
"True","True","15","True","B_o065_r08117","2","[[2,4,1,3,5],[2,4,3,1,5]]","B"
"True","True","11","True","B_o065_r08119","1","[[3,2,4,1,5]]","B"
"True","True","16","True","B_o065_r08121","2","[[2,4,3,1,5],[4,2,3,1,5]]","B"
"True","True","20","True","B_o065_r08123","4","[[2,4,1,3,5],[2,4,3,1,5],[4,2,1,3,5],[4,2,3,1,5]]","B"
"True","True","15","True","B_o065_r08125","1","[[3,4,2,1,5]]","B"
"True","True","18","True","B_o065_r08127","2","[[3,4,2,1,5],[4,3,2,1,5]]","B"
"True","True","19","True","B_o065_r08131","2","[[3,4,1,2,5],[3,4,2,1,5]]","B"
"True","True","22","True","B_o065_r08133","4","[[3,4,1,2,5],[3,4,2,1,5],[4,3,1,2,5],[4,3,2,1,5]]","B"
"True","True","11","True","B_o065_r08137","1","[[2,3,4,1,5]]","B"
"True","True","13","True","B_o065_r08139","1","[[2,4,3,1,5]]","B"
"True","True","13","True","B_o065_r08143","1","[[3,2,4,1,5]]","B"
"True","True","18","True","B_o065_r08145","2","[[2,4,3,1,5],[4,2,3,1,5]]","B"
"True","True","17","True","B_o065_r08149","1","[[3,4,2,1,5]]","B"
"True","True","20","True","B_o065_r08151","2","[[3,4,2,1,5],[4,3,2,1,5]]","B"
"True","True","11","True","B_o066_r08161","2","[[1,2,3,4,5],[1,3,2,4,5]]","B"
"True","True","12","True","B_o066_r08162","2","[[1,2,3,4,5],[1,3,2,4,5]]","B"
"True","True","11","True","B_o066_r08163","1","[[1,2,4,3,5]]","B"
"True","True","14","True","B_o066_r08164","2","[[1,2,3,4,5],[1,3,2,4,5]]","B"
"True","True","12","True","B_o066_r08165","1","[[1,2,4,3,5]]","B"
"True","True","14","True","B_o066_r08166","1","[[1,2,4,3,5]]","B"
"True","True","11","True","B_o066_r08169","1","[[1,4,2,3,5]]","B"
"True","True","16","True","B_o066_r08170","2","[[1,2,3,4,5],[1,3,2,4,5]]","B"
"True","True","12","True","B_o066_r08171","1","[[1,4,2,3,5]]","B"
"True","True","16","True","B_o066_r08172","2","[[1,2,4,3,5],[1,4,2,3,5]]","B"
"True","True","12","True","B_o066_r08173","1","[[1,3,4,2,5]]","B"
"True","True","12","True","B_o066_r08175","1","[[1,4,3,2,5]]","B"
"True","True","14","True","B_o066_r08177","1","[[1,4,2,3,5]]","B"
"True","True","13","True","B_o066_r08179","1","[[1,3,4,2,5]]","B"
"True","True","14","True","B_o066_r08180","1","[[1,3,4,2,5]]","B"
"True","True","13","True","B_o066_r08181","1","[[1,4,3,2,5]]","B"
"True","True","16","True","B_o066_r08182","1","[[1,3,4,2,5]]","B"
"True","True","14","True","B_o066_r08183","1","[[1,4,3,2,5]]","B"
"True","True","16","True","B_o066_r08184","1","[[1,4,3,2,5]]","B"
"True","True","12","True","B_o066_r08185","2","[[2,1,3,4,5],[2,3,1,4,5]]","B"
"True","True","13","True","B_o066_r08186","2","[[2,1,3,4,5],[2,3,1,4,5]]","B"
"True","True","12","True","B_o066_r08187","1","[[2,1,4,3,5]]","B"
"True","True","15","True","B_o066_r08188","2","[[2,1,3,4,5],[2,3,1,4,5]]","B"
"True","True","13","True","B_o066_r08189","1","[[2,1,4,3,5]]","B"
"True","True","15","True","B_o066_r08190","1","[[2,1,4,3,5]]","B"
"True","True","14","True","B_o066_r08191","2","[[3,1,2,4,5],[3,2,1,4,5]]","B"
"True","True","15","True","B_o066_r08192","2","[[3,1,2,4,5],[3,2,1,4,5]]","B"
"True","True","17","True","B_o066_r08193","1","[[4,1,2,3,5]]","B"
"True","True","24","True","B_o066_r08194","6","[[1,2,3,4,5],[1,3,2,4,5],[2,1,3,4,5],[2,3,1,4,5],[3,1,2,4,5],[3,2,1,4,5]]","B"
"True","True","18","True","B_o066_r08195","1","[[4,1,2,3,5]]","B"
"True","True","24","True","B_o066_r08196","4","[[1,2,4,3,5],[1,4,2,3,5],[2,1,4,3,5],[4,1,2,3,5]]","B"
"True","True","15","True","B_o066_r08197","1","[[3,1,4,2,5]]","B"
"True","True","17","True","B_o066_r08198","2","[[3,1,2,4,5],[3,2,1,4,5]]","B"
"True","True","18","True","B_o066_r08199","1","[[4,1,3,2,5]]","B"
"True","True","20","True","B_o066_r08201","1","[[4,1,2,3,5]]","B"
"True","True","16","True","B_o066_r08203","1","[[3,1,4,2,5]]","B"
"True","True","17","True","B_o066_r08204","1","[[3,1,4,2,5]]","B"
"True","True","19","True","B_o066_r08205","1","[[4,1,3,2,5]]","B"
"True","True","24","True","B_o066_r08206","2","[[1,3,4,2,5],[3,1,4,2,5]]","B"
"True","True","20","True","B_o066_r08207","1","[[4,1,3,2,5]]","B"
"True","True","24","True","B_o066_r08208","2","[[1,4,3,2,5],[4,1,3,2,5]]","B"
"True","True","12","True","B_o066_r08211","1","[[2,4,1,3,5]]","B"
"True","True","17","True","B_o066_r08212","2","[[2,1,3,4,5],[2,3,1,4,5]]","B"
"True","True","13","True","B_o066_r08213","1","[[2,4,1,3,5]]","B"
"True","True","17","True","B_o066_r08214","2","[[2,1,4,3,5],[2,4,1,3,5]]","B"
"True","True","17","True","B_o066_r08217","1","[[4,2,1,3,5]]","B"
"True","True","18","True","B_o066_r08219","1","[[4,2,1,3,5]]","B"
"True","True","19","True","B_o066_r08222","2","[[3,1,2,4,5],[3,2,1,4,5]]","B"
"True","True","22","True","B_o066_r08225","2","[[4,1,2,3,5],[4,2,1,3,5]]","B"
"True","True","19","True","B_o066_r08228","1","[[3,1,4,2,5]]","B"
"True","True","22","True","B_o066_r08231","1","[[4,1,3,2,5]]","B"
"True","True","15","True","B_o066_r08237","1","[[2,4,1,3,5]]","B"
"True","True","20","True","B_o066_r08243","1","[[4,2,1,3,5]]","B"
"True","True","19","True","B_o066_r08251","1","[[3,4,1,2,5]]","B"
"True","True","19","True","B_o066_r08252","1","[[3,4,1,2,5]]","B"
"True","True","22","True","B_o066_r08253","1","[[4,3,1,2,5]]","B"
"True","True","24","True","B_o066_r08254","1","[[3,4,1,2,5]]","B"
"True","True","22","True","B_o066_r08255","1","[[4,3,1,2,5]]","B"
"True","True","24","True","B_o066_r08256","1","[[4,3,1,2,5]]","B"
"True","True","15","True","B_o066_r08257","1","[[2,3,4,1,5]]","B"
"True","True","15","True","B_o066_r08258","1","[[2,3,4,1,5]]","B"
"True","True","15","True","B_o066_r08259","1","[[2,4,3,1,5]]","B"
"True","True","17","True","B_o066_r08260","1","[[2,3,4,1,5]]","B"
"True","True","15","True","B_o066_r08261","1","[[2,4,3,1,5]]","B"
"True","True","17","True","B_o066_r08262","1","[[2,4,3,1,5]]","B"
"True","True","17","True","B_o066_r08263","1","[[3,2,4,1,5]]","B"
"True","True","17","True","B_o066_r08264","1","[[3,2,4,1,5]]","B"
"True","True","20","True","B_o066_r08265","1","[[4,2,3,1,5]]","B"
"True","True","24","True","B_o066_r08266","2","[[2,3,4,1,5],[3,2,4,1,5]]","B"
"True","True","20","True","B_o066_r08267","1","[[4,2,3,1,5]]","B"
"True","True","24","True","B_o066_r08268","2","[[2,4,3,1,5],[4,2,3,1,5]]","B"
"True","True","19","True","B_o066_r08270","1","[[3,2,4,1,5]]","B"
"True","True","22","True","B_o066_r08273","1","[[4,2,3,1,5]]","B"
"True","True","19","True","B_o066_r08275","1","[[3,4,2,1,5]]","B"
"True","True","19","True","B_o066_r08276","1","[[3,4,2,1,5]]","B"
"True","True","22","True","B_o066_r08277","1","[[4,3,2,1,5]]","B"
"True","True","24","True","B_o066_r08278","1","[[3,4,2,1,5]]","B"
"True","True","22","True","B_o066_r08279","1","[[4,3,2,1,5]]","B"
"True","True","24","True","B_o066_r08280","1","[[4,3,2,1,5]]","B"
"True","True","9","True","B_o067_r08281","2","[[1,2,3,4,5],[1,3,2,4,5]]","B"
"True","True","12","True","B_o067_r08282","2","[[1,2,3,4,5],[1,3,2,4,5]]","B"
"True","True","9","True","B_o067_r08283","1","[[1,2,4,3,5]]","B"
"True","True","14","True","B_o067_r08284","2","[[1,2,3,4,5],[1,3,2,4,5]]","B"
"True","True","12","True","B_o067_r08285","1","[[1,2,4,3,5]]","B"
"True","True","14","True","B_o067_r08286","1","[[1,2,4,3,5]]","B"
"True","True","9","True","B_o067_r08289","1","[[1,4,2,3,5]]","B"
"True","True","16","True","B_o067_r08290","2","[[1,2,3,4,5],[1,3,2,4,5]]","B"
"True","True","12","True","B_o067_r08291","1","[[1,4,2,3,5]]","B"
"True","True","16","True","B_o067_r08292","2","[[1,2,4,3,5],[1,4,2,3,5]]","B"
"True","True","10","True","B_o067_r08293","1","[[1,3,4,2,5]]","B"
"True","True","10","True","B_o067_r08295","1","[[1,4,3,2,5]]","B"
"True","True","14","True","B_o067_r08297","1","[[1,4,2,3,5]]","B"
"True","True","13","True","B_o067_r08299","1","[[1,3,4,2,5]]","B"
"True","True","14","True","B_o067_r08300","1","[[1,3,4,2,5]]","B"
"True","True","13","True","B_o067_r08301","1","[[1,4,3,2,5]]","B"
"True","True","16","True","B_o067_r08302","1","[[1,3,4,2,5]]","B"
"True","True","14","True","B_o067_r08303","1","[[1,4,3,2,5]]","B"
"True","True","16","True","B_o067_r08304","1","[[1,4,3,2,5]]","B"
"True","True","10","True","B_o067_r08305","2","[[2,1,3,4,5],[2,3,1,4,5]]","B"
"True","True","13","True","B_o067_r08306","2","[[2,1,3,4,5],[2,3,1,4,5]]","B"
"True","True","10","True","B_o067_r08307","1","[[2,1,4,3,5]]","B"
"True","True","15","True","B_o067_r08308","2","[[2,1,3,4,5],[2,3,1,4,5]]","B"
"True","True","13","True","B_o067_r08309","1","[[2,1,4,3,5]]","B"
"True","True","15","True","B_o067_r08310","1","[[2,1,4,3,5]]","B"
"True","True","12","True","B_o067_r08311","2","[[3,1,2,4,5],[3,2,1,4,5]]","B"
"True","True","15","True","B_o067_r08312","2","[[3,1,2,4,5],[3,2,1,4,5]]","B"
"True","True","15","True","B_o067_r08313","1","[[4,1,2,3,5]]","B"
"True","True","24","True","B_o067_r08314","6","[[1,2,3,4,5],[1,3,2,4,5],[2,1,3,4,5],[2,3,1,4,5],[3,1,2,4,5],[3,2,1,4,5]]","B"
"True","True","18","True","B_o067_r08315","1","[[4,1,2,3,5]]","B"
"True","True","24","True","B_o067_r08316","4","[[1,2,4,3,5],[1,4,2,3,5],[2,1,4,3,5],[4,1,2,3,5]]","B"
"True","True","13","True","B_o067_r08317","1","[[3,1,4,2,5]]","B"
"True","True","17","True","B_o067_r08318","2","[[3,1,2,4,5],[3,2,1,4,5]]","B"
"True","True","16","True","B_o067_r08319","1","[[4,1,3,2,5]]","B"
"True","True","20","True","B_o067_r08321","1","[[4,1,2,3,5]]","B"
"True","True","16","True","B_o067_r08323","1","[[3,1,4,2,5]]","B"
"True","True","17","True","B_o067_r08324","1","[[3,1,4,2,5]]","B"
"True","True","19","True","B_o067_r08325","1","[[4,1,3,2,5]]","B"
"True","True","24","True","B_o067_r08326","2","[[1,3,4,2,5],[3,1,4,2,5]]","B"
"True","True","20","True","B_o067_r08327","1","[[4,1,3,2,5]]","B"
"True","True","24","True","B_o067_r08328","2","[[1,4,3,2,5],[4,1,3,2,5]]","B"
"True","True","10","True","B_o067_r08331","1","[[2,4,1,3,5]]","B"
"True","True","17","True","B_o067_r08332","2","[[2,1,3,4,5],[2,3,1,4,5]]","B"
"True","True","13","True","B_o067_r08333","1","[[2,4,1,3,5]]","B"
"True","True","17","True","B_o067_r08334","2","[[2,1,4,3,5],[2,4,1,3,5]]","B"
"True","True","15","True","B_o067_r08337","1","[[4,2,1,3,5]]","B"
"True","True","18","True","B_o067_r08339","1","[[4,2,1,3,5]]","B"
"True","True","19","True","B_o067_r08342","2","[[3,1,2,4,5],[3,2,1,4,5]]","B"
"True","True","22","True","B_o067_r08345","2","[[4,1,2,3,5],[4,2,1,3,5]]","B"
"True","True","19","True","B_o067_r08348","1","[[3,1,4,2,5]]","B"
"True","True","22","True","B_o067_r08351","1","[[4,1,3,2,5]]","B"
"True","True","15","True","B_o067_r08357","1","[[2,4,1,3,5]]","B"
"True","True","20","True","B_o067_r08363","1","[[4,2,1,3,5]]","B"
"True","True","19","True","B_o067_r08371","1","[[3,4,1,2,5]]","B"
"True","True","19","True","B_o067_r08372","1","[[3,4,1,2,5]]","B"
"True","True","22","True","B_o067_r08373","1","[[4,3,1,2,5]]","B"
"True","True","24","True","B_o067_r08374","1","[[3,4,1,2,5]]","B"
"True","True","22","True","B_o067_r08375","1","[[4,3,1,2,5]]","B"
"True","True","24","True","B_o067_r08376","1","[[4,3,1,2,5]]","B"
"True","True","15","True","B_o067_r08377","1","[[2,3,4,1,5]]","B"
"True","True","15","True","B_o067_r08378","1","[[2,3,4,1,5]]","B"
"True","True","15","True","B_o067_r08379","1","[[2,4,3,1,5]]","B"
"True","True","17","True","B_o067_r08380","1","[[2,3,4,1,5]]","B"
"True","True","15","True","B_o067_r08381","1","[[2,4,3,1,5]]","B"
"True","True","17","True","B_o067_r08382","1","[[2,4,3,1,5]]","B"
"True","True","17","True","B_o067_r08383","1","[[3,2,4,1,5]]","B"
"True","True","17","True","B_o067_r08384","1","[[3,2,4,1,5]]","B"
"True","True","20","True","B_o067_r08385","1","[[4,2,3,1,5]]","B"
"True","True","24","True","B_o067_r08386","2","[[2,3,4,1,5],[3,2,4,1,5]]","B"
"True","True","20","True","B_o067_r08387","1","[[4,2,3,1,5]]","B"
"True","True","24","True","B_o067_r08388","2","[[2,4,3,1,5],[4,2,3,1,5]]","B"
"True","True","19","True","B_o067_r08390","1","[[3,2,4,1,5]]","B"
"True","True","22","True","B_o067_r08393","1","[[4,2,3,1,5]]","B"
"True","True","19","True","B_o067_r08395","1","[[3,4,2,1,5]]","B"
"True","True","19","True","B_o067_r08396","1","[[3,4,2,1,5]]","B"
"True","True","22","True","B_o067_r08397","1","[[4,3,2,1,5]]","B"
"True","True","24","True","B_o067_r08398","1","[[3,4,2,1,5]]","B"
"True","True","22","True","B_o067_r08399","1","[[4,3,2,1,5]]","B"
"True","True","24","True","B_o067_r08400","1","[[4,3,2,1,5]]","B"
"True","True","8","True","B_o068_r08401","2","[[1,2,3,4,5],[1,3,2,4,5]]","B"
"True","True","10","True","B_o068_r08402","2","[[1,2,3,4,5],[1,3,2,4,5]]","B"
"True","True","8","True","B_o068_r08403","1","[[1,2,4,3,5]]","B"
"True","True","14","True","B_o068_r08404","4","[[1,2,3,4,5],[1,2,4,3,5],[1,2,5,3,4],[1,3,2,4,5]]","B"
"True","True","10","True","B_o068_r08405","1","[[1,2,4,3,5]]","B"
"True","True","14","True","B_o068_r08406","4","[[1,2,3,4,5],[1,2,4,3,5],[1,2,5,3,4],[1,3,2,4,5]]","B"
"True","True","8","True","B_o068_r08409","1","[[1,4,2,3,5]]","B"
"True","True","16","True","B_o068_r08410","5","[[1,2,3,4,5],[1,2,4,3,5],[1,2,5,3,4],[1,3,2,4,5],[1,4,2,3,5]]","B"
"True","True","10","True","B_o068_r08411","1","[[1,4,2,3,5]]","B"
"True","True","16","True","B_o068_r08412","5","[[1,2,3,4,5],[1,2,4,3,5],[1,2,5,3,4],[1,3,2,4,5],[1,4,2,3,5]]","B"
"True","True","9","True","B_o068_r08413","1","[[1,3,4,2,5]]","B"
"True","True","9","True","B_o068_r08415","1","[[1,4,3,2,5]]","B"
"True","True","14","True","B_o068_r08417","2","[[1,4,2,3,5],[1,4,3,2,5]]","B"
"True","True","11","True","B_o068_r08419","1","[[1,3,4,2,5]]","B"
"True","True","11","True","B_o068_r08421","1","[[1,4,3,2,5]]","B"
"True","True","9","True","B_o068_r08425","2","[[2,1,3,4,5],[2,3,1,4,5]]","B"
"True","True","11","True","B_o068_r08426","2","[[2,1,3,4,5],[2,3,1,4,5]]","B"
"True","True","9","True","B_o068_r08427","1","[[2,1,4,3,5]]","B"
"True","True","15","True","B_o068_r08428","4","[[2,1,3,4,5],[2,1,4,3,5],[2,1,5,3,4],[2,3,1,4,5]]","B"
"True","True","11","True","B_o068_r08429","1","[[2,1,4,3,5]]","B"
"True","True","15","True","B_o068_r08430","4","[[2,1,3,4,5],[2,1,4,3,5],[2,1,5,3,4],[2,3,1,4,5]]","B"
"True","True","11","True","B_o068_r08431","2","[[3,1,2,4,5],[3,2,1,4,5]]","B"
"True","True","13","True","B_o068_r08432","2","[[3,1,2,4,5],[3,2,1,4,5]]","B"
"True","True","14","True","B_o068_r08433","1","[[4,1,2,3,5]]","B"
"True","True","24","True","B_o068_r08434","12","[[1,2,3,4,5],[1,2,4,3,5],[1,2,5,3,4],[1,3,2,4,5],[1,4,2,3,5],[2,1,3,4,5],[2,1,4,3,5],[2,1,5,3,4],[2,3,1,4,5],[3,1,2,4,5],[3,2,1,4,5],[4,1,2,3,5]]","B"
"True","True","16","True","B_o068_r08435","1","[[4,1,2,3,5]]","B"
"True","True","24","True","B_o068_r08436","12","[[1,2,3,4,5],[1,2,4,3,5],[1,2,5,3,4],[1,3,2,4,5],[1,4,2,3,5],[2,1,3,4,5],[2,1,4,3,5],[2,1,5,3,4],[2,3,1,4,5],[3,1,2,4,5],[3,2,1,4,5],[4,1,2,3,5]]","B"
"True","True","12","True","B_o068_r08437","1","[[3,1,4,2,5]]","B"
"True","True","17","True","B_o068_r08438","3","[[3,1,2,4,5],[3,1,4,2,5],[3,2,1,4,5]]","B"
"True","True","15","True","B_o068_r08439","1","[[4,1,3,2,5]]","B"
"True","True","20","True","B_o068_r08441","2","[[4,1,2,3,5],[4,1,3,2,5]]","B"
"True","True","14","True","B_o068_r08443","1","[[3,1,4,2,5]]","B"
"True","True","17","True","B_o068_r08445","1","[[4,1,3,2,5]]","B"
"True","True","9","True","B_o068_r08451","1","[[2,4,1,3,5]]","B"
"True","True","17","True","B_o068_r08452","5","[[2,1,3,4,5],[2,1,4,3,5],[2,1,5,3,4],[2,3,1,4,5],[2,4,1,3,5]]","B"
"True","True","11","True","B_o068_r08453","1","[[2,4,1,3,5]]","B"
"True","True","17","True","B_o068_r08454","5","[[2,1,3,4,5],[2,1,4,3,5],[2,1,5,3,4],[2,3,1,4,5],[2,4,1,3,5]]","B"
"True","True","14","True","B_o068_r08457","1","[[4,2,1,3,5]]","B"
"True","True","16","True","B_o068_r08459","1","[[4,2,1,3,5]]","B"
"True","True","19","True","B_o068_r08462","3","[[3,1,2,4,5],[3,1,4,2,5],[3,2,1,4,5]]","B"
"True","True","22","True","B_o068_r08465","3","[[4,1,2,3,5],[4,1,3,2,5],[4,2,1,3,5]]","B"
"True","True","11","True","B_o068_r08473","1","[[2,3,4,1,5]]","B"
"True","True","11","True","B_o068_r08475","1","[[2,4,3,1,5]]","B"
"True","True","15","True","B_o068_r08477","2","[[2,4,1,3,5],[2,4,3,1,5]]","B"
"True","True","13","True","B_o068_r08479","1","[[3,2,4,1,5]]","B"
"True","True","16","True","B_o068_r08481","1","[[4,2,3,1,5]]","B"
"True","True","20","True","B_o068_r08483","2","[[4,2,1,3,5],[4,2,3,1,5]]","B"
"True","True","19","True","B_o068_r08491","2","[[3,4,1,2,5],[3,4,2,1,5]]","B"
"True","True","19","True","B_o068_r08492","2","[[3,4,1,2,5],[3,4,2,1,5]]","B"
"True","True","22","True","B_o068_r08493","2","[[4,3,1,2,5],[4,3,2,1,5]]","B"
"True","True","24","True","B_o068_r08494","2","[[3,4,1,2,5],[3,4,2,1,5]]","B"
"True","True","22","True","B_o068_r08495","2","[[4,3,1,2,5],[4,3,2,1,5]]","B"
"True","True","24","True","B_o068_r08496","2","[[4,3,1,2,5],[4,3,2,1,5]]","B"
"True","True","13","True","B_o068_r08497","1","[[2,3,4,1,5]]","B"
"True","True","13","True","B_o068_r08499","1","[[2,4,3,1,5]]","B"
"True","True","15","True","B_o068_r08503","1","[[3,2,4,1,5]]","B"
"True","True","18","True","B_o068_r08505","1","[[4,2,3,1,5]]","B"
"True","True","8","True","B_o069_r08521","2","[[1,2,3,4,5],[1,3,2,4,5]]","B"
"True","True","10","True","B_o069_r08522","2","[[1,2,3,4,5],[1,3,2,4,5]]","B"
"True","True","8","True","B_o069_r08523","1","[[1,2,4,3,5]]","B"
"True","True","12","True","B_o069_r08524","4","[[1,2,3,4,5],[1,2,4,3,5],[1,2,5,3,4],[1,3,2,4,5]]","B"
"True","True","10","True","B_o069_r08525","1","[[1,2,4,3,5]]","B"
"True","True","12","True","B_o069_r08526","4","[[1,2,3,4,5],[1,2,4,3,5],[1,2,5,3,4],[1,3,2,4,5]]","B"
"True","True","8","True","B_o069_r08529","1","[[1,4,2,3,5]]","B"
"True","True","15","True","B_o069_r08530","1","[[1,5,2,3,4]]","B"
"True","True","10","True","B_o069_r08531","1","[[1,4,2,3,5]]","B"
"True","True","15","True","B_o069_r08532","1","[[1,5,2,3,4]]","B"
"True","True","8","True","B_o069_r08533","1","[[1,3,4,2,5]]","B"
"True","True","8","True","B_o069_r08535","1","[[1,4,3,2,5]]","B"
"True","True","16","True","B_o069_r08536","5","[[1,2,3,4,5],[1,3,2,4,5],[1,3,4,2,5],[1,4,3,2,5],[1,5,2,3,4]]","B"
"True","True","12","True","B_o069_r08537","2","[[1,4,2,3,5],[1,4,3,2,5]]","B"
"True","True","16","True","B_o069_r08538","5","[[1,2,4,3,5],[1,3,4,2,5],[1,4,2,3,5],[1,4,3,2,5],[1,5,2,3,4]]","B"
"True","True","10","True","B_o069_r08539","1","[[1,3,4,2,5]]","B"
"True","True","10","True","B_o069_r08541","1","[[1,4,3,2,5]]","B"
"True","True","16","True","B_o069_r08542","4","[[1,2,3,4,5],[1,3,2,4,5],[1,3,4,2,5],[1,4,3,2,5]]","B"
"True","True","16","True","B_o069_r08544","4","[[1,2,4,3,5],[1,3,4,2,5],[1,4,2,3,5],[1,4,3,2,5]]","B"
"True","True","9","True","B_o069_r08545","2","[[2,1,3,4,5],[2,3,1,4,5]]","B"
"True","True","11","True","B_o069_r08546","2","[[2,1,3,4,5],[2,3,1,4,5]]","B"
"True","True","9","True","B_o069_r08547","1","[[2,1,4,3,5]]","B"
"True","True","13","True","B_o069_r08548","4","[[2,1,3,4,5],[2,1,4,3,5],[2,1,5,3,4],[2,3,1,4,5]]","B"
"True","True","11","True","B_o069_r08549","1","[[2,1,4,3,5]]","B"
"True","True","13","True","B_o069_r08550","4","[[2,1,3,4,5],[2,1,4,3,5],[2,1,5,3,4],[2,3,1,4,5]]","B"
"True","True","11","True","B_o069_r08551","2","[[3,1,2,4,5],[3,2,1,4,5]]","B"
"True","True","13","True","B_o069_r08552","2","[[3,1,2,4,5],[3,2,1,4,5]]","B"
"True","True","14","True","B_o069_r08553","1","[[4,1,2,3,5]]","B"
"True","True","23","True","B_o069_r08554","1","[[1,5,2,3,4]]","B"
"True","True","16","True","B_o069_r08555","1","[[4,1,2,3,5]]","B"
"True","True","23","True","B_o069_r08556","1","[[1,5,2,3,4]]","B"
"True","True","11","True","B_o069_r08557","1","[[3,1,4,2,5]]","B"
"True","True","15","True","B_o069_r08558","3","[[3,1,2,4,5],[3,1,4,2,5],[3,2,1,4,5]]","B"
"True","True","14","True","B_o069_r08559","1","[[4,1,3,2,5]]","B"
"True","True","24","True","B_o069_r08560","11","[[1,2,3,4,5],[1,3,2,4,5],[1,3,4,2,5],[1,4,3,2,5],[1,5,2,3,4],[2,1,3,4,5],[2,3,1,4,5],[3,1,2,4,5],[3,1,4,2,5],[3,2,1,4,5],[4,1,3,2,5]]","B"
"True","True","18","True","B_o069_r08561","2","[[4,1,2,3,5],[4,1,3,2,5]]","B"
"True","True","24","True","B_o069_r08562","9","[[1,2,4,3,5],[1,3,4,2,5],[1,4,2,3,5],[1,4,3,2,5],[1,5,2,3,4],[2,1,4,3,5],[3,1,4,2,5],[4,1,2,3,5],[4,1,3,2,5]]","B"
"True","True","13","True","B_o069_r08563","1","[[3,1,4,2,5]]","B"
"True","True","16","True","B_o069_r08565","1","[[4,1,3,2,5]]","B"
"True","True","24","True","B_o069_r08566","10","[[1,2,3,4,5],[1,3,2,4,5],[1,3,4,2,5],[1,4,3,2,5],[2,1,3,4,5],[2,3,1,4,5],[3,1,2,4,5],[3,1,4,2,5],[3,2,1,4,5],[4,1,3,2,5]]","B"
"True","True","24","True","B_o069_r08568","8","[[1,2,4,3,5],[1,3,4,2,5],[1,4,2,3,5],[1,4,3,2,5],[2,1,4,3,5],[3,1,4,2,5],[4,1,2,3,5],[4,1,3,2,5]]","B"
"True","True","9","True","B_o069_r08571","1","[[2,4,1,3,5]]","B"
"True","True","17","True","B_o069_r08572","6","[[2,1,3,4,5],[2,1,4,3,5],[2,1,5,3,4],[2,3,1,4,5],[2,4,1,3,5],[2,5,1,3,4]]","B"
"True","True","11","True","B_o069_r08573","1","[[2,4,1,3,5]]","B"
"True","True","17","True","B_o069_r08574","6","[[2,1,3,4,5],[2,1,4,3,5],[2,1,5,3,4],[2,3,1,4,5],[2,4,1,3,5],[2,5,1,3,4]]","B"
"True","True","14","True","B_o069_r08577","1","[[4,2,1,3,5]]","B"
"True","True","16","True","B_o069_r08579","1","[[4,2,1,3,5]]","B"
"True","True","13","True","B_o069_r08581","1","[[3,4,1,2,5]]","B"
"True","True","19","True","B_o069_r08582","4","[[3,1,2,4,5],[3,1,4,2,5],[3,2,1,4,5],[3,4,1,2,5]]","B"
"True","True","16","True","B_o069_r08583","1","[[4,3,1,2,5]]","B"
"True","True","22","True","B_o069_r08585","4","[[4,1,2,3,5],[4,1,3,2,5],[4,2,1,3,5],[4,3,1,2,5]]","B"
"True","True","15","True","B_o069_r08587","1","[[3,4,1,2,5]]","B"
"True","True","18","True","B_o069_r08589","1","[[4,3,1,2,5]]","B"
"True","True","9","True","B_o069_r08593","1","[[2,3,4,1,5]]","B"
"True","True","9","True","B_o069_r08595","1","[[2,4,3,1,5]]","B"
"True","True","13","True","B_o069_r08597","2","[[2,4,1,3,5],[2,4,3,1,5]]","B"
"True","True","11","True","B_o069_r08599","1","[[3,2,4,1,5]]","B"
"True","True","14","True","B_o069_r08601","1","[[4,2,3,1,5]]","B"
"True","True","18","True","B_o069_r08603","2","[[4,2,1,3,5],[4,2,3,1,5]]","B"
"True","True","13","True","B_o069_r08605","1","[[3,4,2,1,5]]","B"
"True","True","16","True","B_o069_r08607","1","[[4,3,2,1,5]]","B"
"True","True","17","True","B_o069_r08611","2","[[3,4,1,2,5],[3,4,2,1,5]]","B"
"True","True","20","True","B_o069_r08613","2","[[4,3,1,2,5],[4,3,2,1,5]]","B"
"True","True","11","True","B_o069_r08617","1","[[2,3,4,1,5]]","B"
"True","True","11","True","B_o069_r08619","1","[[2,4,3,1,5]]","B"
"True","True","13","True","B_o069_r08623","1","[[3,2,4,1,5]]","B"
"True","True","16","True","B_o069_r08625","1","[[4,2,3,1,5]]","B"
"True","True","15","True","B_o069_r08629","1","[[3,4,2,1,5]]","B"
"True","True","18","True","B_o069_r08631","1","[[4,3,2,1,5]]","B"
"True","True","8","True","B_o070_r08641","2","[[1,2,3,4,5],[1,3,2,4,5]]","B"
"True","True","10","True","B_o070_r08642","2","[[1,2,3,4,5],[1,3,2,4,5]]","B"
"True","True","8","True","B_o070_r08643","2","[[1,2,4,3,5],[1,4,2,3,5]]","B"
"True","True","12","True","B_o070_r08644","5","[[1,2,3,4,5],[1,2,4,3,5],[1,2,5,3,4],[1,3,2,4,5],[1,4,2,3,5]]","B"
"True","True","10","True","B_o070_r08645","2","[[1,2,4,3,5],[1,4,2,3,5]]","B"
"True","True","12","True","B_o070_r08646","5","[[1,2,3,4,5],[1,2,4,3,5],[1,2,5,3,4],[1,3,2,4,5],[1,4,2,3,5]]","B"
"True","True","13","True","B_o070_r08650","1","[[1,5,2,3,4]]","B"
"True","True","13","True","B_o070_r08652","1","[[1,5,2,3,4]]","B"
"True","True","8","True","B_o070_r08653","1","[[1,3,4,2,5]]","B"
"True","True","8","True","B_o070_r08655","1","[[1,4,3,2,5]]","B"
"True","True","14","True","B_o070_r08656","5","[[1,2,3,4,5],[1,3,2,4,5],[1,3,4,2,5],[1,4,3,2,5],[1,5,2,3,4]]","B"
"True","True","14","True","B_o070_r08658","5","[[1,2,4,3,5],[1,3,4,2,5],[1,4,2,3,5],[1,4,3,2,5],[1,5,2,3,4]]","B"
"True","True","10","True","B_o070_r08659","1","[[1,3,4,2,5]]","B"
"True","True","10","True","B_o070_r08661","1","[[1,4,3,2,5]]","B"
"True","True","14","True","B_o070_r08662","4","[[1,2,3,4,5],[1,3,2,4,5],[1,3,4,2,5],[1,4,3,2,5]]","B"
"True","True","14","True","B_o070_r08664","4","[[1,2,4,3,5],[1,3,4,2,5],[1,4,2,3,5],[1,4,3,2,5]]","B"
"True","True","9","True","B_o070_r08665","2","[[2,1,3,4,5],[2,3,1,4,5]]","B"
"True","True","11","True","B_o070_r08666","2","[[2,1,3,4,5],[2,3,1,4,5]]","B"
"True","True","9","True","B_o070_r08667","2","[[2,1,4,3,5],[2,4,1,3,5]]","B"
"True","True","13","True","B_o070_r08668","5","[[2,1,3,4,5],[2,1,4,3,5],[2,1,5,3,4],[2,3,1,4,5],[2,4,1,3,5]]","B"
"True","True","11","True","B_o070_r08669","2","[[2,1,4,3,5],[2,4,1,3,5]]","B"
"True","True","13","True","B_o070_r08670","5","[[2,1,3,4,5],[2,1,4,3,5],[2,1,5,3,4],[2,3,1,4,5],[2,4,1,3,5]]","B"
"True","True","11","True","B_o070_r08671","2","[[3,1,2,4,5],[3,2,1,4,5]]","B"
"True","True","13","True","B_o070_r08672","2","[[3,1,2,4,5],[3,2,1,4,5]]","B"
"True","True","14","True","B_o070_r08673","2","[[4,1,2,3,5],[4,2,1,3,5]]","B"
"True","True","23","True","B_o070_r08674","2","[[1,5,2,3,4],[5,1,2,3,4]]","B"
"True","True","16","True","B_o070_r08675","2","[[4,1,2,3,5],[4,2,1,3,5]]","B"
"True","True","23","True","B_o070_r08676","2","[[1,5,2,3,4],[5,1,2,3,4]]","B"
"True","True","11","True","B_o070_r08677","1","[[3,1,4,2,5]]","B"
"True","True","15","True","B_o070_r08678","3","[[3,1,2,4,5],[3,1,4,2,5],[3,2,1,4,5]]","B"
"True","True","14","True","B_o070_r08679","1","[[4,1,3,2,5]]","B"
"True","True","24","True","B_o070_r08680","12","[[1,2,3,4,5],[1,3,2,4,5],[1,3,4,2,5],[1,4,3,2,5],[1,5,2,3,4],[2,1,3,4,5],[2,3,1,4,5],[3,1,2,4,5],[3,1,4,2,5],[3,2,1,4,5],[4,1,3,2,5],[5,1,2,3,4]]","B"
"True","True","18","True","B_o070_r08681","3","[[4,1,2,3,5],[4,1,3,2,5],[4,2,1,3,5]]","B"
"True","True","24","True","B_o070_r08682","12","[[1,2,4,3,5],[1,3,4,2,5],[1,4,2,3,5],[1,4,3,2,5],[1,5,2,3,4],[2,1,4,3,5],[2,4,1,3,5],[3,1,4,2,5],[4,1,2,3,5],[4,1,3,2,5],[4,2,1,3,5],[5,1,2,3,4]]","B"
"True","True","13","True","B_o070_r08683","1","[[3,1,4,2,5]]","B"
"True","True","16","True","B_o070_r08685","1","[[4,1,3,2,5]]","B"
"True","True","24","True","B_o070_r08686","10","[[1,2,3,4,5],[1,3,2,4,5],[1,3,4,2,5],[1,4,3,2,5],[2,1,3,4,5],[2,3,1,4,5],[3,1,2,4,5],[3,1,4,2,5],[3,2,1,4,5],[4,1,3,2,5]]","B"
"True","True","24","True","B_o070_r08688","10","[[1,2,4,3,5],[1,3,4,2,5],[1,4,2,3,5],[1,4,3,2,5],[2,1,4,3,5],[2,4,1,3,5],[3,1,4,2,5],[4,1,2,3,5],[4,1,3,2,5],[4,2,1,3,5]]","B"
"True","True","15","True","B_o070_r08692","6","[[2,1,3,4,5],[2,1,4,3,5],[2,1,5,3,4],[2,3,1,4,5],[2,4,1,3,5],[2,5,1,3,4]]","B"
"True","True","15","True","B_o070_r08694","6","[[2,1,3,4,5],[2,1,4,3,5],[2,1,5,3,4],[2,3,1,4,5],[2,4,1,3,5],[2,5,1,3,4]]","B"
"True","True","11","True","B_o070_r08701","1","[[3,4,1,2,5]]","B"
"True","True","17","True","B_o070_r08702","4","[[3,1,2,4,5],[3,1,4,2,5],[3,2,1,4,5],[3,4,1,2,5]]","B"
"True","True","14","True","B_o070_r08703","1","[[4,3,1,2,5]]","B"
"True","True","20","True","B_o070_r08705","4","[[4,1,2,3,5],[4,1,3,2,5],[4,2,1,3,5],[4,3,1,2,5]]","B"
"True","True","13","True","B_o070_r08707","1","[[3,4,1,2,5]]","B"
"True","True","16","True","B_o070_r08709","1","[[4,3,1,2,5]]","B"
"True","True","9","True","B_o070_r08713","1","[[2,3,4,1,5]]","B"
"True","True","9","True","B_o070_r08715","1","[[2,4,3,1,5]]","B"
"True","True","11","True","B_o070_r08719","1","[[3,2,4,1,5]]","B"
"True","True","14","True","B_o070_r08721","1","[[4,2,3,1,5]]","B"
"True","True","11","True","B_o070_r08725","1","[[3,4,2,1,5]]","B"
"True","True","14","True","B_o070_r08727","1","[[4,3,2,1,5]]","B"
"True","True","15","True","B_o070_r08731","2","[[3,4,1,2,5],[3,4,2,1,5]]","B"
"True","True","18","True","B_o070_r08733","2","[[4,3,1,2,5],[4,3,2,1,5]]","B"
"True","True","11","True","B_o070_r08737","1","[[2,3,4,1,5]]","B"
"True","True","11","True","B_o070_r08739","1","[[2,4,3,1,5]]","B"
"True","True","13","True","B_o070_r08743","1","[[3,2,4,1,5]]","B"
"True","True","16","True","B_o070_r08745","1","[[4,2,3,1,5]]","B"
"True","True","13","True","B_o070_r08749","1","[[3,4,2,1,5]]","B"
"True","True","16","True","B_o070_r08751","1","[[4,3,2,1,5]]","B"
"True","True","19","True","B_o071_r08761","2","[[1,2,3,4,5],[2,1,3,4,5]]","B"
"True","True","19","True","B_o071_r08762","2","[[1,2,3,4,5],[2,1,3,4,5]]","B"
"True","True","21","True","B_o071_r08763","2","[[1,2,3,4,5],[2,1,3,4,5]]","B"
"True","True","21","True","B_o071_r08764","2","[[1,2,3,4,5],[2,1,3,4,5]]","B"
"True","True","22","True","B_o071_r08765","2","[[1,2,4,3,5],[2,1,4,3,5]]","B"
"True","True","22","True","B_o071_r08766","2","[[1,2,4,3,5],[2,1,4,3,5]]","B"
"True","True","19","True","B_o071_r08767","1","[[1,3,2,4,5]]","B"
"True","True","19","True","B_o071_r08768","1","[[1,3,2,4,5]]","B"
"True","True","23","True","B_o071_r08769","3","[[1,2,3,4,5],[1,3,2,4,5],[2,1,3,4,5]]","B"
"True","True","23","True","B_o071_r08770","3","[[1,2,3,4,5],[1,3,2,4,5],[2,1,3,4,5]]","B"
"True","True","24","True","B_o071_r08771","2","[[1,2,4,3,5],[2,1,4,3,5]]","B"
"True","True","24","True","B_o071_r08772","2","[[1,2,4,3,5],[2,1,4,3,5]]","B"
"True","True","21","True","B_o071_r08773","1","[[1,3,2,4,5]]","B"
"True","True","21","True","B_o071_r08774","1","[[1,3,2,4,5]]","B"
"True","True","25","True","B_o071_r08777","1","[[1,4,2,3,5]]","B"
"True","True","25","True","B_o071_r08778","1","[[1,4,2,3,5]]","B"
"True","True","23","True","B_o071_r08779","1","[[1,3,2,4,5]]","B"
"True","True","23","True","B_o071_r08780","1","[[1,3,2,4,5]]","B"
"True","True","26","True","B_o071_r08783","1","[[1,4,2,3,5]]","B"
"True","True","26","True","B_o071_r08784","1","[[1,4,2,3,5]]","B"
"True","True","20","True","B_o071_r08791","1","[[3,1,2,4,5]]","B"
"True","True","20","True","B_o071_r08792","1","[[3,1,2,4,5]]","B"
"True","True","25","True","B_o071_r08793","4","[[1,2,3,4,5],[1,3,2,4,5],[2,1,3,4,5],[3,1,2,4,5]]","B"
"True","True","25","True","B_o071_r08794","4","[[1,2,3,4,5],[1,3,2,4,5],[2,1,3,4,5],[3,1,2,4,5]]","B"
"True","True","26","True","B_o071_r08795","2","[[1,2,4,3,5],[2,1,4,3,5]]","B"
"True","True","26","True","B_o071_r08796","2","[[1,2,4,3,5],[2,1,4,3,5]]","B"
"True","True","22","True","B_o071_r08797","1","[[3,1,2,4,5]]","B"
"True","True","22","True","B_o071_r08798","1","[[3,1,2,4,5]]","B"
"True","True","27","True","B_o071_r08801","1","[[1,4,2,3,5]]","B"
"True","True","27","True","B_o071_r08802","1","[[1,4,2,3,5]]","B"
"True","True","24","True","B_o071_r08803","1","[[3,1,2,4,5]]","B"
"True","True","24","True","B_o071_r08804","1","[[3,1,2,4,5]]","B"
"True","True","28","True","B_o071_r08807","1","[[1,4,2,3,5]]","B"
"True","True","28","True","B_o071_r08808","1","[[1,4,2,3,5]]","B"
"True","True","20","True","B_o071_r08809","1","[[2,3,1,4,5]]","B"
"True","True","20","True","B_o071_r08810","1","[[2,3,1,4,5]]","B"
"True","True","21","True","B_o071_r08815","1","[[3,2,1,4,5]]","B"
"True","True","21","True","B_o071_r08816","1","[[3,2,1,4,5]]","B"
"True","True","24","True","B_o071_r08821","2","[[3,1,2,4,5],[3,2,1,4,5]]","B"
"True","True","24","True","B_o071_r08822","2","[[3,1,2,4,5],[3,2,1,4,5]]","B"
"True","True","29","True","B_o071_r08825","2","[[1,4,2,3,5],[4,1,2,3,5]]","B"
"True","True","29","True","B_o071_r08826","2","[[1,4,2,3,5],[4,1,2,3,5]]","B"
"True","True","26","True","B_o071_r08827","2","[[3,1,2,4,5],[3,2,1,4,5]]","B"
"True","True","26","True","B_o071_r08828","2","[[3,1,2,4,5],[3,2,1,4,5]]","B"
"True","True","30","True","B_o071_r08831","2","[[1,4,2,3,5],[4,1,2,3,5]]","B"
"True","True","30","True","B_o071_r08832","2","[[1,4,2,3,5],[4,1,2,3,5]]","B"
"True","True","22","True","B_o071_r08833","1","[[2,3,1,4,5]]","B"
"True","True","22","True","B_o071_r08834","1","[[2,3,1,4,5]]","B"
"True","True","23","True","B_o071_r08839","1","[[3,2,1,4,5]]","B"
"True","True","23","True","B_o071_r08840","1","[[3,2,1,4,5]]","B"
"True","True","28","True","B_o071_r08851","2","[[3,1,2,4,5],[3,2,1,4,5]]","B"
"True","True","28","True","B_o071_r08852","2","[[3,1,2,4,5],[3,2,1,4,5]]","B"
"True","True","24","True","B_o071_r08857","1","[[2,3,1,4,5]]","B"
"True","True","24","True","B_o071_r08858","1","[[2,3,1,4,5]]","B"
"True","True","25","True","B_o071_r08863","1","[[3,2,1,4,5]]","B"
"True","True","25","True","B_o071_r08864","1","[[3,2,1,4,5]]","B"
"True","True","17","True","B_o072_r08881","2","[[1,2,3,4,5],[2,1,3,4,5]]","B"
"True","True","17","True","B_o072_r08882","2","[[1,2,3,4,5],[2,1,3,4,5]]","B"
"True","True","19","True","B_o072_r08883","2","[[1,2,3,4,5],[2,1,3,4,5]]","B"
"True","True","19","True","B_o072_r08884","2","[[1,2,3,4,5],[2,1,3,4,5]]","B"
"True","True","20","True","B_o072_r08885","2","[[1,2,4,3,5],[2,1,4,3,5]]","B"
"True","True","20","True","B_o072_r08886","2","[[1,2,4,3,5],[2,1,4,3,5]]","B"
"True","True","17","True","B_o072_r08887","1","[[1,3,2,4,5]]","B"
"True","True","17","True","B_o072_r08888","1","[[1,3,2,4,5]]","B"
"True","True","21","True","B_o072_r08889","3","[[1,2,3,4,5],[1,3,2,4,5],[2,1,3,4,5]]","B"
"True","True","21","True","B_o072_r08890","3","[[1,2,3,4,5],[1,3,2,4,5],[2,1,3,4,5]]","B"
"True","True","22","True","B_o072_r08891","2","[[1,2,4,3,5],[2,1,4,3,5]]","B"
"True","True","22","True","B_o072_r08892","2","[[1,2,4,3,5],[2,1,4,3,5]]","B"
"True","True","19","True","B_o072_r08893","1","[[1,3,2,4,5]]","B"
"True","True","19","True","B_o072_r08894","1","[[1,3,2,4,5]]","B"
"True","True","23","True","B_o072_r08897","1","[[1,4,2,3,5]]","B"
"True","True","23","True","B_o072_r08898","1","[[1,4,2,3,5]]","B"
"True","True","22","True","B_o072_r08899","1","[[1,3,4,2,5]]","B"
"True","True","22","True","B_o072_r08900","1","[[1,3,4,2,5]]","B"
"True","True","24","True","B_o072_r08901","1","[[1,3,4,2,5]]","B"
"True","True","24","True","B_o072_r08902","1","[[1,3,4,2,5]]","B"
"True","True","25","True","B_o072_r08903","1","[[1,4,3,2,5]]","B"
"True","True","25","True","B_o072_r08904","1","[[1,4,3,2,5]]","B"
"True","True","18","True","B_o072_r08911","1","[[3,1,2,4,5]]","B"
"True","True","18","True","B_o072_r08912","1","[[3,1,2,4,5]]","B"
"True","True","23","True","B_o072_r08913","4","[[1,2,3,4,5],[1,3,2,4,5],[2,1,3,4,5],[3,1,2,4,5]]","B"
"True","True","23","True","B_o072_r08914","4","[[1,2,3,4,5],[1,3,2,4,5],[2,1,3,4,5],[3,1,2,4,5]]","B"
"True","True","24","True","B_o072_r08915","2","[[1,2,4,3,5],[2,1,4,3,5]]","B"
"True","True","24","True","B_o072_r08916","2","[[1,2,4,3,5],[2,1,4,3,5]]","B"
"True","True","20","True","B_o072_r08917","1","[[3,1,2,4,5]]","B"
"True","True","20","True","B_o072_r08918","1","[[3,1,2,4,5]]","B"
"True","True","25","True","B_o072_r08921","1","[[1,4,2,3,5]]","B"
"True","True","25","True","B_o072_r08922","1","[[1,4,2,3,5]]","B"
"True","True","23","True","B_o072_r08923","1","[[3,1,4,2,5]]","B"
"True","True","23","True","B_o072_r08924","1","[[3,1,4,2,5]]","B"
"True","True","26","True","B_o072_r08925","2","[[1,3,4,2,5],[3,1,4,2,5]]","B"
"True","True","26","True","B_o072_r08926","2","[[1,3,4,2,5],[3,1,4,2,5]]","B"
"True","True","27","True","B_o072_r08927","1","[[1,4,3,2,5]]","B"
"True","True","27","True","B_o072_r08928","1","[[1,4,3,2,5]]","B"
"True","True","18","True","B_o072_r08929","1","[[2,3,1,4,5]]","B"
"True","True","18","True","B_o072_r08930","1","[[2,3,1,4,5]]","B"
"True","True","19","True","B_o072_r08935","1","[[3,2,1,4,5]]","B"
"True","True","19","True","B_o072_r08936","1","[[3,2,1,4,5]]","B"
"True","True","22","True","B_o072_r08941","2","[[3,1,2,4,5],[3,2,1,4,5]]","B"
"True","True","22","True","B_o072_r08942","2","[[3,1,2,4,5],[3,2,1,4,5]]","B"
"True","True","27","True","B_o072_r08945","2","[[1,4,2,3,5],[4,1,2,3,5]]","B"
"True","True","27","True","B_o072_r08946","2","[[1,4,2,3,5],[4,1,2,3,5]]","B"
"True","True","25","True","B_o072_r08947","1","[[3,1,4,2,5]]","B"
"True","True","25","True","B_o072_r08948","1","[[3,1,4,2,5]]","B"
"True","True","29","True","B_o072_r08951","2","[[1,4,3,2,5],[4,1,3,2,5]]","B"
"True","True","29","True","B_o072_r08952","2","[[1,4,3,2,5],[4,1,3,2,5]]","B"
"True","True","20","True","B_o072_r08953","1","[[2,3,1,4,5]]","B"
"True","True","20","True","B_o072_r08954","1","[[2,3,1,4,5]]","B"
"True","True","21","True","B_o072_r08959","1","[[3,2,1,4,5]]","B"
"True","True","21","True","B_o072_r08960","1","[[3,2,1,4,5]]","B"
"True","True","27","True","B_o072_r08971","1","[[3,1,4,2,5]]","B"
"True","True","27","True","B_o072_r08972","1","[[3,1,4,2,5]]","B"
"True","True","15","True","B_o073_r09001","2","[[1,2,3,4,5],[2,1,3,4,5]]","B"
"True","True","16","True","B_o073_r09002","2","[[1,2,3,4,5],[2,1,3,4,5]]","B"
"True","True","17","True","B_o073_r09003","2","[[1,2,3,4,5],[2,1,3,4,5]]","B"
"True","True","18","True","B_o073_r09004","2","[[1,2,3,4,5],[2,1,3,4,5]]","B"
"True","True","19","True","B_o073_r09005","2","[[1,2,4,3,5],[2,1,4,3,5]]","B"
"True","True","19","True","B_o073_r09006","2","[[1,2,4,3,5],[2,1,4,3,5]]","B"
"True","True","15","True","B_o073_r09007","1","[[1,3,2,4,5]]","B"
"True","True","16","True","B_o073_r09008","1","[[1,3,2,4,5]]","B"
"True","True","19","True","B_o073_r09009","3","[[1,2,3,4,5],[1,3,2,4,5],[2,1,3,4,5]]","B"
"True","True","20","True","B_o073_r09010","3","[[1,2,3,4,5],[1,3,2,4,5],[2,1,3,4,5]]","B"
"True","True","21","True","B_o073_r09011","2","[[1,2,4,3,5],[2,1,4,3,5]]","B"
"True","True","21","True","B_o073_r09012","2","[[1,2,4,3,5],[2,1,4,3,5]]","B"
"True","True","17","True","B_o073_r09013","1","[[1,3,2,4,5]]","B"
"True","True","18","True","B_o073_r09014","1","[[1,3,2,4,5]]","B"
"True","True","22","True","B_o073_r09017","1","[[1,4,2,3,5]]","B"
"True","True","22","True","B_o073_r09018","1","[[1,4,2,3,5]]","B"
"True","True","21","True","B_o073_r09019","1","[[1,3,4,2,5]]","B"
"True","True","21","True","B_o073_r09020","1","[[1,3,4,2,5]]","B"
"True","True","23","True","B_o073_r09021","1","[[1,3,4,2,5]]","B"
"True","True","23","True","B_o073_r09022","1","[[1,3,4,2,5]]","B"
"True","True","24","True","B_o073_r09023","1","[[1,4,3,2,5]]","B"
"True","True","24","True","B_o073_r09024","1","[[1,4,3,2,5]]","B"
"True","True","16","True","B_o073_r09031","1","[[3,1,2,4,5]]","B"
"True","True","17","True","B_o073_r09032","1","[[3,1,2,4,5]]","B"
"True","True","21","True","B_o073_r09033","4","[[1,2,3,4,5],[1,3,2,4,5],[2,1,3,4,5],[3,1,2,4,5]]","B"
"True","True","22","True","B_o073_r09034","4","[[1,2,3,4,5],[1,3,2,4,5],[2,1,3,4,5],[3,1,2,4,5]]","B"
"True","True","23","True","B_o073_r09035","2","[[1,2,4,3,5],[2,1,4,3,5]]","B"
"True","True","23","True","B_o073_r09036","2","[[1,2,4,3,5],[2,1,4,3,5]]","B"
"True","True","18","True","B_o073_r09037","1","[[3,1,2,4,5]]","B"
"True","True","19","True","B_o073_r09038","1","[[3,1,2,4,5]]","B"
"True","True","24","True","B_o073_r09041","1","[[1,4,2,3,5]]","B"
"True","True","24","True","B_o073_r09042","1","[[1,4,2,3,5]]","B"
"True","True","22","True","B_o073_r09043","1","[[3,1,4,2,5]]","B"
"True","True","22","True","B_o073_r09044","1","[[3,1,4,2,5]]","B"
"True","True","25","True","B_o073_r09045","2","[[1,3,4,2,5],[3,1,4,2,5]]","B"
"True","True","25","True","B_o073_r09046","2","[[1,3,4,2,5],[3,1,4,2,5]]","B"
"True","True","26","True","B_o073_r09047","1","[[1,4,3,2,5]]","B"
"True","True","26","True","B_o073_r09048","1","[[1,4,3,2,5]]","B"
"True","True","16","True","B_o073_r09049","1","[[2,3,1,4,5]]","B"
"True","True","17","True","B_o073_r09050","1","[[2,3,1,4,5]]","B"
"True","True","17","True","B_o073_r09055","1","[[3,2,1,4,5]]","B"
"True","True","18","True","B_o073_r09056","1","[[3,2,1,4,5]]","B"
"True","True","20","True","B_o073_r09061","2","[[3,1,2,4,5],[3,2,1,4,5]]","B"
"True","True","21","True","B_o073_r09062","2","[[3,1,2,4,5],[3,2,1,4,5]]","B"
"True","True","26","True","B_o073_r09065","2","[[1,4,2,3,5],[4,1,2,3,5]]","B"
"True","True","26","True","B_o073_r09066","2","[[1,4,2,3,5],[4,1,2,3,5]]","B"
"True","True","24","True","B_o073_r09067","1","[[3,1,4,2,5]]","B"
"True","True","24","True","B_o073_r09068","1","[[3,1,4,2,5]]","B"
"True","True","28","True","B_o073_r09071","2","[[1,4,3,2,5],[4,1,3,2,5]]","B"
"True","True","28","True","B_o073_r09072","2","[[1,4,3,2,5],[4,1,3,2,5]]","B"
"True","True","18","True","B_o073_r09073","1","[[2,3,1,4,5]]","B"
"True","True","19","True","B_o073_r09074","1","[[2,3,1,4,5]]","B"
"True","True","19","True","B_o073_r09079","1","[[3,2,1,4,5]]","B"
"True","True","20","True","B_o073_r09080","1","[[3,2,1,4,5]]","B"
"True","True","26","True","B_o073_r09091","1","[[3,1,4,2,5]]","B"
"True","True","26","True","B_o073_r09092","1","[[3,1,4,2,5]]","B"
"True","True","23","True","B_o073_r09097","1","[[2,3,4,1,5]]","B"
"True","True","23","True","B_o073_r09098","1","[[2,3,4,1,5]]","B"
"True","True","24","True","B_o073_r09099","1","[[2,3,4,1,5]]","B"
"True","True","24","True","B_o073_r09100","1","[[2,3,4,1,5]]","B"
"True","True","24","True","B_o073_r09103","1","[[3,2,4,1,5]]","B"
"True","True","24","True","B_o073_r09104","1","[[3,2,4,1,5]]","B"
"True","True","26","True","B_o073_r09105","1","[[2,3,4,1,5]]","B"
"True","True","26","True","B_o073_r09106","1","[[2,3,4,1,5]]","B"
"True","True","25","True","B_o073_r09109","1","[[3,2,4,1,5]]","B"
"True","True","25","True","B_o073_r09110","1","[[3,2,4,1,5]]","B"
"True","True","26","True","B_o073_r09111","1","[[3,2,4,1,5]]","B"
"True","True","26","True","B_o073_r09112","1","[[3,2,4,1,5]]","B"
"True","True","27","True","B_o073_r09115","1","[[3,2,4,1,5]]","B"
"True","True","27","True","B_o073_r09116","1","[[3,2,4,1,5]]","B"
"True","True","28","True","B_o073_r09117","1","[[3,2,4,1,5]]","B"
"True","True","28","True","B_o073_r09118","1","[[3,2,4,1,5]]","B"
"True","True","13","True","B_o074_r09121","2","[[1,2,3,4,5],[2,1,3,4,5]]","B"
"True","True","16","True","B_o074_r09122","2","[[1,2,3,4,5],[2,1,3,4,5]]","B"
"True","True","15","True","B_o074_r09123","2","[[1,2,3,4,5],[2,1,3,4,5]]","B"
"True","True","18","True","B_o074_r09124","2","[[1,2,3,4,5],[2,1,3,4,5]]","B"
"True","True","19","True","B_o074_r09125","2","[[1,2,4,3,5],[2,1,4,3,5]]","B"
"True","True","19","True","B_o074_r09126","2","[[1,2,4,3,5],[2,1,4,3,5]]","B"
"True","True","13","True","B_o074_r09127","1","[[1,3,2,4,5]]","B"
"True","True","16","True","B_o074_r09128","1","[[1,3,2,4,5]]","B"
"True","True","17","True","B_o074_r09129","3","[[1,2,3,4,5],[1,3,2,4,5],[2,1,3,4,5]]","B"
"True","True","20","True","B_o074_r09130","3","[[1,2,3,4,5],[1,3,2,4,5],[2,1,3,4,5]]","B"
"True","True","21","True","B_o074_r09131","2","[[1,2,4,3,5],[2,1,4,3,5]]","B"
"True","True","21","True","B_o074_r09132","2","[[1,2,4,3,5],[2,1,4,3,5]]","B"
"True","True","15","True","B_o074_r09133","1","[[1,3,2,4,5]]","B"
"True","True","18","True","B_o074_r09134","1","[[1,3,2,4,5]]","B"
"True","True","22","True","B_o074_r09137","1","[[1,4,2,3,5]]","B"
"True","True","22","True","B_o074_r09138","1","[[1,4,2,3,5]]","B"
"True","True","21","True","B_o074_r09139","1","[[1,3,4,2,5]]","B"
"True","True","21","True","B_o074_r09140","1","[[1,3,4,2,5]]","B"
"True","True","23","True","B_o074_r09141","1","[[1,3,4,2,5]]","B"
"True","True","23","True","B_o074_r09142","1","[[1,3,4,2,5]]","B"
"True","True","24","True","B_o074_r09143","1","[[1,4,3,2,5]]","B"
"True","True","24","True","B_o074_r09144","1","[[1,4,3,2,5]]","B"
"True","True","14","True","B_o074_r09151","1","[[3,1,2,4,5]]","B"
"True","True","17","True","B_o074_r09152","1","[[3,1,2,4,5]]","B"
"True","True","19","True","B_o074_r09153","4","[[1,2,3,4,5],[1,3,2,4,5],[2,1,3,4,5],[3,1,2,4,5]]","B"
"True","True","22","True","B_o074_r09154","4","[[1,2,3,4,5],[1,3,2,4,5],[2,1,3,4,5],[3,1,2,4,5]]","B"
"True","True","23","True","B_o074_r09155","2","[[1,2,4,3,5],[2,1,4,3,5]]","B"
"True","True","23","True","B_o074_r09156","2","[[1,2,4,3,5],[2,1,4,3,5]]","B"
"True","True","16","True","B_o074_r09157","1","[[3,1,2,4,5]]","B"
"True","True","19","True","B_o074_r09158","1","[[3,1,2,4,5]]","B"
"True","True","24","True","B_o074_r09161","1","[[1,4,2,3,5]]","B"
"True","True","24","True","B_o074_r09162","1","[[1,4,2,3,5]]","B"
"True","True","22","True","B_o074_r09163","1","[[3,1,4,2,5]]","B"
"True","True","22","True","B_o074_r09164","1","[[3,1,4,2,5]]","B"
"True","True","25","True","B_o074_r09165","2","[[1,3,4,2,5],[3,1,4,2,5]]","B"
"True","True","25","True","B_o074_r09166","2","[[1,3,4,2,5],[3,1,4,2,5]]","B"
"True","True","26","True","B_o074_r09167","1","[[1,4,3,2,5]]","B"
"True","True","26","True","B_o074_r09168","1","[[1,4,3,2,5]]","B"
"True","True","14","True","B_o074_r09169","1","[[2,3,1,4,5]]","B"
"True","True","17","True","B_o074_r09170","1","[[2,3,1,4,5]]","B"
"True","True","15","True","B_o074_r09175","1","[[3,2,1,4,5]]","B"
"True","True","18","True","B_o074_r09176","1","[[3,2,1,4,5]]","B"
"True","True","18","True","B_o074_r09181","2","[[3,1,2,4,5],[3,2,1,4,5]]","B"
"True","True","21","True","B_o074_r09182","2","[[3,1,2,4,5],[3,2,1,4,5]]","B"
"True","True","26","True","B_o074_r09185","2","[[1,4,2,3,5],[4,1,2,3,5]]","B"
"True","True","26","True","B_o074_r09186","2","[[1,4,2,3,5],[4,1,2,3,5]]","B"
"True","True","24","True","B_o074_r09187","1","[[3,1,4,2,5]]","B"
"True","True","24","True","B_o074_r09188","1","[[3,1,4,2,5]]","B"
"True","True","28","True","B_o074_r09191","2","[[1,4,3,2,5],[4,1,3,2,5]]","B"
"True","True","28","True","B_o074_r09192","2","[[1,4,3,2,5],[4,1,3,2,5]]","B"
"True","True","16","True","B_o074_r09193","1","[[2,3,1,4,5]]","B"
"True","True","19","True","B_o074_r09194","1","[[2,3,1,4,5]]","B"
"True","True","17","True","B_o074_r09199","1","[[3,2,1,4,5]]","B"
"True","True","20","True","B_o074_r09200","1","[[3,2,1,4,5]]","B"
"True","True","26","True","B_o074_r09211","1","[[3,1,4,2,5]]","B"
"True","True","26","True","B_o074_r09212","1","[[3,1,4,2,5]]","B"
"True","True","23","True","B_o074_r09217","1","[[2,3,4,1,5]]","B"
"True","True","23","True","B_o074_r09218","1","[[2,3,4,1,5]]","B"
"True","True","24","True","B_o074_r09219","1","[[2,3,4,1,5]]","B"
"True","True","24","True","B_o074_r09220","1","[[2,3,4,1,5]]","B"
"True","True","24","True","B_o074_r09223","1","[[3,2,4,1,5]]","B"
"True","True","24","True","B_o074_r09224","1","[[3,2,4,1,5]]","B"
"True","True","26","True","B_o074_r09225","1","[[2,3,4,1,5]]","B"
"True","True","26","True","B_o074_r09226","1","[[2,3,4,1,5]]","B"
"True","True","25","True","B_o074_r09229","1","[[3,2,4,1,5]]","B"
"True","True","25","True","B_o074_r09230","1","[[3,2,4,1,5]]","B"
"True","True","26","True","B_o074_r09231","1","[[3,2,4,1,5]]","B"
"True","True","26","True","B_o074_r09232","1","[[3,2,4,1,5]]","B"
"True","True","27","True","B_o074_r09235","1","[[3,2,4,1,5]]","B"
"True","True","27","True","B_o074_r09236","1","[[3,2,4,1,5]]","B"
"True","True","28","True","B_o074_r09237","1","[[3,2,4,1,5]]","B"
"True","True","28","True","B_o074_r09238","1","[[3,2,4,1,5]]","B"
"True","True","15","True","B_o075_r09241","2","[[1,2,3,4,5],[2,1,3,4,5]]","B"
"True","True","15","True","B_o075_r09242","2","[[1,2,3,4,5],[2,1,3,4,5]]","B"
"True","True","18","True","B_o075_r09243","2","[[1,2,4,3,5],[2,1,4,3,5]]","B"
"True","True","19","True","B_o075_r09244","2","[[1,2,3,4,5],[2,1,3,4,5]]","B"
"True","True","18","True","B_o075_r09245","2","[[1,2,4,3,5],[2,1,4,3,5]]","B"
"True","True","19","True","B_o075_r09246","2","[[1,2,4,3,5],[2,1,4,3,5]]","B"
"True","True","15","True","B_o075_r09247","1","[[1,3,2,4,5]]","B"
"True","True","15","True","B_o075_r09248","1","[[1,3,2,4,5]]","B"
"True","True","20","True","B_o075_r09249","2","[[1,2,4,3,5],[2,1,4,3,5]]","B"
"True","True","21","True","B_o075_r09250","3","[[1,2,3,4,5],[1,3,2,4,5],[2,1,3,4,5]]","B"
"True","True","20","True","B_o075_r09251","2","[[1,2,4,3,5],[2,1,4,3,5]]","B"
"True","True","21","True","B_o075_r09252","2","[[1,2,4,3,5],[2,1,4,3,5]]","B"
"True","True","19","True","B_o075_r09253","1","[[1,3,2,4,5]]","B"
"True","True","19","True","B_o075_r09254","1","[[1,3,2,4,5]]","B"
"True","True","22","True","B_o075_r09257","1","[[1,4,2,3,5]]","B"
"True","True","22","True","B_o075_r09258","1","[[1,4,2,3,5]]","B"
"True","True","20","True","B_o075_r09259","1","[[1,3,4,2,5]]","B"
"True","True","20","True","B_o075_r09260","1","[[1,3,4,2,5]]","B"
"True","True","22","True","B_o075_r09261","1","[[1,3,4,2,5]]","B"
"True","True","22","True","B_o075_r09262","1","[[1,3,4,2,5]]","B"
"True","True","23","True","B_o075_r09263","1","[[1,4,3,2,5]]","B"
"True","True","23","True","B_o075_r09264","1","[[1,4,3,2,5]]","B"
"True","True","16","True","B_o075_r09271","1","[[3,1,2,4,5]]","B"
"True","True","16","True","B_o075_r09272","1","[[3,1,2,4,5]]","B"
"True","True","22","True","B_o075_r09273","2","[[1,2,4,3,5],[2,1,4,3,5]]","B"
"True","True","23","True","B_o075_r09274","4","[[1,2,3,4,5],[1,3,2,4,5],[2,1,3,4,5],[3,1,2,4,5]]","B"
"True","True","22","True","B_o075_r09275","2","[[1,2,4,3,5],[2,1,4,3,5]]","B"
"True","True","23","True","B_o075_r09276","2","[[1,2,4,3,5],[2,1,4,3,5]]","B"
"True","True","20","True","B_o075_r09277","1","[[3,1,2,4,5]]","B"
"True","True","20","True","B_o075_r09278","1","[[3,1,2,4,5]]","B"
"True","True","24","True","B_o075_r09281","1","[[1,4,2,3,5]]","B"
"True","True","24","True","B_o075_r09282","1","[[1,4,2,3,5]]","B"
"True","True","21","True","B_o075_r09283","1","[[3,1,4,2,5]]","B"
"True","True","21","True","B_o075_r09284","1","[[3,1,4,2,5]]","B"
"True","True","24","True","B_o075_r09285","2","[[1,3,4,2,5],[3,1,4,2,5]]","B"
"True","True","24","True","B_o075_r09286","2","[[1,3,4,2,5],[3,1,4,2,5]]","B"
"True","True","25","True","B_o075_r09287","1","[[1,4,3,2,5]]","B"
"True","True","25","True","B_o075_r09288","1","[[1,4,3,2,5]]","B"
"True","True","16","True","B_o075_r09289","1","[[2,3,1,4,5]]","B"
"True","True","16","True","B_o075_r09290","1","[[2,3,1,4,5]]","B"
"True","True","17","True","B_o075_r09295","1","[[3,2,1,4,5]]","B"
"True","True","17","True","B_o075_r09296","1","[[3,2,1,4,5]]","B"
"True","True","22","True","B_o075_r09301","2","[[3,1,2,4,5],[3,2,1,4,5]]","B"
"True","True","22","True","B_o075_r09302","2","[[3,1,2,4,5],[3,2,1,4,5]]","B"
"True","True","26","True","B_o075_r09305","2","[[1,4,2,3,5],[4,1,2,3,5]]","B"
"True","True","26","True","B_o075_r09306","2","[[1,4,2,3,5],[4,1,2,3,5]]","B"
"True","True","23","True","B_o075_r09307","1","[[3,1,4,2,5]]","B"
"True","True","23","True","B_o075_r09308","1","[[3,1,4,2,5]]","B"
"True","True","27","True","B_o075_r09311","2","[[1,4,3,2,5],[4,1,3,2,5]]","B"
"True","True","27","True","B_o075_r09312","2","[[1,4,3,2,5],[4,1,3,2,5]]","B"
"True","True","20","True","B_o075_r09313","1","[[2,3,1,4,5]]","B"
"True","True","20","True","B_o075_r09314","1","[[2,3,1,4,5]]","B"
"True","True","23","True","B_o075_r09317","1","[[2,4,1,3,5]]","B"
"True","True","23","True","B_o075_r09318","1","[[2,4,1,3,5]]","B"
"True","True","21","True","B_o075_r09319","1","[[3,2,1,4,5]]","B"
"True","True","21","True","B_o075_r09320","1","[[3,2,1,4,5]]","B"
"True","True","25","True","B_o075_r09323","1","[[2,4,1,3,5]]","B"
"True","True","25","True","B_o075_r09324","1","[[2,4,1,3,5]]","B"
"True","True","27","True","B_o075_r09329","2","[[2,4,1,3,5],[4,2,1,3,5]]","B"
"True","True","27","True","B_o075_r09330","2","[[2,4,1,3,5],[4,2,1,3,5]]","B"
"True","True","13","True","B_o076_r09361","2","[[1,2,3,4,5],[2,1,3,4,5]]","B"
"True","True","14","True","B_o076_r09362","2","[[1,2,3,4,5],[2,1,3,4,5]]","B"
"True","True","16","True","B_o076_r09363","2","[[1,2,4,3,5],[2,1,4,3,5]]","B"
"True","True","18","True","B_o076_r09364","2","[[1,2,3,4,5],[2,1,3,4,5]]","B"
"True","True","17","True","B_o076_r09365","2","[[1,2,4,3,5],[2,1,4,3,5]]","B"
"True","True","18","True","B_o076_r09366","2","[[1,2,4,3,5],[2,1,4,3,5]]","B"
"True","True","13","True","B_o076_r09367","1","[[1,3,2,4,5]]","B"
"True","True","14","True","B_o076_r09368","1","[[1,3,2,4,5]]","B"
"True","True","18","True","B_o076_r09369","2","[[1,2,4,3,5],[2,1,4,3,5]]","B"
"True","True","20","True","B_o076_r09370","3","[[1,2,3,4,5],[1,3,2,4,5],[2,1,3,4,5]]","B"
"True","True","19","True","B_o076_r09371","2","[[1,2,4,3,5],[2,1,4,3,5]]","B"
"True","True","20","True","B_o076_r09372","2","[[1,2,4,3,5],[2,1,4,3,5]]","B"
"True","True","17","True","B_o076_r09373","1","[[1,3,2,4,5]]","B"
"True","True","18","True","B_o076_r09374","1","[[1,3,2,4,5]]","B"
"True","True","21","True","B_o076_r09377","1","[[1,4,2,3,5]]","B"
"True","True","21","True","B_o076_r09378","1","[[1,4,2,3,5]]","B"
"True","True","19","True","B_o076_r09379","1","[[1,3,4,2,5]]","B"
"True","True","19","True","B_o076_r09380","1","[[1,3,4,2,5]]","B"
"True","True","21","True","B_o076_r09381","1","[[1,3,4,2,5]]","B"
"True","True","21","True","B_o076_r09382","1","[[1,3,4,2,5]]","B"
"True","True","22","True","B_o076_r09383","1","[[1,4,3,2,5]]","B"
"True","True","22","True","B_o076_r09384","1","[[1,4,3,2,5]]","B"
"True","True","14","True","B_o076_r09391","1","[[3,1,2,4,5]]","B"
"True","True","15","True","B_o076_r09392","1","[[3,1,2,4,5]]","B"
"True","True","20","True","B_o076_r09393","2","[[1,2,4,3,5],[2,1,4,3,5]]","B"
"True","True","22","True","B_o076_r09394","4","[[1,2,3,4,5],[1,3,2,4,5],[2,1,3,4,5],[3,1,2,4,5]]","B"
"True","True","21","True","B_o076_r09395","2","[[1,2,4,3,5],[2,1,4,3,5]]","B"
"True","True","22","True","B_o076_r09396","2","[[1,2,4,3,5],[2,1,4,3,5]]","B"
"True","True","18","True","B_o076_r09397","1","[[3,1,2,4,5]]","B"
"True","True","19","True","B_o076_r09398","1","[[3,1,2,4,5]]","B"
"True","True","23","True","B_o076_r09401","1","[[1,4,2,3,5]]","B"
"True","True","23","True","B_o076_r09402","1","[[1,4,2,3,5]]","B"
"True","True","20","True","B_o076_r09403","1","[[3,1,4,2,5]]","B"
"True","True","20","True","B_o076_r09404","1","[[3,1,4,2,5]]","B"
"True","True","23","True","B_o076_r09405","2","[[1,3,4,2,5],[3,1,4,2,5]]","B"
"True","True","23","True","B_o076_r09406","2","[[1,3,4,2,5],[3,1,4,2,5]]","B"
"True","True","24","True","B_o076_r09407","1","[[1,4,3,2,5]]","B"
"True","True","24","True","B_o076_r09408","1","[[1,4,3,2,5]]","B"
"True","True","14","True","B_o076_r09409","1","[[2,3,1,4,5]]","B"
"True","True","15","True","B_o076_r09410","1","[[2,3,1,4,5]]","B"
"True","True","15","True","B_o076_r09415","1","[[3,2,1,4,5]]","B"
"True","True","16","True","B_o076_r09416","1","[[3,2,1,4,5]]","B"
"True","True","20","True","B_o076_r09421","2","[[3,1,2,4,5],[3,2,1,4,5]]","B"
"True","True","21","True","B_o076_r09422","2","[[3,1,2,4,5],[3,2,1,4,5]]","B"
"True","True","25","True","B_o076_r09425","2","[[1,4,2,3,5],[4,1,2,3,5]]","B"
"True","True","25","True","B_o076_r09426","2","[[1,4,2,3,5],[4,1,2,3,5]]","B"
"True","True","22","True","B_o076_r09427","1","[[3,1,4,2,5]]","B"
"True","True","22","True","B_o076_r09428","1","[[3,1,4,2,5]]","B"
"True","True","26","True","B_o076_r09431","2","[[1,4,3,2,5],[4,1,3,2,5]]","B"
"True","True","26","True","B_o076_r09432","2","[[1,4,3,2,5],[4,1,3,2,5]]","B"
"True","True","18","True","B_o076_r09433","1","[[2,3,1,4,5]]","B"
"True","True","19","True","B_o076_r09434","1","[[2,3,1,4,5]]","B"
"True","True","22","True","B_o076_r09437","1","[[2,4,1,3,5]]","B"
"True","True","22","True","B_o076_r09438","1","[[2,4,1,3,5]]","B"
"True","True","19","True","B_o076_r09439","1","[[3,2,1,4,5]]","B"
"True","True","20","True","B_o076_r09440","1","[[3,2,1,4,5]]","B"
"True","True","24","True","B_o076_r09443","1","[[2,4,1,3,5]]","B"
"True","True","24","True","B_o076_r09444","1","[[2,4,1,3,5]]","B"
"True","True","26","True","B_o076_r09449","2","[[2,4,1,3,5],[4,2,1,3,5]]","B"
"True","True","26","True","B_o076_r09450","2","[[2,4,1,3,5],[4,2,1,3,5]]","B"
"True","True","21","True","B_o076_r09457","1","[[2,3,4,1,5]]","B"
"True","True","21","True","B_o076_r09458","1","[[2,3,4,1,5]]","B"
"True","True","22","True","B_o076_r09459","1","[[2,3,4,1,5]]","B"
"True","True","22","True","B_o076_r09460","1","[[2,3,4,1,5]]","B"
"True","True","24","True","B_o076_r09461","1","[[2,4,3,1,5]]","B"
"True","True","24","True","B_o076_r09462","1","[[2,4,3,1,5]]","B"
"True","True","22","True","B_o076_r09463","1","[[3,2,4,1,5]]","B"
"True","True","22","True","B_o076_r09464","1","[[3,2,4,1,5]]","B"
"True","True","24","True","B_o076_r09465","1","[[2,3,4,1,5]]","B"
"True","True","24","True","B_o076_r09466","1","[[2,3,4,1,5]]","B"
"True","True","26","True","B_o076_r09467","1","[[2,4,3,1,5]]","B"
"True","True","26","True","B_o076_r09468","1","[[2,4,3,1,5]]","B"
"True","True","23","True","B_o076_r09469","1","[[3,2,4,1,5]]","B"
"True","True","23","True","B_o076_r09470","1","[[3,2,4,1,5]]","B"
"True","True","24","True","B_o076_r09471","1","[[3,2,4,1,5]]","B"
"True","True","24","True","B_o076_r09472","1","[[3,2,4,1,5]]","B"
"True","True","28","True","B_o076_r09473","2","[[2,4,3,1,5],[4,2,3,1,5]]","B"
"True","True","28","True","B_o076_r09474","2","[[2,4,3,1,5],[4,2,3,1,5]]","B"
"True","True","11","True","B_o077_r09481","2","[[1,2,3,4,5],[2,1,3,4,5]]","B"
"True","True","14","True","B_o077_r09482","2","[[1,2,3,4,5],[2,1,3,4,5]]","B"
"True","True","14","True","B_o077_r09483","2","[[1,2,4,3,5],[2,1,4,3,5]]","B"
"True","True","18","True","B_o077_r09484","2","[[1,2,3,4,5],[2,1,3,4,5]]","B"
"True","True","17","True","B_o077_r09485","2","[[1,2,4,3,5],[2,1,4,3,5]]","B"
"True","True","18","True","B_o077_r09486","2","[[1,2,4,3,5],[2,1,4,3,5]]","B"
"True","True","11","True","B_o077_r09487","1","[[1,3,2,4,5]]","B"
"True","True","14","True","B_o077_r09488","1","[[1,3,2,4,5]]","B"
"True","True","16","True","B_o077_r09489","2","[[1,2,4,3,5],[2,1,4,3,5]]","B"
"True","True","20","True","B_o077_r09490","3","[[1,2,3,4,5],[1,3,2,4,5],[2,1,3,4,5]]","B"
"True","True","19","True","B_o077_r09491","2","[[1,2,4,3,5],[2,1,4,3,5]]","B"
"True","True","20","True","B_o077_r09492","2","[[1,2,4,3,5],[2,1,4,3,5]]","B"
"True","True","15","True","B_o077_r09493","1","[[1,3,2,4,5]]","B"
"True","True","18","True","B_o077_r09494","1","[[1,3,2,4,5]]","B"
"True","True","21","True","B_o077_r09497","1","[[1,4,2,3,5]]","B"
"True","True","21","True","B_o077_r09498","1","[[1,4,2,3,5]]","B"
"True","True","19","True","B_o077_r09499","1","[[1,3,4,2,5]]","B"
"True","True","19","True","B_o077_r09500","1","[[1,3,4,2,5]]","B"
"True","True","21","True","B_o077_r09501","1","[[1,3,4,2,5]]","B"
"True","True","21","True","B_o077_r09502","1","[[1,3,4,2,5]]","B"
"True","True","22","True","B_o077_r09503","1","[[1,4,3,2,5]]","B"
"True","True","22","True","B_o077_r09504","1","[[1,4,3,2,5]]","B"
"True","True","12","True","B_o077_r09511","1","[[3,1,2,4,5]]","B"
"True","True","15","True","B_o077_r09512","1","[[3,1,2,4,5]]","B"
"True","True","18","True","B_o077_r09513","2","[[1,2,4,3,5],[2,1,4,3,5]]","B"
"True","True","22","True","B_o077_r09514","4","[[1,2,3,4,5],[1,3,2,4,5],[2,1,3,4,5],[3,1,2,4,5]]","B"
"True","True","21","True","B_o077_r09515","2","[[1,2,4,3,5],[2,1,4,3,5]]","B"
"True","True","22","True","B_o077_r09516","2","[[1,2,4,3,5],[2,1,4,3,5]]","B"
"True","True","16","True","B_o077_r09517","1","[[3,1,2,4,5]]","B"
"True","True","19","True","B_o077_r09518","1","[[3,1,2,4,5]]","B"
"True","True","23","True","B_o077_r09521","1","[[1,4,2,3,5]]","B"
"True","True","23","True","B_o077_r09522","1","[[1,4,2,3,5]]","B"
"True","True","20","True","B_o077_r09523","1","[[3,1,4,2,5]]","B"
"True","True","20","True","B_o077_r09524","1","[[3,1,4,2,5]]","B"
"True","True","23","True","B_o077_r09525","2","[[1,3,4,2,5],[3,1,4,2,5]]","B"
"True","True","23","True","B_o077_r09526","2","[[1,3,4,2,5],[3,1,4,2,5]]","B"
"True","True","24","True","B_o077_r09527","1","[[1,4,3,2,5]]","B"
"True","True","24","True","B_o077_r09528","1","[[1,4,3,2,5]]","B"
"True","True","12","True","B_o077_r09529","1","[[2,3,1,4,5]]","B"
"True","True","15","True","B_o077_r09530","1","[[2,3,1,4,5]]","B"
"True","True","13","True","B_o077_r09535","1","[[3,2,1,4,5]]","B"
"True","True","16","True","B_o077_r09536","1","[[3,2,1,4,5]]","B"
"True","True","18","True","B_o077_r09541","2","[[3,1,2,4,5],[3,2,1,4,5]]","B"
"True","True","21","True","B_o077_r09542","2","[[3,1,2,4,5],[3,2,1,4,5]]","B"
"True","True","25","True","B_o077_r09545","2","[[1,4,2,3,5],[4,1,2,3,5]]","B"
"True","True","25","True","B_o077_r09546","2","[[1,4,2,3,5],[4,1,2,3,5]]","B"
"True","True","22","True","B_o077_r09547","1","[[3,1,4,2,5]]","B"
"True","True","22","True","B_o077_r09548","1","[[3,1,4,2,5]]","B"
"True","True","26","True","B_o077_r09551","2","[[1,4,3,2,5],[4,1,3,2,5]]","B"
"True","True","26","True","B_o077_r09552","2","[[1,4,3,2,5],[4,1,3,2,5]]","B"
"True","True","16","True","B_o077_r09553","1","[[2,3,1,4,5]]","B"
"True","True","19","True","B_o077_r09554","1","[[2,3,1,4,5]]","B"
"True","True","22","True","B_o077_r09557","1","[[2,4,1,3,5]]","B"
"True","True","22","True","B_o077_r09558","1","[[2,4,1,3,5]]","B"
"True","True","17","True","B_o077_r09559","1","[[3,2,1,4,5]]","B"
"True","True","20","True","B_o077_r09560","1","[[3,2,1,4,5]]","B"
"True","True","24","True","B_o077_r09563","1","[[2,4,1,3,5]]","B"
"True","True","24","True","B_o077_r09564","1","[[2,4,1,3,5]]","B"
"True","True","26","True","B_o077_r09569","2","[[2,4,1,3,5],[4,2,1,3,5]]","B"
"True","True","26","True","B_o077_r09570","2","[[2,4,1,3,5],[4,2,1,3,5]]","B"
"True","True","21","True","B_o077_r09577","1","[[2,3,4,1,5]]","B"
"True","True","21","True","B_o077_r09578","1","[[2,3,4,1,5]]","B"
"True","True","22","True","B_o077_r09579","1","[[2,3,4,1,5]]","B"
"True","True","22","True","B_o077_r09580","1","[[2,3,4,1,5]]","B"
"True","True","24","True","B_o077_r09581","1","[[2,4,3,1,5]]","B"
"True","True","24","True","B_o077_r09582","1","[[2,4,3,1,5]]","B"
"True","True","22","True","B_o077_r09583","1","[[3,2,4,1,5]]","B"
"True","True","22","True","B_o077_r09584","1","[[3,2,4,1,5]]","B"
"True","True","24","True","B_o077_r09585","1","[[2,3,4,1,5]]","B"
"True","True","24","True","B_o077_r09586","1","[[2,3,4,1,5]]","B"
"True","True","26","True","B_o077_r09587","1","[[2,4,3,1,5]]","B"
"True","True","26","True","B_o077_r09588","1","[[2,4,3,1,5]]","B"
"True","True","23","True","B_o077_r09589","1","[[3,2,4,1,5]]","B"
"True","True","23","True","B_o077_r09590","1","[[3,2,4,1,5]]","B"
"True","True","24","True","B_o077_r09591","1","[[3,2,4,1,5]]","B"
"True","True","24","True","B_o077_r09592","1","[[3,2,4,1,5]]","B"
"True","True","28","True","B_o077_r09593","2","[[2,4,3,1,5],[4,2,3,1,5]]","B"
"True","True","28","True","B_o077_r09594","2","[[2,4,3,1,5],[4,2,3,1,5]]","B"
"True","True","11","True","B_o078_r09601","2","[[1,2,3,4,5],[2,1,3,4,5]]","B"
"True","True","12","True","B_o078_r09602","2","[[1,2,3,4,5],[2,1,3,4,5]]","B"
"True","True","14","True","B_o078_r09603","2","[[1,2,4,3,5],[2,1,4,3,5]]","B"
"True","True","18","True","B_o078_r09604","2","[[1,2,3,4,5],[2,1,3,4,5]]","B"
"True","True","15","True","B_o078_r09605","2","[[1,2,4,3,5],[2,1,4,3,5]]","B"
"True","True","18","True","B_o078_r09606","2","[[1,2,4,3,5],[2,1,4,3,5]]","B"
"True","True","11","True","B_o078_r09607","1","[[1,3,2,4,5]]","B"
"True","True","12","True","B_o078_r09608","1","[[1,3,2,4,5]]","B"
"True","True","16","True","B_o078_r09609","2","[[1,2,4,3,5],[2,1,4,3,5]]","B"
"True","True","20","True","B_o078_r09610","3","[[1,2,3,4,5],[1,3,2,4,5],[2,1,3,4,5]]","B"
"True","True","17","True","B_o078_r09611","2","[[1,2,4,3,5],[2,1,4,3,5]]","B"
"True","True","20","True","B_o078_r09612","2","[[1,2,4,3,5],[2,1,4,3,5]]","B"
"True","True","16","True","B_o078_r09613","1","[[1,3,4,2,5]]","B"
"True","True","18","True","B_o078_r09614","1","[[1,3,2,4,5]]","B"
"True","True","18","True","B_o078_r09615","1","[[1,3,4,2,5]]","B"
"True","True","21","True","B_o078_r09617","1","[[1,4,2,3,5]]","B"
"True","True","21","True","B_o078_r09618","1","[[1,4,2,3,5]]","B"
"True","True","17","True","B_o078_r09619","1","[[1,3,4,2,5]]","B"
"True","True","18","True","B_o078_r09620","1","[[1,3,4,2,5]]","B"
"True","True","19","True","B_o078_r09621","1","[[1,3,4,2,5]]","B"
"True","True","20","True","B_o078_r09622","1","[[1,3,4,2,5]]","B"
"True","True","21","True","B_o078_r09623","1","[[1,4,3,2,5]]","B"
"True","True","21","True","B_o078_r09624","1","[[1,4,3,2,5]]","B"
"True","True","12","True","B_o078_r09631","1","[[3,1,2,4,5]]","B"
"True","True","13","True","B_o078_r09632","1","[[3,1,2,4,5]]","B"
"True","True","18","True","B_o078_r09633","2","[[1,2,4,3,5],[2,1,4,3,5]]","B"
"True","True","22","True","B_o078_r09634","4","[[1,2,3,4,5],[1,3,2,4,5],[2,1,3,4,5],[3,1,2,4,5]]","B"
"True","True","19","True","B_o078_r09635","2","[[1,2,4,3,5],[2,1,4,3,5]]","B"
"True","True","22","True","B_o078_r09636","2","[[1,2,4,3,5],[2,1,4,3,5]]","B"
"True","True","17","True","B_o078_r09637","1","[[3,1,4,2,5]]","B"
"True","True","19","True","B_o078_r09638","1","[[3,1,2,4,5]]","B"
"True","True","20","True","B_o078_r09639","2","[[1,3,4,2,5],[3,1,4,2,5]]","B"
"True","True","23","True","B_o078_r09641","1","[[1,4,2,3,5]]","B"
"True","True","23","True","B_o078_r09642","1","[[1,4,2,3,5]]","B"
"True","True","18","True","B_o078_r09643","1","[[3,1,4,2,5]]","B"
"True","True","19","True","B_o078_r09644","1","[[3,1,4,2,5]]","B"
"True","True","21","True","B_o078_r09645","2","[[1,3,4,2,5],[3,1,4,2,5]]","B"
"True","True","22","True","B_o078_r09646","2","[[1,3,4,2,5],[3,1,4,2,5]]","B"
"True","True","23","True","B_o078_r09647","1","[[1,4,3,2,5]]","B"
"True","True","23","True","B_o078_r09648","1","[[1,4,3,2,5]]","B"
"True","True","12","True","B_o078_r09649","1","[[2,3,1,4,5]]","B"
"True","True","13","True","B_o078_r09650","1","[[2,3,1,4,5]]","B"
"True","True","13","True","B_o078_r09655","1","[[3,2,1,4,5]]","B"
"True","True","14","True","B_o078_r09656","1","[[3,2,1,4,5]]","B"
"True","True","19","True","B_o078_r09661","1","[[3,1,4,2,5]]","B"
"True","True","21","True","B_o078_r09662","2","[[3,1,2,4,5],[3,2,1,4,5]]","B"
"True","True","25","True","B_o078_r09665","2","[[1,4,2,3,5],[4,1,2,3,5]]","B"
"True","True","25","True","B_o078_r09666","2","[[1,4,2,3,5],[4,1,2,3,5]]","B"
"True","True","20","True","B_o078_r09667","1","[[3,1,4,2,5]]","B"
"True","True","21","True","B_o078_r09668","1","[[3,1,4,2,5]]","B"
"True","True","25","True","B_o078_r09671","2","[[1,4,3,2,5],[4,1,3,2,5]]","B"
"True","True","25","True","B_o078_r09672","2","[[1,4,3,2,5],[4,1,3,2,5]]","B"
"True","True","19","True","B_o078_r09674","1","[[2,3,1,4,5]]","B"
"True","True","22","True","B_o078_r09677","1","[[2,4,1,3,5]]","B"
"True","True","22","True","B_o078_r09678","1","[[2,4,1,3,5]]","B"
"True","True","20","True","B_o078_r09680","1","[[3,2,1,4,5]]","B"
"True","True","24","True","B_o078_r09683","1","[[2,4,1,3,5]]","B"
"True","True","24","True","B_o078_r09684","1","[[2,4,1,3,5]]","B"
"True","True","26","True","B_o078_r09689","2","[[2,4,1,3,5],[4,2,1,3,5]]","B"
"True","True","26","True","B_o078_r09690","2","[[2,4,1,3,5],[4,2,1,3,5]]","B"
"True","True","25","True","B_o078_r09691","1","[[3,4,1,2,5]]","B"
"True","True","25","True","B_o078_r09692","1","[[3,4,1,2,5]]","B"
"True","True","26","True","B_o078_r09693","1","[[3,4,1,2,5]]","B"
"True","True","26","True","B_o078_r09694","1","[[3,4,1,2,5]]","B"
"True","True","28","True","B_o078_r09695","2","[[3,4,1,2,5],[4,3,1,2,5]]","B"
"True","True","28","True","B_o078_r09696","2","[[3,4,1,2,5],[4,3,1,2,5]]","B"
"True","True","19","True","B_o078_r09697","1","[[2,3,4,1,5]]","B"
"True","True","19","True","B_o078_r09698","1","[[2,3,4,1,5]]","B"
"True","True","20","True","B_o078_r09699","1","[[2,3,4,1,5]]","B"
"True","True","20","True","B_o078_r09700","1","[[2,3,4,1,5]]","B"
"True","True","22","True","B_o078_r09701","1","[[2,4,3,1,5]]","B"
"True","True","22","True","B_o078_r09702","1","[[2,4,3,1,5]]","B"
"True","True","20","True","B_o078_r09703","1","[[3,2,4,1,5]]","B"
"True","True","20","True","B_o078_r09704","1","[[3,2,4,1,5]]","B"
"True","True","22","True","B_o078_r09705","1","[[2,3,4,1,5]]","B"
"True","True","22","True","B_o078_r09706","1","[[2,3,4,1,5]]","B"
"True","True","24","True","B_o078_r09707","1","[[2,4,3,1,5]]","B"
"True","True","24","True","B_o078_r09708","1","[[2,4,3,1,5]]","B"
"True","True","21","True","B_o078_r09709","1","[[3,2,4,1,5]]","B"
"True","True","21","True","B_o078_r09710","1","[[3,2,4,1,5]]","B"
"True","True","22","True","B_o078_r09711","1","[[3,2,4,1,5]]","B"
"True","True","22","True","B_o078_r09712","1","[[3,2,4,1,5]]","B"
"True","True","26","True","B_o078_r09713","2","[[2,4,3,1,5],[4,2,3,1,5]]","B"
"True","True","26","True","B_o078_r09714","2","[[2,4,3,1,5],[4,2,3,1,5]]","B"
"True","True","25","True","B_o078_r09715","1","[[3,4,2,1,5]]","B"
"True","True","25","True","B_o078_r09716","1","[[3,4,2,1,5]]","B"
"True","True","26","True","B_o078_r09717","1","[[3,4,2,1,5]]","B"
"True","True","26","True","B_o078_r09718","1","[[3,4,2,1,5]]","B"
"True","True","28","True","B_o078_r09719","2","[[3,4,2,1,5],[4,3,2,1,5]]","B"
"True","True","28","True","B_o078_r09720","2","[[3,4,2,1,5],[4,3,2,1,5]]","B"
"True","True","9","True","B_o079_r09721","2","[[1,2,3,4,5],[2,1,3,4,5]]","B"
"True","True","12","True","B_o079_r09722","2","[[1,2,3,4,5],[2,1,3,4,5]]","B"
"True","True","12","True","B_o079_r09723","2","[[1,2,4,3,5],[2,1,4,3,5]]","B"
"True","True","18","True","B_o079_r09724","2","[[1,2,3,4,5],[2,1,3,4,5]]","B"
"True","True","15","True","B_o079_r09725","2","[[1,2,4,3,5],[2,1,4,3,5]]","B"
"True","True","18","True","B_o079_r09726","2","[[1,2,4,3,5],[2,1,4,3,5]]","B"
"True","True","9","True","B_o079_r09727","1","[[1,3,2,4,5]]","B"
"True","True","12","True","B_o079_r09728","1","[[1,3,2,4,5]]","B"
"True","True","14","True","B_o079_r09729","2","[[1,2,4,3,5],[2,1,4,3,5]]","B"
"True","True","20","True","B_o079_r09730","3","[[1,2,3,4,5],[1,3,2,4,5],[2,1,3,4,5]]","B"
"True","True","17","True","B_o079_r09731","2","[[1,2,4,3,5],[2,1,4,3,5]]","B"
"True","True","20","True","B_o079_r09732","2","[[1,2,4,3,5],[2,1,4,3,5]]","B"
"True","True","14","True","B_o079_r09733","1","[[1,3,4,2,5]]","B"
"True","True","18","True","B_o079_r09734","1","[[1,3,2,4,5]]","B"
"True","True","16","True","B_o079_r09735","1","[[1,3,4,2,5]]","B"
"True","True","21","True","B_o079_r09737","1","[[1,4,2,3,5]]","B"
"True","True","21","True","B_o079_r09738","1","[[1,4,2,3,5]]","B"
"True","True","17","True","B_o079_r09739","1","[[1,3,4,2,5]]","B"
"True","True","18","True","B_o079_r09740","1","[[1,3,4,2,5]]","B"
"True","True","19","True","B_o079_r09741","1","[[1,3,4,2,5]]","B"
"True","True","20","True","B_o079_r09742","1","[[1,3,4,2,5]]","B"
"True","True","21","True","B_o079_r09743","1","[[1,4,3,2,5]]","B"
"True","True","21","True","B_o079_r09744","1","[[1,4,3,2,5]]","B"
"True","True","10","True","B_o079_r09751","1","[[3,1,2,4,5]]","B"
"True","True","13","True","B_o079_r09752","1","[[3,1,2,4,5]]","B"
"True","True","16","True","B_o079_r09753","2","[[1,2,4,3,5],[2,1,4,3,5]]","B"
"True","True","22","True","B_o079_r09754","4","[[1,2,3,4,5],[1,3,2,4,5],[2,1,3,4,5],[3,1,2,4,5]]","B"
"True","True","19","True","B_o079_r09755","2","[[1,2,4,3,5],[2,1,4,3,5]]","B"
"True","True","22","True","B_o079_r09756","2","[[1,2,4,3,5],[2,1,4,3,5]]","B"
"True","True","15","True","B_o079_r09757","1","[[3,1,4,2,5]]","B"
"True","True","19","True","B_o079_r09758","1","[[3,1,2,4,5]]","B"
"True","True","18","True","B_o079_r09759","2","[[1,3,4,2,5],[3,1,4,2,5]]","B"
"True","True","23","True","B_o079_r09761","1","[[1,4,2,3,5]]","B"
"True","True","23","True","B_o079_r09762","1","[[1,4,2,3,5]]","B"
"True","True","18","True","B_o079_r09763","1","[[3,1,4,2,5]]","B"
"True","True","19","True","B_o079_r09764","1","[[3,1,4,2,5]]","B"
"True","True","21","True","B_o079_r09765","2","[[1,3,4,2,5],[3,1,4,2,5]]","B"
"True","True","22","True","B_o079_r09766","2","[[1,3,4,2,5],[3,1,4,2,5]]","B"
"True","True","23","True","B_o079_r09767","1","[[1,4,3,2,5]]","B"
"True","True","23","True","B_o079_r09768","1","[[1,4,3,2,5]]","B"
"True","True","10","True","B_o079_r09769","1","[[2,3,1,4,5]]","B"
"True","True","13","True","B_o079_r09770","1","[[2,3,1,4,5]]","B"
"True","True","11","True","B_o079_r09775","1","[[3,2,1,4,5]]","B"
"True","True","14","True","B_o079_r09776","1","[[3,2,1,4,5]]","B"
"True","True","17","True","B_o079_r09781","1","[[3,1,4,2,5]]","B"
"True","True","21","True","B_o079_r09782","2","[[3,1,2,4,5],[3,2,1,4,5]]","B"
"True","True","25","True","B_o079_r09785","2","[[1,4,2,3,5],[4,1,2,3,5]]","B"
"True","True","25","True","B_o079_r09786","2","[[1,4,2,3,5],[4,1,2,3,5]]","B"
"True","True","20","True","B_o079_r09787","1","[[3,1,4,2,5]]","B"
"True","True","21","True","B_o079_r09788","1","[[3,1,4,2,5]]","B"
"True","True","25","True","B_o079_r09791","2","[[1,4,3,2,5],[4,1,3,2,5]]","B"
"True","True","25","True","B_o079_r09792","2","[[1,4,3,2,5],[4,1,3,2,5]]","B"
"True","True","19","True","B_o079_r09794","1","[[2,3,1,4,5]]","B"
"True","True","22","True","B_o079_r09797","1","[[2,4,1,3,5]]","B"
"True","True","22","True","B_o079_r09798","1","[[2,4,1,3,5]]","B"
"True","True","20","True","B_o079_r09800","1","[[3,2,1,4,5]]","B"
"True","True","24","True","B_o079_r09803","1","[[2,4,1,3,5]]","B"
"True","True","24","True","B_o079_r09804","1","[[2,4,1,3,5]]","B"
"True","True","26","True","B_o079_r09809","2","[[2,4,1,3,5],[4,2,1,3,5]]","B"
"True","True","26","True","B_o079_r09810","2","[[2,4,1,3,5],[4,2,1,3,5]]","B"
"True","True","25","True","B_o079_r09811","1","[[3,4,1,2,5]]","B"
"True","True","25","True","B_o079_r09812","1","[[3,4,1,2,5]]","B"
"True","True","26","True","B_o079_r09813","1","[[3,4,1,2,5]]","B"
"True","True","26","True","B_o079_r09814","1","[[3,4,1,2,5]]","B"
"True","True","28","True","B_o079_r09815","2","[[3,4,1,2,5],[4,3,1,2,5]]","B"
"True","True","28","True","B_o079_r09816","2","[[3,4,1,2,5],[4,3,1,2,5]]","B"
"True","True","19","True","B_o079_r09817","1","[[2,3,4,1,5]]","B"
"True","True","19","True","B_o079_r09818","1","[[2,3,4,1,5]]","B"
"True","True","20","True","B_o079_r09819","1","[[2,3,4,1,5]]","B"
"True","True","20","True","B_o079_r09820","1","[[2,3,4,1,5]]","B"
"True","True","22","True","B_o079_r09821","1","[[2,4,3,1,5]]","B"
"True","True","22","True","B_o079_r09822","1","[[2,4,3,1,5]]","B"
"True","True","20","True","B_o079_r09823","1","[[3,2,4,1,5]]","B"
"True","True","20","True","B_o079_r09824","1","[[3,2,4,1,5]]","B"
"True","True","22","True","B_o079_r09825","1","[[2,3,4,1,5]]","B"
"True","True","22","True","B_o079_r09826","1","[[2,3,4,1,5]]","B"
"True","True","24","True","B_o079_r09827","1","[[2,4,3,1,5]]","B"
"True","True","24","True","B_o079_r09828","1","[[2,4,3,1,5]]","B"
"True","True","21","True","B_o079_r09829","1","[[3,2,4,1,5]]","B"
"True","True","21","True","B_o079_r09830","1","[[3,2,4,1,5]]","B"
"True","True","22","True","B_o079_r09831","1","[[3,2,4,1,5]]","B"
"True","True","22","True","B_o079_r09832","1","[[3,2,4,1,5]]","B"
"True","True","26","True","B_o079_r09833","2","[[2,4,3,1,5],[4,2,3,1,5]]","B"
"True","True","26","True","B_o079_r09834","2","[[2,4,3,1,5],[4,2,3,1,5]]","B"
"True","True","25","True","B_o079_r09835","1","[[3,4,2,1,5]]","B"
"True","True","25","True","B_o079_r09836","1","[[3,4,2,1,5]]","B"
"True","True","26","True","B_o079_r09837","1","[[3,4,2,1,5]]","B"
"True","True","26","True","B_o079_r09838","1","[[3,4,2,1,5]]","B"
"True","True","28","True","B_o079_r09839","2","[[3,4,2,1,5],[4,3,2,1,5]]","B"
"True","True","28","True","B_o079_r09840","2","[[3,4,2,1,5],[4,3,2,1,5]]","B"
"True","True","8","True","B_o080_r09841","2","[[1,2,3,4,5],[2,1,3,4,5]]","B"
"True","True","10","True","B_o080_r09842","2","[[1,2,3,4,5],[2,1,3,4,5]]","B"
"True","True","11","True","B_o080_r09843","2","[[1,2,4,3,5],[2,1,4,3,5]]","B"
"True","True","18","True","B_o080_r09844","6","[[1,2,3,4,5],[1,2,4,3,5],[1,2,5,3,4],[2,1,3,4,5],[2,1,4,3,5],[2,1,5,3,4]]","B"
"True","True","13","True","B_o080_r09845","2","[[1,2,4,3,5],[2,1,4,3,5]]","B"
"True","True","18","True","B_o080_r09846","6","[[1,2,3,4,5],[1,2,4,3,5],[1,2,5,3,4],[2,1,3,4,5],[2,1,4,3,5],[2,1,5,3,4]]","B"
"True","True","8","True","B_o080_r09847","1","[[1,3,2,4,5]]","B"
"True","True","10","True","B_o080_r09848","1","[[1,3,2,4,5]]","B"
"True","True","13","True","B_o080_r09849","2","[[1,2,4,3,5],[2,1,4,3,5]]","B"
"True","True","20","True","B_o080_r09850","7","[[1,2,3,4,5],[1,2,4,3,5],[1,2,5,3,4],[1,3,2,4,5],[2,1,3,4,5],[2,1,4,3,5],[2,1,5,3,4]]","B"
"True","True","15","True","B_o080_r09851","2","[[1,2,4,3,5],[2,1,4,3,5]]","B"
"True","True","20","True","B_o080_r09852","7","[[1,2,3,4,5],[1,2,4,3,5],[1,2,5,3,4],[1,3,2,4,5],[2,1,3,4,5],[2,1,4,3,5],[2,1,5,3,4]]","B"
"True","True","13","True","B_o080_r09853","1","[[1,3,4,2,5]]","B"
"True","True","18","True","B_o080_r09854","2","[[1,3,2,4,5],[1,3,4,2,5]]","B"
"True","True","15","True","B_o080_r09855","1","[[1,3,4,2,5]]","B"
"True","True","21","True","B_o080_r09857","2","[[1,4,2,3,5],[1,4,3,2,5]]","B"
"True","True","21","True","B_o080_r09858","2","[[1,4,2,3,5],[1,4,3,2,5]]","B"
"True","True","15","True","B_o080_r09859","1","[[1,3,4,2,5]]","B"
"True","True","17","True","B_o080_r09861","1","[[1,3,4,2,5]]","B"
"True","True","9","True","B_o080_r09871","1","[[3,1,2,4,5]]","B"
"True","True","11","True","B_o080_r09872","1","[[3,1,2,4,5]]","B"
"True","True","15","True","B_o080_r09873","2","[[1,2,4,3,5],[2,1,4,3,5]]","B"
"True","True","22","True","B_o080_r09874","8","[[1,2,3,4,5],[1,2,4,3,5],[1,2,5,3,4],[1,3,2,4,5],[2,1,3,4,5],[2,1,4,3,5],[2,1,5,3,4],[3,1,2,4,5]]","B"
"True","True","17","True","B_o080_r09875","2","[[1,2,4,3,5],[2,1,4,3,5]]","B"
"True","True","22","True","B_o080_r09876","8","[[1,2,3,4,5],[1,2,4,3,5],[1,2,5,3,4],[1,3,2,4,5],[2,1,3,4,5],[2,1,4,3,5],[2,1,5,3,4],[3,1,2,4,5]]","B"
"True","True","14","True","B_o080_r09877","1","[[3,1,4,2,5]]","B"
"True","True","19","True","B_o080_r09878","2","[[3,1,2,4,5],[3,1,4,2,5]]","B"
"True","True","17","True","B_o080_r09879","2","[[1,3,4,2,5],[3,1,4,2,5]]","B"
"True","True","23","True","B_o080_r09881","2","[[1,4,2,3,5],[1,4,3,2,5]]","B"
"True","True","23","True","B_o080_r09882","2","[[1,4,2,3,5],[1,4,3,2,5]]","B"
"True","True","16","True","B_o080_r09883","1","[[3,1,4,2,5]]","B"
"True","True","19","True","B_o080_r09885","2","[[1,3,4,2,5],[3,1,4,2,5]]","B"
"True","True","9","True","B_o080_r09889","1","[[2,3,1,4,5]]","B"
"True","True","11","True","B_o080_r09890","1","[[2,3,1,4,5]]","B"
"True","True","10","True","B_o080_r09895","1","[[3,2,1,4,5]]","B"
"True","True","12","True","B_o080_r09896","1","[[3,2,1,4,5]]","B"
"True","True","16","True","B_o080_r09901","1","[[3,1,4,2,5]]","B"
"True","True","21","True","B_o080_r09902","3","[[3,1,2,4,5],[3,1,4,2,5],[3,2,1,4,5]]","B"
"True","True","25","True","B_o080_r09905","4","[[1,4,2,3,5],[1,4,3,2,5],[4,1,2,3,5],[4,1,3,2,5]]","B"
"True","True","25","True","B_o080_r09906","4","[[1,4,2,3,5],[1,4,3,2,5],[4,1,2,3,5],[4,1,3,2,5]]","B"
"True","True","18","True","B_o080_r09907","1","[[3,1,4,2,5]]","B"
"True","True","15","True","B_o080_r09913","1","[[2,3,4,1,5]]","B"
"True","True","19","True","B_o080_r09914","2","[[2,3,1,4,5],[2,3,4,1,5]]","B"
"True","True","16","True","B_o080_r09915","1","[[2,3,4,1,5]]","B"
"True","True","22","True","B_o080_r09917","2","[[2,4,1,3,5],[2,4,3,1,5]]","B"
"True","True","22","True","B_o080_r09918","2","[[2,4,1,3,5],[2,4,3,1,5]]","B"
"True","True","16","True","B_o080_r09919","1","[[3,2,4,1,5]]","B"
"True","True","20","True","B_o080_r09920","2","[[3,2,1,4,5],[3,2,4,1,5]]","B"
"True","True","18","True","B_o080_r09921","1","[[2,3,4,1,5]]","B"
"True","True","24","True","B_o080_r09923","2","[[2,4,1,3,5],[2,4,3,1,5]]","B"
"True","True","24","True","B_o080_r09924","2","[[2,4,1,3,5],[2,4,3,1,5]]","B"
"True","True","17","True","B_o080_r09925","1","[[3,2,4,1,5]]","B"
"True","True","18","True","B_o080_r09927","1","[[3,2,4,1,5]]","B"
"True","True","26","True","B_o080_r09929","4","[[2,4,1,3,5],[2,4,3,1,5],[4,2,1,3,5],[4,2,3,1,5]]","B"
"True","True","26","True","B_o080_r09930","4","[[2,4,1,3,5],[2,4,3,1,5],[4,2,1,3,5],[4,2,3,1,5]]","B"
"True","True","25","True","B_o080_r09931","2","[[3,4,1,2,5],[3,4,2,1,5]]","B"
"True","True","25","True","B_o080_r09932","2","[[3,4,1,2,5],[3,4,2,1,5]]","B"
"True","True","26","True","B_o080_r09933","2","[[3,4,1,2,5],[3,4,2,1,5]]","B"
"True","True","26","True","B_o080_r09934","2","[[3,4,1,2,5],[3,4,2,1,5]]","B"
"True","True","28","True","B_o080_r09935","4","[[3,4,1,2,5],[3,4,2,1,5],[4,3,1,2,5],[4,3,2,1,5]]","B"
"True","True","28","True","B_o080_r09936","4","[[3,4,1,2,5],[3,4,2,1,5],[4,3,1,2,5],[4,3,2,1,5]]","B"
"True","True","17","True","B_o080_r09937","1","[[2,3,4,1,5]]","B"
"True","True","18","True","B_o080_r09939","1","[[2,3,4,1,5]]","B"
"True","True","18","True","B_o080_r09943","1","[[3,2,4,1,5]]","B"
"True","True","20","True","B_o080_r09945","1","[[2,3,4,1,5]]","B"
"True","True","19","True","B_o080_r09949","1","[[3,2,4,1,5]]","B"
"True","True","20","True","B_o080_r09951","1","[[3,2,4,1,5]]","B"
"True","True","15","True","B_o081_r09961","2","[[1,2,3,4,5],[2,1,3,4,5]]","B"
"True","True","15","True","B_o081_r09962","2","[[1,2,3,4,5],[2,1,3,4,5]]","B"
"True","True","16","True","B_o081_r09963","2","[[1,2,4,3,5],[2,1,4,3,5]]","B"
"True","True","17","True","B_o081_r09964","2","[[1,2,3,4,5],[2,1,3,4,5]]","B"
"True","True","16","True","B_o081_r09965","2","[[1,2,4,3,5],[2,1,4,3,5]]","B"
"True","True","17","True","B_o081_r09966","2","[[1,2,4,3,5],[2,1,4,3,5]]","B"
"True","True","15","True","B_o081_r09967","1","[[1,3,2,4,5]]","B"
"True","True","15","True","B_o081_r09968","1","[[1,3,2,4,5]]","B"
"True","True","19","True","B_o081_r09969","1","[[1,4,2,3,5]]","B"
"True","True","21","True","B_o081_r09970","3","[[1,2,3,4,5],[1,3,2,4,5],[2,1,3,4,5]]","B"
"True","True","19","True","B_o081_r09971","1","[[1,4,2,3,5]]","B"
"True","True","21","True","B_o081_r09972","2","[[1,2,4,3,5],[2,1,4,3,5]]","B"
"True","True","17","True","B_o081_r09973","1","[[1,3,2,4,5]]","B"
"True","True","17","True","B_o081_r09974","1","[[1,3,2,4,5]]","B"
"True","True","20","True","B_o081_r09975","1","[[1,4,2,3,5]]","B"
"True","True","20","True","B_o081_r09977","1","[[1,4,2,3,5]]","B"
"True","True","21","True","B_o081_r09978","1","[[1,4,2,3,5]]","B"
"True","True","18","True","B_o081_r09979","1","[[1,3,4,2,5]]","B"
"True","True","18","True","B_o081_r09980","1","[[1,3,4,2,5]]","B"
"True","True","21","True","B_o081_r09981","1","[[1,4,3,2,5]]","B"
"True","True","22","True","B_o081_r09982","1","[[1,3,4,2,5]]","B"
"True","True","21","True","B_o081_r09983","1","[[1,4,3,2,5]]","B"
"True","True","22","True","B_o081_r09984","1","[[1,4,3,2,5]]","B"
"True","True","16","True","B_o081_r09991","1","[[3,1,2,4,5]]","B"
"True","True","16","True","B_o081_r09992","1","[[3,1,2,4,5]]","B"
"True","True","21","True","B_o081_r09993","1","[[1,4,2,3,5]]","B"
"True","True","23","True","B_o081_r09994","4","[[1,2,3,4,5],[1,3,2,4,5],[2,1,3,4,5],[3,1,2,4,5]]","B"
"True","True","21","True","B_o081_r09995","1","[[1,4,2,3,5]]","B"
"True","True","23","True","B_o081_r09996","2","[[1,2,4,3,5],[2,1,4,3,5]]","B"
"True","True","18","True","B_o081_r09997","1","[[3,1,2,4,5]]","B"
"True","True","18","True","B_o081_r09998","1","[[3,1,2,4,5]]","B"
"True","True","22","True","B_o081_r09999","1","[[1,4,2,3,5]]","B"
"True","True","22","True","B_o081_r10001","1","[[1,4,2,3,5]]","B"
"True","True","23","True","B_o081_r10002","1","[[1,4,2,3,5]]","B"
"True","True","19","True","B_o081_r10003","1","[[3,1,4,2,5]]","B"
"True","True","19","True","B_o081_r10004","1","[[3,1,4,2,5]]","B"
"True","True","23","True","B_o081_r10005","1","[[1,4,3,2,5]]","B"
"True","True","24","True","B_o081_r10006","2","[[1,3,4,2,5],[3,1,4,2,5]]","B"
"True","True","23","True","B_o081_r10007","1","[[1,4,3,2,5]]","B"
"True","True","24","True","B_o081_r10008","1","[[1,4,3,2,5]]","B"
"True","True","16","True","B_o081_r10009","1","[[2,3,1,4,5]]","B"
"True","True","16","True","B_o081_r10010","1","[[2,3,1,4,5]]","B"
"True","True","17","True","B_o081_r10015","1","[[3,2,1,4,5]]","B"
"True","True","17","True","B_o081_r10016","1","[[3,2,1,4,5]]","B"
"True","True","22","True","B_o081_r10021","2","[[3,1,2,4,5],[3,2,1,4,5]]","B"
"True","True","22","True","B_o081_r10022","2","[[3,1,2,4,5],[3,2,1,4,5]]","B"
"True","True","25","True","B_o081_r10025","1","[[4,1,2,3,5]]","B"
"True","True","25","True","B_o081_r10026","1","[[4,1,2,3,5]]","B"
"True","True","23","True","B_o081_r10027","1","[[3,1,4,2,5]]","B"
"True","True","23","True","B_o081_r10028","1","[[3,1,4,2,5]]","B"
"True","True","26","True","B_o081_r10031","1","[[4,1,3,2,5]]","B"
"True","True","26","True","B_o081_r10032","1","[[4,1,3,2,5]]","B"
"True","True","18","True","B_o081_r10033","1","[[2,3,1,4,5]]","B"
"True","True","18","True","B_o081_r10034","1","[[2,3,1,4,5]]","B"
"True","True","21","True","B_o081_r10037","1","[[2,4,1,3,5]]","B"
"True","True","21","True","B_o081_r10038","1","[[2,4,1,3,5]]","B"
"True","True","19","True","B_o081_r10039","1","[[3,2,1,4,5]]","B"
"True","True","19","True","B_o081_r10040","1","[[3,2,1,4,5]]","B"
"True","True","23","True","B_o081_r10043","1","[[2,4,1,3,5]]","B"
"True","True","23","True","B_o081_r10044","1","[[2,4,1,3,5]]","B"
"True","True","25","True","B_o081_r10049","1","[[4,2,1,3,5]]","B"
"True","True","25","True","B_o081_r10050","1","[[4,2,1,3,5]]","B"
"True","True","13","True","B_o082_r10081","2","[[1,2,3,4,5],[2,1,3,4,5]]","B"
"True","True","14","True","B_o082_r10082","2","[[1,2,3,4,5],[2,1,3,4,5]]","B"
"True","True","14","True","B_o082_r10083","2","[[1,2,4,3,5],[2,1,4,3,5]]","B"
"True","True","16","True","B_o082_r10084","2","[[1,2,3,4,5],[2,1,3,4,5]]","B"
"True","True","15","True","B_o082_r10085","2","[[1,2,4,3,5],[2,1,4,3,5]]","B"
"True","True","16","True","B_o082_r10086","2","[[1,2,4,3,5],[2,1,4,3,5]]","B"
"True","True","13","True","B_o082_r10087","1","[[1,3,2,4,5]]","B"
"True","True","14","True","B_o082_r10088","1","[[1,3,2,4,5]]","B"
"True","True","17","True","B_o082_r10089","1","[[1,4,2,3,5]]","B"
"True","True","20","True","B_o082_r10090","3","[[1,2,3,4,5],[1,3,2,4,5],[2,1,3,4,5]]","B"
"True","True","18","True","B_o082_r10091","1","[[1,4,2,3,5]]","B"
"True","True","20","True","B_o082_r10092","2","[[1,2,4,3,5],[2,1,4,3,5]]","B"
"True","True","15","True","B_o082_r10093","1","[[1,3,2,4,5]]","B"
"True","True","16","True","B_o082_r10094","1","[[1,3,2,4,5]]","B"
"True","True","18","True","B_o082_r10095","1","[[1,4,2,3,5]]","B"
"True","True","19","True","B_o082_r10097","1","[[1,4,2,3,5]]","B"
"True","True","20","True","B_o082_r10098","1","[[1,4,2,3,5]]","B"
"True","True","17","True","B_o082_r10099","1","[[1,3,4,2,5]]","B"
"True","True","17","True","B_o082_r10100","1","[[1,3,4,2,5]]","B"
"True","True","20","True","B_o082_r10101","1","[[1,4,3,2,5]]","B"
"True","True","21","True","B_o082_r10102","1","[[1,3,4,2,5]]","B"
"True","True","20","True","B_o082_r10103","1","[[1,4,3,2,5]]","B"
"True","True","21","True","B_o082_r10104","1","[[1,4,3,2,5]]","B"
"True","True","14","True","B_o082_r10111","1","[[3,1,2,4,5]]","B"
"True","True","15","True","B_o082_r10112","1","[[3,1,2,4,5]]","B"
"True","True","19","True","B_o082_r10113","1","[[1,4,2,3,5]]","B"
"True","True","22","True","B_o082_r10114","4","[[1,2,3,4,5],[1,3,2,4,5],[2,1,3,4,5],[3,1,2,4,5]]","B"
"True","True","20","True","B_o082_r10115","1","[[1,4,2,3,5]]","B"
"True","True","22","True","B_o082_r10116","2","[[1,2,4,3,5],[2,1,4,3,5]]","B"
"True","True","16","True","B_o082_r10117","1","[[3,1,2,4,5]]","B"
"True","True","17","True","B_o082_r10118","1","[[3,1,2,4,5]]","B"
"True","True","20","True","B_o082_r10119","1","[[1,4,2,3,5]]","B"
"True","True","21","True","B_o082_r10121","1","[[1,4,2,3,5]]","B"
"True","True","22","True","B_o082_r10122","1","[[1,4,2,3,5]]","B"
"True","True","18","True","B_o082_r10123","1","[[3,1,4,2,5]]","B"
"True","True","18","True","B_o082_r10124","1","[[3,1,4,2,5]]","B"
"True","True","22","True","B_o082_r10125","1","[[1,4,3,2,5]]","B"
"True","True","23","True","B_o082_r10126","2","[[1,3,4,2,5],[3,1,4,2,5]]","B"
"True","True","22","True","B_o082_r10127","1","[[1,4,3,2,5]]","B"
"True","True","23","True","B_o082_r10128","1","[[1,4,3,2,5]]","B"
"True","True","14","True","B_o082_r10129","1","[[2,3,1,4,5]]","B"
"True","True","15","True","B_o082_r10130","1","[[2,3,1,4,5]]","B"
"True","True","15","True","B_o082_r10135","1","[[3,2,1,4,5]]","B"
"True","True","16","True","B_o082_r10136","1","[[3,2,1,4,5]]","B"
"True","True","20","True","B_o082_r10141","2","[[3,1,2,4,5],[3,2,1,4,5]]","B"
"True","True","21","True","B_o082_r10142","2","[[3,1,2,4,5],[3,2,1,4,5]]","B"
"True","True","24","True","B_o082_r10145","1","[[4,1,2,3,5]]","B"
"True","True","24","True","B_o082_r10146","1","[[4,1,2,3,5]]","B"
"True","True","22","True","B_o082_r10147","1","[[3,1,4,2,5]]","B"
"True","True","22","True","B_o082_r10148","1","[[3,1,4,2,5]]","B"
"True","True","25","True","B_o082_r10151","1","[[4,1,3,2,5]]","B"
"True","True","25","True","B_o082_r10152","1","[[4,1,3,2,5]]","B"
"True","True","16","True","B_o082_r10153","1","[[2,3,1,4,5]]","B"
"True","True","17","True","B_o082_r10154","1","[[2,3,1,4,5]]","B"
"True","True","20","True","B_o082_r10157","1","[[2,4,1,3,5]]","B"
"True","True","20","True","B_o082_r10158","1","[[2,4,1,3,5]]","B"
"True","True","17","True","B_o082_r10159","1","[[3,2,1,4,5]]","B"
"True","True","18","True","B_o082_r10160","1","[[3,2,1,4,5]]","B"
"True","True","22","True","B_o082_r10163","1","[[2,4,1,3,5]]","B"
"True","True","22","True","B_o082_r10164","1","[[2,4,1,3,5]]","B"
"True","True","24","True","B_o082_r10169","1","[[4,2,1,3,5]]","B"
"True","True","24","True","B_o082_r10170","1","[[4,2,1,3,5]]","B"
"True","True","19","True","B_o082_r10177","1","[[2,3,4,1,5]]","B"
"True","True","19","True","B_o082_r10178","1","[[2,3,4,1,5]]","B"
"True","True","22","True","B_o082_r10180","1","[[2,3,4,1,5]]","B"
"True","True","22","True","B_o082_r10181","1","[[2,4,3,1,5]]","B"
"True","True","22","True","B_o082_r10182","1","[[2,4,3,1,5]]","B"
"True","True","20","True","B_o082_r10183","1","[[3,2,4,1,5]]","B"
"True","True","20","True","B_o082_r10184","1","[[3,2,4,1,5]]","B"
"True","True","24","True","B_o082_r10186","1","[[2,3,4,1,5]]","B"
"True","True","24","True","B_o082_r10187","1","[[2,4,3,1,5]]","B"
"True","True","24","True","B_o082_r10188","1","[[2,4,3,1,5]]","B"
"True","True","23","True","B_o082_r10189","1","[[3,2,4,1,5]]","B"
"True","True","23","True","B_o082_r10190","1","[[3,2,4,1,5]]","B"
"True","True","24","True","B_o082_r10191","1","[[3,2,4,1,5]]","B"
"True","True","24","True","B_o082_r10192","1","[[3,2,4,1,5]]","B"
"True","True","26","True","B_o082_r10193","1","[[4,2,3,1,5]]","B"
"True","True","26","True","B_o082_r10194","1","[[4,2,3,1,5]]","B"
"True","True","11","True","B_o083_r10201","2","[[1,2,3,4,5],[2,1,3,4,5]]","B"
"True","True","14","True","B_o083_r10202","2","[[1,2,3,4,5],[2,1,3,4,5]]","B"
"True","True","12","True","B_o083_r10203","2","[[1,2,4,3,5],[2,1,4,3,5]]","B"
"True","True","16","True","B_o083_r10204","2","[[1,2,3,4,5],[2,1,3,4,5]]","B"
"True","True","15","True","B_o083_r10205","2","[[1,2,4,3,5],[2,1,4,3,5]]","B"
"True","True","16","True","B_o083_r10206","2","[[1,2,4,3,5],[2,1,4,3,5]]","B"
"True","True","11","True","B_o083_r10207","1","[[1,3,2,4,5]]","B"
"True","True","14","True","B_o083_r10208","1","[[1,3,2,4,5]]","B"
"True","True","15","True","B_o083_r10209","1","[[1,4,2,3,5]]","B"
"True","True","20","True","B_o083_r10210","3","[[1,2,3,4,5],[1,3,2,4,5],[2,1,3,4,5]]","B"
"True","True","18","True","B_o083_r10211","1","[[1,4,2,3,5]]","B"
"True","True","20","True","B_o083_r10212","2","[[1,2,4,3,5],[2,1,4,3,5]]","B"
"True","True","13","True","B_o083_r10213","1","[[1,3,2,4,5]]","B"
"True","True","16","True","B_o083_r10214","1","[[1,3,2,4,5]]","B"
"True","True","16","True","B_o083_r10215","1","[[1,4,2,3,5]]","B"
"True","True","19","True","B_o083_r10217","1","[[1,4,2,3,5]]","B"
"True","True","20","True","B_o083_r10218","1","[[1,4,2,3,5]]","B"
"True","True","17","True","B_o083_r10219","1","[[1,3,4,2,5]]","B"
"True","True","17","True","B_o083_r10220","1","[[1,3,4,2,5]]","B"
"True","True","20","True","B_o083_r10221","1","[[1,4,3,2,5]]","B"
"True","True","21","True","B_o083_r10222","1","[[1,3,4,2,5]]","B"
"True","True","20","True","B_o083_r10223","1","[[1,4,3,2,5]]","B"
"True","True","21","True","B_o083_r10224","1","[[1,4,3,2,5]]","B"
"True","True","12","True","B_o083_r10231","1","[[3,1,2,4,5]]","B"
"True","True","15","True","B_o083_r10232","1","[[3,1,2,4,5]]","B"
"True","True","17","True","B_o083_r10233","1","[[1,4,2,3,5]]","B"
"True","True","22","True","B_o083_r10234","4","[[1,2,3,4,5],[1,3,2,4,5],[2,1,3,4,5],[3,1,2,4,5]]","B"
"True","True","20","True","B_o083_r10235","1","[[1,4,2,3,5]]","B"
"True","True","22","True","B_o083_r10236","2","[[1,2,4,3,5],[2,1,4,3,5]]","B"
"True","True","14","True","B_o083_r10237","1","[[3,1,2,4,5]]","B"
"True","True","17","True","B_o083_r10238","1","[[3,1,2,4,5]]","B"
"True","True","18","True","B_o083_r10239","1","[[1,4,2,3,5]]","B"
"True","True","21","True","B_o083_r10241","1","[[1,4,2,3,5]]","B"
"True","True","22","True","B_o083_r10242","1","[[1,4,2,3,5]]","B"
"True","True","18","True","B_o083_r10243","1","[[3,1,4,2,5]]","B"
"True","True","18","True","B_o083_r10244","1","[[3,1,4,2,5]]","B"
"True","True","22","True","B_o083_r10245","1","[[1,4,3,2,5]]","B"
"True","True","23","True","B_o083_r10246","2","[[1,3,4,2,5],[3,1,4,2,5]]","B"
"True","True","22","True","B_o083_r10247","1","[[1,4,3,2,5]]","B"
"True","True","23","True","B_o083_r10248","1","[[1,4,3,2,5]]","B"
"True","True","12","True","B_o083_r10249","1","[[2,3,1,4,5]]","B"
"True","True","15","True","B_o083_r10250","1","[[2,3,1,4,5]]","B"
"True","True","13","True","B_o083_r10255","1","[[3,2,1,4,5]]","B"
"True","True","16","True","B_o083_r10256","1","[[3,2,1,4,5]]","B"
"True","True","18","True","B_o083_r10261","2","[[3,1,2,4,5],[3,2,1,4,5]]","B"
"True","True","21","True","B_o083_r10262","2","[[3,1,2,4,5],[3,2,1,4,5]]","B"
"True","True","24","True","B_o083_r10265","1","[[4,1,2,3,5]]","B"
"True","True","24","True","B_o083_r10266","1","[[4,1,2,3,5]]","B"
"True","True","22","True","B_o083_r10267","1","[[3,1,4,2,5]]","B"
"True","True","22","True","B_o083_r10268","1","[[3,1,4,2,5]]","B"
"True","True","25","True","B_o083_r10271","1","[[4,1,3,2,5]]","B"
"True","True","25","True","B_o083_r10272","1","[[4,1,3,2,5]]","B"
"True","True","14","True","B_o083_r10273","1","[[2,3,1,4,5]]","B"
"True","True","17","True","B_o083_r10274","1","[[2,3,1,4,5]]","B"
"True","True","20","True","B_o083_r10277","1","[[2,4,1,3,5]]","B"
"True","True","20","True","B_o083_r10278","1","[[2,4,1,3,5]]","B"
"True","True","15","True","B_o083_r10279","1","[[3,2,1,4,5]]","B"
"True","True","18","True","B_o083_r10280","1","[[3,2,1,4,5]]","B"
"True","True","22","True","B_o083_r10283","1","[[2,4,1,3,5]]","B"
"True","True","22","True","B_o083_r10284","1","[[2,4,1,3,5]]","B"
"True","True","24","True","B_o083_r10289","1","[[4,2,1,3,5]]","B"
"True","True","24","True","B_o083_r10290","1","[[4,2,1,3,5]]","B"
"True","True","19","True","B_o083_r10297","1","[[2,3,4,1,5]]","B"
"True","True","19","True","B_o083_r10298","1","[[2,3,4,1,5]]","B"
"True","True","22","True","B_o083_r10300","1","[[2,3,4,1,5]]","B"
"True","True","22","True","B_o083_r10301","1","[[2,4,3,1,5]]","B"
"True","True","22","True","B_o083_r10302","1","[[2,4,3,1,5]]","B"
"True","True","20","True","B_o083_r10303","1","[[3,2,4,1,5]]","B"
"True","True","20","True","B_o083_r10304","1","[[3,2,4,1,5]]","B"
"True","True","24","True","B_o083_r10306","1","[[2,3,4,1,5]]","B"
"True","True","24","True","B_o083_r10307","1","[[2,4,3,1,5]]","B"
"True","True","24","True","B_o083_r10308","1","[[2,4,3,1,5]]","B"
"True","True","23","True","B_o083_r10309","1","[[3,2,4,1,5]]","B"
"True","True","23","True","B_o083_r10310","1","[[3,2,4,1,5]]","B"
"True","True","24","True","B_o083_r10311","1","[[3,2,4,1,5]]","B"
"True","True","24","True","B_o083_r10312","1","[[3,2,4,1,5]]","B"
"True","True","26","True","B_o083_r10313","1","[[4,2,3,1,5]]","B"
"True","True","26","True","B_o083_r10314","1","[[4,2,3,1,5]]","B"
"True","True","11","True","B_o084_r10321","2","[[1,2,3,4,5],[2,1,3,4,5]]","B"
"True","True","12","True","B_o084_r10322","2","[[1,2,3,4,5],[2,1,3,4,5]]","B"
"True","True","12","True","B_o084_r10323","2","[[1,2,4,3,5],[2,1,4,3,5]]","B"
"True","True","16","True","B_o084_r10324","2","[[1,2,3,4,5],[2,1,3,4,5]]","B"
"True","True","13","True","B_o084_r10325","2","[[1,2,4,3,5],[2,1,4,3,5]]","B"
"True","True","16","True","B_o084_r10326","2","[[1,2,4,3,5],[2,1,4,3,5]]","B"
"True","True","11","True","B_o084_r10327","1","[[1,3,2,4,5]]","B"
"True","True","12","True","B_o084_r10328","1","[[1,3,2,4,5]]","B"
"True","True","15","True","B_o084_r10329","1","[[1,4,2,3,5]]","B"
"True","True","20","True","B_o084_r10330","3","[[1,2,3,4,5],[1,3,2,4,5],[2,1,3,4,5]]","B"
"True","True","16","True","B_o084_r10331","1","[[1,4,2,3,5]]","B"
"True","True","20","True","B_o084_r10332","2","[[1,2,4,3,5],[2,1,4,3,5]]","B"
"True","True","14","True","B_o084_r10333","1","[[1,3,4,2,5]]","B"
"True","True","16","True","B_o084_r10334","1","[[1,3,2,4,5]]","B"
"True","True","17","True","B_o084_r10335","1","[[1,4,3,2,5]]","B"
"True","True","19","True","B_o084_r10337","1","[[1,4,2,3,5]]","B"
"True","True","20","True","B_o084_r10338","1","[[1,4,2,3,5]]","B"
"True","True","15","True","B_o084_r10339","1","[[1,3,4,2,5]]","B"
"True","True","16","True","B_o084_r10340","1","[[1,3,4,2,5]]","B"
"True","True","18","True","B_o084_r10341","1","[[1,4,3,2,5]]","B"
"True","True","20","True","B_o084_r10342","1","[[1,3,4,2,5]]","B"
"True","True","19","True","B_o084_r10343","1","[[1,4,3,2,5]]","B"
"True","True","20","True","B_o084_r10344","1","[[1,4,3,2,5]]","B"
"True","True","12","True","B_o084_r10351","1","[[3,1,2,4,5]]","B"
"True","True","13","True","B_o084_r10352","1","[[3,1,2,4,5]]","B"
"True","True","17","True","B_o084_r10353","1","[[1,4,2,3,5]]","B"
"True","True","22","True","B_o084_r10354","4","[[1,2,3,4,5],[1,3,2,4,5],[2,1,3,4,5],[3,1,2,4,5]]","B"
"True","True","18","True","B_o084_r10355","1","[[1,4,2,3,5]]","B"
"True","True","22","True","B_o084_r10356","2","[[1,2,4,3,5],[2,1,4,3,5]]","B"
"True","True","15","True","B_o084_r10357","1","[[3,1,4,2,5]]","B"
"True","True","17","True","B_o084_r10358","1","[[3,1,2,4,5]]","B"
"True","True","19","True","B_o084_r10359","1","[[1,4,3,2,5]]","B"
"True","True","21","True","B_o084_r10361","1","[[1,4,2,3,5]]","B"
"True","True","22","True","B_o084_r10362","1","[[1,4,2,3,5]]","B"
"True","True","16","True","B_o084_r10363","1","[[3,1,4,2,5]]","B"
"True","True","17","True","B_o084_r10364","1","[[3,1,4,2,5]]","B"
"True","True","20","True","B_o084_r10365","1","[[1,4,3,2,5]]","B"
"True","True","22","True","B_o084_r10366","2","[[1,3,4,2,5],[3,1,4,2,5]]","B"
"True","True","21","True","B_o084_r10367","1","[[1,4,3,2,5]]","B"
"True","True","22","True","B_o084_r10368","1","[[1,4,3,2,5]]","B"
"True","True","12","True","B_o084_r10369","1","[[2,3,1,4,5]]","B"
"True","True","13","True","B_o084_r10370","1","[[2,3,1,4,5]]","B"
"True","True","13","True","B_o084_r10375","1","[[3,2,1,4,5]]","B"
"True","True","14","True","B_o084_r10376","1","[[3,2,1,4,5]]","B"
"True","True","19","True","B_o084_r10381","1","[[3,1,4,2,5]]","B"
"True","True","21","True","B_o084_r10382","2","[[3,1,2,4,5],[3,2,1,4,5]]","B"
"True","True","24","True","B_o084_r10385","1","[[4,1,2,3,5]]","B"
"True","True","24","True","B_o084_r10386","1","[[4,1,2,3,5]]","B"
"True","True","20","True","B_o084_r10387","1","[[3,1,4,2,5]]","B"
"True","True","21","True","B_o084_r10388","1","[[3,1,4,2,5]]","B"
"True","True","24","True","B_o084_r10391","1","[[4,1,3,2,5]]","B"
"True","True","24","True","B_o084_r10392","1","[[4,1,3,2,5]]","B"
"True","True","17","True","B_o084_r10394","1","[[2,3,1,4,5]]","B"
"True","True","20","True","B_o084_r10397","1","[[2,4,1,3,5]]","B"
"True","True","20","True","B_o084_r10398","1","[[2,4,1,3,5]]","B"
"True","True","18","True","B_o084_r10400","1","[[3,2,1,4,5]]","B"
"True","True","22","True","B_o084_r10403","1","[[2,4,1,3,5]]","B"
"True","True","22","True","B_o084_r10404","1","[[2,4,1,3,5]]","B"
"True","True","24","True","B_o084_r10409","1","[[4,2,1,3,5]]","B"
"True","True","24","True","B_o084_r10410","1","[[4,2,1,3,5]]","B"
"True","True","23","True","B_o084_r10411","1","[[3,4,1,2,5]]","B"
"True","True","23","True","B_o084_r10412","1","[[3,4,1,2,5]]","B"
"True","True","24","True","B_o084_r10413","1","[[3,4,1,2,5]]","B"
"True","True","24","True","B_o084_r10414","1","[[3,4,1,2,5]]","B"
"True","True","26","True","B_o084_r10415","1","[[4,3,1,2,5]]","B"
"True","True","26","True","B_o084_r10416","1","[[4,3,1,2,5]]","B"
"True","True","17","True","B_o084_r10417","1","[[2,3,4,1,5]]","B"
"True","True","17","True","B_o084_r10418","1","[[2,3,4,1,5]]","B"
"True","True","20","True","B_o084_r10420","1","[[2,3,4,1,5]]","B"
"True","True","20","True","B_o084_r10421","1","[[2,4,3,1,5]]","B"
"True","True","20","True","B_o084_r10422","1","[[2,4,3,1,5]]","B"
"True","True","18","True","B_o084_r10423","1","[[3,2,4,1,5]]","B"
"True","True","18","True","B_o084_r10424","1","[[3,2,4,1,5]]","B"
"True","True","22","True","B_o084_r10426","1","[[2,3,4,1,5]]","B"
"True","True","22","True","B_o084_r10427","1","[[2,4,3,1,5]]","B"
"True","True","22","True","B_o084_r10428","1","[[2,4,3,1,5]]","B"
"True","True","21","True","B_o084_r10429","1","[[3,2,4,1,5]]","B"
"True","True","21","True","B_o084_r10430","1","[[3,2,4,1,5]]","B"
"True","True","22","True","B_o084_r10431","1","[[3,2,4,1,5]]","B"
"True","True","22","True","B_o084_r10432","1","[[3,2,4,1,5]]","B"
"True","True","24","True","B_o084_r10433","1","[[4,2,3,1,5]]","B"
"True","True","24","True","B_o084_r10434","1","[[4,2,3,1,5]]","B"
"True","True","23","True","B_o084_r10435","1","[[3,4,2,1,5]]","B"
"True","True","23","True","B_o084_r10436","1","[[3,4,2,1,5]]","B"
"True","True","24","True","B_o084_r10437","1","[[3,4,2,1,5]]","B"
"True","True","24","True","B_o084_r10438","1","[[3,4,2,1,5]]","B"
"True","True","26","True","B_o084_r10439","1","[[4,3,2,1,5]]","B"
"True","True","26","True","B_o084_r10440","1","[[4,3,2,1,5]]","B"
"True","True","9","True","B_o085_r10441","2","[[1,2,3,4,5],[2,1,3,4,5]]","B"
"True","True","12","True","B_o085_r10442","2","[[1,2,3,4,5],[2,1,3,4,5]]","B"
"True","True","10","True","B_o085_r10443","2","[[1,2,4,3,5],[2,1,4,3,5]]","B"
"True","True","16","True","B_o085_r10444","2","[[1,2,3,4,5],[2,1,3,4,5]]","B"
"True","True","13","True","B_o085_r10445","2","[[1,2,4,3,5],[2,1,4,3,5]]","B"
"True","True","16","True","B_o085_r10446","2","[[1,2,4,3,5],[2,1,4,3,5]]","B"
"True","True","9","True","B_o085_r10447","1","[[1,3,2,4,5]]","B"
"True","True","12","True","B_o085_r10448","1","[[1,3,2,4,5]]","B"
"True","True","13","True","B_o085_r10449","1","[[1,4,2,3,5]]","B"
"True","True","20","True","B_o085_r10450","3","[[1,2,3,4,5],[1,3,2,4,5],[2,1,3,4,5]]","B"
"True","True","16","True","B_o085_r10451","1","[[1,4,2,3,5]]","B"
"True","True","20","True","B_o085_r10452","2","[[1,2,4,3,5],[2,1,4,3,5]]","B"
"True","True","12","True","B_o085_r10453","1","[[1,3,4,2,5]]","B"
"True","True","16","True","B_o085_r10454","1","[[1,3,2,4,5]]","B"
"True","True","15","True","B_o085_r10455","1","[[1,4,3,2,5]]","B"
"True","True","19","True","B_o085_r10457","1","[[1,4,2,3,5]]","B"
"True","True","20","True","B_o085_r10458","1","[[1,4,2,3,5]]","B"
"True","True","15","True","B_o085_r10459","1","[[1,3,4,2,5]]","B"
"True","True","16","True","B_o085_r10460","1","[[1,3,4,2,5]]","B"
"True","True","18","True","B_o085_r10461","1","[[1,4,3,2,5]]","B"
"True","True","20","True","B_o085_r10462","1","[[1,3,4,2,5]]","B"
"True","True","19","True","B_o085_r10463","1","[[1,4,3,2,5]]","B"
"True","True","20","True","B_o085_r10464","1","[[1,4,3,2,5]]","B"
"True","True","10","True","B_o085_r10471","1","[[3,1,2,4,5]]","B"
"True","True","13","True","B_o085_r10472","1","[[3,1,2,4,5]]","B"
"True","True","15","True","B_o085_r10473","1","[[1,4,2,3,5]]","B"
"True","True","22","True","B_o085_r10474","4","[[1,2,3,4,5],[1,3,2,4,5],[2,1,3,4,5],[3,1,2,4,5]]","B"
"True","True","18","True","B_o085_r10475","1","[[1,4,2,3,5]]","B"
"True","True","22","True","B_o085_r10476","2","[[1,2,4,3,5],[2,1,4,3,5]]","B"
"True","True","13","True","B_o085_r10477","1","[[3,1,4,2,5]]","B"
"True","True","17","True","B_o085_r10478","1","[[3,1,2,4,5]]","B"
"True","True","17","True","B_o085_r10479","1","[[1,4,3,2,5]]","B"
"True","True","21","True","B_o085_r10481","1","[[1,4,2,3,5]]","B"
"True","True","22","True","B_o085_r10482","1","[[1,4,2,3,5]]","B"
"True","True","16","True","B_o085_r10483","1","[[3,1,4,2,5]]","B"
"True","True","17","True","B_o085_r10484","1","[[3,1,4,2,5]]","B"
"True","True","20","True","B_o085_r10485","1","[[1,4,3,2,5]]","B"
"True","True","22","True","B_o085_r10486","2","[[1,3,4,2,5],[3,1,4,2,5]]","B"
"True","True","21","True","B_o085_r10487","1","[[1,4,3,2,5]]","B"
"True","True","22","True","B_o085_r10488","1","[[1,4,3,2,5]]","B"
"True","True","10","True","B_o085_r10489","1","[[2,3,1,4,5]]","B"
"True","True","13","True","B_o085_r10490","1","[[2,3,1,4,5]]","B"
"True","True","11","True","B_o085_r10495","1","[[3,2,1,4,5]]","B"
"True","True","14","True","B_o085_r10496","1","[[3,2,1,4,5]]","B"
"True","True","17","True","B_o085_r10501","1","[[3,1,4,2,5]]","B"
"True","True","21","True","B_o085_r10502","2","[[3,1,2,4,5],[3,2,1,4,5]]","B"
"True","True","24","True","B_o085_r10505","1","[[4,1,2,3,5]]","B"
"True","True","24","True","B_o085_r10506","1","[[4,1,2,3,5]]","B"
"True","True","20","True","B_o085_r10507","1","[[3,1,4,2,5]]","B"
"True","True","21","True","B_o085_r10508","1","[[3,1,4,2,5]]","B"
"True","True","24","True","B_o085_r10511","1","[[4,1,3,2,5]]","B"
"True","True","24","True","B_o085_r10512","1","[[4,1,3,2,5]]","B"
"True","True","17","True","B_o085_r10514","1","[[2,3,1,4,5]]","B"
"True","True","20","True","B_o085_r10517","1","[[2,4,1,3,5]]","B"
"True","True","20","True","B_o085_r10518","1","[[2,4,1,3,5]]","B"
"True","True","18","True","B_o085_r10520","1","[[3,2,1,4,5]]","B"
"True","True","22","True","B_o085_r10523","1","[[2,4,1,3,5]]","B"
"True","True","22","True","B_o085_r10524","1","[[2,4,1,3,5]]","B"
"True","True","24","True","B_o085_r10529","1","[[4,2,1,3,5]]","B"
"True","True","24","True","B_o085_r10530","1","[[4,2,1,3,5]]","B"
"True","True","23","True","B_o085_r10531","1","[[3,4,1,2,5]]","B"
"True","True","23","True","B_o085_r10532","1","[[3,4,1,2,5]]","B"
"True","True","24","True","B_o085_r10533","1","[[3,4,1,2,5]]","B"
"True","True","24","True","B_o085_r10534","1","[[3,4,1,2,5]]","B"
"True","True","26","True","B_o085_r10535","1","[[4,3,1,2,5]]","B"
"True","True","26","True","B_o085_r10536","1","[[4,3,1,2,5]]","B"
"True","True","17","True","B_o085_r10537","1","[[2,3,4,1,5]]","B"
"True","True","17","True","B_o085_r10538","1","[[2,3,4,1,5]]","B"
"True","True","20","True","B_o085_r10540","1","[[2,3,4,1,5]]","B"
"True","True","20","True","B_o085_r10541","1","[[2,4,3,1,5]]","B"
"True","True","20","True","B_o085_r10542","1","[[2,4,3,1,5]]","B"
"True","True","18","True","B_o085_r10543","1","[[3,2,4,1,5]]","B"
"True","True","18","True","B_o085_r10544","1","[[3,2,4,1,5]]","B"
"True","True","22","True","B_o085_r10546","1","[[2,3,4,1,5]]","B"
"True","True","22","True","B_o085_r10547","1","[[2,4,3,1,5]]","B"
"True","True","22","True","B_o085_r10548","1","[[2,4,3,1,5]]","B"
"True","True","21","True","B_o085_r10549","1","[[3,2,4,1,5]]","B"
"True","True","21","True","B_o085_r10550","1","[[3,2,4,1,5]]","B"
"True","True","22","True","B_o085_r10551","1","[[3,2,4,1,5]]","B"
"True","True","22","True","B_o085_r10552","1","[[3,2,4,1,5]]","B"
"True","True","24","True","B_o085_r10553","1","[[4,2,3,1,5]]","B"
"True","True","24","True","B_o085_r10554","1","[[4,2,3,1,5]]","B"
"True","True","23","True","B_o085_r10555","1","[[3,4,2,1,5]]","B"
"True","True","23","True","B_o085_r10556","1","[[3,4,2,1,5]]","B"
"True","True","24","True","B_o085_r10557","1","[[3,4,2,1,5]]","B"
"True","True","24","True","B_o085_r10558","1","[[3,4,2,1,5]]","B"
"True","True","26","True","B_o085_r10559","1","[[4,3,2,1,5]]","B"
"True","True","26","True","B_o085_r10560","1","[[4,3,2,1,5]]","B"
"True","True","8","True","B_o086_r10561","2","[[1,2,3,4,5],[2,1,3,4,5]]","B"
"True","True","10","True","B_o086_r10562","2","[[1,2,3,4,5],[2,1,3,4,5]]","B"
"True","True","9","True","B_o086_r10563","2","[[1,2,4,3,5],[2,1,4,3,5]]","B"
"True","True","16","True","B_o086_r10564","6","[[1,2,3,4,5],[1,2,4,3,5],[1,2,5,3,4],[2,1,3,4,5],[2,1,4,3,5],[2,1,5,3,4]]","B"
"True","True","11","True","B_o086_r10565","2","[[1,2,4,3,5],[2,1,4,3,5]]","B"
"True","True","16","True","B_o086_r10566","6","[[1,2,3,4,5],[1,2,4,3,5],[1,2,5,3,4],[2,1,3,4,5],[2,1,4,3,5],[2,1,5,3,4]]","B"
"True","True","8","True","B_o086_r10567","1","[[1,3,2,4,5]]","B"
"True","True","10","True","B_o086_r10568","1","[[1,3,2,4,5]]","B"
"True","True","12","True","B_o086_r10569","1","[[1,4,2,3,5]]","B"
"True","True","20","True","B_o086_r10570","7","[[1,2,3,4,5],[1,2,4,3,5],[1,2,5,3,4],[1,3,2,4,5],[2,1,3,4,5],[2,1,4,3,5],[2,1,5,3,4]]","B"
"True","True","14","True","B_o086_r10571","1","[[1,4,2,3,5]]","B"
"True","True","20","True","B_o086_r10572","7","[[1,2,3,4,5],[1,2,4,3,5],[1,2,5,3,4],[1,3,2,4,5],[2,1,3,4,5],[2,1,4,3,5],[2,1,5,3,4]]","B"
"True","True","11","True","B_o086_r10573","1","[[1,3,4,2,5]]","B"
"True","True","16","True","B_o086_r10574","2","[[1,3,2,4,5],[1,3,4,2,5]]","B"
"True","True","14","True","B_o086_r10575","1","[[1,4,3,2,5]]","B"
"True","True","19","True","B_o086_r10577","2","[[1,4,2,3,5],[1,4,3,2,5]]","B"
"True","True","20","True","B_o086_r10578","2","[[1,4,2,3,5],[1,4,3,2,5]]","B"
"True","True","13","True","B_o086_r10579","1","[[1,3,4,2,5]]","B"
"True","True","16","True","B_o086_r10581","1","[[1,4,3,2,5]]","B"
"True","True","9","True","B_o086_r10591","1","[[3,1,2,4,5]]","B"
"True","True","11","True","B_o086_r10592","1","[[3,1,2,4,5]]","B"
"True","True","14","True","B_o086_r10593","1","[[1,4,2,3,5]]","B"
"True","True","22","True","B_o086_r10594","8","[[1,2,3,4,5],[1,2,4,3,5],[1,2,5,3,4],[1,3,2,4,5],[2,1,3,4,5],[2,1,4,3,5],[2,1,5,3,4],[3,1,2,4,5]]","B"
"True","True","16","True","B_o086_r10595","1","[[1,4,2,3,5]]","B"
"True","True","22","True","B_o086_r10596","8","[[1,2,3,4,5],[1,2,4,3,5],[1,2,5,3,4],[1,3,2,4,5],[2,1,3,4,5],[2,1,4,3,5],[2,1,5,3,4],[3,1,2,4,5]]","B"
"True","True","12","True","B_o086_r10597","1","[[3,1,4,2,5]]","B"
"True","True","17","True","B_o086_r10598","2","[[3,1,2,4,5],[3,1,4,2,5]]","B"
"True","True","16","True","B_o086_r10599","1","[[1,4,3,2,5]]","B"
"True","True","21","True","B_o086_r10601","2","[[1,4,2,3,5],[1,4,3,2,5]]","B"
"True","True","22","True","B_o086_r10602","2","[[1,4,2,3,5],[1,4,3,2,5]]","B"
"True","True","14","True","B_o086_r10603","1","[[3,1,4,2,5]]","B"
"True","True","18","True","B_o086_r10605","1","[[1,4,3,2,5]]","B"
"True","True","9","True","B_o086_r10609","1","[[2,3,1,4,5]]","B"
"True","True","11","True","B_o086_r10610","1","[[2,3,1,4,5]]","B"
"True","True","10","True","B_o086_r10615","1","[[3,2,1,4,5]]","B"
"True","True","12","True","B_o086_r10616","1","[[3,2,1,4,5]]","B"
"True","True","16","True","B_o086_r10621","1","[[3,1,4,2,5]]","B"
"True","True","21","True","B_o086_r10622","3","[[3,1,2,4,5],[3,1,4,2,5],[3,2,1,4,5]]","B"
"True","True","24","True","B_o086_r10625","2","[[4,1,2,3,5],[4,1,3,2,5]]","B"
"True","True","24","True","B_o086_r10626","2","[[4,1,2,3,5],[4,1,3,2,5]]","B"
"True","True","18","True","B_o086_r10627","1","[[3,1,4,2,5]]","B"
"True","True","13","True","B_o086_r10633","1","[[2,3,4,1,5]]","B"
"True","True","17","True","B_o086_r10634","2","[[2,3,1,4,5],[2,3,4,1,5]]","B"
"True","True","20","True","B_o086_r10637","2","[[2,4,1,3,5],[2,4,3,1,5]]","B"
"True","True","20","True","B_o086_r10638","2","[[2,4,1,3,5],[2,4,3,1,5]]","B"
"True","True","14","True","B_o086_r10639","1","[[3,2,4,1,5]]","B"
"True","True","18","True","B_o086_r10640","2","[[3,2,1,4,5],[3,2,4,1,5]]","B"
"True","True","22","True","B_o086_r10643","2","[[2,4,1,3,5],[2,4,3,1,5]]","B"
"True","True","22","True","B_o086_r10644","2","[[2,4,1,3,5],[2,4,3,1,5]]","B"
"True","True","17","True","B_o086_r10645","1","[[3,2,4,1,5]]","B"
"True","True","18","True","B_o086_r10647","1","[[3,2,4,1,5]]","B"
"True","True","24","True","B_o086_r10649","2","[[4,2,1,3,5],[4,2,3,1,5]]","B"
"True","True","24","True","B_o086_r10650","2","[[4,2,1,3,5],[4,2,3,1,5]]","B"
"True","True","23","True","B_o086_r10651","2","[[3,4,1,2,5],[3,4,2,1,5]]","B"
"True","True","23","True","B_o086_r10652","2","[[3,4,1,2,5],[3,4,2,1,5]]","B"
"True","True","24","True","B_o086_r10653","2","[[3,4,1,2,5],[3,4,2,1,5]]","B"
"True","True","24","True","B_o086_r10654","2","[[3,4,1,2,5],[3,4,2,1,5]]","B"
"True","True","26","True","B_o086_r10655","2","[[4,3,1,2,5],[4,3,2,1,5]]","B"
"True","True","26","True","B_o086_r10656","2","[[4,3,1,2,5],[4,3,2,1,5]]","B"
"True","True","15","True","B_o086_r10657","1","[[2,3,4,1,5]]","B"
"True","True","16","True","B_o086_r10663","1","[[3,2,4,1,5]]","B"
"True","True","19","True","B_o086_r10669","1","[[3,2,4,1,5]]","B"
"True","True","20","True","B_o086_r10671","1","[[3,2,4,1,5]]","B"
"True","True","11","True","B_o087_r10681","2","[[1,2,3,4,5],[2,1,3,4,5]]","B"
"True","True","12","True","B_o087_r10682","2","[[1,2,3,4,5],[2,1,3,4,5]]","B"
"True","True","11","True","B_o087_r10683","2","[[1,2,4,3,5],[2,1,4,3,5]]","B"
"True","True","14","True","B_o087_r10684","2","[[1,2,3,4,5],[2,1,3,4,5]]","B"
"True","True","12","True","B_o087_r10685","2","[[1,2,4,3,5],[2,1,4,3,5]]","B"
"True","True","14","True","B_o087_r10686","2","[[1,2,4,3,5],[2,1,4,3,5]]","B"
"True","True","11","True","B_o087_r10687","1","[[1,3,2,4,5]]","B"
"True","True","12","True","B_o087_r10688","1","[[1,3,2,4,5]]","B"
"True","True","14","True","B_o087_r10689","1","[[1,4,2,3,5]]","B"
"True","True","20","True","B_o087_r10690","3","[[1,2,3,4,5],[1,3,2,4,5],[2,1,3,4,5]]","B"
"True","True","15","True","B_o087_r10691","1","[[1,4,2,3,5]]","B"
"True","True","20","True","B_o087_r10692","3","[[1,2,4,3,5],[1,4,2,3,5],[2,1,4,3,5]]","B"
"True","True","12","True","B_o087_r10693","1","[[1,3,4,2,5]]","B"
"True","True","14","True","B_o087_r10694","1","[[1,3,2,4,5]]","B"
"True","True","15","True","B_o087_r10695","1","[[1,4,3,2,5]]","B"
"True","True","17","True","B_o087_r10697","1","[[1,4,2,3,5]]","B"
"True","True","13","True","B_o087_r10699","1","[[1,3,4,2,5]]","B"
"True","True","14","True","B_o087_r10700","1","[[1,3,4,2,5]]","B"
"True","True","16","True","B_o087_r10701","1","[[1,4,3,2,5]]","B"
"True","True","20","True","B_o087_r10702","1","[[1,3,4,2,5]]","B"
"True","True","17","True","B_o087_r10703","1","[[1,4,3,2,5]]","B"
"True","True","20","True","B_o087_r10704","1","[[1,4,3,2,5]]","B"
"True","True","12","True","B_o087_r10711","1","[[3,1,2,4,5]]","B"
"True","True","13","True","B_o087_r10712","1","[[3,1,2,4,5]]","B"
"True","True","16","True","B_o087_r10713","1","[[1,4,2,3,5]]","B"
"True","True","22","True","B_o087_r10714","4","[[1,2,3,4,5],[1,3,2,4,5],[2,1,3,4,5],[3,1,2,4,5]]","B"
"True","True","17","True","B_o087_r10715","1","[[1,4,2,3,5]]","B"
"True","True","22","True","B_o087_r10716","3","[[1,2,4,3,5],[1,4,2,3,5],[2,1,4,3,5]]","B"
"True","True","13","True","B_o087_r10717","1","[[3,1,4,2,5]]","B"
"True","True","15","True","B_o087_r10718","1","[[3,1,2,4,5]]","B"
"True","True","17","True","B_o087_r10719","1","[[1,4,3,2,5]]","B"
"True","True","19","True","B_o087_r10721","1","[[1,4,2,3,5]]","B"
"True","True","14","True","B_o087_r10723","1","[[3,1,4,2,5]]","B"
"True","True","15","True","B_o087_r10724","1","[[3,1,4,2,5]]","B"
"True","True","18","True","B_o087_r10725","1","[[1,4,3,2,5]]","B"
"True","True","22","True","B_o087_r10726","2","[[1,3,4,2,5],[3,1,4,2,5]]","B"
"True","True","19","True","B_o087_r10727","1","[[1,4,3,2,5]]","B"
"True","True","22","True","B_o087_r10728","1","[[1,4,3,2,5]]","B"
"True","True","12","True","B_o087_r10729","1","[[2,3,1,4,5]]","B"
"True","True","13","True","B_o087_r10730","1","[[2,3,1,4,5]]","B"
"True","True","15","True","B_o087_r10731","1","[[2,4,1,3,5]]","B"
"True","True","16","True","B_o087_r10733","1","[[2,4,1,3,5]]","B"
"True","True","13","True","B_o087_r10735","1","[[3,2,1,4,5]]","B"
"True","True","14","True","B_o087_r10736","1","[[3,2,1,4,5]]","B"
"True","True","17","True","B_o087_r10737","1","[[2,4,1,3,5]]","B"
"True","True","18","True","B_o087_r10739","1","[[2,4,1,3,5]]","B"
"True","True","21","True","B_o087_r10742","2","[[3,1,2,4,5],[3,2,1,4,5]]","B"
"True","True","24","True","B_o087_r10745","2","[[4,1,2,3,5],[4,2,1,3,5]]","B"
"True","True","24","True","B_o087_r10746","2","[[4,1,2,3,5],[4,2,1,3,5]]","B"
"True","True","21","True","B_o087_r10748","1","[[3,1,4,2,5]]","B"
"True","True","24","True","B_o087_r10751","1","[[4,1,3,2,5]]","B"
"True","True","24","True","B_o087_r10752","1","[[4,1,3,2,5]]","B"
"True","True","15","True","B_o087_r10754","1","[[2,3,1,4,5]]","B"
"True","True","18","True","B_o087_r10757","1","[[2,4,1,3,5]]","B"
"True","True","16","True","B_o087_r10760","1","[[3,2,1,4,5]]","B"
"True","True","20","True","B_o087_r10763","1","[[2,4,1,3,5]]","B"
"True","True","21","True","B_o087_r10771","1","[[3,4,1,2,5]]","B"
"True","True","21","True","B_o087_r10772","1","[[3,4,1,2,5]]","B"
"True","True","22","True","B_o087_r10773","1","[[3,4,1,2,5]]","B"
"True","True","22","True","B_o087_r10774","1","[[3,4,1,2,5]]","B"
"True","True","24","True","B_o087_r10775","1","[[4,3,1,2,5]]","B"
"True","True","24","True","B_o087_r10776","1","[[4,3,1,2,5]]","B"
"True","True","15","True","B_o087_r10777","1","[[2,3,4,1,5]]","B"
"True","True","15","True","B_o087_r10778","1","[[2,3,4,1,5]]","B"
"True","True","18","True","B_o087_r10779","1","[[2,4,3,1,5]]","B"
"True","True","20","True","B_o087_r10780","1","[[2,3,4,1,5]]","B"
"True","True","18","True","B_o087_r10781","1","[[2,4,3,1,5]]","B"
"True","True","20","True","B_o087_r10782","1","[[2,4,3,1,5]]","B"
"True","True","16","True","B_o087_r10783","1","[[3,2,4,1,5]]","B"
"True","True","16","True","B_o087_r10784","1","[[3,2,4,1,5]]","B"
"True","True","20","True","B_o087_r10785","1","[[2,4,3,1,5]]","B"
"True","True","22","True","B_o087_r10786","1","[[2,3,4,1,5]]","B"
"True","True","20","True","B_o087_r10787","1","[[2,4,3,1,5]]","B"
"True","True","22","True","B_o087_r10788","1","[[2,4,3,1,5]]","B"
"True","True","21","True","B_o087_r10790","1","[[3,2,4,1,5]]","B"
"True","True","22","True","B_o087_r10792","1","[[3,2,4,1,5]]","B"
"True","True","24","True","B_o087_r10793","1","[[4,2,3,1,5]]","B"
"True","True","24","True","B_o087_r10794","1","[[4,2,3,1,5]]","B"
"True","True","21","True","B_o087_r10795","1","[[3,4,2,1,5]]","B"
"True","True","21","True","B_o087_r10796","1","[[3,4,2,1,5]]","B"
"True","True","22","True","B_o087_r10797","1","[[3,4,2,1,5]]","B"
"True","True","22","True","B_o087_r10798","1","[[3,4,2,1,5]]","B"
"True","True","24","True","B_o087_r10799","1","[[4,3,2,1,5]]","B"
"True","True","24","True","B_o087_r10800","1","[[4,3,2,1,5]]","B"
"True","True","9","True","B_o088_r10801","2","[[1,2,3,4,5],[2,1,3,4,5]]","B"
"True","True","12","True","B_o088_r10802","2","[[1,2,3,4,5],[2,1,3,4,5]]","B"
"True","True","9","True","B_o088_r10803","2","[[1,2,4,3,5],[2,1,4,3,5]]","B"
"True","True","14","True","B_o088_r10804","2","[[1,2,3,4,5],[2,1,3,4,5]]","B"
"True","True","12","True","B_o088_r10805","2","[[1,2,4,3,5],[2,1,4,3,5]]","B"
"True","True","14","True","B_o088_r10806","2","[[1,2,4,3,5],[2,1,4,3,5]]","B"
"True","True","9","True","B_o088_r10807","1","[[1,3,2,4,5]]","B"
"True","True","12","True","B_o088_r10808","1","[[1,3,2,4,5]]","B"
"True","True","12","True","B_o088_r10809","1","[[1,4,2,3,5]]","B"
"True","True","20","True","B_o088_r10810","3","[[1,2,3,4,5],[1,3,2,4,5],[2,1,3,4,5]]","B"
"True","True","15","True","B_o088_r10811","1","[[1,4,2,3,5]]","B"
"True","True","20","True","B_o088_r10812","3","[[1,2,4,3,5],[1,4,2,3,5],[2,1,4,3,5]]","B"
"True","True","10","True","B_o088_r10813","1","[[1,3,4,2,5]]","B"
"True","True","14","True","B_o088_r10814","1","[[1,3,2,4,5]]","B"
"True","True","13","True","B_o088_r10815","1","[[1,4,3,2,5]]","B"
"True","True","17","True","B_o088_r10817","1","[[1,4,2,3,5]]","B"
"True","True","13","True","B_o088_r10819","1","[[1,3,4,2,5]]","B"
"True","True","14","True","B_o088_r10820","1","[[1,3,4,2,5]]","B"
"True","True","16","True","B_o088_r10821","1","[[1,4,3,2,5]]","B"
"True","True","20","True","B_o088_r10822","1","[[1,3,4,2,5]]","B"
"True","True","17","True","B_o088_r10823","1","[[1,4,3,2,5]]","B"
"True","True","20","True","B_o088_r10824","1","[[1,4,3,2,5]]","B"
"True","True","10","True","B_o088_r10831","1","[[3,1,2,4,5]]","B"
"True","True","13","True","B_o088_r10832","1","[[3,1,2,4,5]]","B"
"True","True","14","True","B_o088_r10833","1","[[1,4,2,3,5]]","B"
"True","True","22","True","B_o088_r10834","4","[[1,2,3,4,5],[1,3,2,4,5],[2,1,3,4,5],[3,1,2,4,5]]","B"
"True","True","17","True","B_o088_r10835","1","[[1,4,2,3,5]]","B"
"True","True","22","True","B_o088_r10836","3","[[1,2,4,3,5],[1,4,2,3,5],[2,1,4,3,5]]","B"
"True","True","11","True","B_o088_r10837","1","[[3,1,4,2,5]]","B"
"True","True","15","True","B_o088_r10838","1","[[3,1,2,4,5]]","B"
"True","True","15","True","B_o088_r10839","1","[[1,4,3,2,5]]","B"
"True","True","19","True","B_o088_r10841","1","[[1,4,2,3,5]]","B"
"True","True","14","True","B_o088_r10843","1","[[3,1,4,2,5]]","B"
"True","True","15","True","B_o088_r10844","1","[[3,1,4,2,5]]","B"
"True","True","18","True","B_o088_r10845","1","[[1,4,3,2,5]]","B"
"True","True","22","True","B_o088_r10846","2","[[1,3,4,2,5],[3,1,4,2,5]]","B"
"True","True","19","True","B_o088_r10847","1","[[1,4,3,2,5]]","B"
"True","True","22","True","B_o088_r10848","1","[[1,4,3,2,5]]","B"
"True","True","10","True","B_o088_r10849","1","[[2,3,1,4,5]]","B"
"True","True","13","True","B_o088_r10850","1","[[2,3,1,4,5]]","B"
"True","True","13","True","B_o088_r10851","1","[[2,4,1,3,5]]","B"
"True","True","16","True","B_o088_r10853","1","[[2,4,1,3,5]]","B"
"True","True","11","True","B_o088_r10855","1","[[3,2,1,4,5]]","B"
"True","True","14","True","B_o088_r10856","1","[[3,2,1,4,5]]","B"
"True","True","15","True","B_o088_r10857","1","[[2,4,1,3,5]]","B"
"True","True","18","True","B_o088_r10859","1","[[2,4,1,3,5]]","B"
"True","True","21","True","B_o088_r10862","2","[[3,1,2,4,5],[3,2,1,4,5]]","B"
"True","True","24","True","B_o088_r10865","2","[[4,1,2,3,5],[4,2,1,3,5]]","B"
"True","True","24","True","B_o088_r10866","2","[[4,1,2,3,5],[4,2,1,3,5]]","B"
"True","True","21","True","B_o088_r10868","1","[[3,1,4,2,5]]","B"
"True","True","24","True","B_o088_r10871","1","[[4,1,3,2,5]]","B"
"True","True","24","True","B_o088_r10872","1","[[4,1,3,2,5]]","B"
"True","True","15","True","B_o088_r10874","1","[[2,3,1,4,5]]","B"
"True","True","18","True","B_o088_r10877","1","[[2,4,1,3,5]]","B"
"True","True","16","True","B_o088_r10880","1","[[3,2,1,4,5]]","B"
"True","True","20","True","B_o088_r10883","1","[[2,4,1,3,5]]","B"
"True","True","21","True","B_o088_r10891","1","[[3,4,1,2,5]]","B"
"True","True","21","True","B_o088_r10892","1","[[3,4,1,2,5]]","B"
"True","True","22","True","B_o088_r10893","1","[[3,4,1,2,5]]","B"
"True","True","22","True","B_o088_r10894","1","[[3,4,1,2,5]]","B"
"True","True","24","True","B_o088_r10895","1","[[4,3,1,2,5]]","B"
"True","True","24","True","B_o088_r10896","1","[[4,3,1,2,5]]","B"
"True","True","15","True","B_o088_r10897","1","[[2,3,4,1,5]]","B"
"True","True","15","True","B_o088_r10898","1","[[2,3,4,1,5]]","B"
"True","True","18","True","B_o088_r10899","1","[[2,4,3,1,5]]","B"
"True","True","20","True","B_o088_r10900","1","[[2,3,4,1,5]]","B"
"True","True","18","True","B_o088_r10901","1","[[2,4,3,1,5]]","B"
"True","True","20","True","B_o088_r10902","1","[[2,4,3,1,5]]","B"
"True","True","16","True","B_o088_r10903","1","[[3,2,4,1,5]]","B"
"True","True","16","True","B_o088_r10904","1","[[3,2,4,1,5]]","B"
"True","True","20","True","B_o088_r10905","1","[[2,4,3,1,5]]","B"
"True","True","22","True","B_o088_r10906","1","[[2,3,4,1,5]]","B"
"True","True","20","True","B_o088_r10907","1","[[2,4,3,1,5]]","B"
"True","True","22","True","B_o088_r10908","1","[[2,4,3,1,5]]","B"
"True","True","21","True","B_o088_r10910","1","[[3,2,4,1,5]]","B"
"True","True","22","True","B_o088_r10912","1","[[3,2,4,1,5]]","B"
"True","True","24","True","B_o088_r10913","1","[[4,2,3,1,5]]","B"
"True","True","24","True","B_o088_r10914","1","[[4,2,3,1,5]]","B"
"True","True","21","True","B_o088_r10915","1","[[3,4,2,1,5]]","B"
"True","True","21","True","B_o088_r10916","1","[[3,4,2,1,5]]","B"
"True","True","22","True","B_o088_r10917","1","[[3,4,2,1,5]]","B"
"True","True","22","True","B_o088_r10918","1","[[3,4,2,1,5]]","B"
"True","True","24","True","B_o088_r10919","1","[[4,3,2,1,5]]","B"
"True","True","24","True","B_o088_r10920","1","[[4,3,2,1,5]]","B"
"True","True","8","True","B_o089_r10921","2","[[1,2,3,4,5],[2,1,3,4,5]]","B"
"True","True","10","True","B_o089_r10922","2","[[1,2,3,4,5],[2,1,3,4,5]]","B"
"True","True","8","True","B_o089_r10923","2","[[1,2,4,3,5],[2,1,4,3,5]]","B"
"True","True","14","True","B_o089_r10924","6","[[1,2,3,4,5],[1,2,4,3,5],[1,2,5,3,4],[2,1,3,4,5],[2,1,4,3,5],[2,1,5,3,4]]","B"
"True","True","10","True","B_o089_r10925","2","[[1,2,4,3,5],[2,1,4,3,5]]","B"
"True","True","14","True","B_o089_r10926","6","[[1,2,3,4,5],[1,2,4,3,5],[1,2,5,3,4],[2,1,3,4,5],[2,1,4,3,5],[2,1,5,3,4]]","B"
"True","True","8","True","B_o089_r10927","1","[[1,3,2,4,5]]","B"
"True","True","10","True","B_o089_r10928","1","[[1,3,2,4,5]]","B"
"True","True","11","True","B_o089_r10929","1","[[1,4,2,3,5]]","B"
"True","True","20","True","B_o089_r10930","8","[[1,2,3,4,5],[1,2,4,3,5],[1,2,5,3,4],[1,3,2,4,5],[1,4,2,3,5],[2,1,3,4,5],[2,1,4,3,5],[2,1,5,3,4]]","B"
"True","True","13","True","B_o089_r10931","1","[[1,4,2,3,5]]","B"
"True","True","20","True","B_o089_r10932","8","[[1,2,3,4,5],[1,2,4,3,5],[1,2,5,3,4],[1,3,2,4,5],[1,4,2,3,5],[2,1,3,4,5],[2,1,4,3,5],[2,1,5,3,4]]","B"
"True","True","9","True","B_o089_r10933","1","[[1,3,4,2,5]]","B"
"True","True","14","True","B_o089_r10934","2","[[1,3,2,4,5],[1,3,4,2,5]]","B"
"True","True","12","True","B_o089_r10935","1","[[1,4,3,2,5]]","B"
"True","True","17","True","B_o089_r10937","2","[[1,4,2,3,5],[1,4,3,2,5]]","B"
"True","True","11","True","B_o089_r10939","1","[[1,3,4,2,5]]","B"
"True","True","14","True","B_o089_r10941","1","[[1,4,3,2,5]]","B"
"True","True","9","True","B_o089_r10951","1","[[3,1,2,4,5]]","B"
"True","True","11","True","B_o089_r10952","1","[[3,1,2,4,5]]","B"
"True","True","13","True","B_o089_r10953","1","[[1,4,2,3,5]]","B"
"True","True","22","True","B_o089_r10954","9","[[1,2,3,4,5],[1,2,4,3,5],[1,2,5,3,4],[1,3,2,4,5],[1,4,2,3,5],[2,1,3,4,5],[2,1,4,3,5],[2,1,5,3,4],[3,1,2,4,5]]","B"
"True","True","15","True","B_o089_r10955","1","[[1,4,2,3,5]]","B"
"True","True","22","True","B_o089_r10956","9","[[1,2,3,4,5],[1,2,4,3,5],[1,2,5,3,4],[1,3,2,4,5],[1,4,2,3,5],[2,1,3,4,5],[2,1,4,3,5],[2,1,5,3,4],[3,1,2,4,5]]","B"
"True","True","10","True","B_o089_r10957","1","[[3,1,4,2,5]]","B"
"True","True","15","True","B_o089_r10958","2","[[3,1,2,4,5],[3,1,4,2,5]]","B"
"True","True","14","True","B_o089_r10959","1","[[1,4,3,2,5]]","B"
"True","True","19","True","B_o089_r10961","2","[[1,4,2,3,5],[1,4,3,2,5]]","B"
"True","True","12","True","B_o089_r10963","1","[[3,1,4,2,5]]","B"
"True","True","16","True","B_o089_r10965","1","[[1,4,3,2,5]]","B"
"True","True","9","True","B_o089_r10969","1","[[2,3,1,4,5]]","B"
"True","True","11","True","B_o089_r10970","1","[[2,3,1,4,5]]","B"
"True","True","12","True","B_o089_r10971","1","[[2,4,1,3,5]]","B"
"True","True","14","True","B_o089_r10973","1","[[2,4,1,3,5]]","B"
"True","True","10","True","B_o089_r10975","1","[[3,2,1,4,5]]","B"
"True","True","12","True","B_o089_r10976","1","[[3,2,1,4,5]]","B"
"True","True","14","True","B_o089_r10977","1","[[2,4,1,3,5]]","B"
"True","True","16","True","B_o089_r10979","1","[[2,4,1,3,5]]","B"
"True","True","21","True","B_o089_r10982","3","[[3,1,2,4,5],[3,1,4,2,5],[3,2,1,4,5]]","B"
"True","True","24","True","B_o089_r10985","3","[[4,1,2,3,5],[4,1,3,2,5],[4,2,1,3,5]]","B"
"True","True","24","True","B_o089_r10986","3","[[4,1,2,3,5],[4,1,3,2,5],[4,2,1,3,5]]","B"
"True","True","11","True","B_o089_r10993","1","[[2,3,4,1,5]]","B"
"True","True","15","True","B_o089_r10994","2","[[2,3,1,4,5],[2,3,4,1,5]]","B"
"True","True","14","True","B_o089_r10995","1","[[2,4,3,1,5]]","B"
"True","True","18","True","B_o089_r10997","2","[[2,4,1,3,5],[2,4,3,1,5]]","B"
"True","True","12","True","B_o089_r10999","1","[[3,2,4,1,5]]","B"
"True","True","16","True","B_o089_r11000","2","[[3,2,1,4,5],[3,2,4,1,5]]","B"
"True","True","16","True","B_o089_r11001","1","[[2,4,3,1,5]]","B"
"True","True","20","True","B_o089_r11003","2","[[2,4,1,3,5],[2,4,3,1,5]]","B"
"True","True","21","True","B_o089_r11011","2","[[3,4,1,2,5],[3,4,2,1,5]]","B"
"True","True","21","True","B_o089_r11012","2","[[3,4,1,2,5],[3,4,2,1,5]]","B"
"True","True","22","True","B_o089_r11013","2","[[3,4,1,2,5],[3,4,2,1,5]]","B"
"True","True","22","True","B_o089_r11014","2","[[3,4,1,2,5],[3,4,2,1,5]]","B"
"True","True","24","True","B_o089_r11015","2","[[4,3,1,2,5],[4,3,2,1,5]]","B"
"True","True","24","True","B_o089_r11016","2","[[4,3,1,2,5],[4,3,2,1,5]]","B"
"True","True","13","True","B_o089_r11017","1","[[2,3,4,1,5]]","B"
"True","True","16","True","B_o089_r11019","1","[[2,4,3,1,5]]","B"
"True","True","14","True","B_o089_r11023","1","[[3,2,4,1,5]]","B"
"True","True","18","True","B_o089_r11025","1","[[2,4,3,1,5]]","B"
"True","True","8","True","B_o090_r11041","2","[[1,2,3,4,5],[2,1,3,4,5]]","B"
"True","True","10","True","B_o090_r11042","2","[[1,2,3,4,5],[2,1,3,4,5]]","B"
"True","True","8","True","B_o090_r11043","2","[[1,2,4,3,5],[2,1,4,3,5]]","B"
"True","True","12","True","B_o090_r11044","6","[[1,2,3,4,5],[1,2,4,3,5],[1,2,5,3,4],[2,1,3,4,5],[2,1,4,3,5],[2,1,5,3,4]]","B"
"True","True","10","True","B_o090_r11045","2","[[1,2,4,3,5],[2,1,4,3,5]]","B"
"True","True","12","True","B_o090_r11046","6","[[1,2,3,4,5],[1,2,4,3,5],[1,2,5,3,4],[2,1,3,4,5],[2,1,4,3,5],[2,1,5,3,4]]","B"
"True","True","8","True","B_o090_r11047","1","[[1,3,2,4,5]]","B"
"True","True","10","True","B_o090_r11048","1","[[1,3,2,4,5]]","B"
"True","True","11","True","B_o090_r11049","1","[[1,4,2,3,5]]","B"
"True","True","19","True","B_o090_r11050","1","[[1,5,2,3,4]]","B"
"True","True","13","True","B_o090_r11051","1","[[1,4,2,3,5]]","B"
"True","True","19","True","B_o090_r11052","1","[[1,5,2,3,4]]","B"
"True","True","8","True","B_o090_r11053","1","[[1,3,4,2,5]]","B"
"True","True","12","True","B_o090_r11054","2","[[1,3,2,4,5],[1,3,4,2,5]]","B"
"True","True","11","True","B_o090_r11055","1","[[1,4,3,2,5]]","B"
"True","True","20","True","B_o090_r11056","6","[[1,2,3,4,5],[1,3,2,4,5],[1,3,4,2,5],[1,4,3,2,5],[1,5,2,3,4],[2,1,3,4,5]]","B"
"True","True","15","True","B_o090_r11057","2","[[1,4,2,3,5],[1,4,3,2,5]]","B"
"True","True","20","True","B_o090_r11058","6","[[1,2,4,3,5],[1,3,4,2,5],[1,4,2,3,5],[1,4,3,2,5],[1,5,2,3,4],[2,1,4,3,5]]","B"
"True","True","10","True","B_o090_r11059","1","[[1,3,4,2,5]]","B"
"True","True","13","True","B_o090_r11061","1","[[1,4,3,2,5]]","B"
"True","True","20","True","B_o090_r11062","5","[[1,2,3,4,5],[1,3,2,4,5],[1,3,4,2,5],[1,4,3,2,5],[2,1,3,4,5]]","B"
"True","True","20","True","B_o090_r11064","5","[[1,2,4,3,5],[1,3,4,2,5],[1,4,2,3,5],[1,4,3,2,5],[2,1,4,3,5]]","B"
"True","True","9","True","B_o090_r11071","1","[[3,1,2,4,5]]","B"
"True","True","11","True","B_o090_r11072","1","[[3,1,2,4,5]]","B"
"True","True","13","True","B_o090_r11073","1","[[1,4,2,3,5]]","B"
"True","True","21","True","B_o090_r11074","1","[[1,5,2,3,4]]","B"
"True","True","15","True","B_o090_r11075","1","[[1,4,2,3,5]]","B"
"True","True","21","True","B_o090_r11076","1","[[1,5,2,3,4]]","B"
"True","True","9","True","B_o090_r11077","1","[[3,1,4,2,5]]","B"
"True","True","13","True","B_o090_r11078","2","[[3,1,2,4,5],[3,1,4,2,5]]","B"
"True","True","13","True","B_o090_r11079","1","[[1,4,3,2,5]]","B"
"True","True","22","True","B_o090_r11080","8","[[1,2,3,4,5],[1,3,2,4,5],[1,3,4,2,5],[1,4,3,2,5],[1,5,2,3,4],[2,1,3,4,5],[3,1,2,4,5],[3,1,4,2,5]]","B"
"True","True","17","True","B_o090_r11081","2","[[1,4,2,3,5],[1,4,3,2,5]]","B"
"True","True","22","True","B_o090_r11082","7","[[1,2,4,3,5],[1,3,4,2,5],[1,4,2,3,5],[1,4,3,2,5],[1,5,2,3,4],[2,1,4,3,5],[3,1,4,2,5]]","B"
"True","True","11","True","B_o090_r11083","1","[[3,1,4,2,5]]","B"
"True","True","15","True","B_o090_r11085","1","[[1,4,3,2,5]]","B"
"True","True","22","True","B_o090_r11086","7","[[1,2,3,4,5],[1,3,2,4,5],[1,3,4,2,5],[1,4,3,2,5],[2,1,3,4,5],[3,1,2,4,5],[3,1,4,2,5]]","B"
"True","True","22","True","B_o090_r11088","6","[[1,2,4,3,5],[1,3,4,2,5],[1,4,2,3,5],[1,4,3,2,5],[2,1,4,3,5],[3,1,4,2,5]]","B"
"True","True","9","True","B_o090_r11089","1","[[2,3,1,4,5]]","B"
"True","True","11","True","B_o090_r11090","1","[[2,3,1,4,5]]","B"
"True","True","12","True","B_o090_r11091","1","[[2,4,1,3,5]]","B"
"True","True","14","True","B_o090_r11093","1","[[2,4,1,3,5]]","B"
"True","True","10","True","B_o090_r11095","1","[[3,2,1,4,5]]","B"
"True","True","12","True","B_o090_r11096","1","[[3,2,1,4,5]]","B"
"True","True","14","True","B_o090_r11097","1","[[2,4,1,3,5]]","B"
"True","True","16","True","B_o090_r11099","1","[[2,4,1,3,5]]","B"
"True","True","15","True","B_o090_r11101","1","[[3,4,1,2,5]]","B"
"True","True","21","True","B_o090_r11102","4","[[3,1,2,4,5],[3,1,4,2,5],[3,2,1,4,5],[3,4,1,2,5]]","B"
"True","True","16","True","B_o090_r11103","1","[[3,4,1,2,5]]","B"
"True","True","24","True","B_o090_r11105","4","[[4,1,2,3,5],[4,1,3,2,5],[4,2,1,3,5],[4,3,1,2,5]]","B"
"True","True","24","True","B_o090_r11106","4","[[4,1,2,3,5],[4,1,3,2,5],[4,2,1,3,5],[4,3,1,2,5]]","B"
"True","True","17","True","B_o090_r11107","1","[[3,4,1,2,5]]","B"
"True","True","18","True","B_o090_r11109","1","[[3,4,1,2,5]]","B"
"True","True","9","True","B_o090_r11113","1","[[2,3,4,1,5]]","B"
"True","True","13","True","B_o090_r11114","2","[[2,3,1,4,5],[2,3,4,1,5]]","B"
"True","True","12","True","B_o090_r11115","1","[[2,4,3,1,5]]","B"
"True","True","16","True","B_o090_r11117","2","[[2,4,1,3,5],[2,4,3,1,5]]","B"
"True","True","10","True","B_o090_r11119","1","[[3,2,4,1,5]]","B"
"True","True","14","True","B_o090_r11120","2","[[3,2,1,4,5],[3,2,4,1,5]]","B"
"True","True","14","True","B_o090_r11121","1","[[2,4,3,1,5]]","B"
"True","True","18","True","B_o090_r11123","2","[[2,4,1,3,5],[2,4,3,1,5]]","B"
"True","True","15","True","B_o090_r11125","1","[[3,4,2,1,5]]","B"
"True","True","16","True","B_o090_r11127","1","[[3,4,2,1,5]]","B"
"True","True","19","True","B_o090_r11131","2","[[3,4,1,2,5],[3,4,2,1,5]]","B"
"True","True","20","True","B_o090_r11133","2","[[3,4,1,2,5],[3,4,2,1,5]]","B"
"True","True","11","True","B_o090_r11137","1","[[2,3,4,1,5]]","B"
"True","True","14","True","B_o090_r11139","1","[[2,4,3,1,5]]","B"
"True","True","12","True","B_o090_r11143","1","[[3,2,4,1,5]]","B"
"True","True","16","True","B_o090_r11145","1","[[2,4,3,1,5]]","B"
"True","True","17","True","B_o090_r11149","1","[[3,4,2,1,5]]","B"
"True","True","18","True","B_o090_r11151","1","[[3,4,2,1,5]]","B"
"True","True","15","True","B_o091_r11161","3","[[1,2,3,4,5],[1,3,2,4,5],[2,1,3,4,5]]","B"
"True","True","15","True","B_o091_r11162","3","[[1,2,3,4,5],[1,3,2,4,5],[2,1,3,4,5]]","B"
"True","True","16","True","B_o091_r11163","2","[[1,2,4,3,5],[2,1,4,3,5]]","B"
"True","True","17","True","B_o091_r11164","3","[[1,2,3,4,5],[1,3,2,4,5],[2,1,3,4,5]]","B"
"True","True","16","True","B_o091_r11165","2","[[1,2,4,3,5],[2,1,4,3,5]]","B"
"True","True","17","True","B_o091_r11166","2","[[1,2,4,3,5],[2,1,4,3,5]]","B"
"True","True","17","True","B_o091_r11169","1","[[1,4,2,3,5]]","B"
"True","True","19","True","B_o091_r11170","3","[[1,2,3,4,5],[1,3,2,4,5],[2,1,3,4,5]]","B"
"True","True","17","True","B_o091_r11171","1","[[1,4,2,3,5]]","B"
"True","True","19","True","B_o091_r11172","2","[[1,2,4,3,5],[2,1,4,3,5]]","B"
"True","True","18","True","B_o091_r11175","1","[[1,4,2,3,5]]","B"
"True","True","18","True","B_o091_r11177","1","[[1,4,2,3,5]]","B"
"True","True","19","True","B_o091_r11178","1","[[1,4,2,3,5]]","B"
"True","True","18","True","B_o091_r11179","1","[[1,3,4,2,5]]","B"
"True","True","18","True","B_o091_r11180","1","[[1,3,4,2,5]]","B"
"True","True","19","True","B_o091_r11181","1","[[1,4,3,2,5]]","B"
"True","True","20","True","B_o091_r11182","1","[[1,3,4,2,5]]","B"
"True","True","19","True","B_o091_r11183","1","[[1,4,3,2,5]]","B"
"True","True","20","True","B_o091_r11184","1","[[1,4,3,2,5]]","B"
"True","True","16","True","B_o091_r11191","2","[[3,1,2,4,5],[3,2,1,4,5]]","B"
"True","True","16","True","B_o091_r11192","2","[[3,1,2,4,5],[3,2,1,4,5]]","B"
"True","True","21","True","B_o091_r11193","2","[[1,4,2,3,5],[4,1,2,3,5]]","B"
"True","True","23","True","B_o091_r11194","6","[[1,2,3,4,5],[1,3,2,4,5],[2,1,3,4,5],[2,3,1,4,5],[3,1,2,4,5],[3,2,1,4,5]]","B"
"True","True","21","True","B_o091_r11195","2","[[1,4,2,3,5],[4,1,2,3,5]]","B"
"True","True","23","True","B_o091_r11196","2","[[1,2,4,3,5],[2,1,4,3,5]]","B"
"True","True","18","True","B_o091_r11197","2","[[3,1,2,4,5],[3,2,1,4,5]]","B"
"True","True","18","True","B_o091_r11198","2","[[3,1,2,4,5],[3,2,1,4,5]]","B"
"True","True","22","True","B_o091_r11199","2","[[1,4,2,3,5],[4,1,2,3,5]]","B"
"True","True","22","True","B_o091_r11201","2","[[1,4,2,3,5],[4,1,2,3,5]]","B"
"True","True","23","True","B_o091_r11202","1","[[1,4,2,3,5]]","B"
"True","True","19","True","B_o091_r11203","1","[[3,1,4,2,5]]","B"
"True","True","19","True","B_o091_r11204","1","[[3,1,4,2,5]]","B"
"True","True","23","True","B_o091_r11205","2","[[1,4,3,2,5],[4,1,3,2,5]]","B"
"True","True","24","True","B_o091_r11206","2","[[1,3,4,2,5],[3,1,4,2,5]]","B"
"True","True","23","True","B_o091_r11207","2","[[1,4,3,2,5],[4,1,3,2,5]]","B"
"True","True","24","True","B_o091_r11208","1","[[1,4,3,2,5]]","B"
"True","True","20","True","B_o091_r11221","2","[[3,1,2,4,5],[3,2,1,4,5]]","B"
"True","True","20","True","B_o091_r11222","2","[[3,1,2,4,5],[3,2,1,4,5]]","B"
"True","True","23","True","B_o091_r11225","1","[[4,1,2,3,5]]","B"
"True","True","23","True","B_o091_r11226","1","[[4,1,2,3,5]]","B"
"True","True","21","True","B_o091_r11227","1","[[3,1,4,2,5]]","B"
"True","True","21","True","B_o091_r11228","1","[[3,1,4,2,5]]","B"
"True","True","24","True","B_o091_r11231","1","[[4,1,3,2,5]]","B"
"True","True","24","True","B_o091_r11232","1","[[4,1,3,2,5]]","B"
"True","True","19","True","B_o091_r11237","1","[[2,4,1,3,5]]","B"
"True","True","19","True","B_o091_r11238","1","[[2,4,1,3,5]]","B"
"True","True","23","True","B_o091_r11243","2","[[2,4,1,3,5],[4,2,1,3,5]]","B"
"True","True","23","True","B_o091_r11244","1","[[2,4,1,3,5]]","B"
"True","True","23","True","B_o091_r11249","1","[[4,2,1,3,5]]","B"
"True","True","23","True","B_o091_r11250","1","[[4,2,1,3,5]]","B"
"True","True","13","True","B_o092_r11281","3","[[1,2,3,4,5],[1,3,2,4,5],[2,1,3,4,5]]","B"
"True","True","14","True","B_o092_r11282","3","[[1,2,3,4,5],[1,3,2,4,5],[2,1,3,4,5]]","B"
"True","True","14","True","B_o092_r11283","2","[[1,2,4,3,5],[2,1,4,3,5]]","B"
"True","True","16","True","B_o092_r11284","3","[[1,2,3,4,5],[1,3,2,4,5],[2,1,3,4,5]]","B"
"True","True","15","True","B_o092_r11285","2","[[1,2,4,3,5],[2,1,4,3,5]]","B"
"True","True","16","True","B_o092_r11286","2","[[1,2,4,3,5],[2,1,4,3,5]]","B"
"True","True","15","True","B_o092_r11289","1","[[1,4,2,3,5]]","B"
"True","True","18","True","B_o092_r11290","3","[[1,2,3,4,5],[1,3,2,4,5],[2,1,3,4,5]]","B"
"True","True","16","True","B_o092_r11291","1","[[1,4,2,3,5]]","B"
"True","True","18","True","B_o092_r11292","2","[[1,2,4,3,5],[2,1,4,3,5]]","B"
"True","True","16","True","B_o092_r11295","1","[[1,4,2,3,5]]","B"
"True","True","17","True","B_o092_r11297","1","[[1,4,2,3,5]]","B"
"True","True","18","True","B_o092_r11298","1","[[1,4,2,3,5]]","B"
"True","True","17","True","B_o092_r11299","1","[[1,3,4,2,5]]","B"
"True","True","17","True","B_o092_r11300","1","[[1,3,4,2,5]]","B"
"True","True","18","True","B_o092_r11301","1","[[1,4,3,2,5]]","B"
"True","True","19","True","B_o092_r11302","1","[[1,3,4,2,5]]","B"
"True","True","18","True","B_o092_r11303","1","[[1,4,3,2,5]]","B"
"True","True","19","True","B_o092_r11304","1","[[1,4,3,2,5]]","B"
"True","True","14","True","B_o092_r11311","2","[[3,1,2,4,5],[3,2,1,4,5]]","B"
"True","True","15","True","B_o092_r11312","2","[[3,1,2,4,5],[3,2,1,4,5]]","B"
"True","True","19","True","B_o092_r11313","2","[[1,4,2,3,5],[4,1,2,3,5]]","B"
"True","True","22","True","B_o092_r11314","6","[[1,2,3,4,5],[1,3,2,4,5],[2,1,3,4,5],[2,3,1,4,5],[3,1,2,4,5],[3,2,1,4,5]]","B"
"True","True","20","True","B_o092_r11315","2","[[1,4,2,3,5],[4,1,2,3,5]]","B"
"True","True","22","True","B_o092_r11316","2","[[1,2,4,3,5],[2,1,4,3,5]]","B"
"True","True","16","True","B_o092_r11317","2","[[3,1,2,4,5],[3,2,1,4,5]]","B"
"True","True","17","True","B_o092_r11318","2","[[3,1,2,4,5],[3,2,1,4,5]]","B"
"True","True","20","True","B_o092_r11319","2","[[1,4,2,3,5],[4,1,2,3,5]]","B"
"True","True","21","True","B_o092_r11321","2","[[1,4,2,3,5],[4,1,2,3,5]]","B"
"True","True","22","True","B_o092_r11322","1","[[1,4,2,3,5]]","B"
"True","True","18","True","B_o092_r11323","1","[[3,1,4,2,5]]","B"
"True","True","18","True","B_o092_r11324","1","[[3,1,4,2,5]]","B"
"True","True","22","True","B_o092_r11325","2","[[1,4,3,2,5],[4,1,3,2,5]]","B"
"True","True","23","True","B_o092_r11326","2","[[1,3,4,2,5],[3,1,4,2,5]]","B"
"True","True","22","True","B_o092_r11327","2","[[1,4,3,2,5],[4,1,3,2,5]]","B"
"True","True","23","True","B_o092_r11328","1","[[1,4,3,2,5]]","B"
"True","True","18","True","B_o092_r11341","2","[[3,1,2,4,5],[3,2,1,4,5]]","B"
"True","True","19","True","B_o092_r11342","2","[[3,1,2,4,5],[3,2,1,4,5]]","B"
"True","True","22","True","B_o092_r11345","1","[[4,1,2,3,5]]","B"
"True","True","22","True","B_o092_r11346","1","[[4,1,2,3,5]]","B"
"True","True","20","True","B_o092_r11347","1","[[3,1,4,2,5]]","B"
"True","True","20","True","B_o092_r11348","1","[[3,1,4,2,5]]","B"
"True","True","23","True","B_o092_r11351","1","[[4,1,3,2,5]]","B"
"True","True","23","True","B_o092_r11352","1","[[4,1,3,2,5]]","B"
"True","True","18","True","B_o092_r11357","1","[[2,4,1,3,5]]","B"
"True","True","18","True","B_o092_r11358","1","[[2,4,1,3,5]]","B"
"True","True","22","True","B_o092_r11363","2","[[2,4,1,3,5],[4,2,1,3,5]]","B"
"True","True","22","True","B_o092_r11364","1","[[2,4,1,3,5]]","B"
"True","True","22","True","B_o092_r11369","1","[[4,2,1,3,5]]","B"
"True","True","22","True","B_o092_r11370","1","[[4,2,1,3,5]]","B"
"True","True","18","True","B_o092_r11377","1","[[2,3,4,1,5]]","B"
"True","True","18","True","B_o092_r11378","1","[[2,3,4,1,5]]","B"
"True","True","20","True","B_o092_r11380","1","[[2,3,4,1,5]]","B"
"True","True","20","True","B_o092_r11381","1","[[2,4,3,1,5]]","B"
"True","True","20","True","B_o092_r11382","1","[[2,4,3,1,5]]","B"
"True","True","19","True","B_o092_r11383","1","[[3,2,4,1,5]]","B"
"True","True","19","True","B_o092_r11384","1","[[3,2,4,1,5]]","B"
"True","True","24","True","B_o092_r11386","2","[[2,3,4,1,5],[3,2,4,1,5]]","B"
"True","True","24","True","B_o092_r11387","2","[[2,4,3,1,5],[4,2,3,1,5]]","B"
"True","True","24","True","B_o092_r11388","1","[[2,4,3,1,5]]","B"
"True","True","21","True","B_o092_r11389","1","[[3,2,4,1,5]]","B"
"True","True","21","True","B_o092_r11390","1","[[3,2,4,1,5]]","B"
"True","True","24","True","B_o092_r11393","1","[[4,2,3,1,5]]","B"
"True","True","24","True","B_o092_r11394","1","[[4,2,3,1,5]]","B"
"True","True","11","True","B_o093_r11401","3","[[1,2,3,4,5],[1,3,2,4,5],[2,1,3,4,5]]","B"
"True","True","14","True","B_o093_r11402","3","[[1,2,3,4,5],[1,3,2,4,5],[2,1,3,4,5]]","B"
"True","True","12","True","B_o093_r11403","2","[[1,2,4,3,5],[2,1,4,3,5]]","B"
"True","True","16","True","B_o093_r11404","3","[[1,2,3,4,5],[1,3,2,4,5],[2,1,3,4,5]]","B"
"True","True","15","True","B_o093_r11405","2","[[1,2,4,3,5],[2,1,4,3,5]]","B"
"True","True","16","True","B_o093_r11406","2","[[1,2,4,3,5],[2,1,4,3,5]]","B"
"True","True","13","True","B_o093_r11409","1","[[1,4,2,3,5]]","B"
"True","True","18","True","B_o093_r11410","3","[[1,2,3,4,5],[1,3,2,4,5],[2,1,3,4,5]]","B"
"True","True","16","True","B_o093_r11411","1","[[1,4,2,3,5]]","B"
"True","True","18","True","B_o093_r11412","2","[[1,2,4,3,5],[2,1,4,3,5]]","B"
"True","True","14","True","B_o093_r11415","1","[[1,4,2,3,5]]","B"
"True","True","17","True","B_o093_r11417","1","[[1,4,2,3,5]]","B"
"True","True","18","True","B_o093_r11418","1","[[1,4,2,3,5]]","B"
"True","True","17","True","B_o093_r11419","1","[[1,3,4,2,5]]","B"
"True","True","17","True","B_o093_r11420","1","[[1,3,4,2,5]]","B"
"True","True","18","True","B_o093_r11421","1","[[1,4,3,2,5]]","B"
"True","True","19","True","B_o093_r11422","1","[[1,3,4,2,5]]","B"
"True","True","18","True","B_o093_r11423","1","[[1,4,3,2,5]]","B"
"True","True","19","True","B_o093_r11424","1","[[1,4,3,2,5]]","B"
"True","True","12","True","B_o093_r11431","2","[[3,1,2,4,5],[3,2,1,4,5]]","B"
"True","True","15","True","B_o093_r11432","2","[[3,1,2,4,5],[3,2,1,4,5]]","B"
"True","True","17","True","B_o093_r11433","2","[[1,4,2,3,5],[4,1,2,3,5]]","B"
"True","True","22","True","B_o093_r11434","6","[[1,2,3,4,5],[1,3,2,4,5],[2,1,3,4,5],[2,3,1,4,5],[3,1,2,4,5],[3,2,1,4,5]]","B"
"True","True","20","True","B_o093_r11435","2","[[1,4,2,3,5],[4,1,2,3,5]]","B"
"True","True","22","True","B_o093_r11436","2","[[1,2,4,3,5],[2,1,4,3,5]]","B"
"True","True","14","True","B_o093_r11437","2","[[3,1,2,4,5],[3,2,1,4,5]]","B"
"True","True","17","True","B_o093_r11438","2","[[3,1,2,4,5],[3,2,1,4,5]]","B"
"True","True","18","True","B_o093_r11439","2","[[1,4,2,3,5],[4,1,2,3,5]]","B"
"True","True","21","True","B_o093_r11441","2","[[1,4,2,3,5],[4,1,2,3,5]]","B"
"True","True","22","True","B_o093_r11442","1","[[1,4,2,3,5]]","B"
"True","True","18","True","B_o093_r11443","1","[[3,1,4,2,5]]","B"
"True","True","18","True","B_o093_r11444","1","[[3,1,4,2,5]]","B"
"True","True","22","True","B_o093_r11445","2","[[1,4,3,2,5],[4,1,3,2,5]]","B"
"True","True","23","True","B_o093_r11446","2","[[1,3,4,2,5],[3,1,4,2,5]]","B"
"True","True","22","True","B_o093_r11447","2","[[1,4,3,2,5],[4,1,3,2,5]]","B"
"True","True","23","True","B_o093_r11448","1","[[1,4,3,2,5]]","B"
"True","True","16","True","B_o093_r11461","2","[[3,1,2,4,5],[3,2,1,4,5]]","B"
"True","True","19","True","B_o093_r11462","2","[[3,1,2,4,5],[3,2,1,4,5]]","B"
"True","True","22","True","B_o093_r11465","1","[[4,1,2,3,5]]","B"
"True","True","22","True","B_o093_r11466","1","[[4,1,2,3,5]]","B"
"True","True","20","True","B_o093_r11467","1","[[3,1,4,2,5]]","B"
"True","True","20","True","B_o093_r11468","1","[[3,1,4,2,5]]","B"
"True","True","23","True","B_o093_r11471","1","[[4,1,3,2,5]]","B"
"True","True","23","True","B_o093_r11472","1","[[4,1,3,2,5]]","B"
"True","True","18","True","B_o093_r11477","1","[[2,4,1,3,5]]","B"
"True","True","18","True","B_o093_r11478","1","[[2,4,1,3,5]]","B"
"True","True","22","True","B_o093_r11483","2","[[2,4,1,3,5],[4,2,1,3,5]]","B"
"True","True","22","True","B_o093_r11484","1","[[2,4,1,3,5]]","B"
"True","True","22","True","B_o093_r11489","1","[[4,2,1,3,5]]","B"
"True","True","22","True","B_o093_r11490","1","[[4,2,1,3,5]]","B"
"True","True","18","True","B_o093_r11497","1","[[2,3,4,1,5]]","B"
"True","True","18","True","B_o093_r11498","1","[[2,3,4,1,5]]","B"
"True","True","20","True","B_o093_r11500","1","[[2,3,4,1,5]]","B"
"True","True","20","True","B_o093_r11501","1","[[2,4,3,1,5]]","B"
"True","True","20","True","B_o093_r11502","1","[[2,4,3,1,5]]","B"
"True","True","19","True","B_o093_r11503","1","[[3,2,4,1,5]]","B"
"True","True","19","True","B_o093_r11504","1","[[3,2,4,1,5]]","B"
"True","True","24","True","B_o093_r11506","2","[[2,3,4,1,5],[3,2,4,1,5]]","B"
"True","True","24","True","B_o093_r11507","2","[[2,4,3,1,5],[4,2,3,1,5]]","B"
"True","True","24","True","B_o093_r11508","1","[[2,4,3,1,5]]","B"
"True","True","21","True","B_o093_r11509","1","[[3,2,4,1,5]]","B"
"True","True","21","True","B_o093_r11510","1","[[3,2,4,1,5]]","B"
"True","True","24","True","B_o093_r11513","1","[[4,2,3,1,5]]","B"
"True","True","24","True","B_o093_r11514","1","[[4,2,3,1,5]]","B"
"True","True","11","True","B_o094_r11521","3","[[1,2,3,4,5],[1,3,2,4,5],[2,1,3,4,5]]","B"
"True","True","12","True","B_o094_r11522","3","[[1,2,3,4,5],[1,3,2,4,5],[2,1,3,4,5]]","B"
"True","True","12","True","B_o094_r11523","2","[[1,2,4,3,5],[2,1,4,3,5]]","B"
"True","True","16","True","B_o094_r11524","3","[[1,2,3,4,5],[1,3,2,4,5],[2,1,3,4,5]]","B"
"True","True","13","True","B_o094_r11525","2","[[1,2,4,3,5],[2,1,4,3,5]]","B"
"True","True","16","True","B_o094_r11526","2","[[1,2,4,3,5],[2,1,4,3,5]]","B"
"True","True","13","True","B_o094_r11529","1","[[1,4,2,3,5]]","B"
"True","True","18","True","B_o094_r11530","3","[[1,2,3,4,5],[1,3,2,4,5],[2,1,3,4,5]]","B"
"True","True","14","True","B_o094_r11531","1","[[1,4,2,3,5]]","B"
"True","True","18","True","B_o094_r11532","2","[[1,2,4,3,5],[2,1,4,3,5]]","B"
"True","True","14","True","B_o094_r11533","1","[[1,3,4,2,5]]","B"
"True","True","15","True","B_o094_r11535","1","[[1,4,3,2,5]]","B"
"True","True","17","True","B_o094_r11537","1","[[1,4,2,3,5]]","B"
"True","True","18","True","B_o094_r11538","1","[[1,4,2,3,5]]","B"
"True","True","15","True","B_o094_r11539","1","[[1,3,4,2,5]]","B"
"True","True","16","True","B_o094_r11540","1","[[1,3,4,2,5]]","B"
"True","True","16","True","B_o094_r11541","1","[[1,4,3,2,5]]","B"
"True","True","18","True","B_o094_r11542","1","[[1,3,4,2,5]]","B"
"True","True","17","True","B_o094_r11543","1","[[1,4,3,2,5]]","B"
"True","True","18","True","B_o094_r11544","1","[[1,4,3,2,5]]","B"
"True","True","12","True","B_o094_r11551","2","[[3,1,2,4,5],[3,2,1,4,5]]","B"
"True","True","13","True","B_o094_r11552","2","[[3,1,2,4,5],[3,2,1,4,5]]","B"
"True","True","17","True","B_o094_r11553","2","[[1,4,2,3,5],[4,1,2,3,5]]","B"
"True","True","22","True","B_o094_r11554","6","[[1,2,3,4,5],[1,3,2,4,5],[2,1,3,4,5],[2,3,1,4,5],[3,1,2,4,5],[3,2,1,4,5]]","B"
"True","True","18","True","B_o094_r11555","2","[[1,4,2,3,5],[4,1,2,3,5]]","B"
"True","True","22","True","B_o094_r11556","2","[[1,2,4,3,5],[2,1,4,3,5]]","B"
"True","True","15","True","B_o094_r11557","1","[[3,1,4,2,5]]","B"
"True","True","17","True","B_o094_r11558","2","[[3,1,2,4,5],[3,2,1,4,5]]","B"
"True","True","19","True","B_o094_r11559","2","[[1,4,3,2,5],[4,1,3,2,5]]","B"
"True","True","21","True","B_o094_r11561","2","[[1,4,2,3,5],[4,1,2,3,5]]","B"
"True","True","22","True","B_o094_r11562","1","[[1,4,2,3,5]]","B"
"True","True","16","True","B_o094_r11563","1","[[3,1,4,2,5]]","B"
"True","True","17","True","B_o094_r11564","1","[[3,1,4,2,5]]","B"
"True","True","20","True","B_o094_r11565","2","[[1,4,3,2,5],[4,1,3,2,5]]","B"
"True","True","22","True","B_o094_r11566","2","[[1,3,4,2,5],[3,1,4,2,5]]","B"
"True","True","21","True","B_o094_r11567","2","[[1,4,3,2,5],[4,1,3,2,5]]","B"
"True","True","22","True","B_o094_r11568","1","[[1,4,3,2,5]]","B"
"True","True","17","True","B_o094_r11581","1","[[3,1,4,2,5]]","B"
"True","True","19","True","B_o094_r11582","2","[[3,1,2,4,5],[3,2,1,4,5]]","B"
"True","True","22","True","B_o094_r11585","1","[[4,1,2,3,5]]","B"
"True","True","22","True","B_o094_r11586","1","[[4,1,2,3,5]]","B"
"True","True","18","True","B_o094_r11587","1","[[3,1,4,2,5]]","B"
"True","True","19","True","B_o094_r11588","1","[[3,1,4,2,5]]","B"
"True","True","22","True","B_o094_r11591","1","[[4,1,3,2,5]]","B"
"True","True","22","True","B_o094_r11592","1","[[4,1,3,2,5]]","B"
"True","True","18","True","B_o094_r11597","1","[[2,4,1,3,5]]","B"
"True","True","18","True","B_o094_r11598","1","[[2,4,1,3,5]]","B"
"True","True","22","True","B_o094_r11603","2","[[2,4,1,3,5],[4,2,1,3,5]]","B"
"True","True","22","True","B_o094_r11604","1","[[2,4,1,3,5]]","B"
"True","True","22","True","B_o094_r11609","1","[[4,2,1,3,5]]","B"
"True","True","22","True","B_o094_r11610","1","[[4,2,1,3,5]]","B"
"True","True","21","True","B_o094_r11611","1","[[3,4,1,2,5]]","B"
"True","True","21","True","B_o094_r11612","1","[[3,4,1,2,5]]","B"
"True","True","24","True","B_o094_r11613","2","[[3,4,1,2,5],[4,3,1,2,5]]","B"
"True","True","24","True","B_o094_r11614","1","[[3,4,1,2,5]]","B"
"True","True","24","True","B_o094_r11615","1","[[4,3,1,2,5]]","B"
"True","True","24","True","B_o094_r11616","1","[[4,3,1,2,5]]","B"
"True","True","16","True","B_o094_r11617","1","[[2,3,4,1,5]]","B"
"True","True","16","True","B_o094_r11618","1","[[2,3,4,1,5]]","B"
"True","True","18","True","B_o094_r11620","1","[[2,3,4,1,5]]","B"
"True","True","18","True","B_o094_r11621","1","[[2,4,3,1,5]]","B"
"True","True","18","True","B_o094_r11622","1","[[2,4,3,1,5]]","B"
"True","True","17","True","B_o094_r11623","1","[[3,2,4,1,5]]","B"
"True","True","17","True","B_o094_r11624","1","[[3,2,4,1,5]]","B"
"True","True","22","True","B_o094_r11626","2","[[2,3,4,1,5],[3,2,4,1,5]]","B"
"True","True","22","True","B_o094_r11627","2","[[2,4,3,1,5],[4,2,3,1,5]]","B"
"True","True","22","True","B_o094_r11628","1","[[2,4,3,1,5]]","B"
"True","True","19","True","B_o094_r11629","1","[[3,2,4,1,5]]","B"
"True","True","19","True","B_o094_r11630","1","[[3,2,4,1,5]]","B"
"True","True","22","True","B_o094_r11633","1","[[4,2,3,1,5]]","B"
"True","True","22","True","B_o094_r11634","1","[[4,2,3,1,5]]","B"
"True","True","21","True","B_o094_r11635","1","[[3,4,2,1,5]]","B"
"True","True","21","True","B_o094_r11636","1","[[3,4,2,1,5]]","B"
"True","True","24","True","B_o094_r11637","2","[[3,4,2,1,5],[4,3,2,1,5]]","B"
"True","True","24","True","B_o094_r11638","1","[[3,4,2,1,5]]","B"
"True","True","24","True","B_o094_r11639","1","[[4,3,2,1,5]]","B"
"True","True","24","True","B_o094_r11640","1","[[4,3,2,1,5]]","B"
"True","True","9","True","B_o095_r11641","3","[[1,2,3,4,5],[1,3,2,4,5],[2,1,3,4,5]]","B"
"True","True","12","True","B_o095_r11642","3","[[1,2,3,4,5],[1,3,2,4,5],[2,1,3,4,5]]","B"
"True","True","10","True","B_o095_r11643","2","[[1,2,4,3,5],[2,1,4,3,5]]","B"
"True","True","16","True","B_o095_r11644","3","[[1,2,3,4,5],[1,3,2,4,5],[2,1,3,4,5]]","B"
"True","True","13","True","B_o095_r11645","2","[[1,2,4,3,5],[2,1,4,3,5]]","B"
"True","True","16","True","B_o095_r11646","2","[[1,2,4,3,5],[2,1,4,3,5]]","B"
"True","True","11","True","B_o095_r11649","1","[[1,4,2,3,5]]","B"
"True","True","18","True","B_o095_r11650","3","[[1,2,3,4,5],[1,3,2,4,5],[2,1,3,4,5]]","B"
"True","True","14","True","B_o095_r11651","1","[[1,4,2,3,5]]","B"
"True","True","18","True","B_o095_r11652","2","[[1,2,4,3,5],[2,1,4,3,5]]","B"
"True","True","12","True","B_o095_r11653","1","[[1,3,4,2,5]]","B"
"True","True","13","True","B_o095_r11655","1","[[1,4,3,2,5]]","B"
"True","True","17","True","B_o095_r11657","1","[[1,4,2,3,5]]","B"
"True","True","18","True","B_o095_r11658","1","[[1,4,2,3,5]]","B"
"True","True","15","True","B_o095_r11659","1","[[1,3,4,2,5]]","B"
"True","True","16","True","B_o095_r11660","1","[[1,3,4,2,5]]","B"
"True","True","16","True","B_o095_r11661","1","[[1,4,3,2,5]]","B"
"True","True","18","True","B_o095_r11662","1","[[1,3,4,2,5]]","B"
"True","True","17","True","B_o095_r11663","1","[[1,4,3,2,5]]","B"
"True","True","18","True","B_o095_r11664","1","[[1,4,3,2,5]]","B"
"True","True","10","True","B_o095_r11671","2","[[3,1,2,4,5],[3,2,1,4,5]]","B"
"True","True","13","True","B_o095_r11672","2","[[3,1,2,4,5],[3,2,1,4,5]]","B"
"True","True","15","True","B_o095_r11673","2","[[1,4,2,3,5],[4,1,2,3,5]]","B"
"True","True","22","True","B_o095_r11674","6","[[1,2,3,4,5],[1,3,2,4,5],[2,1,3,4,5],[2,3,1,4,5],[3,1,2,4,5],[3,2,1,4,5]]","B"
"True","True","18","True","B_o095_r11675","2","[[1,4,2,3,5],[4,1,2,3,5]]","B"
"True","True","22","True","B_o095_r11676","2","[[1,2,4,3,5],[2,1,4,3,5]]","B"
"True","True","13","True","B_o095_r11677","1","[[3,1,4,2,5]]","B"
"True","True","17","True","B_o095_r11678","2","[[3,1,2,4,5],[3,2,1,4,5]]","B"
"True","True","17","True","B_o095_r11679","2","[[1,4,3,2,5],[4,1,3,2,5]]","B"
"True","True","21","True","B_o095_r11681","2","[[1,4,2,3,5],[4,1,2,3,5]]","B"
"True","True","22","True","B_o095_r11682","1","[[1,4,2,3,5]]","B"
"True","True","16","True","B_o095_r11683","1","[[3,1,4,2,5]]","B"
"True","True","17","True","B_o095_r11684","1","[[3,1,4,2,5]]","B"
"True","True","20","True","B_o095_r11685","2","[[1,4,3,2,5],[4,1,3,2,5]]","B"
"True","True","22","True","B_o095_r11686","2","[[1,3,4,2,5],[3,1,4,2,5]]","B"
"True","True","21","True","B_o095_r11687","2","[[1,4,3,2,5],[4,1,3,2,5]]","B"
"True","True","22","True","B_o095_r11688","1","[[1,4,3,2,5]]","B"
"True","True","15","True","B_o095_r11701","1","[[3,1,4,2,5]]","B"
"True","True","19","True","B_o095_r11702","2","[[3,1,2,4,5],[3,2,1,4,5]]","B"
"True","True","22","True","B_o095_r11705","1","[[4,1,2,3,5]]","B"
"True","True","22","True","B_o095_r11706","1","[[4,1,2,3,5]]","B"
"True","True","18","True","B_o095_r11707","1","[[3,1,4,2,5]]","B"
"True","True","19","True","B_o095_r11708","1","[[3,1,4,2,5]]","B"
"True","True","22","True","B_o095_r11711","1","[[4,1,3,2,5]]","B"
"True","True","22","True","B_o095_r11712","1","[[4,1,3,2,5]]","B"
"True","True","18","True","B_o095_r11717","1","[[2,4,1,3,5]]","B"
"True","True","18","True","B_o095_r11718","1","[[2,4,1,3,5]]","B"
"True","True","22","True","B_o095_r11723","2","[[2,4,1,3,5],[4,2,1,3,5]]","B"
"True","True","22","True","B_o095_r11724","1","[[2,4,1,3,5]]","B"
"True","True","22","True","B_o095_r11729","1","[[4,2,1,3,5]]","B"
"True","True","22","True","B_o095_r11730","1","[[4,2,1,3,5]]","B"
"True","True","21","True","B_o095_r11731","1","[[3,4,1,2,5]]","B"
"True","True","21","True","B_o095_r11732","1","[[3,4,1,2,5]]","B"
"True","True","24","True","B_o095_r11733","2","[[3,4,1,2,5],[4,3,1,2,5]]","B"
"True","True","24","True","B_o095_r11734","1","[[3,4,1,2,5]]","B"
"True","True","24","True","B_o095_r11735","1","[[4,3,1,2,5]]","B"
"True","True","24","True","B_o095_r11736","1","[[4,3,1,2,5]]","B"
"True","True","16","True","B_o095_r11737","1","[[2,3,4,1,5]]","B"
"True","True","16","True","B_o095_r11738","1","[[2,3,4,1,5]]","B"
"True","True","18","True","B_o095_r11740","1","[[2,3,4,1,5]]","B"
"True","True","18","True","B_o095_r11741","1","[[2,4,3,1,5]]","B"
"True","True","18","True","B_o095_r11742","1","[[2,4,3,1,5]]","B"
"True","True","17","True","B_o095_r11743","1","[[3,2,4,1,5]]","B"
"True","True","17","True","B_o095_r11744","1","[[3,2,4,1,5]]","B"
"True","True","22","True","B_o095_r11746","2","[[2,3,4,1,5],[3,2,4,1,5]]","B"
"True","True","22","True","B_o095_r11747","2","[[2,4,3,1,5],[4,2,3,1,5]]","B"
"True","True","22","True","B_o095_r11748","1","[[2,4,3,1,5]]","B"
"True","True","19","True","B_o095_r11749","1","[[3,2,4,1,5]]","B"
"True","True","19","True","B_o095_r11750","1","[[3,2,4,1,5]]","B"
"True","True","22","True","B_o095_r11753","1","[[4,2,3,1,5]]","B"
"True","True","22","True","B_o095_r11754","1","[[4,2,3,1,5]]","B"
"True","True","21","True","B_o095_r11755","1","[[3,4,2,1,5]]","B"
"True","True","21","True","B_o095_r11756","1","[[3,4,2,1,5]]","B"
"True","True","24","True","B_o095_r11757","2","[[3,4,2,1,5],[4,3,2,1,5]]","B"
"True","True","24","True","B_o095_r11758","1","[[3,4,2,1,5]]","B"
"True","True","24","True","B_o095_r11759","1","[[4,3,2,1,5]]","B"
"True","True","24","True","B_o095_r11760","1","[[4,3,2,1,5]]","B"
"True","True","8","True","B_o096_r11761","3","[[1,2,3,4,5],[1,3,2,4,5],[2,1,3,4,5]]","B"
"True","True","10","True","B_o096_r11762","3","[[1,2,3,4,5],[1,3,2,4,5],[2,1,3,4,5]]","B"
"True","True","9","True","B_o096_r11763","2","[[1,2,4,3,5],[2,1,4,3,5]]","B"
"True","True","16","True","B_o096_r11764","7","[[1,2,3,4,5],[1,2,4,3,5],[1,2,5,3,4],[1,3,2,4,5],[2,1,3,4,5],[2,1,4,3,5],[2,1,5,3,4]]","B"
"True","True","11","True","B_o096_r11765","2","[[1,2,4,3,5],[2,1,4,3,5]]","B"
"True","True","16","True","B_o096_r11766","7","[[1,2,3,4,5],[1,2,4,3,5],[1,2,5,3,4],[1,3,2,4,5],[2,1,3,4,5],[2,1,4,3,5],[2,1,5,3,4]]","B"
"True","True","10","True","B_o096_r11769","1","[[1,4,2,3,5]]","B"
"True","True","18","True","B_o096_r11770","7","[[1,2,3,4,5],[1,2,4,3,5],[1,2,5,3,4],[1,3,2,4,5],[2,1,3,4,5],[2,1,4,3,5],[2,1,5,3,4]]","B"
"True","True","12","True","B_o096_r11771","1","[[1,4,2,3,5]]","B"
"True","True","18","True","B_o096_r11772","7","[[1,2,3,4,5],[1,2,4,3,5],[1,2,5,3,4],[1,3,2,4,5],[2,1,3,4,5],[2,1,4,3,5],[2,1,5,3,4]]","B"
"True","True","11","True","B_o096_r11773","1","[[1,3,4,2,5]]","B"
"True","True","12","True","B_o096_r11775","1","[[1,4,3,2,5]]","B"
"True","True","17","True","B_o096_r11777","2","[[1,4,2,3,5],[1,4,3,2,5]]","B"
"True","True","18","True","B_o096_r11778","2","[[1,4,2,3,5],[1,4,3,2,5]]","B"
"True","True","13","True","B_o096_r11779","1","[[1,3,4,2,5]]","B"
"True","True","14","True","B_o096_r11781","1","[[1,4,3,2,5]]","B"
"True","True","9","True","B_o096_r11791","2","[[3,1,2,4,5],[3,2,1,4,5]]","B"
"True","True","11","True","B_o096_r11792","2","[[3,1,2,4,5],[3,2,1,4,5]]","B"
"True","True","14","True","B_o096_r11793","2","[[1,4,2,3,5],[4,1,2,3,5]]","B"
"True","True","22","True","B_o096_r11794","10","[[1,2,3,4,5],[1,2,4,3,5],[1,2,5,3,4],[1,3,2,4,5],[2,1,3,4,5],[2,1,4,3,5],[2,1,5,3,4],[2,3,1,4,5],[3,1,2,4,5],[3,2,1,4,5]]","B"
"True","True","16","True","B_o096_r11795","2","[[1,4,2,3,5],[4,1,2,3,5]]","B"
"True","True","22","True","B_o096_r11796","10","[[1,2,3,4,5],[1,2,4,3,5],[1,2,5,3,4],[1,3,2,4,5],[2,1,3,4,5],[2,1,4,3,5],[2,1,5,3,4],[2,3,1,4,5],[3,1,2,4,5],[3,2,1,4,5]]","B"
"True","True","12","True","B_o096_r11797","1","[[3,1,4,2,5]]","B"
"True","True","17","True","B_o096_r11798","3","[[3,1,2,4,5],[3,1,4,2,5],[3,2,1,4,5]]","B"
"True","True","16","True","B_o096_r11799","2","[[1,4,3,2,5],[4,1,3,2,5]]","B"
"True","True","21","True","B_o096_r11801","4","[[1,4,2,3,5],[1,4,3,2,5],[4,1,2,3,5],[4,1,3,2,5]]","B"
"True","True","22","True","B_o096_r11802","2","[[1,4,2,3,5],[1,4,3,2,5]]","B"
"True","True","14","True","B_o096_r11803","1","[[3,1,4,2,5]]","B"
"True","True","18","True","B_o096_r11805","2","[[1,4,3,2,5],[4,1,3,2,5]]","B"
"True","True","14","True","B_o096_r11821","1","[[3,1,4,2,5]]","B"
"True","True","19","True","B_o096_r11822","3","[[3,1,2,4,5],[3,1,4,2,5],[3,2,1,4,5]]","B"
"True","True","22","True","B_o096_r11825","2","[[4,1,2,3,5],[4,1,3,2,5]]","B"
"True","True","22","True","B_o096_r11826","2","[[4,1,2,3,5],[4,1,3,2,5]]","B"
"True","True","16","True","B_o096_r11827","1","[[3,1,4,2,5]]","B"
"True","True","12","True","B_o096_r11833","1","[[2,3,4,1,5]]","B"
"True","True","18","True","B_o096_r11837","2","[[2,4,1,3,5],[2,4,3,1,5]]","B"
"True","True","18","True","B_o096_r11838","2","[[2,4,1,3,5],[2,4,3,1,5]]","B"
"True","True","13","True","B_o096_r11839","1","[[3,2,4,1,5]]","B"
"True","True","22","True","B_o096_r11843","4","[[2,4,1,3,5],[2,4,3,1,5],[4,2,1,3,5],[4,2,3,1,5]]","B"
"True","True","22","True","B_o096_r11844","2","[[2,4,1,3,5],[2,4,3,1,5]]","B"
"True","True","15","True","B_o096_r11845","1","[[3,2,4,1,5]]","B"
"True","True","22","True","B_o096_r11849","2","[[4,2,1,3,5],[4,2,3,1,5]]","B"
"True","True","22","True","B_o096_r11850","2","[[4,2,1,3,5],[4,2,3,1,5]]","B"
"True","True","21","True","B_o096_r11851","2","[[3,4,1,2,5],[3,4,2,1,5]]","B"
"True","True","21","True","B_o096_r11852","2","[[3,4,1,2,5],[3,4,2,1,5]]","B"
"True","True","24","True","B_o096_r11853","4","[[3,4,1,2,5],[3,4,2,1,5],[4,3,1,2,5],[4,3,2,1,5]]","B"
"True","True","24","True","B_o096_r11854","2","[[3,4,1,2,5],[3,4,2,1,5]]","B"
"True","True","24","True","B_o096_r11855","2","[[4,3,1,2,5],[4,3,2,1,5]]","B"
"True","True","24","True","B_o096_r11856","2","[[4,3,1,2,5],[4,3,2,1,5]]","B"
"True","True","14","True","B_o096_r11857","1","[[2,3,4,1,5]]","B"
"True","True","15","True","B_o096_r11863","1","[[3,2,4,1,5]]","B"
"True","True","17","True","B_o096_r11869","1","[[3,2,4,1,5]]","B"
"True","True","11","True","B_o097_r11881","3","[[1,2,3,4,5],[1,3,2,4,5],[2,1,3,4,5]]","B"
"True","True","12","True","B_o097_r11882","3","[[1,2,3,4,5],[1,3,2,4,5],[2,1,3,4,5]]","B"
"True","True","11","True","B_o097_r11883","2","[[1,2,4,3,5],[2,1,4,3,5]]","B"
"True","True","14","True","B_o097_r11884","3","[[1,2,3,4,5],[1,3,2,4,5],[2,1,3,4,5]]","B"
"True","True","12","True","B_o097_r11885","2","[[1,2,4,3,5],[2,1,4,3,5]]","B"
"True","True","14","True","B_o097_r11886","2","[[1,2,4,3,5],[2,1,4,3,5]]","B"
"True","True","12","True","B_o097_r11889","1","[[1,4,2,3,5]]","B"
"True","True","18","True","B_o097_r11890","3","[[1,2,3,4,5],[1,3,2,4,5],[2,1,3,4,5]]","B"
"True","True","13","True","B_o097_r11891","1","[[1,4,2,3,5]]","B"
"True","True","18","True","B_o097_r11892","3","[[1,2,4,3,5],[1,4,2,3,5],[2,1,4,3,5]]","B"
"True","True","12","True","B_o097_r11893","1","[[1,3,4,2,5]]","B"
"True","True","13","True","B_o097_r11895","1","[[1,4,3,2,5]]","B"
"True","True","15","True","B_o097_r11897","1","[[1,4,2,3,5]]","B"
"True","True","13","True","B_o097_r11899","1","[[1,3,4,2,5]]","B"
"True","True","14","True","B_o097_r11900","1","[[1,3,4,2,5]]","B"
"True","True","14","True","B_o097_r11901","1","[[1,4,3,2,5]]","B"
"True","True","18","True","B_o097_r11902","1","[[1,3,4,2,5]]","B"
"True","True","15","True","B_o097_r11903","1","[[1,4,3,2,5]]","B"
"True","True","18","True","B_o097_r11904","1","[[1,4,3,2,5]]","B"
"True","True","12","True","B_o097_r11911","2","[[3,1,2,4,5],[3,2,1,4,5]]","B"
"True","True","13","True","B_o097_r11912","2","[[3,1,2,4,5],[3,2,1,4,5]]","B"
"True","True","16","True","B_o097_r11913","2","[[1,4,2,3,5],[4,1,2,3,5]]","B"
"True","True","22","True","B_o097_r11914","6","[[1,2,3,4,5],[1,3,2,4,5],[2,1,3,4,5],[2,3,1,4,5],[3,1,2,4,5],[3,2,1,4,5]]","B"
"True","True","17","True","B_o097_r11915","2","[[1,4,2,3,5],[4,1,2,3,5]]","B"
"True","True","22","True","B_o097_r11916","3","[[1,2,4,3,5],[1,4,2,3,5],[2,1,4,3,5]]","B"
"True","True","13","True","B_o097_r11917","1","[[3,1,4,2,5]]","B"
"True","True","15","True","B_o097_r11918","2","[[3,1,2,4,5],[3,2,1,4,5]]","B"
"True","True","17","True","B_o097_r11919","2","[[1,4,3,2,5],[4,1,3,2,5]]","B"
"True","True","19","True","B_o097_r11921","2","[[1,4,2,3,5],[4,1,2,3,5]]","B"
"True","True","14","True","B_o097_r11923","1","[[3,1,4,2,5]]","B"
"True","True","15","True","B_o097_r11924","1","[[3,1,4,2,5]]","B"
"True","True","18","True","B_o097_r11925","2","[[1,4,3,2,5],[4,1,3,2,5]]","B"
"True","True","22","True","B_o097_r11926","2","[[1,3,4,2,5],[3,1,4,2,5]]","B"
"True","True","19","True","B_o097_r11927","2","[[1,4,3,2,5],[4,1,3,2,5]]","B"
"True","True","22","True","B_o097_r11928","1","[[1,4,3,2,5]]","B"
"True","True","13","True","B_o097_r11931","1","[[2,4,1,3,5]]","B"
"True","True","14","True","B_o097_r11933","1","[[2,4,1,3,5]]","B"
"True","True","17","True","B_o097_r11937","2","[[2,4,1,3,5],[4,2,1,3,5]]","B"
"True","True","18","True","B_o097_r11939","2","[[2,4,1,3,5],[4,2,1,3,5]]","B"
"True","True","19","True","B_o097_r11942","2","[[3,1,2,4,5],[3,2,1,4,5]]","B"
"True","True","22","True","B_o097_r11945","2","[[4,1,2,3,5],[4,2,1,3,5]]","B"
"True","True","22","True","B_o097_r11946","2","[[4,1,2,3,5],[4,2,1,3,5]]","B"
"True","True","19","True","B_o097_r11948","1","[[3,1,4,2,5]]","B"
"True","True","22","True","B_o097_r11951","1","[[4,1,3,2,5]]","B"
"True","True","22","True","B_o097_r11952","1","[[4,1,3,2,5]]","B"
"True","True","16","True","B_o097_r11957","1","[[2,4,1,3,5]]","B"
"True","True","20","True","B_o097_r11963","2","[[2,4,1,3,5],[4,2,1,3,5]]","B"
"True","True","19","True","B_o097_r11971","1","[[3,4,1,2,5]]","B"
"True","True","19","True","B_o097_r11972","1","[[3,4,1,2,5]]","B"
"True","True","22","True","B_o097_r11973","2","[[3,4,1,2,5],[4,3,1,2,5]]","B"
"True","True","22","True","B_o097_r11974","1","[[3,4,1,2,5]]","B"
"True","True","22","True","B_o097_r11975","1","[[4,3,1,2,5]]","B"
"True","True","22","True","B_o097_r11976","1","[[4,3,1,2,5]]","B"
"True","True","14","True","B_o097_r11977","1","[[2,3,4,1,5]]","B"
"True","True","14","True","B_o097_r11978","1","[[2,3,4,1,5]]","B"
"True","True","16","True","B_o097_r11979","1","[[2,4,3,1,5]]","B"
"True","True","18","True","B_o097_r11980","1","[[2,3,4,1,5]]","B"
"True","True","16","True","B_o097_r11981","1","[[2,4,3,1,5]]","B"
"True","True","18","True","B_o097_r11982","1","[[2,4,3,1,5]]","B"
"True","True","15","True","B_o097_r11983","1","[[3,2,4,1,5]]","B"
"True","True","15","True","B_o097_r11984","1","[[3,2,4,1,5]]","B"
"True","True","20","True","B_o097_r11985","2","[[2,4,3,1,5],[4,2,3,1,5]]","B"
"True","True","22","True","B_o097_r11986","2","[[2,3,4,1,5],[3,2,4,1,5]]","B"
"True","True","20","True","B_o097_r11987","2","[[2,4,3,1,5],[4,2,3,1,5]]","B"
"True","True","22","True","B_o097_r11988","1","[[2,4,3,1,5]]","B"
"True","True","19","True","B_o097_r11990","1","[[3,2,4,1,5]]","B"
"True","True","22","True","B_o097_r11993","1","[[4,2,3,1,5]]","B"
"True","True","22","True","B_o097_r11994","1","[[4,2,3,1,5]]","B"
"True","True","19","True","B_o097_r11995","1","[[3,4,2,1,5]]","B"
"True","True","19","True","B_o097_r11996","1","[[3,4,2,1,5]]","B"
"True","True","22","True","B_o097_r11997","2","[[3,4,2,1,5],[4,3,2,1,5]]","B"
"True","True","22","True","B_o097_r11998","1","[[3,4,2,1,5]]","B"
"True","True","22","True","B_o097_r11999","1","[[4,3,2,1,5]]","B"
"True","True","22","True","B_o097_r12000","1","[[4,3,2,1,5]]","B"
"True","True","9","True","B_o098_r12001","3","[[1,2,3,4,5],[1,3,2,4,5],[2,1,3,4,5]]","B"
"True","True","12","True","B_o098_r12002","3","[[1,2,3,4,5],[1,3,2,4,5],[2,1,3,4,5]]","B"
"True","True","9","True","B_o098_r12003","2","[[1,2,4,3,5],[2,1,4,3,5]]","B"
"True","True","14","True","B_o098_r12004","3","[[1,2,3,4,5],[1,3,2,4,5],[2,1,3,4,5]]","B"
"True","True","12","True","B_o098_r12005","2","[[1,2,4,3,5],[2,1,4,3,5]]","B"
"True","True","14","True","B_o098_r12006","2","[[1,2,4,3,5],[2,1,4,3,5]]","B"
"True","True","10","True","B_o098_r12009","1","[[1,4,2,3,5]]","B"
"True","True","18","True","B_o098_r12010","3","[[1,2,3,4,5],[1,3,2,4,5],[2,1,3,4,5]]","B"
"True","True","13","True","B_o098_r12011","1","[[1,4,2,3,5]]","B"
"True","True","18","True","B_o098_r12012","3","[[1,2,4,3,5],[1,4,2,3,5],[2,1,4,3,5]]","B"
"True","True","10","True","B_o098_r12013","1","[[1,3,4,2,5]]","B"
"True","True","11","True","B_o098_r12015","1","[[1,4,3,2,5]]","B"
"True","True","15","True","B_o098_r12017","1","[[1,4,2,3,5]]","B"
"True","True","13","True","B_o098_r12019","1","[[1,3,4,2,5]]","B"
"True","True","14","True","B_o098_r12020","1","[[1,3,4,2,5]]","B"
"True","True","14","True","B_o098_r12021","1","[[1,4,3,2,5]]","B"
"True","True","18","True","B_o098_r12022","1","[[1,3,4,2,5]]","B"
"True","True","15","True","B_o098_r12023","1","[[1,4,3,2,5]]","B"
"True","True","18","True","B_o098_r12024","1","[[1,4,3,2,5]]","B"
"True","True","10","True","B_o098_r12031","2","[[3,1,2,4,5],[3,2,1,4,5]]","B"
"True","True","13","True","B_o098_r12032","2","[[3,1,2,4,5],[3,2,1,4,5]]","B"
"True","True","14","True","B_o098_r12033","2","[[1,4,2,3,5],[4,1,2,3,5]]","B"
"True","True","22","True","B_o098_r12034","6","[[1,2,3,4,5],[1,3,2,4,5],[2,1,3,4,5],[2,3,1,4,5],[3,1,2,4,5],[3,2,1,4,5]]","B"
"True","True","17","True","B_o098_r12035","2","[[1,4,2,3,5],[4,1,2,3,5]]","B"
"True","True","22","True","B_o098_r12036","3","[[1,2,4,3,5],[1,4,2,3,5],[2,1,4,3,5]]","B"
"True","True","11","True","B_o098_r12037","1","[[3,1,4,2,5]]","B"
"True","True","15","True","B_o098_r12038","2","[[3,1,2,4,5],[3,2,1,4,5]]","B"
"True","True","15","True","B_o098_r12039","2","[[1,4,3,2,5],[4,1,3,2,5]]","B"
"True","True","19","True","B_o098_r12041","2","[[1,4,2,3,5],[4,1,2,3,5]]","B"
"True","True","14","True","B_o098_r12043","1","[[3,1,4,2,5]]","B"
"True","True","15","True","B_o098_r12044","1","[[3,1,4,2,5]]","B"
"True","True","18","True","B_o098_r12045","2","[[1,4,3,2,5],[4,1,3,2,5]]","B"
"True","True","22","True","B_o098_r12046","2","[[1,3,4,2,5],[3,1,4,2,5]]","B"
"True","True","19","True","B_o098_r12047","2","[[1,4,3,2,5],[4,1,3,2,5]]","B"
"True","True","22","True","B_o098_r12048","1","[[1,4,3,2,5]]","B"
"True","True","11","True","B_o098_r12051","1","[[2,4,1,3,5]]","B"
"True","True","14","True","B_o098_r12053","1","[[2,4,1,3,5]]","B"
"True","True","15","True","B_o098_r12057","2","[[2,4,1,3,5],[4,2,1,3,5]]","B"
"True","True","18","True","B_o098_r12059","2","[[2,4,1,3,5],[4,2,1,3,5]]","B"
"True","True","19","True","B_o098_r12062","2","[[3,1,2,4,5],[3,2,1,4,5]]","B"
"True","True","22","True","B_o098_r12065","2","[[4,1,2,3,5],[4,2,1,3,5]]","B"
"True","True","22","True","B_o098_r12066","2","[[4,1,2,3,5],[4,2,1,3,5]]","B"
"True","True","19","True","B_o098_r12068","1","[[3,1,4,2,5]]","B"
"True","True","22","True","B_o098_r12071","1","[[4,1,3,2,5]]","B"
"True","True","22","True","B_o098_r12072","1","[[4,1,3,2,5]]","B"
"True","True","16","True","B_o098_r12077","1","[[2,4,1,3,5]]","B"
"True","True","20","True","B_o098_r12083","2","[[2,4,1,3,5],[4,2,1,3,5]]","B"
"True","True","19","True","B_o098_r12091","1","[[3,4,1,2,5]]","B"
"True","True","19","True","B_o098_r12092","1","[[3,4,1,2,5]]","B"
"True","True","22","True","B_o098_r12093","2","[[3,4,1,2,5],[4,3,1,2,5]]","B"
"True","True","22","True","B_o098_r12094","1","[[3,4,1,2,5]]","B"
"True","True","22","True","B_o098_r12095","1","[[4,3,1,2,5]]","B"
"True","True","22","True","B_o098_r12096","1","[[4,3,1,2,5]]","B"
"True","True","14","True","B_o098_r12097","1","[[2,3,4,1,5]]","B"
"True","True","14","True","B_o098_r12098","1","[[2,3,4,1,5]]","B"
"True","True","16","True","B_o098_r12099","1","[[2,4,3,1,5]]","B"
"True","True","18","True","B_o098_r12100","1","[[2,3,4,1,5]]","B"
"True","True","16","True","B_o098_r12101","1","[[2,4,3,1,5]]","B"
"True","True","18","True","B_o098_r12102","1","[[2,4,3,1,5]]","B"
"True","True","15","True","B_o098_r12103","1","[[3,2,4,1,5]]","B"
"True","True","15","True","B_o098_r12104","1","[[3,2,4,1,5]]","B"
"True","True","20","True","B_o098_r12105","2","[[2,4,3,1,5],[4,2,3,1,5]]","B"
"True","True","22","True","B_o098_r12106","2","[[2,3,4,1,5],[3,2,4,1,5]]","B"
"True","True","20","True","B_o098_r12107","2","[[2,4,3,1,5],[4,2,3,1,5]]","B"
"True","True","22","True","B_o098_r12108","1","[[2,4,3,1,5]]","B"
"True","True","19","True","B_o098_r12110","1","[[3,2,4,1,5]]","B"
"True","True","22","True","B_o098_r12113","1","[[4,2,3,1,5]]","B"
"True","True","22","True","B_o098_r12114","1","[[4,2,3,1,5]]","B"
"True","True","19","True","B_o098_r12115","1","[[3,4,2,1,5]]","B"
"True","True","19","True","B_o098_r12116","1","[[3,4,2,1,5]]","B"
"True","True","22","True","B_o098_r12117","2","[[3,4,2,1,5],[4,3,2,1,5]]","B"
"True","True","22","True","B_o098_r12118","1","[[3,4,2,1,5]]","B"
"True","True","22","True","B_o098_r12119","1","[[4,3,2,1,5]]","B"
"True","True","22","True","B_o098_r12120","1","[[4,3,2,1,5]]","B"
"True","True","8","True","B_o099_r12121","3","[[1,2,3,4,5],[1,3,2,4,5],[2,1,3,4,5]]","B"
"True","True","10","True","B_o099_r12122","3","[[1,2,3,4,5],[1,3,2,4,5],[2,1,3,4,5]]","B"
"True","True","8","True","B_o099_r12123","2","[[1,2,4,3,5],[2,1,4,3,5]]","B"
"True","True","14","True","B_o099_r12124","7","[[1,2,3,4,5],[1,2,4,3,5],[1,2,5,3,4],[1,3,2,4,5],[2,1,3,4,5],[2,1,4,3,5],[2,1,5,3,4]]","B"
"True","True","10","True","B_o099_r12125","2","[[1,2,4,3,5],[2,1,4,3,5]]","B"
"True","True","14","True","B_o099_r12126","7","[[1,2,3,4,5],[1,2,4,3,5],[1,2,5,3,4],[1,3,2,4,5],[2,1,3,4,5],[2,1,4,3,5],[2,1,5,3,4]]","B"
"True","True","9","True","B_o099_r12129","1","[[1,4,2,3,5]]","B"
"True","True","18","True","B_o099_r12130","8","[[1,2,3,4,5],[1,2,4,3,5],[1,2,5,3,4],[1,3,2,4,5],[1,4,2,3,5],[2,1,3,4,5],[2,1,4,3,5],[2,1,5,3,4]]","B"
"True","True","11","True","B_o099_r12131","1","[[1,4,2,3,5]]","B"
"True","True","18","True","B_o099_r12132","8","[[1,2,3,4,5],[1,2,4,3,5],[1,2,5,3,4],[1,3,2,4,5],[1,4,2,3,5],[2,1,3,4,5],[2,1,4,3,5],[2,1,5,3,4]]","B"
"True","True","9","True","B_o099_r12133","1","[[1,3,4,2,5]]","B"
"True","True","10","True","B_o099_r12135","1","[[1,4,3,2,5]]","B"
"True","True","15","True","B_o099_r12137","2","[[1,4,2,3,5],[1,4,3,2,5]]","B"
"True","True","11","True","B_o099_r12139","1","[[1,3,4,2,5]]","B"
"True","True","12","True","B_o099_r12141","1","[[1,4,3,2,5]]","B"
"True","True","9","True","B_o099_r12151","2","[[3,1,2,4,5],[3,2,1,4,5]]","B"
"True","True","11","True","B_o099_r12152","2","[[3,1,2,4,5],[3,2,1,4,5]]","B"
"True","True","13","True","B_o099_r12153","2","[[1,4,2,3,5],[4,1,2,3,5]]","B"
"True","True","22","True","B_o099_r12154","11","[[1,2,3,4,5],[1,2,4,3,5],[1,2,5,3,4],[1,3,2,4,5],[1,4,2,3,5],[2,1,3,4,5],[2,1,4,3,5],[2,1,5,3,4],[2,3,1,4,5],[3,1,2,4,5],[3,2,1,4,5]]","B"
"True","True","15","True","B_o099_r12155","2","[[1,4,2,3,5],[4,1,2,3,5]]","B"
"True","True","22","True","B_o099_r12156","11","[[1,2,3,4,5],[1,2,4,3,5],[1,2,5,3,4],[1,3,2,4,5],[1,4,2,3,5],[2,1,3,4,5],[2,1,4,3,5],[2,1,5,3,4],[2,3,1,4,5],[3,1,2,4,5],[3,2,1,4,5]]","B"
"True","True","10","True","B_o099_r12157","1","[[3,1,4,2,5]]","B"
"True","True","15","True","B_o099_r12158","3","[[3,1,2,4,5],[3,1,4,2,5],[3,2,1,4,5]]","B"
"True","True","14","True","B_o099_r12159","2","[[1,4,3,2,5],[4,1,3,2,5]]","B"
"True","True","19","True","B_o099_r12161","4","[[1,4,2,3,5],[1,4,3,2,5],[4,1,2,3,5],[4,1,3,2,5]]","B"
"True","True","12","True","B_o099_r12163","1","[[3,1,4,2,5]]","B"
"True","True","16","True","B_o099_r12165","2","[[1,4,3,2,5],[4,1,3,2,5]]","B"
"True","True","10","True","B_o099_r12171","1","[[2,4,1,3,5]]","B"
"True","True","12","True","B_o099_r12173","1","[[2,4,1,3,5]]","B"
"True","True","14","True","B_o099_r12177","2","[[2,4,1,3,5],[4,2,1,3,5]]","B"
"True","True","16","True","B_o099_r12179","2","[[2,4,1,3,5],[4,2,1,3,5]]","B"
"True","True","19","True","B_o099_r12182","3","[[3,1,2,4,5],[3,1,4,2,5],[3,2,1,4,5]]","B"
"True","True","22","True","B_o099_r12185","3","[[4,1,2,3,5],[4,1,3,2,5],[4,2,1,3,5]]","B"
"True","True","22","True","B_o099_r12186","3","[[4,1,2,3,5],[4,1,3,2,5],[4,2,1,3,5]]","B"
"True","True","10","True","B_o099_r12193","1","[[2,3,4,1,5]]","B"
"True","True","12","True","B_o099_r12195","1","[[2,4,3,1,5]]","B"
"True","True","16","True","B_o099_r12197","2","[[2,4,1,3,5],[2,4,3,1,5]]","B"
"True","True","11","True","B_o099_r12199","1","[[3,2,4,1,5]]","B"
"True","True","16","True","B_o099_r12201","2","[[2,4,3,1,5],[4,2,3,1,5]]","B"
"True","True","20","True","B_o099_r12203","4","[[2,4,1,3,5],[2,4,3,1,5],[4,2,1,3,5],[4,2,3,1,5]]","B"
"True","True","19","True","B_o099_r12211","2","[[3,4,1,2,5],[3,4,2,1,5]]","B"
"True","True","19","True","B_o099_r12212","2","[[3,4,1,2,5],[3,4,2,1,5]]","B"
"True","True","22","True","B_o099_r12213","4","[[3,4,1,2,5],[3,4,2,1,5],[4,3,1,2,5],[4,3,2,1,5]]","B"
"True","True","22","True","B_o099_r12214","2","[[3,4,1,2,5],[3,4,2,1,5]]","B"
"True","True","22","True","B_o099_r12215","2","[[4,3,1,2,5],[4,3,2,1,5]]","B"
"True","True","22","True","B_o099_r12216","2","[[4,3,1,2,5],[4,3,2,1,5]]","B"
"True","True","12","True","B_o099_r12217","1","[[2,3,4,1,5]]","B"
"True","True","14","True","B_o099_r12219","1","[[2,4,3,1,5]]","B"
"True","True","13","True","B_o099_r12223","1","[[3,2,4,1,5]]","B"
"True","True","18","True","B_o099_r12225","2","[[2,4,3,1,5],[4,2,3,1,5]]","B"
"True","True","8","True","B_o100_r12241","3","[[1,2,3,4,5],[1,3,2,4,5],[2,1,3,4,5]]","B"
"True","True","10","True","B_o100_r12242","3","[[1,2,3,4,5],[1,3,2,4,5],[2,1,3,4,5]]","B"
"True","True","8","True","B_o100_r12243","2","[[1,2,4,3,5],[2,1,4,3,5]]","B"
"True","True","12","True","B_o100_r12244","7","[[1,2,3,4,5],[1,2,4,3,5],[1,2,5,3,4],[1,3,2,4,5],[2,1,3,4,5],[2,1,4,3,5],[2,1,5,3,4]]","B"
"True","True","10","True","B_o100_r12245","2","[[1,2,4,3,5],[2,1,4,3,5]]","B"
"True","True","12","True","B_o100_r12246","7","[[1,2,3,4,5],[1,2,4,3,5],[1,2,5,3,4],[1,3,2,4,5],[2,1,3,4,5],[2,1,4,3,5],[2,1,5,3,4]]","B"
"True","True","9","True","B_o100_r12249","1","[[1,4,2,3,5]]","B"
"True","True","17","True","B_o100_r12250","1","[[1,5,2,3,4]]","B"
"True","True","11","True","B_o100_r12251","1","[[1,4,2,3,5]]","B"
"True","True","17","True","B_o100_r12252","1","[[1,5,2,3,4]]","B"
"True","True","8","True","B_o100_r12253","1","[[1,3,4,2,5]]","B"
"True","True","9","True","B_o100_r12255","1","[[1,4,3,2,5]]","B"
"True","True","18","True","B_o100_r12256","6","[[1,2,3,4,5],[1,3,2,4,5],[1,3,4,2,5],[1,4,3,2,5],[1,5,2,3,4],[2,1,3,4,5]]","B"
"True","True","13","True","B_o100_r12257","2","[[1,4,2,3,5],[1,4,3,2,5]]","B"
"True","True","18","True","B_o100_r12258","6","[[1,2,4,3,5],[1,3,4,2,5],[1,4,2,3,5],[1,4,3,2,5],[1,5,2,3,4],[2,1,4,3,5]]","B"
"True","True","10","True","B_o100_r12259","1","[[1,3,4,2,5]]","B"
"True","True","11","True","B_o100_r12261","1","[[1,4,3,2,5]]","B"
"True","True","18","True","B_o100_r12262","5","[[1,2,3,4,5],[1,3,2,4,5],[1,3,4,2,5],[1,4,3,2,5],[2,1,3,4,5]]","B"
"True","True","18","True","B_o100_r12264","5","[[1,2,4,3,5],[1,3,4,2,5],[1,4,2,3,5],[1,4,3,2,5],[2,1,4,3,5]]","B"
"True","True","9","True","B_o100_r12271","2","[[3,1,2,4,5],[3,2,1,4,5]]","B"
"True","True","11","True","B_o100_r12272","2","[[3,1,2,4,5],[3,2,1,4,5]]","B"
"True","True","13","True","B_o100_r12273","2","[[1,4,2,3,5],[4,1,2,3,5]]","B"
"True","True","21","True","B_o100_r12274","1","[[1,5,2,3,4]]","B"
"True","True","15","True","B_o100_r12275","2","[[1,4,2,3,5],[4,1,2,3,5]]","B"
"True","True","21","True","B_o100_r12276","1","[[1,5,2,3,4]]","B"
"True","True","9","True","B_o100_r12277","1","[[3,1,4,2,5]]","B"
"True","True","13","True","B_o100_r12278","3","[[3,1,2,4,5],[3,1,4,2,5],[3,2,1,4,5]]","B"
"True","True","13","True","B_o100_r12279","2","[[1,4,3,2,5],[4,1,3,2,5]]","B"
"True","True","22","True","B_o100_r12280","10","[[1,2,3,4,5],[1,3,2,4,5],[1,3,4,2,5],[1,4,3,2,5],[1,5,2,3,4],[2,1,3,4,5],[2,3,1,4,5],[3,1,2,4,5],[3,1,4,2,5],[3,2,1,4,5]]","B"
"True","True","17","True","B_o100_r12281","4","[[1,4,2,3,5],[1,4,3,2,5],[4,1,2,3,5],[4,1,3,2,5]]","B"
"True","True","22","True","B_o100_r12282","7","[[1,2,4,3,5],[1,3,4,2,5],[1,4,2,3,5],[1,4,3,2,5],[1,5,2,3,4],[2,1,4,3,5],[3,1,4,2,5]]","B"
"True","True","11","True","B_o100_r12283","1","[[3,1,4,2,5]]","B"
"True","True","15","True","B_o100_r12285","2","[[1,4,3,2,5],[4,1,3,2,5]]","B"
"True","True","22","True","B_o100_r12286","9","[[1,2,3,4,5],[1,3,2,4,5],[1,3,4,2,5],[1,4,3,2,5],[2,1,3,4,5],[2,3,1,4,5],[3,1,2,4,5],[3,1,4,2,5],[3,2,1,4,5]]","B"
"True","True","22","True","B_o100_r12288","6","[[1,2,4,3,5],[1,3,4,2,5],[1,4,2,3,5],[1,4,3,2,5],[2,1,4,3,5],[3,1,4,2,5]]","B"
"True","True","10","True","B_o100_r12291","1","[[2,4,1,3,5]]","B"
"True","True","12","True","B_o100_r12293","1","[[2,4,1,3,5]]","B"
"True","True","14","True","B_o100_r12297","2","[[2,4,1,3,5],[4,2,1,3,5]]","B"
"True","True","16","True","B_o100_r12299","2","[[2,4,1,3,5],[4,2,1,3,5]]","B"
"True","True","13","True","B_o100_r12301","1","[[3,4,1,2,5]]","B"
"True","True","19","True","B_o100_r12302","4","[[3,1,2,4,5],[3,1,4,2,5],[3,2,1,4,5],[3,4,1,2,5]]","B"
"True","True","16","True","B_o100_r12303","2","[[3,4,1,2,5],[4,3,1,2,5]]","B"
"True","True","22","True","B_o100_r12305","4","[[4,1,2,3,5],[4,1,3,2,5],[4,2,1,3,5],[4,3,1,2,5]]","B"
"True","True","22","True","B_o100_r12306","4","[[4,1,2,3,5],[4,1,3,2,5],[4,2,1,3,5],[4,3,1,2,5]]","B"
"True","True","15","True","B_o100_r12307","1","[[3,4,1,2,5]]","B"
"True","True","18","True","B_o100_r12309","2","[[3,4,1,2,5],[4,3,1,2,5]]","B"
"True","True","8","True","B_o100_r12313","1","[[2,3,4,1,5]]","B"
"True","True","10","True","B_o100_r12315","1","[[2,4,3,1,5]]","B"
"True","True","14","True","B_o100_r12317","2","[[2,4,1,3,5],[2,4,3,1,5]]","B"
"True","True","9","True","B_o100_r12319","1","[[3,2,4,1,5]]","B"
"True","True","14","True","B_o100_r12321","2","[[2,4,3,1,5],[4,2,3,1,5]]","B"
"True","True","18","True","B_o100_r12323","4","[[2,4,1,3,5],[2,4,3,1,5],[4,2,1,3,5],[4,2,3,1,5]]","B"
"True","True","13","True","B_o100_r12325","1","[[3,4,2,1,5]]","B"
"True","True","16","True","B_o100_r12327","2","[[3,4,2,1,5],[4,3,2,1,5]]","B"
"True","True","17","True","B_o100_r12331","2","[[3,4,1,2,5],[3,4,2,1,5]]","B"
"True","True","20","True","B_o100_r12333","4","[[3,4,1,2,5],[3,4,2,1,5],[4,3,1,2,5],[4,3,2,1,5]]","B"
"True","True","10","True","B_o100_r12337","1","[[2,3,4,1,5]]","B"
"True","True","12","True","B_o100_r12339","1","[[2,4,3,1,5]]","B"
"True","True","11","True","B_o100_r12343","1","[[3,2,4,1,5]]","B"
"True","True","16","True","B_o100_r12345","2","[[2,4,3,1,5],[4,2,3,1,5]]","B"
"True","True","15","True","B_o100_r12349","1","[[3,4,2,1,5]]","B"
"True","True","18","True","B_o100_r12351","2","[[3,4,2,1,5],[4,3,2,1,5]]","B"
"True","True","11","True","B_o101_r12361","3","[[1,2,3,4,5],[1,3,2,4,5],[2,1,3,4,5]]","B"
"True","True","12","True","B_o101_r12362","3","[[1,2,3,4,5],[1,3,2,4,5],[2,1,3,4,5]]","B"
"True","True","11","True","B_o101_r12363","2","[[1,2,4,3,5],[2,1,4,3,5]]","B"
"True","True","14","True","B_o101_r12364","3","[[1,2,3,4,5],[1,3,2,4,5],[2,1,3,4,5]]","B"
"True","True","12","True","B_o101_r12365","2","[[1,2,4,3,5],[2,1,4,3,5]]","B"
"True","True","14","True","B_o101_r12366","2","[[1,2,4,3,5],[2,1,4,3,5]]","B"
"True","True","11","True","B_o101_r12369","1","[[1,4,2,3,5]]","B"
"True","True","16","True","B_o101_r12370","3","[[1,2,3,4,5],[1,3,2,4,5],[2,1,3,4,5]]","B"
"True","True","12","True","B_o101_r12371","1","[[1,4,2,3,5]]","B"
"True","True","16","True","B_o101_r12372","3","[[1,2,4,3,5],[1,4,2,3,5],[2,1,4,3,5]]","B"
"True","True","12","True","B_o101_r12373","1","[[1,3,4,2,5]]","B"
"True","True","12","True","B_o101_r12375","1","[[1,4,3,2,5]]","B"
"True","True","14","True","B_o101_r12377","1","[[1,4,2,3,5]]","B"
"True","True","13","True","B_o101_r12379","1","[[1,3,4,2,5]]","B"
"True","True","14","True","B_o101_r12380","1","[[1,3,4,2,5]]","B"
"True","True","13","True","B_o101_r12381","1","[[1,4,3,2,5]]","B"
"True","True","16","True","B_o101_r12382","1","[[1,3,4,2,5]]","B"
"True","True","14","True","B_o101_r12383","1","[[1,4,3,2,5]]","B"
"True","True","16","True","B_o101_r12384","1","[[1,4,3,2,5]]","B"
"True","True","12","True","B_o101_r12391","2","[[3,1,2,4,5],[3,2,1,4,5]]","B"
"True","True","13","True","B_o101_r12392","2","[[3,1,2,4,5],[3,2,1,4,5]]","B"
"True","True","15","True","B_o101_r12393","1","[[4,1,2,3,5]]","B"
"True","True","22","True","B_o101_r12394","6","[[1,2,3,4,5],[1,3,2,4,5],[2,1,3,4,5],[2,3,1,4,5],[3,1,2,4,5],[3,2,1,4,5]]","B"
"True","True","16","True","B_o101_r12395","1","[[4,1,2,3,5]]","B"
"True","True","22","True","B_o101_r12396","4","[[1,2,4,3,5],[1,4,2,3,5],[2,1,4,3,5],[4,1,2,3,5]]","B"
"True","True","13","True","B_o101_r12397","1","[[3,1,4,2,5]]","B"
"True","True","15","True","B_o101_r12398","2","[[3,1,2,4,5],[3,2,1,4,5]]","B"
"True","True","16","True","B_o101_r12399","1","[[4,1,3,2,5]]","B"
"True","True","18","True","B_o101_r12401","1","[[4,1,2,3,5]]","B"
"True","True","14","True","B_o101_r12403","1","[[3,1,4,2,5]]","B"
"True","True","15","True","B_o101_r12404","1","[[3,1,4,2,5]]","B"
"True","True","17","True","B_o101_r12405","1","[[4,1,3,2,5]]","B"
"True","True","22","True","B_o101_r12406","2","[[1,3,4,2,5],[3,1,4,2,5]]","B"
"True","True","18","True","B_o101_r12407","1","[[4,1,3,2,5]]","B"
"True","True","22","True","B_o101_r12408","2","[[1,4,3,2,5],[4,1,3,2,5]]","B"
"True","True","11","True","B_o101_r12411","1","[[2,4,1,3,5]]","B"
"True","True","12","True","B_o101_r12413","1","[[2,4,1,3,5]]","B"
"True","True","15","True","B_o101_r12417","1","[[4,2,1,3,5]]","B"
"True","True","16","True","B_o101_r12419","1","[[4,2,1,3,5]]","B"
"True","True","17","True","B_o101_r12422","2","[[3,1,2,4,5],[3,2,1,4,5]]","B"
"True","True","20","True","B_o101_r12425","2","[[4,1,2,3,5],[4,2,1,3,5]]","B"
"True","True","17","True","B_o101_r12428","1","[[3,1,4,2,5]]","B"
"True","True","20","True","B_o101_r12431","1","[[4,1,3,2,5]]","B"
"True","True","14","True","B_o101_r12437","1","[[2,4,1,3,5]]","B"
"True","True","18","True","B_o101_r12443","1","[[4,2,1,3,5]]","B"
"True","True","17","True","B_o101_r12451","1","[[3,4,1,2,5]]","B"
"True","True","17","True","B_o101_r12452","1","[[3,4,1,2,5]]","B"
"True","True","20","True","B_o101_r12453","1","[[4,3,1,2,5]]","B"
"True","True","22","True","B_o101_r12454","1","[[3,4,1,2,5]]","B"
"True","True","20","True","B_o101_r12455","1","[[4,3,1,2,5]]","B"
"True","True","22","True","B_o101_r12456","1","[[4,3,1,2,5]]","B"
"True","True","14","True","B_o101_r12457","1","[[2,3,4,1,5]]","B"
"True","True","14","True","B_o101_r12458","1","[[2,3,4,1,5]]","B"
"True","True","14","True","B_o101_r12459","1","[[2,4,3,1,5]]","B"
"True","True","16","True","B_o101_r12460","1","[[2,3,4,1,5]]","B"
"True","True","14","True","B_o101_r12461","1","[[2,4,3,1,5]]","B"
"True","True","16","True","B_o101_r12462","1","[[2,4,3,1,5]]","B"
"True","True","15","True","B_o101_r12463","1","[[3,2,4,1,5]]","B"
"True","True","15","True","B_o101_r12464","1","[[3,2,4,1,5]]","B"
"True","True","18","True","B_o101_r12465","1","[[4,2,3,1,5]]","B"
"True","True","22","True","B_o101_r12466","2","[[2,3,4,1,5],[3,2,4,1,5]]","B"
"True","True","18","True","B_o101_r12467","1","[[4,2,3,1,5]]","B"
"True","True","22","True","B_o101_r12468","2","[[2,4,3,1,5],[4,2,3,1,5]]","B"
"True","True","17","True","B_o101_r12470","1","[[3,2,4,1,5]]","B"
"True","True","20","True","B_o101_r12473","1","[[4,2,3,1,5]]","B"
"True","True","17","True","B_o101_r12475","1","[[3,4,2,1,5]]","B"
"True","True","17","True","B_o101_r12476","1","[[3,4,2,1,5]]","B"
"True","True","20","True","B_o101_r12477","1","[[4,3,2,1,5]]","B"
"True","True","22","True","B_o101_r12478","1","[[3,4,2,1,5]]","B"
"True","True","20","True","B_o101_r12479","1","[[4,3,2,1,5]]","B"
"True","True","22","True","B_o101_r12480","1","[[4,3,2,1,5]]","B"
"True","True","9","True","B_o102_r12481","3","[[1,2,3,4,5],[1,3,2,4,5],[2,1,3,4,5]]","B"
"True","True","12","True","B_o102_r12482","3","[[1,2,3,4,5],[1,3,2,4,5],[2,1,3,4,5]]","B"
"True","True","9","True","B_o102_r12483","2","[[1,2,4,3,5],[2,1,4,3,5]]","B"
"True","True","14","True","B_o102_r12484","3","[[1,2,3,4,5],[1,3,2,4,5],[2,1,3,4,5]]","B"
"True","True","12","True","B_o102_r12485","2","[[1,2,4,3,5],[2,1,4,3,5]]","B"
"True","True","14","True","B_o102_r12486","2","[[1,2,4,3,5],[2,1,4,3,5]]","B"
"True","True","9","True","B_o102_r12489","1","[[1,4,2,3,5]]","B"
"True","True","16","True","B_o102_r12490","3","[[1,2,3,4,5],[1,3,2,4,5],[2,1,3,4,5]]","B"
"True","True","12","True","B_o102_r12491","1","[[1,4,2,3,5]]","B"
"True","True","16","True","B_o102_r12492","3","[[1,2,4,3,5],[1,4,2,3,5],[2,1,4,3,5]]","B"
"True","True","10","True","B_o102_r12493","1","[[1,3,4,2,5]]","B"
"True","True","10","True","B_o102_r12495","1","[[1,4,3,2,5]]","B"
"True","True","14","True","B_o102_r12497","1","[[1,4,2,3,5]]","B"
"True","True","13","True","B_o102_r12499","1","[[1,3,4,2,5]]","B"
"True","True","14","True","B_o102_r12500","1","[[1,3,4,2,5]]","B"
"True","True","13","True","B_o102_r12501","1","[[1,4,3,2,5]]","B"
"True","True","16","True","B_o102_r12502","1","[[1,3,4,2,5]]","B"
"True","True","14","True","B_o102_r12503","1","[[1,4,3,2,5]]","B"
"True","True","16","True","B_o102_r12504","1","[[1,4,3,2,5]]","B"
"True","True","10","True","B_o102_r12511","2","[[3,1,2,4,5],[3,2,1,4,5]]","B"
"True","True","13","True","B_o102_r12512","2","[[3,1,2,4,5],[3,2,1,4,5]]","B"
"True","True","13","True","B_o102_r12513","1","[[4,1,2,3,5]]","B"
"True","True","22","True","B_o102_r12514","6","[[1,2,3,4,5],[1,3,2,4,5],[2,1,3,4,5],[2,3,1,4,5],[3,1,2,4,5],[3,2,1,4,5]]","B"
"True","True","16","True","B_o102_r12515","1","[[4,1,2,3,5]]","B"
"True","True","22","True","B_o102_r12516","4","[[1,2,4,3,5],[1,4,2,3,5],[2,1,4,3,5],[4,1,2,3,5]]","B"
"True","True","11","True","B_o102_r12517","1","[[3,1,4,2,5]]","B"
"True","True","15","True","B_o102_r12518","2","[[3,1,2,4,5],[3,2,1,4,5]]","B"
"True","True","14","True","B_o102_r12519","1","[[4,1,3,2,5]]","B"
"True","True","18","True","B_o102_r12521","1","[[4,1,2,3,5]]","B"
"True","True","14","True","B_o102_r12523","1","[[3,1,4,2,5]]","B"
"True","True","15","True","B_o102_r12524","1","[[3,1,4,2,5]]","B"
"True","True","17","True","B_o102_r12525","1","[[4,1,3,2,5]]","B"
"True","True","22","True","B_o102_r12526","2","[[1,3,4,2,5],[3,1,4,2,5]]","B"
"True","True","18","True","B_o102_r12527","1","[[4,1,3,2,5]]","B"
"True","True","22","True","B_o102_r12528","2","[[1,4,3,2,5],[4,1,3,2,5]]","B"
"True","True","9","True","B_o102_r12531","1","[[2,4,1,3,5]]","B"
"True","True","12","True","B_o102_r12533","1","[[2,4,1,3,5]]","B"
"True","True","13","True","B_o102_r12537","1","[[4,2,1,3,5]]","B"
"True","True","16","True","B_o102_r12539","1","[[4,2,1,3,5]]","B"
"True","True","17","True","B_o102_r12542","2","[[3,1,2,4,5],[3,2,1,4,5]]","B"
"True","True","20","True","B_o102_r12545","2","[[4,1,2,3,5],[4,2,1,3,5]]","B"
"True","True","17","True","B_o102_r12548","1","[[3,1,4,2,5]]","B"
"True","True","20","True","B_o102_r12551","1","[[4,1,3,2,5]]","B"
"True","True","14","True","B_o102_r12557","1","[[2,4,1,3,5]]","B"
"True","True","18","True","B_o102_r12563","1","[[4,2,1,3,5]]","B"
"True","True","17","True","B_o102_r12571","1","[[3,4,1,2,5]]","B"
"True","True","17","True","B_o102_r12572","1","[[3,4,1,2,5]]","B"
"True","True","20","True","B_o102_r12573","1","[[4,3,1,2,5]]","B"
"True","True","22","True","B_o102_r12574","1","[[3,4,1,2,5]]","B"
"True","True","20","True","B_o102_r12575","1","[[4,3,1,2,5]]","B"
"True","True","22","True","B_o102_r12576","1","[[4,3,1,2,5]]","B"
"True","True","14","True","B_o102_r12577","1","[[2,3,4,1,5]]","B"
"True","True","14","True","B_o102_r12578","1","[[2,3,4,1,5]]","B"
"True","True","14","True","B_o102_r12579","1","[[2,4,3,1,5]]","B"
"True","True","16","True","B_o102_r12580","1","[[2,3,4,1,5]]","B"
"True","True","14","True","B_o102_r12581","1","[[2,4,3,1,5]]","B"
"True","True","16","True","B_o102_r12582","1","[[2,4,3,1,5]]","B"
"True","True","15","True","B_o102_r12583","1","[[3,2,4,1,5]]","B"
"True","True","15","True","B_o102_r12584","1","[[3,2,4,1,5]]","B"
"True","True","18","True","B_o102_r12585","1","[[4,2,3,1,5]]","B"
"True","True","22","True","B_o102_r12586","2","[[2,3,4,1,5],[3,2,4,1,5]]","B"
"True","True","18","True","B_o102_r12587","1","[[4,2,3,1,5]]","B"
"True","True","22","True","B_o102_r12588","2","[[2,4,3,1,5],[4,2,3,1,5]]","B"
"True","True","17","True","B_o102_r12590","1","[[3,2,4,1,5]]","B"
"True","True","20","True","B_o102_r12593","1","[[4,2,3,1,5]]","B"
"True","True","17","True","B_o102_r12595","1","[[3,4,2,1,5]]","B"
"True","True","17","True","B_o102_r12596","1","[[3,4,2,1,5]]","B"
"True","True","20","True","B_o102_r12597","1","[[4,3,2,1,5]]","B"
"True","True","22","True","B_o102_r12598","1","[[3,4,2,1,5]]","B"
"True","True","20","True","B_o102_r12599","1","[[4,3,2,1,5]]","B"
"True","True","22","True","B_o102_r12600","1","[[4,3,2,1,5]]","B"
"True","True","8","True","B_o103_r12601","3","[[1,2,3,4,5],[1,3,2,4,5],[2,1,3,4,5]]","B"
"True","True","10","True","B_o103_r12602","3","[[1,2,3,4,5],[1,3,2,4,5],[2,1,3,4,5]]","B"
"True","True","8","True","B_o103_r12603","2","[[1,2,4,3,5],[2,1,4,3,5]]","B"
"True","True","14","True","B_o103_r12604","7","[[1,2,3,4,5],[1,2,4,3,5],[1,2,5,3,4],[1,3,2,4,5],[2,1,3,4,5],[2,1,4,3,5],[2,1,5,3,4]]","B"
"True","True","10","True","B_o103_r12605","2","[[1,2,4,3,5],[2,1,4,3,5]]","B"
"True","True","14","True","B_o103_r12606","7","[[1,2,3,4,5],[1,2,4,3,5],[1,2,5,3,4],[1,3,2,4,5],[2,1,3,4,5],[2,1,4,3,5],[2,1,5,3,4]]","B"
"True","True","8","True","B_o103_r12609","1","[[1,4,2,3,5]]","B"
"True","True","16","True","B_o103_r12610","8","[[1,2,3,4,5],[1,2,4,3,5],[1,2,5,3,4],[1,3,2,4,5],[1,4,2,3,5],[2,1,3,4,5],[2,1,4,3,5],[2,1,5,3,4]]","B"
"True","True","10","True","B_o103_r12611","1","[[1,4,2,3,5]]","B"
"True","True","16","True","B_o103_r12612","8","[[1,2,3,4,5],[1,2,4,3,5],[1,2,5,3,4],[1,3,2,4,5],[1,4,2,3,5],[2,1,3,4,5],[2,1,4,3,5],[2,1,5,3,4]]","B"
"True","True","9","True","B_o103_r12613","1","[[1,3,4,2,5]]","B"
"True","True","9","True","B_o103_r12615","1","[[1,4,3,2,5]]","B"
"True","True","14","True","B_o103_r12617","2","[[1,4,2,3,5],[1,4,3,2,5]]","B"
"True","True","11","True","B_o103_r12619","1","[[1,3,4,2,5]]","B"
"True","True","11","True","B_o103_r12621","1","[[1,4,3,2,5]]","B"
"True","True","9","True","B_o103_r12631","2","[[3,1,2,4,5],[3,2,1,4,5]]","B"
"True","True","11","True","B_o103_r12632","2","[[3,1,2,4,5],[3,2,1,4,5]]","B"
"True","True","12","True","B_o103_r12633","1","[[4,1,2,3,5]]","B"
"True","True","22","True","B_o103_r12634","12","[[1,2,3,4,5],[1,2,4,3,5],[1,2,5,3,4],[1,3,2,4,5],[1,4,2,3,5],[2,1,3,4,5],[2,1,4,3,5],[2,1,5,3,4],[2,3,1,4,5],[3,1,2,4,5],[3,2,1,4,5],[4,1,2,3,5]]","B"
"True","True","14","True","B_o103_r12635","1","[[4,1,2,3,5]]","B"
"True","True","22","True","B_o103_r12636","12","[[1,2,3,4,5],[1,2,4,3,5],[1,2,5,3,4],[1,3,2,4,5],[1,4,2,3,5],[2,1,3,4,5],[2,1,4,3,5],[2,1,5,3,4],[2,3,1,4,5],[3,1,2,4,5],[3,2,1,4,5],[4,1,2,3,5]]","B"
"True","True","10","True","B_o103_r12637","1","[[3,1,4,2,5]]","B"
"True","True","15","True","B_o103_r12638","3","[[3,1,2,4,5],[3,1,4,2,5],[3,2,1,4,5]]","B"
"True","True","13","True","B_o103_r12639","1","[[4,1,3,2,5]]","B"
"True","True","18","True","B_o103_r12641","2","[[4,1,2,3,5],[4,1,3,2,5]]","B"
"True","True","12","True","B_o103_r12643","1","[[3,1,4,2,5]]","B"
"True","True","15","True","B_o103_r12645","1","[[4,1,3,2,5]]","B"
"True","True","8","True","B_o103_r12651","1","[[2,4,1,3,5]]","B"
"True","True","10","True","B_o103_r12653","1","[[2,4,1,3,5]]","B"
"True","True","12","True","B_o103_r12657","1","[[4,2,1,3,5]]","B"
"True","True","14","True","B_o103_r12659","1","[[4,2,1,3,5]]","B"
"True","True","17","True","B_o103_r12662","3","[[3,1,2,4,5],[3,1,4,2,5],[3,2,1,4,5]]","B"
"True","True","20","True","B_o103_r12665","3","[[4,1,2,3,5],[4,1,3,2,5],[4,2,1,3,5]]","B"
"True","True","10","True","B_o103_r12673","1","[[2,3,4,1,5]]","B"
"True","True","10","True","B_o103_r12675","1","[[2,4,3,1,5]]","B"
"True","True","14","True","B_o103_r12677","2","[[2,4,1,3,5],[2,4,3,1,5]]","B"
"True","True","11","True","B_o103_r12679","1","[[3,2,4,1,5]]","B"
"True","True","14","True","B_o103_r12681","1","[[4,2,3,1,5]]","B"
"True","True","18","True","B_o103_r12683","2","[[4,2,1,3,5],[4,2,3,1,5]]","B"
"True","True","17","True","B_o103_r12691","2","[[3,4,1,2,5],[3,4,2,1,5]]","B"
"True","True","17","True","B_o103_r12692","2","[[3,4,1,2,5],[3,4,2,1,5]]","B"
"True","True","20","True","B_o103_r12693","2","[[4,3,1,2,5],[4,3,2,1,5]]","B"
"True","True","22","True","B_o103_r12694","2","[[3,4,1,2,5],[3,4,2,1,5]]","B"
"True","True","20","True","B_o103_r12695","2","[[4,3,1,2,5],[4,3,2,1,5]]","B"
"True","True","22","True","B_o103_r12696","2","[[4,3,1,2,5],[4,3,2,1,5]]","B"
"True","True","12","True","B_o103_r12697","1","[[2,3,4,1,5]]","B"
"True","True","12","True","B_o103_r12699","1","[[2,4,3,1,5]]","B"
"True","True","13","True","B_o103_r12703","1","[[3,2,4,1,5]]","B"
"True","True","16","True","B_o103_r12705","1","[[4,2,3,1,5]]","B"
"True","True","8","True","B_o104_r12721","3","[[1,2,3,4,5],[1,3,2,4,5],[2,1,3,4,5]]","B"
"True","True","10","True","B_o104_r12722","3","[[1,2,3,4,5],[1,3,2,4,5],[2,1,3,4,5]]","B"
"True","True","8","True","B_o104_r12723","2","[[1,2,4,3,5],[2,1,4,3,5]]","B"
"True","True","12","True","B_o104_r12724","7","[[1,2,3,4,5],[1,2,4,3,5],[1,2,5,3,4],[1,3,2,4,5],[2,1,3,4,5],[2,1,4,3,5],[2,1,5,3,4]]","B"
"True","True","10","True","B_o104_r12725","2","[[1,2,4,3,5],[2,1,4,3,5]]","B"
"True","True","12","True","B_o104_r12726","7","[[1,2,3,4,5],[1,2,4,3,5],[1,2,5,3,4],[1,3,2,4,5],[2,1,3,4,5],[2,1,4,3,5],[2,1,5,3,4]]","B"
"True","True","8","True","B_o104_r12729","1","[[1,4,2,3,5]]","B"
"True","True","15","True","B_o104_r12730","1","[[1,5,2,3,4]]","B"
"True","True","10","True","B_o104_r12731","1","[[1,4,2,3,5]]","B"
"True","True","15","True","B_o104_r12732","1","[[1,5,2,3,4]]","B"
"True","True","8","True","B_o104_r12733","1","[[1,3,4,2,5]]","B"
"True","True","8","True","B_o104_r12735","1","[[1,4,3,2,5]]","B"
"True","True","16","True","B_o104_r12736","6","[[1,2,3,4,5],[1,3,2,4,5],[1,3,4,2,5],[1,4,3,2,5],[1,5,2,3,4],[2,1,3,4,5]]","B"
"True","True","12","True","B_o104_r12737","2","[[1,4,2,3,5],[1,4,3,2,5]]","B"
"True","True","16","True","B_o104_r12738","6","[[1,2,4,3,5],[1,3,4,2,5],[1,4,2,3,5],[1,4,3,2,5],[1,5,2,3,4],[2,1,4,3,5]]","B"
"True","True","10","True","B_o104_r12739","1","[[1,3,4,2,5]]","B"
"True","True","10","True","B_o104_r12741","1","[[1,4,3,2,5]]","B"
"True","True","16","True","B_o104_r12742","5","[[1,2,3,4,5],[1,3,2,4,5],[1,3,4,2,5],[1,4,3,2,5],[2,1,3,4,5]]","B"
"True","True","16","True","B_o104_r12744","5","[[1,2,4,3,5],[1,3,4,2,5],[1,4,2,3,5],[1,4,3,2,5],[2,1,4,3,5]]","B"
"True","True","9","True","B_o104_r12751","2","[[3,1,2,4,5],[3,2,1,4,5]]","B"
"True","True","11","True","B_o104_r12752","2","[[3,1,2,4,5],[3,2,1,4,5]]","B"
"True","True","12","True","B_o104_r12753","1","[[4,1,2,3,5]]","B"
"True","True","21","True","B_o104_r12754","1","[[1,5,2,3,4]]","B"
"True","True","14","True","B_o104_r12755","1","[[4,1,2,3,5]]","B"
"True","True","21","True","B_o104_r12756","1","[[1,5,2,3,4]]","B"
"True","True","9","True","B_o104_r12757","1","[[3,1,4,2,5]]","B"
"True","True","13","True","B_o104_r12758","3","[[3,1,2,4,5],[3,1,4,2,5],[3,2,1,4,5]]","B"
"True","True","12","True","B_o104_r12759","1","[[4,1,3,2,5]]","B"
"True","True","22","True","B_o104_r12760","11","[[1,2,3,4,5],[1,3,2,4,5],[1,3,4,2,5],[1,4,3,2,5],[1,5,2,3,4],[2,1,3,4,5],[2,3,1,4,5],[3,1,2,4,5],[3,1,4,2,5],[3,2,1,4,5],[4,1,3,2,5]]","B"
"True","True","16","True","B_o104_r12761","2","[[4,1,2,3,5],[4,1,3,2,5]]","B"
"True","True","22","True","B_o104_r12762","9","[[1,2,4,3,5],[1,3,4,2,5],[1,4,2,3,5],[1,4,3,2,5],[1,5,2,3,4],[2,1,4,3,5],[3,1,4,2,5],[4,1,2,3,5],[4,1,3,2,5]]","B"
"True","True","11","True","B_o104_r12763","1","[[3,1,4,2,5]]","B"
"True","True","14","True","B_o104_r12765","1","[[4,1,3,2,5]]","B"
"True","True","22","True","B_o104_r12766","10","[[1,2,3,4,5],[1,3,2,4,5],[1,3,4,2,5],[1,4,3,2,5],[2,1,3,4,5],[2,3,1,4,5],[3,1,2,4,5],[3,1,4,2,5],[3,2,1,4,5],[4,1,3,2,5]]","B"
"True","True","22","True","B_o104_r12768","8","[[1,2,4,3,5],[1,3,4,2,5],[1,4,2,3,5],[1,4,3,2,5],[2,1,4,3,5],[3,1,4,2,5],[4,1,2,3,5],[4,1,3,2,5]]","B"
"True","True","8","True","B_o104_r12771","1","[[2,4,1,3,5]]","B"
"True","True","10","True","B_o104_r12773","1","[[2,4,1,3,5]]","B"
"True","True","12","True","B_o104_r12777","1","[[4,2,1,3,5]]","B"
"True","True","14","True","B_o104_r12779","1","[[4,2,1,3,5]]","B"
"True","True","11","True","B_o104_r12781","1","[[3,4,1,2,5]]","B"
"True","True","17","True","B_o104_r12782","4","[[3,1,2,4,5],[3,1,4,2,5],[3,2,1,4,5],[3,4,1,2,5]]","B"
"True","True","14","True","B_o104_r12783","1","[[4,3,1,2,5]]","B"
"True","True","20","True","B_o104_r12785","4","[[4,1,2,3,5],[4,1,3,2,5],[4,2,1,3,5],[4,3,1,2,5]]","B"
"True","True","13","True","B_o104_r12787","1","[[3,4,1,2,5]]","B"
"True","True","16","True","B_o104_r12789","1","[[4,3,1,2,5]]","B"
"True","True","8","True","B_o104_r12793","1","[[2,3,4,1,5]]","B"
"True","True","8","True","B_o104_r12795","1","[[2,4,3,1,5]]","B"
"True","True","12","True","B_o104_r12797","2","[[2,4,1,3,5],[2,4,3,1,5]]","B"
"True","True","9","True","B_o104_r12799","1","[[3,2,4,1,5]]","B"
"True","True","12","True","B_o104_r12801","1","[[4,2,3,1,5]]","B"
"True","True","16","True","B_o104_r12803","2","[[4,2,1,3,5],[4,2,3,1,5]]","B"
"True","True","11","True","B_o104_r12805","1","[[3,4,2,1,5]]","B"
"True","True","14","True","B_o104_r12807","1","[[4,3,2,1,5]]","B"
"True","True","15","True","B_o104_r12811","2","[[3,4,1,2,5],[3,4,2,1,5]]","B"
"True","True","18","True","B_o104_r12813","2","[[4,3,1,2,5],[4,3,2,1,5]]","B"
"True","True","10","True","B_o104_r12817","1","[[2,3,4,1,5]]","B"
"True","True","10","True","B_o104_r12819","1","[[2,4,3,1,5]]","B"
"True","True","11","True","B_o104_r12823","1","[[3,2,4,1,5]]","B"
"True","True","14","True","B_o104_r12825","1","[[4,2,3,1,5]]","B"
"True","True","13","True","B_o104_r12829","1","[[3,4,2,1,5]]","B"
"True","True","16","True","B_o104_r12831","1","[[4,3,2,1,5]]","B"
"True","True","8","True","B_o105_r12841","3","[[1,2,3,4,5],[1,3,2,4,5],[2,1,3,4,5]]","B"
"True","True","10","True","B_o105_r12842","3","[[1,2,3,4,5],[1,3,2,4,5],[2,1,3,4,5]]","B"
"True","True","8","True","B_o105_r12843","3","[[1,2,4,3,5],[1,4,2,3,5],[2,1,4,3,5]]","B"
"True","True","12","True","B_o105_r12844","8","[[1,2,3,4,5],[1,2,4,3,5],[1,2,5,3,4],[1,3,2,4,5],[1,4,2,3,5],[2,1,3,4,5],[2,1,4,3,5],[2,1,5,3,4]]","B"
"True","True","10","True","B_o105_r12845","3","[[1,2,4,3,5],[1,4,2,3,5],[2,1,4,3,5]]","B"
"True","True","12","True","B_o105_r12846","8","[[1,2,3,4,5],[1,2,4,3,5],[1,2,5,3,4],[1,3,2,4,5],[1,4,2,3,5],[2,1,3,4,5],[2,1,4,3,5],[2,1,5,3,4]]","B"
"True","True","13","True","B_o105_r12850","1","[[1,5,2,3,4]]","B"
"True","True","13","True","B_o105_r12852","1","[[1,5,2,3,4]]","B"
"True","True","8","True","B_o105_r12853","1","[[1,3,4,2,5]]","B"
"True","True","8","True","B_o105_r12855","1","[[1,4,3,2,5]]","B"
"True","True","14","True","B_o105_r12856","6","[[1,2,3,4,5],[1,3,2,4,5],[1,3,4,2,5],[1,4,3,2,5],[1,5,2,3,4],[2,1,3,4,5]]","B"
"True","True","14","True","B_o105_r12858","6","[[1,2,4,3,5],[1,3,4,2,5],[1,4,2,3,5],[1,4,3,2,5],[1,5,2,3,4],[2,1,4,3,5]]","B"
"True","True","10","True","B_o105_r12859","1","[[1,3,4,2,5]]","B"
"True","True","10","True","B_o105_r12861","1","[[1,4,3,2,5]]","B"
"True","True","14","True","B_o105_r12862","5","[[1,2,3,4,5],[1,3,2,4,5],[1,3,4,2,5],[1,4,3,2,5],[2,1,3,4,5]]","B"
"True","True","14","True","B_o105_r12864","5","[[1,2,4,3,5],[1,3,4,2,5],[1,4,2,3,5],[1,4,3,2,5],[2,1,4,3,5]]","B"
"True","True","9","True","B_o105_r12871","2","[[3,1,2,4,5],[3,2,1,4,5]]","B"
"True","True","11","True","B_o105_r12872","2","[[3,1,2,4,5],[3,2,1,4,5]]","B"
"True","True","12","True","B_o105_r12873","2","[[4,1,2,3,5],[4,2,1,3,5]]","B"
"True","True","21","True","B_o105_r12874","2","[[1,5,2,3,4],[5,1,2,3,4]]","B"
"True","True","14","True","B_o105_r12875","2","[[4,1,2,3,5],[4,2,1,3,5]]","B"
"True","True","21","True","B_o105_r12876","2","[[1,5,2,3,4],[5,1,2,3,4]]","B"
"True","True","9","True","B_o105_r12877","1","[[3,1,4,2,5]]","B"
"True","True","13","True","B_o105_r12878","3","[[3,1,2,4,5],[3,1,4,2,5],[3,2,1,4,5]]","B"
"True","True","12","True","B_o105_r12879","1","[[4,1,3,2,5]]","B"
"True","True","22","True","B_o105_r12880","12","[[1,2,3,4,5],[1,3,2,4,5],[1,3,4,2,5],[1,4,3,2,5],[1,5,2,3,4],[2,1,3,4,5],[2,3,1,4,5],[3,1,2,4,5],[3,1,4,2,5],[3,2,1,4,5],[4,1,3,2,5],[5,1,2,3,4]]","B"
"True","True","16","True","B_o105_r12881","3","[[4,1,2,3,5],[4,1,3,2,5],[4,2,1,3,5]]","B"
"True","True","22","True","B_o105_r12882","12","[[1,2,4,3,5],[1,3,4,2,5],[1,4,2,3,5],[1,4,3,2,5],[1,5,2,3,4],[2,1,4,3,5],[2,4,1,3,5],[3,1,4,2,5],[4,1,2,3,5],[4,1,3,2,5],[4,2,1,3,5],[5,1,2,3,4]]","B"
"True","True","11","True","B_o105_r12883","1","[[3,1,4,2,5]]","B"
"True","True","14","True","B_o105_r12885","1","[[4,1,3,2,5]]","B"
"True","True","22","True","B_o105_r12886","10","[[1,2,3,4,5],[1,3,2,4,5],[1,3,4,2,5],[1,4,3,2,5],[2,1,3,4,5],[2,3,1,4,5],[3,1,2,4,5],[3,1,4,2,5],[3,2,1,4,5],[4,1,3,2,5]]","B"
"True","True","22","True","B_o105_r12888","10","[[1,2,4,3,5],[1,3,4,2,5],[1,4,2,3,5],[1,4,3,2,5],[2,1,4,3,5],[2,4,1,3,5],[3,1,4,2,5],[4,1,2,3,5],[4,1,3,2,5],[4,2,1,3,5]]","B"
"True","True","9","True","B_o105_r12901","1","[[3,4,1,2,5]]","B"
"True","True","15","True","B_o105_r12902","4","[[3,1,2,4,5],[3,1,4,2,5],[3,2,1,4,5],[3,4,1,2,5]]","B"
"True","True","12","True","B_o105_r12903","1","[[4,3,1,2,5]]","B"
"True","True","18","True","B_o105_r12905","4","[[4,1,2,3,5],[4,1,3,2,5],[4,2,1,3,5],[4,3,1,2,5]]","B"
"True","True","11","True","B_o105_r12907","1","[[3,4,1,2,5]]","B"
"True","True","14","True","B_o105_r12909","1","[[4,3,1,2,5]]","B"
"True","True","8","True","B_o105_r12913","1","[[2,3,4,1,5]]","B"
"True","True","8","True","B_o105_r12915","1","[[2,4,3,1,5]]","B"
"True","True","9","True","B_o105_r12919","1","[[3,2,4,1,5]]","B"
"True","True","12","True","B_o105_r12921","1","[[4,2,3,1,5]]","B"
"True","True","9","True","B_o105_r12925","1","[[3,4,2,1,5]]","B"
"True","True","12","True","B_o105_r12927","1","[[4,3,2,1,5]]","B"
"True","True","13","True","B_o105_r12931","2","[[3,4,1,2,5],[3,4,2,1,5]]","B"
"True","True","16","True","B_o105_r12933","2","[[4,3,1,2,5],[4,3,2,1,5]]","B"
"True","True","10","True","B_o105_r12937","1","[[2,3,4,1,5]]","B"
"True","True","10","True","B_o105_r12939","1","[[2,4,3,1,5]]","B"
"True","True","11","True","B_o105_r12943","1","[[3,2,4,1,5]]","B"
"True","True","14","True","B_o105_r12945","1","[[4,2,3,1,5]]","B"
"True","True","11","True","B_o105_r12949","1","[[3,4,2,1,5]]","B"
"True","True","14","True","B_o105_r12951","1","[[4,3,2,1,5]]","B"
"True","True","15","True","B_o106_r12961","4","[[1,2,3,4,5],[1,3,2,4,5],[2,1,3,4,5],[3,1,2,4,5]]","B"
"True","True","15","True","B_o106_r12962","4","[[1,2,3,4,5],[1,3,2,4,5],[2,1,3,4,5],[3,1,2,4,5]]","B"
"True","True","16","True","B_o106_r12963","2","[[1,2,4,3,5],[2,1,4,3,5]]","B"
"True","True","17","True","B_o106_r12964","4","[[1,2,3,4,5],[1,3,2,4,5],[2,1,3,4,5],[3,1,2,4,5]]","B"
"True","True","16","True","B_o106_r12965","2","[[1,2,4,3,5],[2,1,4,3,5]]","B"
"True","True","17","True","B_o106_r12966","2","[[1,2,4,3,5],[2,1,4,3,5]]","B"
"True","True","17","True","B_o106_r12969","1","[[1,4,2,3,5]]","B"
"True","True","19","True","B_o106_r12970","4","[[1,2,3,4,5],[1,3,2,4,5],[2,1,3,4,5],[3,1,2,4,5]]","B"
"True","True","17","True","B_o106_r12971","1","[[1,4,2,3,5]]","B"
"True","True","19","True","B_o106_r12972","2","[[1,2,4,3,5],[2,1,4,3,5]]","B"
"True","True","18","True","B_o106_r12975","1","[[1,4,2,3,5]]","B"
"True","True","18","True","B_o106_r12977","1","[[1,4,2,3,5]]","B"
"True","True","19","True","B_o106_r12978","1","[[1,4,2,3,5]]","B"
"True","True","18","True","B_o106_r12979","2","[[1,3,4,2,5],[3,1,4,2,5]]","B"
"True","True","18","True","B_o106_r12980","2","[[1,3,4,2,5],[3,1,4,2,5]]","B"
"True","True","19","True","B_o106_r12981","1","[[1,4,3,2,5]]","B"
"True","True","20","True","B_o106_r12982","2","[[1,3,4,2,5],[3,1,4,2,5]]","B"
"True","True","19","True","B_o106_r12983","1","[[1,4,3,2,5]]","B"
"True","True","20","True","B_o106_r12984","1","[[1,4,3,2,5]]","B"
"True","True","19","True","B_o106_r12993","2","[[1,4,2,3,5],[4,1,2,3,5]]","B"
"True","True","21","True","B_o106_r12994","6","[[1,2,3,4,5],[1,3,2,4,5],[2,1,3,4,5],[2,3,1,4,5],[3,1,2,4,5],[3,2,1,4,5]]","B"
"True","True","19","True","B_o106_r12995","2","[[1,4,2,3,5],[4,1,2,3,5]]","B"
"True","True","21","True","B_o106_r12996","2","[[1,2,4,3,5],[2,1,4,3,5]]","B"
"True","True","20","True","B_o106_r12999","2","[[1,4,2,3,5],[4,1,2,3,5]]","B"
"True","True","20","True","B_o106_r13001","2","[[1,4,2,3,5],[4,1,2,3,5]]","B"
"True","True","21","True","B_o106_r13002","1","[[1,4,2,3,5]]","B"
"True","True","21","True","B_o106_r13005","2","[[1,4,3,2,5],[4,1,3,2,5]]","B"
"True","True","22","True","B_o106_r13006","2","[[1,3,4,2,5],[3,1,4,2,5]]","B"
"True","True","21","True","B_o106_r13007","2","[[1,4,3,2,5],[4,1,3,2,5]]","B"
"True","True","22","True","B_o106_r13008","1","[[1,4,3,2,5]]","B"
"True","True","21","True","B_o106_r13025","1","[[4,1,2,3,5]]","B"
"True","True","21","True","B_o106_r13026","1","[[4,1,2,3,5]]","B"
"True","True","22","True","B_o106_r13031","1","[[4,1,3,2,5]]","B"
"True","True","22","True","B_o106_r13032","1","[[4,1,3,2,5]]","B"
"True","True","19","True","B_o106_r13037","1","[[2,4,1,3,5]]","B"
"True","True","19","True","B_o106_r13038","1","[[2,4,1,3,5]]","B"
"True","True","21","True","B_o106_r13043","2","[[2,4,1,3,5],[4,2,1,3,5]]","B"
"True","True","21","True","B_o106_r13044","1","[[2,4,1,3,5]]","B"
"True","True","21","True","B_o106_r13049","1","[[4,2,1,3,5]]","B"
"True","True","21","True","B_o106_r13050","1","[[4,2,1,3,5]]","B"
"True","True","13","True","B_o107_r13081","4","[[1,2,3,4,5],[1,3,2,4,5],[2,1,3,4,5],[3,1,2,4,5]]","B"
"True","True","14","True","B_o107_r13082","4","[[1,2,3,4,5],[1,3,2,4,5],[2,1,3,4,5],[3,1,2,4,5]]","B"
"True","True","14","True","B_o107_r13083","2","[[1,2,4,3,5],[2,1,4,3,5]]","B"
"True","True","16","True","B_o107_r13084","4","[[1,2,3,4,5],[1,3,2,4,5],[2,1,3,4,5],[3,1,2,4,5]]","B"
"True","True","15","True","B_o107_r13085","2","[[1,2,4,3,5],[2,1,4,3,5]]","B"
"True","True","16","True","B_o107_r13086","2","[[1,2,4,3,5],[2,1,4,3,5]]","B"
"True","True","15","True","B_o107_r13089","1","[[1,4,2,3,5]]","B"
"True","True","18","True","B_o107_r13090","4","[[1,2,3,4,5],[1,3,2,4,5],[2,1,3,4,5],[3,1,2,4,5]]","B"
"True","True","16","True","B_o107_r13091","1","[[1,4,2,3,5]]","B"
"True","True","18","True","B_o107_r13092","2","[[1,2,4,3,5],[2,1,4,3,5]]","B"
"True","True","16","True","B_o107_r13095","1","[[1,4,2,3,5]]","B"
"True","True","17","True","B_o107_r13097","1","[[1,4,2,3,5]]","B"
"True","True","18","True","B_o107_r13098","1","[[1,4,2,3,5]]","B"
"True","True","17","True","B_o107_r13099","2","[[1,3,4,2,5],[3,1,4,2,5]]","B"
"True","True","17","True","B_o107_r13100","2","[[1,3,4,2,5],[3,1,4,2,5]]","B"
"True","True","18","True","B_o107_r13101","1","[[1,4,3,2,5]]","B"
"True","True","19","True","B_o107_r13102","2","[[1,3,4,2,5],[3,1,4,2,5]]","B"
"True","True","18","True","B_o107_r13103","1","[[1,4,3,2,5]]","B"
"True","True","19","True","B_o107_r13104","1","[[1,4,3,2,5]]","B"
"True","True","17","True","B_o107_r13113","2","[[1,4,2,3,5],[4,1,2,3,5]]","B"
"True","True","20","True","B_o107_r13114","6","[[1,2,3,4,5],[1,3,2,4,5],[2,1,3,4,5],[2,3,1,4,5],[3,1,2,4,5],[3,2,1,4,5]]","B"
"True","True","18","True","B_o107_r13115","2","[[1,4,2,3,5],[4,1,2,3,5]]","B"
"True","True","20","True","B_o107_r13116","2","[[1,2,4,3,5],[2,1,4,3,5]]","B"
"True","True","18","True","B_o107_r13119","2","[[1,4,2,3,5],[4,1,2,3,5]]","B"
"True","True","19","True","B_o107_r13121","2","[[1,4,2,3,5],[4,1,2,3,5]]","B"
"True","True","20","True","B_o107_r13122","1","[[1,4,2,3,5]]","B"
"True","True","20","True","B_o107_r13125","2","[[1,4,3,2,5],[4,1,3,2,5]]","B"
"True","True","21","True","B_o107_r13126","2","[[1,3,4,2,5],[3,1,4,2,5]]","B"
"True","True","20","True","B_o107_r13127","2","[[1,4,3,2,5],[4,1,3,2,5]]","B"
"True","True","21","True","B_o107_r13128","1","[[1,4,3,2,5]]","B"
"True","True","20","True","B_o107_r13145","1","[[4,1,2,3,5]]","B"
"True","True","20","True","B_o107_r13146","1","[[4,1,2,3,5]]","B"
"True","True","21","True","B_o107_r13151","1","[[4,1,3,2,5]]","B"
"True","True","21","True","B_o107_r13152","1","[[4,1,3,2,5]]","B"
"True","True","18","True","B_o107_r13157","1","[[2,4,1,3,5]]","B"
"True","True","18","True","B_o107_r13158","1","[[2,4,1,3,5]]","B"
"True","True","20","True","B_o107_r13163","2","[[2,4,1,3,5],[4,2,1,3,5]]","B"
"True","True","20","True","B_o107_r13164","1","[[2,4,1,3,5]]","B"
"True","True","20","True","B_o107_r13169","1","[[4,2,1,3,5]]","B"
"True","True","20","True","B_o107_r13170","1","[[4,2,1,3,5]]","B"
"True","True","18","True","B_o107_r13177","1","[[2,3,4,1,5]]","B"
"True","True","18","True","B_o107_r13178","1","[[2,3,4,1,5]]","B"
"True","True","20","True","B_o107_r13180","1","[[2,3,4,1,5]]","B"
"True","True","20","True","B_o107_r13181","1","[[2,4,3,1,5]]","B"
"True","True","20","True","B_o107_r13182","1","[[2,4,3,1,5]]","B"
"True","True","18","True","B_o107_r13183","1","[[3,2,4,1,5]]","B"
"True","True","18","True","B_o107_r13184","1","[[3,2,4,1,5]]","B"
"True","True","22","True","B_o107_r13186","2","[[2,3,4,1,5],[3,2,4,1,5]]","B"
"True","True","22","True","B_o107_r13187","2","[[2,4,3,1,5],[4,2,3,1,5]]","B"
"True","True","22","True","B_o107_r13188","1","[[2,4,3,1,5]]","B"
"True","True","20","True","B_o107_r13189","1","[[3,2,4,1,5]]","B"
"True","True","20","True","B_o107_r13190","1","[[3,2,4,1,5]]","B"
"True","True","22","True","B_o107_r13193","1","[[4,2,3,1,5]]","B"
"True","True","22","True","B_o107_r13194","1","[[4,2,3,1,5]]","B"
"True","True","11","True","B_o108_r13201","4","[[1,2,3,4,5],[1,3,2,4,5],[2,1,3,4,5],[3,1,2,4,5]]","B"
"True","True","14","True","B_o108_r13202","4","[[1,2,3,4,5],[1,3,2,4,5],[2,1,3,4,5],[3,1,2,4,5]]","B"
"True","True","12","True","B_o108_r13203","2","[[1,2,4,3,5],[2,1,4,3,5]]","B"
"True","True","16","True","B_o108_r13204","4","[[1,2,3,4,5],[1,3,2,4,5],[2,1,3,4,5],[3,1,2,4,5]]","B"
"True","True","15","True","B_o108_r13205","2","[[1,2,4,3,5],[2,1,4,3,5]]","B"
"True","True","16","True","B_o108_r13206","2","[[1,2,4,3,5],[2,1,4,3,5]]","B"
"True","True","13","True","B_o108_r13209","1","[[1,4,2,3,5]]","B"
"True","True","18","True","B_o108_r13210","4","[[1,2,3,4,5],[1,3,2,4,5],[2,1,3,4,5],[3,1,2,4,5]]","B"
"True","True","16","True","B_o108_r13211","1","[[1,4,2,3,5]]","B"
"True","True","18","True","B_o108_r13212","2","[[1,2,4,3,5],[2,1,4,3,5]]","B"
"True","True","14","True","B_o108_r13215","1","[[1,4,2,3,5]]","B"
"True","True","17","True","B_o108_r13217","1","[[1,4,2,3,5]]","B"
"True","True","18","True","B_o108_r13218","1","[[1,4,2,3,5]]","B"
"True","True","17","True","B_o108_r13219","2","[[1,3,4,2,5],[3,1,4,2,5]]","B"
"True","True","17","True","B_o108_r13220","2","[[1,3,4,2,5],[3,1,4,2,5]]","B"
"True","True","18","True","B_o108_r13221","1","[[1,4,3,2,5]]","B"
"True","True","19","True","B_o108_r13222","2","[[1,3,4,2,5],[3,1,4,2,5]]","B"
"True","True","18","True","B_o108_r13223","1","[[1,4,3,2,5]]","B"
"True","True","19","True","B_o108_r13224","1","[[1,4,3,2,5]]","B"
"True","True","15","True","B_o108_r13233","2","[[1,4,2,3,5],[4,1,2,3,5]]","B"
"True","True","20","True","B_o108_r13234","6","[[1,2,3,4,5],[1,3,2,4,5],[2,1,3,4,5],[2,3,1,4,5],[3,1,2,4,5],[3,2,1,4,5]]","B"
"True","True","18","True","B_o108_r13235","2","[[1,4,2,3,5],[4,1,2,3,5]]","B"
"True","True","20","True","B_o108_r13236","2","[[1,2,4,3,5],[2,1,4,3,5]]","B"
"True","True","16","True","B_o108_r13239","2","[[1,4,2,3,5],[4,1,2,3,5]]","B"
"True","True","19","True","B_o108_r13241","2","[[1,4,2,3,5],[4,1,2,3,5]]","B"
"True","True","20","True","B_o108_r13242","1","[[1,4,2,3,5]]","B"
"True","True","20","True","B_o108_r13245","2","[[1,4,3,2,5],[4,1,3,2,5]]","B"
"True","True","21","True","B_o108_r13246","2","[[1,3,4,2,5],[3,1,4,2,5]]","B"
"True","True","20","True","B_o108_r13247","2","[[1,4,3,2,5],[4,1,3,2,5]]","B"
"True","True","21","True","B_o108_r13248","1","[[1,4,3,2,5]]","B"
"True","True","20","True","B_o108_r13265","1","[[4,1,2,3,5]]","B"
"True","True","20","True","B_o108_r13266","1","[[4,1,2,3,5]]","B"
"True","True","21","True","B_o108_r13271","1","[[4,1,3,2,5]]","B"
"True","True","21","True","B_o108_r13272","1","[[4,1,3,2,5]]","B"
"True","True","18","True","B_o108_r13277","1","[[2,4,1,3,5]]","B"
"True","True","18","True","B_o108_r13278","1","[[2,4,1,3,5]]","B"
"True","True","20","True","B_o108_r13283","2","[[2,4,1,3,5],[4,2,1,3,5]]","B"
"True","True","20","True","B_o108_r13284","1","[[2,4,1,3,5]]","B"
"True","True","20","True","B_o108_r13289","1","[[4,2,1,3,5]]","B"
"True","True","20","True","B_o108_r13290","1","[[4,2,1,3,5]]","B"
"True","True","18","True","B_o108_r13297","1","[[2,3,4,1,5]]","B"
"True","True","18","True","B_o108_r13298","1","[[2,3,4,1,5]]","B"
"True","True","20","True","B_o108_r13300","1","[[2,3,4,1,5]]","B"
"True","True","20","True","B_o108_r13301","1","[[2,4,3,1,5]]","B"
"True","True","20","True","B_o108_r13302","1","[[2,4,3,1,5]]","B"
"True","True","18","True","B_o108_r13303","1","[[3,2,4,1,5]]","B"
"True","True","18","True","B_o108_r13304","1","[[3,2,4,1,5]]","B"
"True","True","22","True","B_o108_r13306","2","[[2,3,4,1,5],[3,2,4,1,5]]","B"
"True","True","22","True","B_o108_r13307","2","[[2,4,3,1,5],[4,2,3,1,5]]","B"
"True","True","22","True","B_o108_r13308","1","[[2,4,3,1,5]]","B"
"True","True","20","True","B_o108_r13309","1","[[3,2,4,1,5]]","B"
"True","True","20","True","B_o108_r13310","1","[[3,2,4,1,5]]","B"
"True","True","22","True","B_o108_r13313","1","[[4,2,3,1,5]]","B"
"True","True","22","True","B_o108_r13314","1","[[4,2,3,1,5]]","B"
"True","True","11","True","B_o109_r13321","4","[[1,2,3,4,5],[1,3,2,4,5],[2,1,3,4,5],[3,1,2,4,5]]","B"
"True","True","12","True","B_o109_r13322","4","[[1,2,3,4,5],[1,3,2,4,5],[2,1,3,4,5],[3,1,2,4,5]]","B"
"True","True","12","True","B_o109_r13323","2","[[1,2,4,3,5],[2,1,4,3,5]]","B"
"True","True","16","True","B_o109_r13324","4","[[1,2,3,4,5],[1,3,2,4,5],[2,1,3,4,5],[3,1,2,4,5]]","B"
"True","True","13","True","B_o109_r13325","2","[[1,2,4,3,5],[2,1,4,3,5]]","B"
"True","True","16","True","B_o109_r13326","2","[[1,2,4,3,5],[2,1,4,3,5]]","B"
"True","True","13","True","B_o109_r13329","1","[[1,4,2,3,5]]","B"
"True","True","18","True","B_o109_r13330","4","[[1,2,3,4,5],[1,3,2,4,5],[2,1,3,4,5],[3,1,2,4,5]]","B"
"True","True","14","True","B_o109_r13331","1","[[1,4,2,3,5]]","B"
"True","True","18","True","B_o109_r13332","2","[[1,2,4,3,5],[2,1,4,3,5]]","B"
"True","True","14","True","B_o109_r13333","2","[[1,3,4,2,5],[3,1,4,2,5]]","B"
"True","True","15","True","B_o109_r13335","1","[[1,4,3,2,5]]","B"
"True","True","17","True","B_o109_r13337","1","[[1,4,2,3,5]]","B"
"True","True","18","True","B_o109_r13338","1","[[1,4,2,3,5]]","B"
"True","True","15","True","B_o109_r13339","2","[[1,3,4,2,5],[3,1,4,2,5]]","B"
"True","True","16","True","B_o109_r13340","2","[[1,3,4,2,5],[3,1,4,2,5]]","B"
"True","True","16","True","B_o109_r13341","1","[[1,4,3,2,5]]","B"
"True","True","18","True","B_o109_r13342","2","[[1,3,4,2,5],[3,1,4,2,5]]","B"
"True","True","17","True","B_o109_r13343","1","[[1,4,3,2,5]]","B"
"True","True","18","True","B_o109_r13344","1","[[1,4,3,2,5]]","B"
"True","True","15","True","B_o109_r13353","2","[[1,4,2,3,5],[4,1,2,3,5]]","B"
"True","True","20","True","B_o109_r13354","6","[[1,2,3,4,5],[1,3,2,4,5],[2,1,3,4,5],[2,3,1,4,5],[3,1,2,4,5],[3,2,1,4,5]]","B"
"True","True","16","True","B_o109_r13355","2","[[1,4,2,3,5],[4,1,2,3,5]]","B"
"True","True","20","True","B_o109_r13356","2","[[1,2,4,3,5],[2,1,4,3,5]]","B"
"True","True","17","True","B_o109_r13359","2","[[1,4,3,2,5],[4,1,3,2,5]]","B"
"True","True","19","True","B_o109_r13361","2","[[1,4,2,3,5],[4,1,2,3,5]]","B"
"True","True","20","True","B_o109_r13362","1","[[1,4,2,3,5]]","B"
"True","True","18","True","B_o109_r13365","2","[[1,4,3,2,5],[4,1,3,2,5]]","B"
"True","True","20","True","B_o109_r13366","2","[[1,3,4,2,5],[3,1,4,2,5]]","B"
"True","True","19","True","B_o109_r13367","2","[[1,4,3,2,5],[4,1,3,2,5]]","B"
"True","True","20","True","B_o109_r13368","1","[[1,4,3,2,5]]","B"
"True","True","20","True","B_o109_r13385","1","[[4,1,2,3,5]]","B"
"True","True","20","True","B_o109_r13386","1","[[4,1,2,3,5]]","B"
"True","True","20","True","B_o109_r13391","1","[[4,1,3,2,5]]","B"
"True","True","20","True","B_o109_r13392","1","[[4,1,3,2,5]]","B"
"True","True","18","True","B_o109_r13397","1","[[2,4,1,3,5]]","B"
"True","True","18","True","B_o109_r13398","1","[[2,4,1,3,5]]","B"
"True","True","20","True","B_o109_r13403","2","[[2,4,1,3,5],[4,2,1,3,5]]","B"
"True","True","20","True","B_o109_r13404","1","[[2,4,1,3,5]]","B"
"True","True","20","True","B_o109_r13409","1","[[4,2,1,3,5]]","B"
"True","True","20","True","B_o109_r13410","1","[[4,2,1,3,5]]","B"
"True","True","20","True","B_o109_r13411","1","[[3,4,1,2,5]]","B"
"True","True","20","True","B_o109_r13412","1","[[3,4,1,2,5]]","B"
"True","True","22","True","B_o109_r13413","2","[[3,4,1,2,5],[4,3,1,2,5]]","B"
"True","True","22","True","B_o109_r13414","1","[[3,4,1,2,5]]","B"
"True","True","22","True","B_o109_r13415","1","[[4,3,1,2,5]]","B"
"True","True","22","True","B_o109_r13416","1","[[4,3,1,2,5]]","B"
"True","True","16","True","B_o109_r13417","1","[[2,3,4,1,5]]","B"
"True","True","16","True","B_o109_r13418","1","[[2,3,4,1,5]]","B"
"True","True","18","True","B_o109_r13420","1","[[2,3,4,1,5]]","B"
"True","True","18","True","B_o109_r13421","1","[[2,4,3,1,5]]","B"
"True","True","18","True","B_o109_r13422","1","[[2,4,3,1,5]]","B"
"True","True","16","True","B_o109_r13423","1","[[3,2,4,1,5]]","B"
"True","True","16","True","B_o109_r13424","1","[[3,2,4,1,5]]","B"
"True","True","20","True","B_o109_r13426","2","[[2,3,4,1,5],[3,2,4,1,5]]","B"
"True","True","20","True","B_o109_r13427","2","[[2,4,3,1,5],[4,2,3,1,5]]","B"
"True","True","20","True","B_o109_r13428","1","[[2,4,3,1,5]]","B"
"True","True","18","True","B_o109_r13429","1","[[3,2,4,1,5]]","B"
"True","True","18","True","B_o109_r13430","1","[[3,2,4,1,5]]","B"
"True","True","20","True","B_o109_r13433","1","[[4,2,3,1,5]]","B"
"True","True","20","True","B_o109_r13434","1","[[4,2,3,1,5]]","B"
"True","True","20","True","B_o109_r13435","1","[[3,4,2,1,5]]","B"
"True","True","20","True","B_o109_r13436","1","[[3,4,2,1,5]]","B"
"True","True","22","True","B_o109_r13437","2","[[3,4,2,1,5],[4,3,2,1,5]]","B"
"True","True","22","True","B_o109_r13438","1","[[3,4,2,1,5]]","B"
"True","True","22","True","B_o109_r13439","1","[[4,3,2,1,5]]","B"
"True","True","22","True","B_o109_r13440","1","[[4,3,2,1,5]]","B"
"True","True","9","True","B_o110_r13441","4","[[1,2,3,4,5],[1,3,2,4,5],[2,1,3,4,5],[3,1,2,4,5]]","B"
"True","True","12","True","B_o110_r13442","4","[[1,2,3,4,5],[1,3,2,4,5],[2,1,3,4,5],[3,1,2,4,5]]","B"
"True","True","10","True","B_o110_r13443","2","[[1,2,4,3,5],[2,1,4,3,5]]","B"
"True","True","16","True","B_o110_r13444","4","[[1,2,3,4,5],[1,3,2,4,5],[2,1,3,4,5],[3,1,2,4,5]]","B"
"True","True","13","True","B_o110_r13445","2","[[1,2,4,3,5],[2,1,4,3,5]]","B"
"True","True","16","True","B_o110_r13446","2","[[1,2,4,3,5],[2,1,4,3,5]]","B"
"True","True","11","True","B_o110_r13449","1","[[1,4,2,3,5]]","B"
"True","True","18","True","B_o110_r13450","4","[[1,2,3,4,5],[1,3,2,4,5],[2,1,3,4,5],[3,1,2,4,5]]","B"
"True","True","14","True","B_o110_r13451","1","[[1,4,2,3,5]]","B"
"True","True","18","True","B_o110_r13452","2","[[1,2,4,3,5],[2,1,4,3,5]]","B"
"True","True","12","True","B_o110_r13453","2","[[1,3,4,2,5],[3,1,4,2,5]]","B"
"True","True","13","True","B_o110_r13455","1","[[1,4,3,2,5]]","B"
"True","True","17","True","B_o110_r13457","1","[[1,4,2,3,5]]","B"
"True","True","18","True","B_o110_r13458","1","[[1,4,2,3,5]]","B"
"True","True","15","True","B_o110_r13459","2","[[1,3,4,2,5],[3,1,4,2,5]]","B"
"True","True","16","True","B_o110_r13460","2","[[1,3,4,2,5],[3,1,4,2,5]]","B"
"True","True","16","True","B_o110_r13461","1","[[1,4,3,2,5]]","B"
"True","True","18","True","B_o110_r13462","2","[[1,3,4,2,5],[3,1,4,2,5]]","B"
"True","True","17","True","B_o110_r13463","1","[[1,4,3,2,5]]","B"
"True","True","18","True","B_o110_r13464","1","[[1,4,3,2,5]]","B"
"True","True","13","True","B_o110_r13473","2","[[1,4,2,3,5],[4,1,2,3,5]]","B"
"True","True","20","True","B_o110_r13474","6","[[1,2,3,4,5],[1,3,2,4,5],[2,1,3,4,5],[2,3,1,4,5],[3,1,2,4,5],[3,2,1,4,5]]","B"
"True","True","16","True","B_o110_r13475","2","[[1,4,2,3,5],[4,1,2,3,5]]","B"
"True","True","20","True","B_o110_r13476","2","[[1,2,4,3,5],[2,1,4,3,5]]","B"
"True","True","15","True","B_o110_r13479","2","[[1,4,3,2,5],[4,1,3,2,5]]","B"
"True","True","19","True","B_o110_r13481","2","[[1,4,2,3,5],[4,1,2,3,5]]","B"
"True","True","20","True","B_o110_r13482","1","[[1,4,2,3,5]]","B"
"True","True","18","True","B_o110_r13485","2","[[1,4,3,2,5],[4,1,3,2,5]]","B"
"True","True","20","True","B_o110_r13486","2","[[1,3,4,2,5],[3,1,4,2,5]]","B"
"True","True","19","True","B_o110_r13487","2","[[1,4,3,2,5],[4,1,3,2,5]]","B"
"True","True","20","True","B_o110_r13488","1","[[1,4,3,2,5]]","B"
"True","True","20","True","B_o110_r13505","1","[[4,1,2,3,5]]","B"
"True","True","20","True","B_o110_r13506","1","[[4,1,2,3,5]]","B"
"True","True","20","True","B_o110_r13511","1","[[4,1,3,2,5]]","B"
"True","True","20","True","B_o110_r13512","1","[[4,1,3,2,5]]","B"
"True","True","18","True","B_o110_r13517","1","[[2,4,1,3,5]]","B"
"True","True","18","True","B_o110_r13518","1","[[2,4,1,3,5]]","B"
"True","True","20","True","B_o110_r13523","2","[[2,4,1,3,5],[4,2,1,3,5]]","B"
"True","True","20","True","B_o110_r13524","1","[[2,4,1,3,5]]","B"
"True","True","20","True","B_o110_r13529","1","[[4,2,1,3,5]]","B"
"True","True","20","True","B_o110_r13530","1","[[4,2,1,3,5]]","B"
"True","True","20","True","B_o110_r13531","1","[[3,4,1,2,5]]","B"
"True","True","20","True","B_o110_r13532","1","[[3,4,1,2,5]]","B"
"True","True","22","True","B_o110_r13533","2","[[3,4,1,2,5],[4,3,1,2,5]]","B"
"True","True","22","True","B_o110_r13534","1","[[3,4,1,2,5]]","B"
"True","True","22","True","B_o110_r13535","1","[[4,3,1,2,5]]","B"
"True","True","22","True","B_o110_r13536","1","[[4,3,1,2,5]]","B"
"True","True","16","True","B_o110_r13537","1","[[2,3,4,1,5]]","B"
"True","True","16","True","B_o110_r13538","1","[[2,3,4,1,5]]","B"
"True","True","18","True","B_o110_r13540","1","[[2,3,4,1,5]]","B"
"True","True","18","True","B_o110_r13541","1","[[2,4,3,1,5]]","B"
"True","True","18","True","B_o110_r13542","1","[[2,4,3,1,5]]","B"
"True","True","16","True","B_o110_r13543","1","[[3,2,4,1,5]]","B"
"True","True","16","True","B_o110_r13544","1","[[3,2,4,1,5]]","B"
"True","True","20","True","B_o110_r13546","2","[[2,3,4,1,5],[3,2,4,1,5]]","B"
"True","True","20","True","B_o110_r13547","2","[[2,4,3,1,5],[4,2,3,1,5]]","B"
"True","True","20","True","B_o110_r13548","1","[[2,4,3,1,5]]","B"
"True","True","18","True","B_o110_r13549","1","[[3,2,4,1,5]]","B"
"True","True","18","True","B_o110_r13550","1","[[3,2,4,1,5]]","B"
"True","True","20","True","B_o110_r13553","1","[[4,2,3,1,5]]","B"
"True","True","20","True","B_o110_r13554","1","[[4,2,3,1,5]]","B"
"True","True","20","True","B_o110_r13555","1","[[3,4,2,1,5]]","B"
"True","True","20","True","B_o110_r13556","1","[[3,4,2,1,5]]","B"
"True","True","22","True","B_o110_r13557","2","[[3,4,2,1,5],[4,3,2,1,5]]","B"
"True","True","22","True","B_o110_r13558","1","[[3,4,2,1,5]]","B"
"True","True","22","True","B_o110_r13559","1","[[4,3,2,1,5]]","B"
"True","True","22","True","B_o110_r13560","1","[[4,3,2,1,5]]","B"
"True","True","8","True","B_o111_r13561","4","[[1,2,3,4,5],[1,3,2,4,5],[2,1,3,4,5],[3,1,2,4,5]]","B"
"True","True","10","True","B_o111_r13562","4","[[1,2,3,4,5],[1,3,2,4,5],[2,1,3,4,5],[3,1,2,4,5]]","B"
"True","True","9","True","B_o111_r13563","2","[[1,2,4,3,5],[2,1,4,3,5]]","B"
"True","True","16","True","B_o111_r13564","8","[[1,2,3,4,5],[1,2,4,3,5],[1,2,5,3,4],[1,3,2,4,5],[2,1,3,4,5],[2,1,4,3,5],[2,1,5,3,4],[3,1,2,4,5]]","B"
"True","True","11","True","B_o111_r13565","2","[[1,2,4,3,5],[2,1,4,3,5]]","B"
"True","True","16","True","B_o111_r13566","8","[[1,2,3,4,5],[1,2,4,3,5],[1,2,5,3,4],[1,3,2,4,5],[2,1,3,4,5],[2,1,4,3,5],[2,1,5,3,4],[3,1,2,4,5]]","B"
"True","True","10","True","B_o111_r13569","1","[[1,4,2,3,5]]","B"
"True","True","18","True","B_o111_r13570","8","[[1,2,3,4,5],[1,2,4,3,5],[1,2,5,3,4],[1,3,2,4,5],[2,1,3,4,5],[2,1,4,3,5],[2,1,5,3,4],[3,1,2,4,5]]","B"
"True","True","12","True","B_o111_r13571","1","[[1,4,2,3,5]]","B"
"True","True","18","True","B_o111_r13572","8","[[1,2,3,4,5],[1,2,4,3,5],[1,2,5,3,4],[1,3,2,4,5],[2,1,3,4,5],[2,1,4,3,5],[2,1,5,3,4],[3,1,2,4,5]]","B"
"True","True","11","True","B_o111_r13573","2","[[1,3,4,2,5],[3,1,4,2,5]]","B"
"True","True","12","True","B_o111_r13575","1","[[1,4,3,2,5]]","B"
"True","True","17","True","B_o111_r13577","2","[[1,4,2,3,5],[1,4,3,2,5]]","B"
"True","True","18","True","B_o111_r13578","2","[[1,4,2,3,5],[1,4,3,2,5]]","B"
"True","True","13","True","B_o111_r13579","2","[[1,3,4,2,5],[3,1,4,2,5]]","B"
"True","True","14","True","B_o111_r13581","1","[[1,4,3,2,5]]","B"
"True","True","12","True","B_o111_r13593","2","[[1,4,2,3,5],[4,1,2,3,5]]","B"
"True","True","20","True","B_o111_r13594","10","[[1,2,3,4,5],[1,2,4,3,5],[1,2,5,3,4],[1,3,2,4,5],[2,1,3,4,5],[2,1,4,3,5],[2,1,5,3,4],[2,3,1,4,5],[3,1,2,4,5],[3,2,1,4,5]]","B"
"True","True","14","True","B_o111_r13595","2","[[1,4,2,3,5],[4,1,2,3,5]]","B"
"True","True","20","True","B_o111_r13596","10","[[1,2,3,4,5],[1,2,4,3,5],[1,2,5,3,4],[1,3,2,4,5],[2,1,3,4,5],[2,1,4,3,5],[2,1,5,3,4],[2,3,1,4,5],[3,1,2,4,5],[3,2,1,4,5]]","B"
"True","True","14","True","B_o111_r13599","2","[[1,4,3,2,5],[4,1,3,2,5]]","B"
"True","True","19","True","B_o111_r13601","4","[[1,4,2,3,5],[1,4,3,2,5],[4,1,2,3,5],[4,1,3,2,5]]","B"
"True","True","20","True","B_o111_r13602","2","[[1,4,2,3,5],[1,4,3,2,5]]","B"
"True","True","16","True","B_o111_r13605","2","[[1,4,3,2,5],[4,1,3,2,5]]","B"
"True","True","20","True","B_o111_r13625","2","[[4,1,2,3,5],[4,1,3,2,5]]","B"
"True","True","20","True","B_o111_r13626","2","[[4,1,2,3,5],[4,1,3,2,5]]","B"
"True","True","12","True","B_o111_r13633","1","[[2,3,4,1,5]]","B"
"True","True","18","True","B_o111_r13637","2","[[2,4,1,3,5],[2,4,3,1,5]]","B"
"True","True","18","True","B_o111_r13638","2","[[2,4,1,3,5],[2,4,3,1,5]]","B"
"True","True","12","True","B_o111_r13639","1","[[3,2,4,1,5]]","B"
"True","True","20","True","B_o111_r13643","4","[[2,4,1,3,5],[2,4,3,1,5],[4,2,1,3,5],[4,2,3,1,5]]","B"
"True","True","20","True","B_o111_r13644","2","[[2,4,1,3,5],[2,4,3,1,5]]","B"
"True","True","14","True","B_o111_r13645","1","[[3,2,4,1,5]]","B"
"True","True","20","True","B_o111_r13649","2","[[4,2,1,3,5],[4,2,3,1,5]]","B"
"True","True","20","True","B_o111_r13650","2","[[4,2,1,3,5],[4,2,3,1,5]]","B"
"True","True","20","True","B_o111_r13651","2","[[3,4,1,2,5],[3,4,2,1,5]]","B"
"True","True","20","True","B_o111_r13652","2","[[3,4,1,2,5],[3,4,2,1,5]]","B"
"True","True","22","True","B_o111_r13653","4","[[3,4,1,2,5],[3,4,2,1,5],[4,3,1,2,5],[4,3,2,1,5]]","B"
"True","True","22","True","B_o111_r13654","2","[[3,4,1,2,5],[3,4,2,1,5]]","B"
"True","True","22","True","B_o111_r13655","2","[[4,3,1,2,5],[4,3,2,1,5]]","B"
"True","True","22","True","B_o111_r13656","2","[[4,3,1,2,5],[4,3,2,1,5]]","B"
"True","True","14","True","B_o111_r13657","1","[[2,3,4,1,5]]","B"
"True","True","14","True","B_o111_r13663","1","[[3,2,4,1,5]]","B"
"True","True","16","True","B_o111_r13669","1","[[3,2,4,1,5]]","B"
"True","True","11","True","B_o112_r13681","4","[[1,2,3,4,5],[1,3,2,4,5],[2,1,3,4,5],[3,1,2,4,5]]","B"
"True","True","12","True","B_o112_r13682","4","[[1,2,3,4,5],[1,3,2,4,5],[2,1,3,4,5],[3,1,2,4,5]]","B"
"True","True","11","True","B_o112_r13683","2","[[1,2,4,3,5],[2,1,4,3,5]]","B"
"True","True","14","True","B_o112_r13684","4","[[1,2,3,4,5],[1,3,2,4,5],[2,1,3,4,5],[3,1,2,4,5]]","B"
"True","True","12","True","B_o112_r13685","2","[[1,2,4,3,5],[2,1,4,3,5]]","B"
"True","True","14","True","B_o112_r13686","2","[[1,2,4,3,5],[2,1,4,3,5]]","B"
"True","True","12","True","B_o112_r13689","1","[[1,4,2,3,5]]","B"
"True","True","18","True","B_o112_r13690","4","[[1,2,3,4,5],[1,3,2,4,5],[2,1,3,4,5],[3,1,2,4,5]]","B"
"True","True","13","True","B_o112_r13691","1","[[1,4,2,3,5]]","B"
"True","True","18","True","B_o112_r13692","3","[[1,2,4,3,5],[1,4,2,3,5],[2,1,4,3,5]]","B"
"True","True","12","True","B_o112_r13693","2","[[1,3,4,2,5],[3,1,4,2,5]]","B"
"True","True","13","True","B_o112_r13695","1","[[1,4,3,2,5]]","B"
"True","True","15","True","B_o112_r13697","1","[[1,4,2,3,5]]","B"
"True","True","13","True","B_o112_r13699","2","[[1,3,4,2,5],[3,1,4,2,5]]","B"
"True","True","14","True","B_o112_r13700","2","[[1,3,4,2,5],[3,1,4,2,5]]","B"
"True","True","14","True","B_o112_r13701","1","[[1,4,3,2,5]]","B"
"True","True","18","True","B_o112_r13702","2","[[1,3,4,2,5],[3,1,4,2,5]]","B"
"True","True","15","True","B_o112_r13703","1","[[1,4,3,2,5]]","B"
"True","True","18","True","B_o112_r13704","1","[[1,4,3,2,5]]","B"
"True","True","14","True","B_o112_r13713","2","[[1,4,2,3,5],[4,1,2,3,5]]","B"
"True","True","20","True","B_o112_r13714","6","[[1,2,3,4,5],[1,3,2,4,5],[2,1,3,4,5],[2,3,1,4,5],[3,1,2,4,5],[3,2,1,4,5]]","B"
"True","True","15","True","B_o112_r13715","2","[[1,4,2,3,5],[4,1,2,3,5]]","B"
"True","True","20","True","B_o112_r13716","3","[[1,2,4,3,5],[1,4,2,3,5],[2,1,4,3,5]]","B"
"True","True","15","True","B_o112_r13719","2","[[1,4,3,2,5],[4,1,3,2,5]]","B"
"True","True","17","True","B_o112_r13721","2","[[1,4,2,3,5],[4,1,2,3,5]]","B"
"True","True","16","True","B_o112_r13725","2","[[1,4,3,2,5],[4,1,3,2,5]]","B"
"True","True","20","True","B_o112_r13726","2","[[1,3,4,2,5],[3,1,4,2,5]]","B"
"True","True","17","True","B_o112_r13727","2","[[1,4,3,2,5],[4,1,3,2,5]]","B"
"True","True","20","True","B_o112_r13728","1","[[1,4,3,2,5]]","B"
"True","True","13","True","B_o112_r13731","1","[[2,4,1,3,5]]","B"
"True","True","14","True","B_o112_r13733","1","[[2,4,1,3,5]]","B"
"True","True","15","True","B_o112_r13737","2","[[2,4,1,3,5],[4,2,1,3,5]]","B"
"True","True","16","True","B_o112_r13739","2","[[2,4,1,3,5],[4,2,1,3,5]]","B"
"True","True","20","True","B_o112_r13745","2","[[4,1,2,3,5],[4,2,1,3,5]]","B"
"True","True","20","True","B_o112_r13746","2","[[4,1,2,3,5],[4,2,1,3,5]]","B"
"True","True","20","True","B_o112_r13751","1","[[4,1,3,2,5]]","B"
"True","True","20","True","B_o112_r13752","1","[[4,1,3,2,5]]","B"
"True","True","16","True","B_o112_r13757","1","[[2,4,1,3,5]]","B"
"True","True","18","True","B_o112_r13763","2","[[2,4,1,3,5],[4,2,1,3,5]]","B"
"True","True","18","True","B_o112_r13771","1","[[3,4,1,2,5]]","B"
"True","True","18","True","B_o112_r13772","1","[[3,4,1,2,5]]","B"
"True","True","20","True","B_o112_r13773","2","[[3,4,1,2,5],[4,3,1,2,5]]","B"
"True","True","20","True","B_o112_r13774","1","[[3,4,1,2,5]]","B"
"True","True","20","True","B_o112_r13775","1","[[4,3,1,2,5]]","B"
"True","True","20","True","B_o112_r13776","1","[[4,3,1,2,5]]","B"
"True","True","14","True","B_o112_r13777","1","[[2,3,4,1,5]]","B"
"True","True","14","True","B_o112_r13778","1","[[2,3,4,1,5]]","B"
"True","True","16","True","B_o112_r13779","1","[[2,4,3,1,5]]","B"
"True","True","18","True","B_o112_r13780","1","[[2,3,4,1,5]]","B"
"True","True","16","True","B_o112_r13781","1","[[2,4,3,1,5]]","B"
"True","True","18","True","B_o112_r13782","1","[[2,4,3,1,5]]","B"
"True","True","14","True","B_o112_r13783","1","[[3,2,4,1,5]]","B"
"True","True","14","True","B_o112_r13784","1","[[3,2,4,1,5]]","B"
"True","True","18","True","B_o112_r13785","2","[[2,4,3,1,5],[4,2,3,1,5]]","B"
"True","True","20","True","B_o112_r13786","2","[[2,3,4,1,5],[3,2,4,1,5]]","B"
"True","True","18","True","B_o112_r13787","2","[[2,4,3,1,5],[4,2,3,1,5]]","B"
"True","True","20","True","B_o112_r13788","1","[[2,4,3,1,5]]","B"
"True","True","18","True","B_o112_r13790","1","[[3,2,4,1,5]]","B"
"True","True","20","True","B_o112_r13793","1","[[4,2,3,1,5]]","B"
"True","True","20","True","B_o112_r13794","1","[[4,2,3,1,5]]","B"
"True","True","18","True","B_o112_r13795","1","[[3,4,2,1,5]]","B"
"True","True","18","True","B_o112_r13796","1","[[3,4,2,1,5]]","B"
"True","True","20","True","B_o112_r13797","2","[[3,4,2,1,5],[4,3,2,1,5]]","B"
"True","True","20","True","B_o112_r13798","1","[[3,4,2,1,5]]","B"
"True","True","20","True","B_o112_r13799","1","[[4,3,2,1,5]]","B"
"True","True","20","True","B_o112_r13800","1","[[4,3,2,1,5]]","B"
"True","True","9","True","B_o113_r13801","4","[[1,2,3,4,5],[1,3,2,4,5],[2,1,3,4,5],[3,1,2,4,5]]","B"
"True","True","12","True","B_o113_r13802","4","[[1,2,3,4,5],[1,3,2,4,5],[2,1,3,4,5],[3,1,2,4,5]]","B"
"True","True","9","True","B_o113_r13803","2","[[1,2,4,3,5],[2,1,4,3,5]]","B"
"True","True","14","True","B_o113_r13804","4","[[1,2,3,4,5],[1,3,2,4,5],[2,1,3,4,5],[3,1,2,4,5]]","B"
"True","True","12","True","B_o113_r13805","2","[[1,2,4,3,5],[2,1,4,3,5]]","B"
"True","True","14","True","B_o113_r13806","2","[[1,2,4,3,5],[2,1,4,3,5]]","B"
"True","True","10","True","B_o113_r13809","1","[[1,4,2,3,5]]","B"
"True","True","18","True","B_o113_r13810","4","[[1,2,3,4,5],[1,3,2,4,5],[2,1,3,4,5],[3,1,2,4,5]]","B"
"True","True","13","True","B_o113_r13811","1","[[1,4,2,3,5]]","B"
"True","True","18","True","B_o113_r13812","3","[[1,2,4,3,5],[1,4,2,3,5],[2,1,4,3,5]]","B"
"True","True","10","True","B_o113_r13813","2","[[1,3,4,2,5],[3,1,4,2,5]]","B"
"True","True","11","True","B_o113_r13815","1","[[1,4,3,2,5]]","B"
"True","True","15","True","B_o113_r13817","1","[[1,4,2,3,5]]","B"
"True","True","13","True","B_o113_r13819","2","[[1,3,4,2,5],[3,1,4,2,5]]","B"
"True","True","14","True","B_o113_r13820","2","[[1,3,4,2,5],[3,1,4,2,5]]","B"
"True","True","14","True","B_o113_r13821","1","[[1,4,3,2,5]]","B"
"True","True","18","True","B_o113_r13822","2","[[1,3,4,2,5],[3,1,4,2,5]]","B"
"True","True","15","True","B_o113_r13823","1","[[1,4,3,2,5]]","B"
"True","True","18","True","B_o113_r13824","1","[[1,4,3,2,5]]","B"
"True","True","12","True","B_o113_r13833","2","[[1,4,2,3,5],[4,1,2,3,5]]","B"
"True","True","20","True","B_o113_r13834","6","[[1,2,3,4,5],[1,3,2,4,5],[2,1,3,4,5],[2,3,1,4,5],[3,1,2,4,5],[3,2,1,4,5]]","B"
"True","True","15","True","B_o113_r13835","2","[[1,4,2,3,5],[4,1,2,3,5]]","B"
"True","True","20","True","B_o113_r13836","3","[[1,2,4,3,5],[1,4,2,3,5],[2,1,4,3,5]]","B"
"True","True","13","True","B_o113_r13839","2","[[1,4,3,2,5],[4,1,3,2,5]]","B"
"True","True","17","True","B_o113_r13841","2","[[1,4,2,3,5],[4,1,2,3,5]]","B"
"True","True","16","True","B_o113_r13845","2","[[1,4,3,2,5],[4,1,3,2,5]]","B"
"True","True","20","True","B_o113_r13846","2","[[1,3,4,2,5],[3,1,4,2,5]]","B"
"True","True","17","True","B_o113_r13847","2","[[1,4,3,2,5],[4,1,3,2,5]]","B"
"True","True","20","True","B_o113_r13848","1","[[1,4,3,2,5]]","B"
"True","True","11","True","B_o113_r13851","1","[[2,4,1,3,5]]","B"
"True","True","14","True","B_o113_r13853","1","[[2,4,1,3,5]]","B"
"True","True","13","True","B_o113_r13857","2","[[2,4,1,3,5],[4,2,1,3,5]]","B"
"True","True","16","True","B_o113_r13859","2","[[2,4,1,3,5],[4,2,1,3,5]]","B"
"True","True","20","True","B_o113_r13865","2","[[4,1,2,3,5],[4,2,1,3,5]]","B"
"True","True","20","True","B_o113_r13866","2","[[4,1,2,3,5],[4,2,1,3,5]]","B"
"True","True","20","True","B_o113_r13871","1","[[4,1,3,2,5]]","B"
"True","True","20","True","B_o113_r13872","1","[[4,1,3,2,5]]","B"
"True","True","16","True","B_o113_r13877","1","[[2,4,1,3,5]]","B"
"True","True","18","True","B_o113_r13883","2","[[2,4,1,3,5],[4,2,1,3,5]]","B"
"True","True","18","True","B_o113_r13891","1","[[3,4,1,2,5]]","B"
"True","True","18","True","B_o113_r13892","1","[[3,4,1,2,5]]","B"
"True","True","20","True","B_o113_r13893","2","[[3,4,1,2,5],[4,3,1,2,5]]","B"
"True","True","20","True","B_o113_r13894","1","[[3,4,1,2,5]]","B"
"True","True","20","True","B_o113_r13895","1","[[4,3,1,2,5]]","B"
"True","True","20","True","B_o113_r13896","1","[[4,3,1,2,5]]","B"
"True","True","14","True","B_o113_r13897","1","[[2,3,4,1,5]]","B"
"True","True","14","True","B_o113_r13898","1","[[2,3,4,1,5]]","B"
"True","True","16","True","B_o113_r13899","1","[[2,4,3,1,5]]","B"
"True","True","18","True","B_o113_r13900","1","[[2,3,4,1,5]]","B"
"True","True","16","True","B_o113_r13901","1","[[2,4,3,1,5]]","B"
"True","True","18","True","B_o113_r13902","1","[[2,4,3,1,5]]","B"
"True","True","14","True","B_o113_r13903","1","[[3,2,4,1,5]]","B"
"True","True","14","True","B_o113_r13904","1","[[3,2,4,1,5]]","B"
"True","True","18","True","B_o113_r13905","2","[[2,4,3,1,5],[4,2,3,1,5]]","B"
"True","True","20","True","B_o113_r13906","2","[[2,3,4,1,5],[3,2,4,1,5]]","B"
"True","True","18","True","B_o113_r13907","2","[[2,4,3,1,5],[4,2,3,1,5]]","B"
"True","True","20","True","B_o113_r13908","1","[[2,4,3,1,5]]","B"
"True","True","18","True","B_o113_r13910","1","[[3,2,4,1,5]]","B"
"True","True","20","True","B_o113_r13913","1","[[4,2,3,1,5]]","B"
"True","True","20","True","B_o113_r13914","1","[[4,2,3,1,5]]","B"
"True","True","18","True","B_o113_r13915","1","[[3,4,2,1,5]]","B"
"True","True","18","True","B_o113_r13916","1","[[3,4,2,1,5]]","B"
"True","True","20","True","B_o113_r13917","2","[[3,4,2,1,5],[4,3,2,1,5]]","B"
"True","True","20","True","B_o113_r13918","1","[[3,4,2,1,5]]","B"
"True","True","20","True","B_o113_r13919","1","[[4,3,2,1,5]]","B"
"True","True","20","True","B_o113_r13920","1","[[4,3,2,1,5]]","B"
"True","True","8","True","B_o114_r13921","4","[[1,2,3,4,5],[1,3,2,4,5],[2,1,3,4,5],[3,1,2,4,5]]","B"
"True","True","10","True","B_o114_r13922","4","[[1,2,3,4,5],[1,3,2,4,5],[2,1,3,4,5],[3,1,2,4,5]]","B"
"True","True","8","True","B_o114_r13923","2","[[1,2,4,3,5],[2,1,4,3,5]]","B"
"True","True","14","True","B_o114_r13924","8","[[1,2,3,4,5],[1,2,4,3,5],[1,2,5,3,4],[1,3,2,4,5],[2,1,3,4,5],[2,1,4,3,5],[2,1,5,3,4],[3,1,2,4,5]]","B"
"True","True","10","True","B_o114_r13925","2","[[1,2,4,3,5],[2,1,4,3,5]]","B"
"True","True","14","True","B_o114_r13926","8","[[1,2,3,4,5],[1,2,4,3,5],[1,2,5,3,4],[1,3,2,4,5],[2,1,3,4,5],[2,1,4,3,5],[2,1,5,3,4],[3,1,2,4,5]]","B"
"True","True","9","True","B_o114_r13929","1","[[1,4,2,3,5]]","B"
"True","True","18","True","B_o114_r13930","9","[[1,2,3,4,5],[1,2,4,3,5],[1,2,5,3,4],[1,3,2,4,5],[1,4,2,3,5],[2,1,3,4,5],[2,1,4,3,5],[2,1,5,3,4],[3,1,2,4,5]]","B"
"True","True","11","True","B_o114_r13931","1","[[1,4,2,3,5]]","B"
"True","True","18","True","B_o114_r13932","9","[[1,2,3,4,5],[1,2,4,3,5],[1,2,5,3,4],[1,3,2,4,5],[1,4,2,3,5],[2,1,3,4,5],[2,1,4,3,5],[2,1,5,3,4],[3,1,2,4,5]]","B"
"True","True","9","True","B_o114_r13933","2","[[1,3,4,2,5],[3,1,4,2,5]]","B"
"True","True","10","True","B_o114_r13935","1","[[1,4,3,2,5]]","B"
"True","True","15","True","B_o114_r13937","2","[[1,4,2,3,5],[1,4,3,2,5]]","B"
"True","True","11","True","B_o114_r13939","2","[[1,3,4,2,5],[3,1,4,2,5]]","B"
"True","True","12","True","B_o114_r13941","1","[[1,4,3,2,5]]","B"
"True","True","11","True","B_o114_r13953","2","[[1,4,2,3,5],[4,1,2,3,5]]","B"
"True","True","20","True","B_o114_r13954","11","[[1,2,3,4,5],[1,2,4,3,5],[1,2,5,3,4],[1,3,2,4,5],[1,4,2,3,5],[2,1,3,4,5],[2,1,4,3,5],[2,1,5,3,4],[2,3,1,4,5],[3,1,2,4,5],[3,2,1,4,5]]","B"
"True","True","13","True","B_o114_r13955","2","[[1,4,2,3,5],[4,1,2,3,5]]","B"
"True","True","20","True","B_o114_r13956","11","[[1,2,3,4,5],[1,2,4,3,5],[1,2,5,3,4],[1,3,2,4,5],[1,4,2,3,5],[2,1,3,4,5],[2,1,4,3,5],[2,1,5,3,4],[2,3,1,4,5],[3,1,2,4,5],[3,2,1,4,5]]","B"
"True","True","12","True","B_o114_r13959","2","[[1,4,3,2,5],[4,1,3,2,5]]","B"
"True","True","17","True","B_o114_r13961","4","[[1,4,2,3,5],[1,4,3,2,5],[4,1,2,3,5],[4,1,3,2,5]]","B"
"True","True","14","True","B_o114_r13965","2","[[1,4,3,2,5],[4,1,3,2,5]]","B"
"True","True","10","True","B_o114_r13971","1","[[2,4,1,3,5]]","B"
"True","True","12","True","B_o114_r13973","1","[[2,4,1,3,5]]","B"
"True","True","12","True","B_o114_r13977","2","[[2,4,1,3,5],[4,2,1,3,5]]","B"
"True","True","14","True","B_o114_r13979","2","[[2,4,1,3,5],[4,2,1,3,5]]","B"
"True","True","20","True","B_o114_r13985","3","[[4,1,2,3,5],[4,1,3,2,5],[4,2,1,3,5]]","B"
"True","True","20","True","B_o114_r13986","3","[[4,1,2,3,5],[4,1,3,2,5],[4,2,1,3,5]]","B"
"True","True","10","True","B_o114_r13993","1","[[2,3,4,1,5]]","B"
"True","True","12","True","B_o114_r13995","1","[[2,4,3,1,5]]","B"
"True","True","16","True","B_o114_r13997","2","[[2,4,1,3,5],[2,4,3,1,5]]","B"
"True","True","10","True","B_o114_r13999","1","[[3,2,4,1,5]]","B"
"True","True","14","True","B_o114_r14001","2","[[2,4,3,1,5],[4,2,3,1,5]]","B"
"True","True","18","True","B_o114_r14003","4","[[2,4,1,3,5],[2,4,3,1,5],[4,2,1,3,5],[4,2,3,1,5]]","B"
"True","True","18","True","B_o114_r14011","2","[[3,4,1,2,5],[3,4,2,1,5]]","B"
"True","True","18","True","B_o114_r14012","2","[[3,4,1,2,5],[3,4,2,1,5]]","B"
"True","True","20","True","B_o114_r14013","4","[[3,4,1,2,5],[3,4,2,1,5],[4,3,1,2,5],[4,3,2,1,5]]","B"
"True","True","20","True","B_o114_r14014","2","[[3,4,1,2,5],[3,4,2,1,5]]","B"
"True","True","20","True","B_o114_r14015","2","[[4,3,1,2,5],[4,3,2,1,5]]","B"
"True","True","20","True","B_o114_r14016","2","[[4,3,1,2,5],[4,3,2,1,5]]","B"
"True","True","12","True","B_o114_r14017","1","[[2,3,4,1,5]]","B"
"True","True","14","True","B_o114_r14019","1","[[2,4,3,1,5]]","B"
"True","True","12","True","B_o114_r14023","1","[[3,2,4,1,5]]","B"
"True","True","16","True","B_o114_r14025","2","[[2,4,3,1,5],[4,2,3,1,5]]","B"
"True","True","8","True","B_o115_r14041","4","[[1,2,3,4,5],[1,3,2,4,5],[2,1,3,4,5],[3,1,2,4,5]]","B"
"True","True","10","True","B_o115_r14042","4","[[1,2,3,4,5],[1,3,2,4,5],[2,1,3,4,5],[3,1,2,4,5]]","B"
"True","True","8","True","B_o115_r14043","2","[[1,2,4,3,5],[2,1,4,3,5]]","B"
"True","True","12","True","B_o115_r14044","8","[[1,2,3,4,5],[1,2,4,3,5],[1,2,5,3,4],[1,3,2,4,5],[2,1,3,4,5],[2,1,4,3,5],[2,1,5,3,4],[3,1,2,4,5]]","B"
"True","True","10","True","B_o115_r14045","2","[[1,2,4,3,5],[2,1,4,3,5]]","B"
"True","True","12","True","B_o115_r14046","8","[[1,2,3,4,5],[1,2,4,3,5],[1,2,5,3,4],[1,3,2,4,5],[2,1,3,4,5],[2,1,4,3,5],[2,1,5,3,4],[3,1,2,4,5]]","B"
"True","True","9","True","B_o115_r14049","1","[[1,4,2,3,5]]","B"
"True","True","17","True","B_o115_r14050","1","[[1,5,2,3,4]]","B"
"True","True","11","True","B_o115_r14051","1","[[1,4,2,3,5]]","B"
"True","True","17","True","B_o115_r14052","1","[[1,5,2,3,4]]","B"
"True","True","8","True","B_o115_r14053","2","[[1,3,4,2,5],[3,1,4,2,5]]","B"
"True","True","9","True","B_o115_r14055","1","[[1,4,3,2,5]]","B"
"True","True","18","True","B_o115_r14056","8","[[1,2,3,4,5],[1,3,2,4,5],[1,3,4,2,5],[1,4,3,2,5],[1,5,2,3,4],[2,1,3,4,5],[3,1,2,4,5],[3,1,4,2,5]]","B"
"True","True","13","True","B_o115_r14057","2","[[1,4,2,3,5],[1,4,3,2,5]]","B"
"True","True","18","True","B_o115_r14058","7","[[1,2,4,3,5],[1,3,4,2,5],[1,4,2,3,5],[1,4,3,2,5],[1,5,2,3,4],[2,1,4,3,5],[3,1,4,2,5]]","B"
"True","True","10","True","B_o115_r14059","2","[[1,3,4,2,5],[3,1,4,2,5]]","B"
"True","True","11","True","B_o115_r14061","1","[[1,4,3,2,5]]","B"
"True","True","18","True","B_o115_r14062","7","[[1,2,3,4,5],[1,3,2,4,5],[1,3,4,2,5],[1,4,3,2,5],[2,1,3,4,5],[3,1,2,4,5],[3,1,4,2,5]]","B"
"True","True","18","True","B_o115_r14064","6","[[1,2,4,3,5],[1,3,4,2,5],[1,4,2,3,5],[1,4,3,2,5],[2,1,4,3,5],[3,1,4,2,5]]","B"
"True","True","11","True","B_o115_r14073","2","[[1,4,2,3,5],[4,1,2,3,5]]","B"
"True","True","19","True","B_o115_r14074","1","[[1,5,2,3,4]]","B"
"True","True","13","True","B_o115_r14075","2","[[1,4,2,3,5],[4,1,2,3,5]]","B"
"True","True","19","True","B_o115_r14076","1","[[1,5,2,3,4]]","B"
"True","True","11","True","B_o115_r14079","2","[[1,4,3,2,5],[4,1,3,2,5]]","B"
"True","True","20","True","B_o115_r14080","10","[[1,2,3,4,5],[1,3,2,4,5],[1,3,4,2,5],[1,4,3,2,5],[1,5,2,3,4],[2,1,3,4,5],[2,3,1,4,5],[3,1,2,4,5],[3,1,4,2,5],[3,2,1,4,5]]","B"
"True","True","15","True","B_o115_r14081","4","[[1,4,2,3,5],[1,4,3,2,5],[4,1,2,3,5],[4,1,3,2,5]]","B"
"True","True","20","True","B_o115_r14082","7","[[1,2,4,3,5],[1,3,4,2,5],[1,4,2,3,5],[1,4,3,2,5],[1,5,2,3,4],[2,1,4,3,5],[3,1,4,2,5]]","B"
"True","True","13","True","B_o115_r14085","2","[[1,4,3,2,5],[4,1,3,2,5]]","B"
"True","True","20","True","B_o115_r14086","9","[[1,2,3,4,5],[1,3,2,4,5],[1,3,4,2,5],[1,4,3,2,5],[2,1,3,4,5],[2,3,1,4,5],[3,1,2,4,5],[3,1,4,2,5],[3,2,1,4,5]]","B"
"True","True","20","True","B_o115_r14088","6","[[1,2,4,3,5],[1,3,4,2,5],[1,4,2,3,5],[1,4,3,2,5],[2,1,4,3,5],[3,1,4,2,5]]","B"
"True","True","10","True","B_o115_r14091","1","[[2,4,1,3,5]]","B"
"True","True","12","True","B_o115_r14093","1","[[2,4,1,3,5]]","B"
"True","True","12","True","B_o115_r14097","2","[[2,4,1,3,5],[4,2,1,3,5]]","B"
"True","True","14","True","B_o115_r14099","2","[[2,4,1,3,5],[4,2,1,3,5]]","B"
"True","True","12","True","B_o115_r14101","1","[[3,4,1,2,5]]","B"
"True","True","14","True","B_o115_r14103","2","[[3,4,1,2,5],[4,3,1,2,5]]","B"
"True","True","20","True","B_o115_r14105","4","[[4,1,2,3,5],[4,1,3,2,5],[4,2,1,3,5],[4,3,1,2,5]]","B"
"True","True","20","True","B_o115_r14106","4","[[4,1,2,3,5],[4,1,3,2,5],[4,2,1,3,5],[4,3,1,2,5]]","B"
"True","True","14","True","B_o115_r14107","1","[[3,4,1,2,5]]","B"
"True","True","16","True","B_o115_r14109","2","[[3,4,1,2,5],[4,3,1,2,5]]","B"
"True","True","8","True","B_o115_r14113","1","[[2,3,4,1,5]]","B"
"True","True","10","True","B_o115_r14115","1","[[2,4,3,1,5]]","B"
"True","True","14","True","B_o115_r14117","2","[[2,4,1,3,5],[2,4,3,1,5]]","B"
"True","True","8","True","B_o115_r14119","1","[[3,2,4,1,5]]","B"
"True","True","12","True","B_o115_r14121","2","[[2,4,3,1,5],[4,2,3,1,5]]","B"
"True","True","16","True","B_o115_r14123","4","[[2,4,1,3,5],[2,4,3,1,5],[4,2,1,3,5],[4,2,3,1,5]]","B"
"True","True","12","True","B_o115_r14125","1","[[3,4,2,1,5]]","B"
"True","True","14","True","B_o115_r14127","2","[[3,4,2,1,5],[4,3,2,1,5]]","B"
"True","True","16","True","B_o115_r14131","2","[[3,4,1,2,5],[3,4,2,1,5]]","B"
"True","True","18","True","B_o115_r14133","4","[[3,4,1,2,5],[3,4,2,1,5],[4,3,1,2,5],[4,3,2,1,5]]","B"
"True","True","10","True","B_o115_r14137","1","[[2,3,4,1,5]]","B"
"True","True","12","True","B_o115_r14139","1","[[2,4,3,1,5]]","B"
"True","True","10","True","B_o115_r14143","1","[[3,2,4,1,5]]","B"
"True","True","14","True","B_o115_r14145","2","[[2,4,3,1,5],[4,2,3,1,5]]","B"
"True","True","14","True","B_o115_r14149","1","[[3,4,2,1,5]]","B"
"True","True","16","True","B_o115_r14151","2","[[3,4,2,1,5],[4,3,2,1,5]]","B"
"True","True","11","True","B_o116_r14161","4","[[1,2,3,4,5],[1,3,2,4,5],[2,1,3,4,5],[3,1,2,4,5]]","B"
"True","True","12","True","B_o116_r14162","4","[[1,2,3,4,5],[1,3,2,4,5],[2,1,3,4,5],[3,1,2,4,5]]","B"
"True","True","11","True","B_o116_r14163","2","[[1,2,4,3,5],[2,1,4,3,5]]","B"
"True","True","14","True","B_o116_r14164","4","[[1,2,3,4,5],[1,3,2,4,5],[2,1,3,4,5],[3,1,2,4,5]]","B"
"True","True","12","True","B_o116_r14165","2","[[1,2,4,3,5],[2,1,4,3,5]]","B"
"True","True","14","True","B_o116_r14166","2","[[1,2,4,3,5],[2,1,4,3,5]]","B"
"True","True","11","True","B_o116_r14169","1","[[1,4,2,3,5]]","B"
"True","True","16","True","B_o116_r14170","4","[[1,2,3,4,5],[1,3,2,4,5],[2,1,3,4,5],[3,1,2,4,5]]","B"
"True","True","12","True","B_o116_r14171","1","[[1,4,2,3,5]]","B"
"True","True","16","True","B_o116_r14172","3","[[1,2,4,3,5],[1,4,2,3,5],[2,1,4,3,5]]","B"
"True","True","12","True","B_o116_r14173","2","[[1,3,4,2,5],[3,1,4,2,5]]","B"
"True","True","12","True","B_o116_r14175","1","[[1,4,3,2,5]]","B"
"True","True","14","True","B_o116_r14177","1","[[1,4,2,3,5]]","B"
"True","True","13","True","B_o116_r14179","2","[[1,3,4,2,5],[3,1,4,2,5]]","B"
"True","True","14","True","B_o116_r14180","2","[[1,3,4,2,5],[3,1,4,2,5]]","B"
"True","True","13","True","B_o116_r14181","1","[[1,4,3,2,5]]","B"
"True","True","16","True","B_o116_r14182","2","[[1,3,4,2,5],[3,1,4,2,5]]","B"
"True","True","14","True","B_o116_r14183","1","[[1,4,3,2,5]]","B"
"True","True","16","True","B_o116_r14184","1","[[1,4,3,2,5]]","B"
"True","True","13","True","B_o116_r14193","1","[[4,1,2,3,5]]","B"
"True","True","20","True","B_o116_r14194","6","[[1,2,3,4,5],[1,3,2,4,5],[2,1,3,4,5],[2,3,1,4,5],[3,1,2,4,5],[3,2,1,4,5]]","B"
"True","True","14","True","B_o116_r14195","1","[[4,1,2,3,5]]","B"
"True","True","20","True","B_o116_r14196","4","[[1,2,4,3,5],[1,4,2,3,5],[2,1,4,3,5],[4,1,2,3,5]]","B"
"True","True","14","True","B_o116_r14199","1","[[4,1,3,2,5]]","B"
"True","True","16","True","B_o116_r14201","1","[[4,1,2,3,5]]","B"
"True","True","15","True","B_o116_r14205","1","[[4,1,3,2,5]]","B"
"True","True","20","True","B_o116_r14206","2","[[1,3,4,2,5],[3,1,4,2,5]]","B"
"True","True","16","True","B_o116_r14207","1","[[4,1,3,2,5]]","B"
"True","True","20","True","B_o116_r14208","2","[[1,4,3,2,5],[4,1,3,2,5]]","B"
"True","True","11","True","B_o116_r14211","1","[[2,4,1,3,5]]","B"
"True","True","12","True","B_o116_r14213","1","[[2,4,1,3,5]]","B"
"True","True","13","True","B_o116_r14217","1","[[4,2,1,3,5]]","B"
"True","True","14","True","B_o116_r14219","1","[[4,2,1,3,5]]","B"
"True","True","18","True","B_o116_r14225","2","[[4,1,2,3,5],[4,2,1,3,5]]","B"
"True","True","18","True","B_o116_r14231","1","[[4,1,3,2,5]]","B"
"True","True","14","True","B_o116_r14237","1","[[2,4,1,3,5]]","B"
"True","True","16","True","B_o116_r14243","1","[[4,2,1,3,5]]","B"
"True","True","16","True","B_o116_r14251","1","[[3,4,1,2,5]]","B"
"True","True","16","True","B_o116_r14252","1","[[3,4,1,2,5]]","B"
"True","True","18","True","B_o116_r14253","1","[[4,3,1,2,5]]","B"
"True","True","20","True","B_o116_r14254","1","[[3,4,1,2,5]]","B"
"True","True","18","True","B_o116_r14255","1","[[4,3,1,2,5]]","B"
"True","True","20","True","B_o116_r14256","1","[[4,3,1,2,5]]","B"
"True","True","14","True","B_o116_r14257","1","[[2,3,4,1,5]]","B"
"True","True","14","True","B_o116_r14258","1","[[2,3,4,1,5]]","B"
"True","True","14","True","B_o116_r14259","1","[[2,4,3,1,5]]","B"
"True","True","16","True","B_o116_r14260","1","[[2,3,4,1,5]]","B"
"True","True","14","True","B_o116_r14261","1","[[2,4,3,1,5]]","B"
"True","True","16","True","B_o116_r14262","1","[[2,4,3,1,5]]","B"
"True","True","14","True","B_o116_r14263","1","[[3,2,4,1,5]]","B"
"True","True","14","True","B_o116_r14264","1","[[3,2,4,1,5]]","B"
"True","True","16","True","B_o116_r14265","1","[[4,2,3,1,5]]","B"
"True","True","20","True","B_o116_r14266","2","[[2,3,4,1,5],[3,2,4,1,5]]","B"
"True","True","16","True","B_o116_r14267","1","[[4,2,3,1,5]]","B"
"True","True","20","True","B_o116_r14268","2","[[2,4,3,1,5],[4,2,3,1,5]]","B"
"True","True","16","True","B_o116_r14270","1","[[3,2,4,1,5]]","B"
"True","True","18","True","B_o116_r14273","1","[[4,2,3,1,5]]","B"
"True","True","16","True","B_o116_r14275","1","[[3,4,2,1,5]]","B"
"True","True","16","True","B_o116_r14276","1","[[3,4,2,1,5]]","B"
"True","True","18","True","B_o116_r14277","1","[[4,3,2,1,5]]","B"
"True","True","20","True","B_o116_r14278","1","[[3,4,2,1,5]]","B"
"True","True","18","True","B_o116_r14279","1","[[4,3,2,1,5]]","B"
"True","True","20","True","B_o116_r14280","1","[[4,3,2,1,5]]","B"
"True","True","9","True","B_o117_r14281","4","[[1,2,3,4,5],[1,3,2,4,5],[2,1,3,4,5],[3,1,2,4,5]]","B"
"True","True","12","True","B_o117_r14282","4","[[1,2,3,4,5],[1,3,2,4,5],[2,1,3,4,5],[3,1,2,4,5]]","B"
"True","True","9","True","B_o117_r14283","2","[[1,2,4,3,5],[2,1,4,3,5]]","B"
"True","True","14","True","B_o117_r14284","4","[[1,2,3,4,5],[1,3,2,4,5],[2,1,3,4,5],[3,1,2,4,5]]","B"
"True","True","12","True","B_o117_r14285","2","[[1,2,4,3,5],[2,1,4,3,5]]","B"
"True","True","14","True","B_o117_r14286","2","[[1,2,4,3,5],[2,1,4,3,5]]","B"
"True","True","9","True","B_o117_r14289","1","[[1,4,2,3,5]]","B"
"True","True","16","True","B_o117_r14290","4","[[1,2,3,4,5],[1,3,2,4,5],[2,1,3,4,5],[3,1,2,4,5]]","B"
"True","True","12","True","B_o117_r14291","1","[[1,4,2,3,5]]","B"
"True","True","16","True","B_o117_r14292","3","[[1,2,4,3,5],[1,4,2,3,5],[2,1,4,3,5]]","B"
"True","True","10","True","B_o117_r14293","2","[[1,3,4,2,5],[3,1,4,2,5]]","B"
"True","True","10","True","B_o117_r14295","1","[[1,4,3,2,5]]","B"
"True","True","14","True","B_o117_r14297","1","[[1,4,2,3,5]]","B"
"True","True","13","True","B_o117_r14299","2","[[1,3,4,2,5],[3,1,4,2,5]]","B"
"True","True","14","True","B_o117_r14300","2","[[1,3,4,2,5],[3,1,4,2,5]]","B"
"True","True","13","True","B_o117_r14301","1","[[1,4,3,2,5]]","B"
"True","True","16","True","B_o117_r14302","2","[[1,3,4,2,5],[3,1,4,2,5]]","B"
"True","True","14","True","B_o117_r14303","1","[[1,4,3,2,5]]","B"
"True","True","16","True","B_o117_r14304","1","[[1,4,3,2,5]]","B"
"True","True","11","True","B_o117_r14313","1","[[4,1,2,3,5]]","B"
"True","True","20","True","B_o117_r14314","6","[[1,2,3,4,5],[1,3,2,4,5],[2,1,3,4,5],[2,3,1,4,5],[3,1,2,4,5],[3,2,1,4,5]]","B"
"True","True","14","True","B_o117_r14315","1","[[4,1,2,3,5]]","B"
"True","True","20","True","B_o117_r14316","4","[[1,2,4,3,5],[1,4,2,3,5],[2,1,4,3,5],[4,1,2,3,5]]","B"
"True","True","12","True","B_o117_r14319","1","[[4,1,3,2,5]]","B"
"True","True","16","True","B_o117_r14321","1","[[4,1,2,3,5]]","B"
"True","True","15","True","B_o117_r14325","1","[[4,1,3,2,5]]","B"
"True","True","20","True","B_o117_r14326","2","[[1,3,4,2,5],[3,1,4,2,5]]","B"
"True","True","16","True","B_o117_r14327","1","[[4,1,3,2,5]]","B"
"True","True","20","True","B_o117_r14328","2","[[1,4,3,2,5],[4,1,3,2,5]]","B"
"True","True","9","True","B_o117_r14331","1","[[2,4,1,3,5]]","B"
"True","True","12","True","B_o117_r14333","1","[[2,4,1,3,5]]","B"
"True","True","11","True","B_o117_r14337","1","[[4,2,1,3,5]]","B"
"True","True","14","True","B_o117_r14339","1","[[4,2,1,3,5]]","B"
"True","True","18","True","B_o117_r14345","2","[[4,1,2,3,5],[4,2,1,3,5]]","B"
"True","True","18","True","B_o117_r14351","1","[[4,1,3,2,5]]","B"
"True","True","14","True","B_o117_r14357","1","[[2,4,1,3,5]]","B"
"True","True","16","True","B_o117_r14363","1","[[4,2,1,3,5]]","B"
"True","True","16","True","B_o117_r14371","1","[[3,4,1,2,5]]","B"
"True","True","16","True","B_o117_r14372","1","[[3,4,1,2,5]]","B"
"True","True","18","True","B_o117_r14373","1","[[4,3,1,2,5]]","B"
"True","True","20","True","B_o117_r14374","1","[[3,4,1,2,5]]","B"
"True","True","18","True","B_o117_r14375","1","[[4,3,1,2,5]]","B"
"True","True","20","True","B_o117_r14376","1","[[4,3,1,2,5]]","B"
"True","True","14","True","B_o117_r14377","1","[[2,3,4,1,5]]","B"
"True","True","14","True","B_o117_r14378","1","[[2,3,4,1,5]]","B"
"True","True","14","True","B_o117_r14379","1","[[2,4,3,1,5]]","B"
"True","True","16","True","B_o117_r14380","1","[[2,3,4,1,5]]","B"
"True","True","14","True","B_o117_r14381","1","[[2,4,3,1,5]]","B"
"True","True","16","True","B_o117_r14382","1","[[2,4,3,1,5]]","B"
"True","True","14","True","B_o117_r14383","1","[[3,2,4,1,5]]","B"
"True","True","14","True","B_o117_r14384","1","[[3,2,4,1,5]]","B"
"True","True","16","True","B_o117_r14385","1","[[4,2,3,1,5]]","B"
"True","True","20","True","B_o117_r14386","2","[[2,3,4,1,5],[3,2,4,1,5]]","B"
"True","True","16","True","B_o117_r14387","1","[[4,2,3,1,5]]","B"
"True","True","20","True","B_o117_r14388","2","[[2,4,3,1,5],[4,2,3,1,5]]","B"
"True","True","16","True","B_o117_r14390","1","[[3,2,4,1,5]]","B"
"True","True","18","True","B_o117_r14393","1","[[4,2,3,1,5]]","B"
"True","True","16","True","B_o117_r14395","1","[[3,4,2,1,5]]","B"
"True","True","16","True","B_o117_r14396","1","[[3,4,2,1,5]]","B"
"True","True","18","True","B_o117_r14397","1","[[4,3,2,1,5]]","B"
"True","True","20","True","B_o117_r14398","1","[[3,4,2,1,5]]","B"
"True","True","18","True","B_o117_r14399","1","[[4,3,2,1,5]]","B"
"True","True","20","True","B_o117_r14400","1","[[4,3,2,1,5]]","B"
"True","True","8","True","B_o118_r14401","4","[[1,2,3,4,5],[1,3,2,4,5],[2,1,3,4,5],[3,1,2,4,5]]","B"
"True","True","10","True","B_o118_r14402","4","[[1,2,3,4,5],[1,3,2,4,5],[2,1,3,4,5],[3,1,2,4,5]]","B"
"True","True","8","True","B_o118_r14403","2","[[1,2,4,3,5],[2,1,4,3,5]]","B"
"True","True","14","True","B_o118_r14404","8","[[1,2,3,4,5],[1,2,4,3,5],[1,2,5,3,4],[1,3,2,4,5],[2,1,3,4,5],[2,1,4,3,5],[2,1,5,3,4],[3,1,2,4,5]]","B"
"True","True","10","True","B_o118_r14405","2","[[1,2,4,3,5],[2,1,4,3,5]]","B"
"True","True","14","True","B_o118_r14406","8","[[1,2,3,4,5],[1,2,4,3,5],[1,2,5,3,4],[1,3,2,4,5],[2,1,3,4,5],[2,1,4,3,5],[2,1,5,3,4],[3,1,2,4,5]]","B"
"True","True","8","True","B_o118_r14409","1","[[1,4,2,3,5]]","B"
"True","True","16","True","B_o118_r14410","9","[[1,2,3,4,5],[1,2,4,3,5],[1,2,5,3,4],[1,3,2,4,5],[1,4,2,3,5],[2,1,3,4,5],[2,1,4,3,5],[2,1,5,3,4],[3,1,2,4,5]]","B"
"True","True","10","True","B_o118_r14411","1","[[1,4,2,3,5]]","B"
"True","True","16","True","B_o118_r14412","9","[[1,2,3,4,5],[1,2,4,3,5],[1,2,5,3,4],[1,3,2,4,5],[1,4,2,3,5],[2,1,3,4,5],[2,1,4,3,5],[2,1,5,3,4],[3,1,2,4,5]]","B"
"True","True","9","True","B_o118_r14413","2","[[1,3,4,2,5],[3,1,4,2,5]]","B"
"True","True","9","True","B_o118_r14415","1","[[1,4,3,2,5]]","B"
"True","True","14","True","B_o118_r14417","2","[[1,4,2,3,5],[1,4,3,2,5]]","B"
"True","True","11","True","B_o118_r14419","2","[[1,3,4,2,5],[3,1,4,2,5]]","B"
"True","True","11","True","B_o118_r14421","1","[[1,4,3,2,5]]","B"
"True","True","10","True","B_o118_r14433","1","[[4,1,2,3,5]]","B"
"True","True","20","True","B_o118_r14434","12","[[1,2,3,4,5],[1,2,4,3,5],[1,2,5,3,4],[1,3,2,4,5],[1,4,2,3,5],[2,1,3,4,5],[2,1,4,3,5],[2,1,5,3,4],[2,3,1,4,5],[3,1,2,4,5],[3,2,1,4,5],[4,1,2,3,5]]","B"
"True","True","12","True","B_o118_r14435","1","[[4,1,2,3,5]]","B"
"True","True","20","True","B_o118_r14436","12","[[1,2,3,4,5],[1,2,4,3,5],[1,2,5,3,4],[1,3,2,4,5],[1,4,2,3,5],[2,1,3,4,5],[2,1,4,3,5],[2,1,5,3,4],[2,3,1,4,5],[3,1,2,4,5],[3,2,1,4,5],[4,1,2,3,5]]","B"
"True","True","11","True","B_o118_r14439","1","[[4,1,3,2,5]]","B"
"True","True","16","True","B_o118_r14441","2","[[4,1,2,3,5],[4,1,3,2,5]]","B"
"True","True","13","True","B_o118_r14445","1","[[4,1,3,2,5]]","B"
"True","True","8","True","B_o118_r14451","1","[[2,4,1,3,5]]","B"
"True","True","10","True","B_o118_r14453","1","[[2,4,1,3,5]]","B"
"True","True","10","True","B_o118_r14457","1","[[4,2,1,3,5]]","B"
"True","True","12","True","B_o118_r14459","1","[[4,2,1,3,5]]","B"
"True","True","18","True","B_o118_r14465","3","[[4,1,2,3,5],[4,1,3,2,5],[4,2,1,3,5]]","B"
"True","True","10","True","B_o118_r14473","1","[[2,3,4,1,5]]","B"
"True","True","10","True","B_o118_r14475","1","[[2,4,3,1,5]]","B"
"True","True","14","True","B_o118_r14477","2","[[2,4,1,3,5],[2,4,3,1,5]]","B"
"True","True","10","True","B_o118_r14479","1","[[3,2,4,1,5]]","B"
"True","True","12","True","B_o118_r14481","1","[[4,2,3,1,5]]","B"
"True","True","16","True","B_o118_r14483","2","[[4,2,1,3,5],[4,2,3,1,5]]","B"
"True","True","16","True","B_o118_r14491","2","[[3,4,1,2,5],[3,4,2,1,5]]","B"
"True","True","16","True","B_o118_r14492","2","[[3,4,1,2,5],[3,4,2,1,5]]","B"
"True","True","18","True","B_o118_r14493","2","[[4,3,1,2,5],[4,3,2,1,5]]","B"
"True","True","20","True","B_o118_r14494","2","[[3,4,1,2,5],[3,4,2,1,5]]","B"
"True","True","18","True","B_o118_r14495","2","[[4,3,1,2,5],[4,3,2,1,5]]","B"
"True","True","20","True","B_o118_r14496","2","[[4,3,1,2,5],[4,3,2,1,5]]","B"
"True","True","12","True","B_o118_r14497","1","[[2,3,4,1,5]]","B"
"True","True","12","True","B_o118_r14499","1","[[2,4,3,1,5]]","B"
"True","True","12","True","B_o118_r14503","1","[[3,2,4,1,5]]","B"
"True","True","14","True","B_o118_r14505","1","[[4,2,3,1,5]]","B"
"True","True","8","True","B_o119_r14521","4","[[1,2,3,4,5],[1,3,2,4,5],[2,1,3,4,5],[3,1,2,4,5]]","B"
"True","True","10","True","B_o119_r14522","4","[[1,2,3,4,5],[1,3,2,4,5],[2,1,3,4,5],[3,1,2,4,5]]","B"
"True","True","8","True","B_o119_r14523","2","[[1,2,4,3,5],[2,1,4,3,5]]","B"
"True","True","12","True","B_o119_r14524","8","[[1,2,3,4,5],[1,2,4,3,5],[1,2,5,3,4],[1,3,2,4,5],[2,1,3,4,5],[2,1,4,3,5],[2,1,5,3,4],[3,1,2,4,5]]","B"
"True","True","10","True","B_o119_r14525","2","[[1,2,4,3,5],[2,1,4,3,5]]","B"
"True","True","12","True","B_o119_r14526","8","[[1,2,3,4,5],[1,2,4,3,5],[1,2,5,3,4],[1,3,2,4,5],[2,1,3,4,5],[2,1,4,3,5],[2,1,5,3,4],[3,1,2,4,5]]","B"
"True","True","8","True","B_o119_r14529","1","[[1,4,2,3,5]]","B"
"True","True","15","True","B_o119_r14530","1","[[1,5,2,3,4]]","B"
"True","True","10","True","B_o119_r14531","1","[[1,4,2,3,5]]","B"
"True","True","15","True","B_o119_r14532","1","[[1,5,2,3,4]]","B"
"True","True","8","True","B_o119_r14533","2","[[1,3,4,2,5],[3,1,4,2,5]]","B"
"True","True","8","True","B_o119_r14535","1","[[1,4,3,2,5]]","B"
"True","True","16","True","B_o119_r14536","8","[[1,2,3,4,5],[1,3,2,4,5],[1,3,4,2,5],[1,4,3,2,5],[1,5,2,3,4],[2,1,3,4,5],[3,1,2,4,5],[3,1,4,2,5]]","B"
"True","True","12","True","B_o119_r14537","2","[[1,4,2,3,5],[1,4,3,2,5]]","B"
"True","True","16","True","B_o119_r14538","7","[[1,2,4,3,5],[1,3,4,2,5],[1,4,2,3,5],[1,4,3,2,5],[1,5,2,3,4],[2,1,4,3,5],[3,1,4,2,5]]","B"
"True","True","10","True","B_o119_r14539","2","[[1,3,4,2,5],[3,1,4,2,5]]","B"
"True","True","10","True","B_o119_r14541","1","[[1,4,3,2,5]]","B"
"True","True","16","True","B_o119_r14542","7","[[1,2,3,4,5],[1,3,2,4,5],[1,3,4,2,5],[1,4,3,2,5],[2,1,3,4,5],[3,1,2,4,5],[3,1,4,2,5]]","B"
"True","True","16","True","B_o119_r14544","6","[[1,2,4,3,5],[1,3,4,2,5],[1,4,2,3,5],[1,4,3,2,5],[2,1,4,3,5],[3,1,4,2,5]]","B"
"True","True","10","True","B_o119_r14553","1","[[4,1,2,3,5]]","B"
"True","True","19","True","B_o119_r14554","1","[[1,5,2,3,4]]","B"
"True","True","12","True","B_o119_r14555","1","[[4,1,2,3,5]]","B"
"True","True","19","True","B_o119_r14556","1","[[1,5,2,3,4]]","B"
"True","True","10","True","B_o119_r14559","1","[[4,1,3,2,5]]","B"
"True","True","20","True","B_o119_r14560","11","[[1,2,3,4,5],[1,3,2,4,5],[1,3,4,2,5],[1,4,3,2,5],[1,5,2,3,4],[2,1,3,4,5],[2,3,1,4,5],[3,1,2,4,5],[3,1,4,2,5],[3,2,1,4,5],[4,1,3,2,5]]","B"
"True","True","14","True","B_o119_r14561","2","[[4,1,2,3,5],[4,1,3,2,5]]","B"
"True","True","20","True","B_o119_r14562","9","[[1,2,4,3,5],[1,3,4,2,5],[1,4,2,3,5],[1,4,3,2,5],[1,5,2,3,4],[2,1,4,3,5],[3,1,4,2,5],[4,1,2,3,5],[4,1,3,2,5]]","B"
"True","True","12","True","B_o119_r14565","1","[[4,1,3,2,5]]","B"
"True","True","20","True","B_o119_r14566","10","[[1,2,3,4,5],[1,3,2,4,5],[1,3,4,2,5],[1,4,3,2,5],[2,1,3,4,5],[2,3,1,4,5],[3,1,2,4,5],[3,1,4,2,5],[3,2,1,4,5],[4,1,3,2,5]]","B"
"True","True","20","True","B_o119_r14568","8","[[1,2,4,3,5],[1,3,4,2,5],[1,4,2,3,5],[1,4,3,2,5],[2,1,4,3,5],[3,1,4,2,5],[4,1,2,3,5],[4,1,3,2,5]]","B"
"True","True","8","True","B_o119_r14571","1","[[2,4,1,3,5]]","B"
"True","True","10","True","B_o119_r14573","1","[[2,4,1,3,5]]","B"
"True","True","10","True","B_o119_r14577","1","[[4,2,1,3,5]]","B"
"True","True","12","True","B_o119_r14579","1","[[4,2,1,3,5]]","B"
"True","True","10","True","B_o119_r14581","1","[[3,4,1,2,5]]","B"
"True","True","12","True","B_o119_r14583","1","[[4,3,1,2,5]]","B"
"True","True","18","True","B_o119_r14585","4","[[4,1,2,3,5],[4,1,3,2,5],[4,2,1,3,5],[4,3,1,2,5]]","B"
"True","True","12","True","B_o119_r14587","1","[[3,4,1,2,5]]","B"
"True","True","14","True","B_o119_r14589","1","[[4,3,1,2,5]]","B"
"True","True","8","True","B_o119_r14593","1","[[2,3,4,1,5]]","B"
"True","True","8","True","B_o119_r14595","1","[[2,4,3,1,5]]","B"
"True","True","12","True","B_o119_r14597","2","[[2,4,1,3,5],[2,4,3,1,5]]","B"
"True","True","8","True","B_o119_r14599","1","[[3,2,4,1,5]]","B"
"True","True","10","True","B_o119_r14601","1","[[4,2,3,1,5]]","B"
"True","True","14","True","B_o119_r14603","2","[[4,2,1,3,5],[4,2,3,1,5]]","B"
"True","True","10","True","B_o119_r14605","1","[[3,4,2,1,5]]","B"
"True","True","12","True","B_o119_r14607","1","[[4,3,2,1,5]]","B"
"True","True","14","True","B_o119_r14611","2","[[3,4,1,2,5],[3,4,2,1,5]]","B"
"True","True","16","True","B_o119_r14613","2","[[4,3,1,2,5],[4,3,2,1,5]]","B"
"True","True","10","True","B_o119_r14617","1","[[2,3,4,1,5]]","B"
"True","True","10","True","B_o119_r14619","1","[[2,4,3,1,5]]","B"
"True","True","10","True","B_o119_r14623","1","[[3,2,4,1,5]]","B"
"True","True","12","True","B_o119_r14625","1","[[4,2,3,1,5]]","B"
"True","True","12","True","B_o119_r14629","1","[[3,4,2,1,5]]","B"
"True","True","14","True","B_o119_r14631","1","[[4,3,2,1,5]]","B"
"True","True","8","True","B_o120_r14641","4","[[1,2,3,4,5],[1,3,2,4,5],[2,1,3,4,5],[3,1,2,4,5]]","B"
"True","True","10","True","B_o120_r14642","4","[[1,2,3,4,5],[1,3,2,4,5],[2,1,3,4,5],[3,1,2,4,5]]","B"
"True","True","8","True","B_o120_r14643","3","[[1,2,4,3,5],[1,4,2,3,5],[2,1,4,3,5]]","B"
"True","True","12","True","B_o120_r14644","9","[[1,2,3,4,5],[1,2,4,3,5],[1,2,5,3,4],[1,3,2,4,5],[1,4,2,3,5],[2,1,3,4,5],[2,1,4,3,5],[2,1,5,3,4],[3,1,2,4,5]]","B"
"True","True","10","True","B_o120_r14645","3","[[1,2,4,3,5],[1,4,2,3,5],[2,1,4,3,5]]","B"
"True","True","12","True","B_o120_r14646","9","[[1,2,3,4,5],[1,2,4,3,5],[1,2,5,3,4],[1,3,2,4,5],[1,4,2,3,5],[2,1,3,4,5],[2,1,4,3,5],[2,1,5,3,4],[3,1,2,4,5]]","B"
"True","True","13","True","B_o120_r14650","1","[[1,5,2,3,4]]","B"
"True","True","13","True","B_o120_r14652","1","[[1,5,2,3,4]]","B"
"True","True","8","True","B_o120_r14653","2","[[1,3,4,2,5],[3,1,4,2,5]]","B"
"True","True","8","True","B_o120_r14655","1","[[1,4,3,2,5]]","B"
"True","True","14","True","B_o120_r14656","8","[[1,2,3,4,5],[1,3,2,4,5],[1,3,4,2,5],[1,4,3,2,5],[1,5,2,3,4],[2,1,3,4,5],[3,1,2,4,5],[3,1,4,2,5]]","B"
"True","True","14","True","B_o120_r14658","7","[[1,2,4,3,5],[1,3,4,2,5],[1,4,2,3,5],[1,4,3,2,5],[1,5,2,3,4],[2,1,4,3,5],[3,1,4,2,5]]","B"
"True","True","10","True","B_o120_r14659","2","[[1,3,4,2,5],[3,1,4,2,5]]","B"
"True","True","10","True","B_o120_r14661","1","[[1,4,3,2,5]]","B"
"True","True","14","True","B_o120_r14662","7","[[1,2,3,4,5],[1,3,2,4,5],[1,3,4,2,5],[1,4,3,2,5],[2,1,3,4,5],[3,1,2,4,5],[3,1,4,2,5]]","B"
"True","True","14","True","B_o120_r14664","6","[[1,2,4,3,5],[1,3,4,2,5],[1,4,2,3,5],[1,4,3,2,5],[2,1,4,3,5],[3,1,4,2,5]]","B"
"True","True","10","True","B_o120_r14673","2","[[4,1,2,3,5],[4,2,1,3,5]]","B"
"True","True","19","True","B_o120_r14674","2","[[1,5,2,3,4],[5,1,2,3,4]]","B"
"True","True","12","True","B_o120_r14675","2","[[4,1,2,3,5],[4,2,1,3,5]]","B"
"True","True","19","True","B_o120_r14676","2","[[1,5,2,3,4],[5,1,2,3,4]]","B"
"True","True","10","True","B_o120_r14679","1","[[4,1,3,2,5]]","B"
"True","True","20","True","B_o120_r14680","12","[[1,2,3,4,5],[1,3,2,4,5],[1,3,4,2,5],[1,4,3,2,5],[1,5,2,3,4],[2,1,3,4,5],[2,3,1,4,5],[3,1,2,4,5],[3,1,4,2,5],[3,2,1,4,5],[4,1,3,2,5],[5,1,2,3,4]]","B"
"True","True","14","True","B_o120_r14681","3","[[4,1,2,3,5],[4,1,3,2,5],[4,2,1,3,5]]","B"
"True","True","20","True","B_o120_r14682","12","[[1,2,4,3,5],[1,3,4,2,5],[1,4,2,3,5],[1,4,3,2,5],[1,5,2,3,4],[2,1,4,3,5],[2,4,1,3,5],[3,1,4,2,5],[4,1,2,3,5],[4,1,3,2,5],[4,2,1,3,5],[5,1,2,3,4]]","B"
"True","True","12","True","B_o120_r14685","1","[[4,1,3,2,5]]","B"
"True","True","20","True","B_o120_r14686","10","[[1,2,3,4,5],[1,3,2,4,5],[1,3,4,2,5],[1,4,3,2,5],[2,1,3,4,5],[2,3,1,4,5],[3,1,2,4,5],[3,1,4,2,5],[3,2,1,4,5],[4,1,3,2,5]]","B"
"True","True","20","True","B_o120_r14688","10","[[1,2,4,3,5],[1,3,4,2,5],[1,4,2,3,5],[1,4,3,2,5],[2,1,4,3,5],[2,4,1,3,5],[3,1,4,2,5],[4,1,2,3,5],[4,1,3,2,5],[4,2,1,3,5]]","B"
"True","True","8","True","B_o120_r14701","1","[[3,4,1,2,5]]","B"
"True","True","10","True","B_o120_r14703","1","[[4,3,1,2,5]]","B"
"True","True","16","True","B_o120_r14705","4","[[4,1,2,3,5],[4,1,3,2,5],[4,2,1,3,5],[4,3,1,2,5]]","B"
"True","True","10","True","B_o120_r14707","1","[[3,4,1,2,5]]","B"
"True","True","12","True","B_o120_r14709","1","[[4,3,1,2,5]]","B"
"True","True","8","True","B_o120_r14713","1","[[2,3,4,1,5]]","B"
"True","True","8","True","B_o120_r14715","1","[[2,4,3,1,5]]","B"
"True","True","8","True","B_o120_r14719","1","[[3,2,4,1,5]]","B"
"True","True","10","True","B_o120_r14721","1","[[4,2,3,1,5]]","B"
"True","True","8","True","B_o120_r14725","1","[[3,4,2,1,5]]","B"
"True","True","10","True","B_o120_r14727","1","[[4,3,2,1,5]]","B"
"True","True","12","True","B_o120_r14731","2","[[3,4,1,2,5],[3,4,2,1,5]]","B"
"True","True","14","True","B_o120_r14733","2","[[4,3,1,2,5],[4,3,2,1,5]]","B"
"True","True","10","True","B_o120_r14737","1","[[2,3,4,1,5]]","B"
"True","True","10","True","B_o120_r14739","1","[[2,4,3,1,5]]","B"
"True","True","10","True","B_o120_r14743","1","[[3,2,4,1,5]]","B"
"True","True","12","True","B_o120_r14745","1","[[4,2,3,1,5]]","B"
"True","True","10","True","B_o120_r14749","1","[[3,4,2,1,5]]","B"
"True","True","12","True","B_o120_r14751","1","[[4,3,2,1,5]]","B"
"True","True","11","True","B_o121_r14761","6","[[1,2,3,4,5],[1,3,2,4,5],[2,1,3,4,5],[2,3,1,4,5],[3,1,2,4,5],[3,2,1,4,5]]","B"
"True","True","12","True","B_o121_r14762","6","[[1,2,3,4,5],[1,3,2,4,5],[2,1,3,4,5],[2,3,1,4,5],[3,1,2,4,5],[3,2,1,4,5]]","B"
"True","True","11","True","B_o121_r14763","2","[[1,2,4,3,5],[2,1,4,3,5]]","B"
"True","True","14","True","B_o121_r14764","6","[[1,2,3,4,5],[1,3,2,4,5],[2,1,3,4,5],[2,3,1,4,5],[3,1,2,4,5],[3,2,1,4,5]]","B"
"True","True","12","True","B_o121_r14765","2","[[1,2,4,3,5],[2,1,4,3,5]]","B"
"True","True","14","True","B_o121_r14766","2","[[1,2,4,3,5],[2,1,4,3,5]]","B"
"True","True","11","True","B_o121_r14769","1","[[1,4,2,3,5]]","B"
"True","True","16","True","B_o121_r14770","6","[[1,2,3,4,5],[1,3,2,4,5],[2,1,3,4,5],[2,3,1,4,5],[3,1,2,4,5],[3,2,1,4,5]]","B"
"True","True","12","True","B_o121_r14771","1","[[1,4,2,3,5]]","B"
"True","True","16","True","B_o121_r14772","3","[[1,2,4,3,5],[1,4,2,3,5],[2,1,4,3,5]]","B"
"True","True","12","True","B_o121_r14773","2","[[1,3,4,2,5],[3,1,4,2,5]]","B"
"True","True","12","True","B_o121_r14775","1","[[1,4,3,2,5]]","B"
"True","True","14","True","B_o121_r14777","1","[[1,4,2,3,5]]","B"
"True","True","13","True","B_o121_r14779","2","[[1,3,4,2,5],[3,1,4,2,5]]","B"
"True","True","14","True","B_o121_r14780","2","[[1,3,4,2,5],[3,1,4,2,5]]","B"
"True","True","13","True","B_o121_r14781","1","[[1,4,3,2,5]]","B"
"True","True","16","True","B_o121_r14782","2","[[1,3,4,2,5],[3,1,4,2,5]]","B"
"True","True","14","True","B_o121_r14783","1","[[1,4,3,2,5]]","B"
"True","True","16","True","B_o121_r14784","1","[[1,4,3,2,5]]","B"
"True","True","11","True","B_o121_r14793","1","[[4,1,2,3,5]]","B"
"True","True","18","True","B_o121_r14794","6","[[1,2,3,4,5],[1,3,2,4,5],[2,1,3,4,5],[2,3,1,4,5],[3,1,2,4,5],[3,2,1,4,5]]","B"
"True","True","12","True","B_o121_r14795","1","[[4,1,2,3,5]]","B"
"True","True","18","True","B_o121_r14796","4","[[1,2,4,3,5],[1,4,2,3,5],[2,1,4,3,5],[4,1,2,3,5]]","B"
"True","True","12","True","B_o121_r14799","1","[[4,1,3,2,5]]","B"
"True","True","14","True","B_o121_r14801","1","[[4,1,2,3,5]]","B"
"True","True","13","True","B_o121_r14805","1","[[4,1,3,2,5]]","B"
"True","True","18","True","B_o121_r14806","2","[[1,3,4,2,5],[3,1,4,2,5]]","B"
"True","True","14","True","B_o121_r14807","1","[[4,1,3,2,5]]","B"
"True","True","18","True","B_o121_r14808","2","[[1,4,3,2,5],[4,1,3,2,5]]","B"
"True","True","11","True","B_o121_r14811","1","[[2,4,1,3,5]]","B"
"True","True","12","True","B_o121_r14813","1","[[2,4,1,3,5]]","B"
"True","True","11","True","B_o121_r14817","1","[[4,2,1,3,5]]","B"
"True","True","12","True","B_o121_r14819","1","[[4,2,1,3,5]]","B"
"True","True","16","True","B_o121_r14825","2","[[4,1,2,3,5],[4,2,1,3,5]]","B"
"True","True","16","True","B_o121_r14831","1","[[4,1,3,2,5]]","B"
"True","True","14","True","B_o121_r14837","1","[[2,4,1,3,5]]","B"
"True","True","14","True","B_o121_r14843","1","[[4,2,1,3,5]]","B"
"True","True","16","True","B_o121_r14851","1","[[3,4,1,2,5]]","B"
"True","True","16","True","B_o121_r14852","1","[[3,4,1,2,5]]","B"
"True","True","16","True","B_o121_r14853","1","[[4,3,1,2,5]]","B"
"True","True","18","True","B_o121_r14854","1","[[3,4,1,2,5]]","B"
"True","True","16","True","B_o121_r14855","1","[[4,3,1,2,5]]","B"
"True","True","18","True","B_o121_r14856","1","[[4,3,1,2,5]]","B"
"True","True","14","True","B_o121_r14857","2","[[2,3,4,1,5],[3,2,4,1,5]]","B"
"True","True","14","True","B_o121_r14858","2","[[2,3,4,1,5],[3,2,4,1,5]]","B"
"True","True","14","True","B_o121_r14859","1","[[2,4,3,1,5]]","B"
"True","True","16","True","B_o121_r14860","2","[[2,3,4,1,5],[3,2,4,1,5]]","B"
"True","True","14","True","B_o121_r14861","1","[[2,4,3,1,5]]","B"
"True","True","16","True","B_o121_r14862","1","[[2,4,3,1,5]]","B"
"True","True","14","True","B_o121_r14865","1","[[4,2,3,1,5]]","B"
"True","True","18","True","B_o121_r14866","2","[[2,3,4,1,5],[3,2,4,1,5]]","B"
"True","True","14","True","B_o121_r14867","1","[[4,2,3,1,5]]","B"
"True","True","18","True","B_o121_r14868","2","[[2,4,3,1,5],[4,2,3,1,5]]","B"
"True","True","16","True","B_o121_r14873","1","[[4,2,3,1,5]]","B"
"True","True","16","True","B_o121_r14875","1","[[3,4,2,1,5]]","B"
"True","True","16","True","B_o121_r14876","1","[[3,4,2,1,5]]","B"
"True","True","16","True","B_o121_r14877","1","[[4,3,2,1,5]]","B"
"True","True","18","True","B_o121_r14878","1","[[3,4,2,1,5]]","B"
"True","True","16","True","B_o121_r14879","1","[[4,3,2,1,5]]","B"
"True","True","18","True","B_o121_r14880","1","[[4,3,2,1,5]]","B"
"True","True","9","True","B_o122_r14881","6","[[1,2,3,4,5],[1,3,2,4,5],[2,1,3,4,5],[2,3,1,4,5],[3,1,2,4,5],[3,2,1,4,5]]","B"
"True","True","12","True","B_o122_r14882","6","[[1,2,3,4,5],[1,3,2,4,5],[2,1,3,4,5],[2,3,1,4,5],[3,1,2,4,5],[3,2,1,4,5]]","B"
"True","True","9","True","B_o122_r14883","2","[[1,2,4,3,5],[2,1,4,3,5]]","B"
"True","True","14","True","B_o122_r14884","6","[[1,2,3,4,5],[1,3,2,4,5],[2,1,3,4,5],[2,3,1,4,5],[3,1,2,4,5],[3,2,1,4,5]]","B"
"True","True","12","True","B_o122_r14885","2","[[1,2,4,3,5],[2,1,4,3,5]]","B"
"True","True","14","True","B_o122_r14886","2","[[1,2,4,3,5],[2,1,4,3,5]]","B"
"True","True","9","True","B_o122_r14889","1","[[1,4,2,3,5]]","B"
"True","True","16","True","B_o122_r14890","6","[[1,2,3,4,5],[1,3,2,4,5],[2,1,3,4,5],[2,3,1,4,5],[3,1,2,4,5],[3,2,1,4,5]]","B"
"True","True","12","True","B_o122_r14891","1","[[1,4,2,3,5]]","B"
"True","True","16","True","B_o122_r14892","3","[[1,2,4,3,5],[1,4,2,3,5],[2,1,4,3,5]]","B"
"True","True","10","True","B_o122_r14893","2","[[1,3,4,2,5],[3,1,4,2,5]]","B"
"True","True","10","True","B_o122_r14895","1","[[1,4,3,2,5]]","B"
"True","True","14","True","B_o122_r14897","1","[[1,4,2,3,5]]","B"
"True","True","13","True","B_o122_r14899","2","[[1,3,4,2,5],[3,1,4,2,5]]","B"
"True","True","14","True","B_o122_r14900","2","[[1,3,4,2,5],[3,1,4,2,5]]","B"
"True","True","13","True","B_o122_r14901","1","[[1,4,3,2,5]]","B"
"True","True","16","True","B_o122_r14902","2","[[1,3,4,2,5],[3,1,4,2,5]]","B"
"True","True","14","True","B_o122_r14903","1","[[1,4,3,2,5]]","B"
"True","True","16","True","B_o122_r14904","1","[[1,4,3,2,5]]","B"
"True","True","9","True","B_o122_r14913","1","[[4,1,2,3,5]]","B"
"True","True","18","True","B_o122_r14914","6","[[1,2,3,4,5],[1,3,2,4,5],[2,1,3,4,5],[2,3,1,4,5],[3,1,2,4,5],[3,2,1,4,5]]","B"
"True","True","12","True","B_o122_r14915","1","[[4,1,2,3,5]]","B"
"True","True","18","True","B_o122_r14916","4","[[1,2,4,3,5],[1,4,2,3,5],[2,1,4,3,5],[4,1,2,3,5]]","B"
"True","True","10","True","B_o122_r14919","1","[[4,1,3,2,5]]","B"
"True","True","14","True","B_o122_r14921","1","[[4,1,2,3,5]]","B"
"True","True","13","True","B_o122_r14925","1","[[4,1,3,2,5]]","B"
"True","True","18","True","B_o122_r14926","2","[[1,3,4,2,5],[3,1,4,2,5]]","B"
"True","True","14","True","B_o122_r14927","1","[[4,1,3,2,5]]","B"
"True","True","18","True","B_o122_r14928","2","[[1,4,3,2,5],[4,1,3,2,5]]","B"
"True","True","9","True","B_o122_r14931","1","[[2,4,1,3,5]]","B"
"True","True","12","True","B_o122_r14933","1","[[2,4,1,3,5]]","B"
"True","True","9","True","B_o122_r14937","1","[[4,2,1,3,5]]","B"
"True","True","12","True","B_o122_r14939","1","[[4,2,1,3,5]]","B"
"True","True","16","True","B_o122_r14945","2","[[4,1,2,3,5],[4,2,1,3,5]]","B"
"True","True","16","True","B_o122_r14951","1","[[4,1,3,2,5]]","B"
"True","True","14","True","B_o122_r14957","1","[[2,4,1,3,5]]","B"
"True","True","14","True","B_o122_r14963","1","[[4,2,1,3,5]]","B"
"True","True","16","True","B_o122_r14971","1","[[3,4,1,2,5]]","B"
"True","True","16","True","B_o122_r14972","1","[[3,4,1,2,5]]","B"
"True","True","16","True","B_o122_r14973","1","[[4,3,1,2,5]]","B"
"True","True","18","True","B_o122_r14974","1","[[3,4,1,2,5]]","B"
"True","True","16","True","B_o122_r14975","1","[[4,3,1,2,5]]","B"
"True","True","18","True","B_o122_r14976","1","[[4,3,1,2,5]]","B"
"True","True","14","True","B_o122_r14977","2","[[2,3,4,1,5],[3,2,4,1,5]]","B"
"True","True","14","True","B_o122_r14978","2","[[2,3,4,1,5],[3,2,4,1,5]]","B"
"True","True","14","True","B_o122_r14979","1","[[2,4,3,1,5]]","B"
"True","True","16","True","B_o122_r14980","2","[[2,3,4,1,5],[3,2,4,1,5]]","B"
"True","True","14","True","B_o122_r14981","1","[[2,4,3,1,5]]","B"
"True","True","16","True","B_o122_r14982","1","[[2,4,3,1,5]]","B"
"True","True","14","True","B_o122_r14985","1","[[4,2,3,1,5]]","B"
"True","True","18","True","B_o122_r14986","2","[[2,3,4,1,5],[3,2,4,1,5]]","B"
"True","True","14","True","B_o122_r14987","1","[[4,2,3,1,5]]","B"
"True","True","18","True","B_o122_r14988","2","[[2,4,3,1,5],[4,2,3,1,5]]","B"
"True","True","16","True","B_o122_r14993","1","[[4,2,3,1,5]]","B"
"True","True","16","True","B_o122_r14995","1","[[3,4,2,1,5]]","B"
"True","True","16","True","B_o122_r14996","1","[[3,4,2,1,5]]","B"
"True","True","16","True","B_o122_r14997","1","[[4,3,2,1,5]]","B"
"True","True","18","True","B_o122_r14998","1","[[3,4,2,1,5]]","B"
"True","True","16","True","B_o122_r14999","1","[[4,3,2,1,5]]","B"
"True","True","18","True","B_o122_r15000","1","[[4,3,2,1,5]]","B"
"True","True","8","True","B_o123_r15001","6","[[1,2,3,4,5],[1,3,2,4,5],[2,1,3,4,5],[2,3,1,4,5],[3,1,2,4,5],[3,2,1,4,5]]","B"
"True","True","10","True","B_o123_r15002","6","[[1,2,3,4,5],[1,3,2,4,5],[2,1,3,4,5],[2,3,1,4,5],[3,1,2,4,5],[3,2,1,4,5]]","B"
"True","True","8","True","B_o123_r15003","2","[[1,2,4,3,5],[2,1,4,3,5]]","B"
"True","True","14","True","B_o123_r15004","10","[[1,2,3,4,5],[1,2,4,3,5],[1,2,5,3,4],[1,3,2,4,5],[2,1,3,4,5],[2,1,4,3,5],[2,1,5,3,4],[2,3,1,4,5],[3,1,2,4,5],[3,2,1,4,5]]","B"
"True","True","10","True","B_o123_r15005","2","[[1,2,4,3,5],[2,1,4,3,5]]","B"
"True","True","14","True","B_o123_r15006","10","[[1,2,3,4,5],[1,2,4,3,5],[1,2,5,3,4],[1,3,2,4,5],[2,1,3,4,5],[2,1,4,3,5],[2,1,5,3,4],[2,3,1,4,5],[3,1,2,4,5],[3,2,1,4,5]]","B"
"True","True","8","True","B_o123_r15009","1","[[1,4,2,3,5]]","B"
"True","True","16","True","B_o123_r15010","11","[[1,2,3,4,5],[1,2,4,3,5],[1,2,5,3,4],[1,3,2,4,5],[1,4,2,3,5],[2,1,3,4,5],[2,1,4,3,5],[2,1,5,3,4],[2,3,1,4,5],[3,1,2,4,5],[3,2,1,4,5]]","B"
"True","True","10","True","B_o123_r15011","1","[[1,4,2,3,5]]","B"
"True","True","16","True","B_o123_r15012","11","[[1,2,3,4,5],[1,2,4,3,5],[1,2,5,3,4],[1,3,2,4,5],[1,4,2,3,5],[2,1,3,4,5],[2,1,4,3,5],[2,1,5,3,4],[2,3,1,4,5],[3,1,2,4,5],[3,2,1,4,5]]","B"
"True","True","9","True","B_o123_r15013","2","[[1,3,4,2,5],[3,1,4,2,5]]","B"
"True","True","9","True","B_o123_r15015","1","[[1,4,3,2,5]]","B"
"True","True","14","True","B_o123_r15017","2","[[1,4,2,3,5],[1,4,3,2,5]]","B"
"True","True","11","True","B_o123_r15019","2","[[1,3,4,2,5],[3,1,4,2,5]]","B"
"True","True","11","True","B_o123_r15021","1","[[1,4,3,2,5]]","B"
"True","True","8","True","B_o123_r15033","1","[[4,1,2,3,5]]","B"
"True","True","18","True","B_o123_r15034","12","[[1,2,3,4,5],[1,2,4,3,5],[1,2,5,3,4],[1,3,2,4,5],[1,4,2,3,5],[2,1,3,4,5],[2,1,4,3,5],[2,1,5,3,4],[2,3,1,4,5],[3,1,2,4,5],[3,2,1,4,5],[4,1,2,3,5]]","B"
"True","True","10","True","B_o123_r15035","1","[[4,1,2,3,5]]","B"
"True","True","18","True","B_o123_r15036","12","[[1,2,3,4,5],[1,2,4,3,5],[1,2,5,3,4],[1,3,2,4,5],[1,4,2,3,5],[2,1,3,4,5],[2,1,4,3,5],[2,1,5,3,4],[2,3,1,4,5],[3,1,2,4,5],[3,2,1,4,5],[4,1,2,3,5]]","B"
"True","True","9","True","B_o123_r15039","1","[[4,1,3,2,5]]","B"
"True","True","14","True","B_o123_r15041","2","[[4,1,2,3,5],[4,1,3,2,5]]","B"
"True","True","11","True","B_o123_r15045","1","[[4,1,3,2,5]]","B"
"True","True","8","True","B_o123_r15051","1","[[2,4,1,3,5]]","B"
"True","True","10","True","B_o123_r15053","1","[[2,4,1,3,5]]","B"
"True","True","8","True","B_o123_r15057","1","[[4,2,1,3,5]]","B"
"True","True","10","True","B_o123_r15059","1","[[4,2,1,3,5]]","B"
"True","True","16","True","B_o123_r15065","3","[[4,1,2,3,5],[4,1,3,2,5],[4,2,1,3,5]]","B"
"True","True","10","True","B_o123_r15073","2","[[2,3,4,1,5],[3,2,4,1,5]]","B"
"True","True","10","True","B_o123_r15075","1","[[2,4,3,1,5]]","B"
"True","True","14","True","B_o123_r15077","2","[[2,4,1,3,5],[2,4,3,1,5]]","B"
"True","True","10","True","B_o123_r15081","1","[[4,2,3,1,5]]","B"
"True","True","14","True","B_o123_r15083","2","[[4,2,1,3,5],[4,2,3,1,5]]","B"
"True","True","16","True","B_o123_r15091","2","[[3,4,1,2,5],[3,4,2,1,5]]","B"
"True","True","16","True","B_o123_r15092","2","[[3,4,1,2,5],[3,4,2,1,5]]","B"
"True","True","16","True","B_o123_r15093","2","[[4,3,1,2,5],[4,3,2,1,5]]","B"
"True","True","18","True","B_o123_r15094","2","[[3,4,1,2,5],[3,4,2,1,5]]","B"
"True","True","16","True","B_o123_r15095","2","[[4,3,1,2,5],[4,3,2,1,5]]","B"
"True","True","18","True","B_o123_r15096","2","[[4,3,1,2,5],[4,3,2,1,5]]","B"
"True","True","12","True","B_o123_r15097","2","[[2,3,4,1,5],[3,2,4,1,5]]","B"
"True","True","12","True","B_o123_r15099","1","[[2,4,3,1,5]]","B"
"True","True","12","True","B_o123_r15105","1","[[4,2,3,1,5]]","B"
"True","True","8","True","B_o124_r15121","6","[[1,2,3,4,5],[1,3,2,4,5],[2,1,3,4,5],[2,3,1,4,5],[3,1,2,4,5],[3,2,1,4,5]]","B"
"True","True","10","True","B_o124_r15122","6","[[1,2,3,4,5],[1,3,2,4,5],[2,1,3,4,5],[2,3,1,4,5],[3,1,2,4,5],[3,2,1,4,5]]","B"
"True","True","8","True","B_o124_r15123","2","[[1,2,4,3,5],[2,1,4,3,5]]","B"
"True","True","12","True","B_o124_r15124","10","[[1,2,3,4,5],[1,2,4,3,5],[1,2,5,3,4],[1,3,2,4,5],[2,1,3,4,5],[2,1,4,3,5],[2,1,5,3,4],[2,3,1,4,5],[3,1,2,4,5],[3,2,1,4,5]]","B"
"True","True","10","True","B_o124_r15125","2","[[1,2,4,3,5],[2,1,4,3,5]]","B"
"True","True","12","True","B_o124_r15126","10","[[1,2,3,4,5],[1,2,4,3,5],[1,2,5,3,4],[1,3,2,4,5],[2,1,3,4,5],[2,1,4,3,5],[2,1,5,3,4],[2,3,1,4,5],[3,1,2,4,5],[3,2,1,4,5]]","B"
"True","True","8","True","B_o124_r15129","1","[[1,4,2,3,5]]","B"
"True","True","15","True","B_o124_r15130","1","[[1,5,2,3,4]]","B"
"True","True","10","True","B_o124_r15131","1","[[1,4,2,3,5]]","B"
"True","True","15","True","B_o124_r15132","1","[[1,5,2,3,4]]","B"
"True","True","8","True","B_o124_r15133","2","[[1,3,4,2,5],[3,1,4,2,5]]","B"
"True","True","8","True","B_o124_r15135","1","[[1,4,3,2,5]]","B"
"True","True","16","True","B_o124_r15136","10","[[1,2,3,4,5],[1,3,2,4,5],[1,3,4,2,5],[1,4,3,2,5],[1,5,2,3,4],[2,1,3,4,5],[2,3,1,4,5],[3,1,2,4,5],[3,1,4,2,5],[3,2,1,4,5]]","B"
"True","True","12","True","B_o124_r15137","2","[[1,4,2,3,5],[1,4,3,2,5]]","B"
"True","True","16","True","B_o124_r15138","7","[[1,2,4,3,5],[1,3,4,2,5],[1,4,2,3,5],[1,4,3,2,5],[1,5,2,3,4],[2,1,4,3,5],[3,1,4,2,5]]","B"
"True","True","10","True","B_o124_r15139","2","[[1,3,4,2,5],[3,1,4,2,5]]","B"
"True","True","10","True","B_o124_r15141","1","[[1,4,3,2,5]]","B"
"True","True","16","True","B_o124_r15142","9","[[1,2,3,4,5],[1,3,2,4,5],[1,3,4,2,5],[1,4,3,2,5],[2,1,3,4,5],[2,3,1,4,5],[3,1,2,4,5],[3,1,4,2,5],[3,2,1,4,5]]","B"
"True","True","16","True","B_o124_r15144","6","[[1,2,4,3,5],[1,3,4,2,5],[1,4,2,3,5],[1,4,3,2,5],[2,1,4,3,5],[3,1,4,2,5]]","B"
"True","True","8","True","B_o124_r15153","1","[[4,1,2,3,5]]","B"
"True","True","17","True","B_o124_r15154","1","[[1,5,2,3,4]]","B"
"True","True","10","True","B_o124_r15155","1","[[4,1,2,3,5]]","B"
"True","True","17","True","B_o124_r15156","1","[[1,5,2,3,4]]","B"
"True","True","8","True","B_o124_r15159","1","[[4,1,3,2,5]]","B"
"True","True","18","True","B_o124_r15160","11","[[1,2,3,4,5],[1,3,2,4,5],[1,3,4,2,5],[1,4,3,2,5],[1,5,2,3,4],[2,1,3,4,5],[2,3,1,4,5],[3,1,2,4,5],[3,1,4,2,5],[3,2,1,4,5],[4,1,3,2,5]]","B"
"True","True","12","True","B_o124_r15161","2","[[4,1,2,3,5],[4,1,3,2,5]]","B"
"True","True","18","True","B_o124_r15162","9","[[1,2,4,3,5],[1,3,4,2,5],[1,4,2,3,5],[1,4,3,2,5],[1,5,2,3,4],[2,1,4,3,5],[3,1,4,2,5],[4,1,2,3,5],[4,1,3,2,5]]","B"
"True","True","10","True","B_o124_r15165","1","[[4,1,3,2,5]]","B"
"True","True","18","True","B_o124_r15166","10","[[1,2,3,4,5],[1,3,2,4,5],[1,3,4,2,5],[1,4,3,2,5],[2,1,3,4,5],[2,3,1,4,5],[3,1,2,4,5],[3,1,4,2,5],[3,2,1,4,5],[4,1,3,2,5]]","B"
"True","True","18","True","B_o124_r15168","8","[[1,2,4,3,5],[1,3,4,2,5],[1,4,2,3,5],[1,4,3,2,5],[2,1,4,3,5],[3,1,4,2,5],[4,1,2,3,5],[4,1,3,2,5]]","B"
"True","True","8","True","B_o124_r15171","1","[[2,4,1,3,5]]","B"
"True","True","10","True","B_o124_r15173","1","[[2,4,1,3,5]]","B"
"True","True","8","True","B_o124_r15177","1","[[4,2,1,3,5]]","B"
"True","True","10","True","B_o124_r15179","1","[[4,2,1,3,5]]","B"
"True","True","10","True","B_o124_r15181","1","[[3,4,1,2,5]]","B"
"True","True","10","True","B_o124_r15183","1","[[4,3,1,2,5]]","B"
"True","True","16","True","B_o124_r15185","4","[[4,1,2,3,5],[4,1,3,2,5],[4,2,1,3,5],[4,3,1,2,5]]","B"
"True","True","12","True","B_o124_r15187","1","[[3,4,1,2,5]]","B"
"True","True","12","True","B_o124_r15189","1","[[4,3,1,2,5]]","B"
"True","True","8","True","B_o124_r15193","2","[[2,3,4,1,5],[3,2,4,1,5]]","B"
"True","True","8","True","B_o124_r15195","1","[[2,4,3,1,5]]","B"
"True","True","12","True","B_o124_r15197","2","[[2,4,1,3,5],[2,4,3,1,5]]","B"
"True","True","8","True","B_o124_r15201","1","[[4,2,3,1,5]]","B"
"True","True","12","True","B_o124_r15203","2","[[4,2,1,3,5],[4,2,3,1,5]]","B"
"True","True","10","True","B_o124_r15205","1","[[3,4,2,1,5]]","B"
"True","True","10","True","B_o124_r15207","1","[[4,3,2,1,5]]","B"
"True","True","14","True","B_o124_r15211","2","[[3,4,1,2,5],[3,4,2,1,5]]","B"
"True","True","14","True","B_o124_r15213","2","[[4,3,1,2,5],[4,3,2,1,5]]","B"
"True","True","10","True","B_o124_r15217","2","[[2,3,4,1,5],[3,2,4,1,5]]","B"
"True","True","10","True","B_o124_r15219","1","[[2,4,3,1,5]]","B"
"True","True","10","True","B_o124_r15225","1","[[4,2,3,1,5]]","B"
"True","True","12","True","B_o124_r15229","1","[[3,4,2,1,5]]","B"
"True","True","12","True","B_o124_r15231","1","[[4,3,2,1,5]]","B"
"True","True","8","True","B_o125_r15241","6","[[1,2,3,4,5],[1,3,2,4,5],[2,1,3,4,5],[2,3,1,4,5],[3,1,2,4,5],[3,2,1,4,5]]","B"
"True","True","10","True","B_o125_r15242","6","[[1,2,3,4,5],[1,3,2,4,5],[2,1,3,4,5],[2,3,1,4,5],[3,1,2,4,5],[3,2,1,4,5]]","B"
"True","True","8","True","B_o125_r15243","3","[[1,2,4,3,5],[1,4,2,3,5],[2,1,4,3,5]]","B"
"True","True","12","True","B_o125_r15244","11","[[1,2,3,4,5],[1,2,4,3,5],[1,2,5,3,4],[1,3,2,4,5],[1,4,2,3,5],[2,1,3,4,5],[2,1,4,3,5],[2,1,5,3,4],[2,3,1,4,5],[3,1,2,4,5],[3,2,1,4,5]]","B"
"True","True","10","True","B_o125_r15245","3","[[1,2,4,3,5],[1,4,2,3,5],[2,1,4,3,5]]","B"
"True","True","12","True","B_o125_r15246","11","[[1,2,3,4,5],[1,2,4,3,5],[1,2,5,3,4],[1,3,2,4,5],[1,4,2,3,5],[2,1,3,4,5],[2,1,4,3,5],[2,1,5,3,4],[2,3,1,4,5],[3,1,2,4,5],[3,2,1,4,5]]","B"
"True","True","13","True","B_o125_r15250","1","[[1,5,2,3,4]]","B"
"True","True","13","True","B_o125_r15252","1","[[1,5,2,3,4]]","B"
"True","True","8","True","B_o125_r15253","2","[[1,3,4,2,5],[3,1,4,2,5]]","B"
"True","True","8","True","B_o125_r15255","1","[[1,4,3,2,5]]","B"
"True","True","14","True","B_o125_r15256","10","[[1,2,3,4,5],[1,3,2,4,5],[1,3,4,2,5],[1,4,3,2,5],[1,5,2,3,4],[2,1,3,4,5],[2,3,1,4,5],[3,1,2,4,5],[3,1,4,2,5],[3,2,1,4,5]]","B"
"True","True","14","True","B_o125_r15258","7","[[1,2,4,3,5],[1,3,4,2,5],[1,4,2,3,5],[1,4,3,2,5],[1,5,2,3,4],[2,1,4,3,5],[3,1,4,2,5]]","B"
"True","True","10","True","B_o125_r15259","2","[[1,3,4,2,5],[3,1,4,2,5]]","B"
"True","True","10","True","B_o125_r15261","1","[[1,4,3,2,5]]","B"
"True","True","14","True","B_o125_r15262","9","[[1,2,3,4,5],[1,3,2,4,5],[1,3,4,2,5],[1,4,3,2,5],[2,1,3,4,5],[2,3,1,4,5],[3,1,2,4,5],[3,1,4,2,5],[3,2,1,4,5]]","B"
"True","True","14","True","B_o125_r15264","6","[[1,2,4,3,5],[1,3,4,2,5],[1,4,2,3,5],[1,4,3,2,5],[2,1,4,3,5],[3,1,4,2,5]]","B"
"True","True","8","True","B_o125_r15273","2","[[4,1,2,3,5],[4,2,1,3,5]]","B"
"True","True","17","True","B_o125_r15274","2","[[1,5,2,3,4],[5,1,2,3,4]]","B"
"True","True","10","True","B_o125_r15275","2","[[4,1,2,3,5],[4,2,1,3,5]]","B"
"True","True","17","True","B_o125_r15276","2","[[1,5,2,3,4],[5,1,2,3,4]]","B"
"True","True","8","True","B_o125_r15279","1","[[4,1,3,2,5]]","B"
"True","True","18","True","B_o125_r15280","12","[[1,2,3,4,5],[1,3,2,4,5],[1,3,4,2,5],[1,4,3,2,5],[1,5,2,3,4],[2,1,3,4,5],[2,3,1,4,5],[3,1,2,4,5],[3,1,4,2,5],[3,2,1,4,5],[4,1,3,2,5],[5,1,2,3,4]]","B"
"True","True","12","True","B_o125_r15281","3","[[4,1,2,3,5],[4,1,3,2,5],[4,2,1,3,5]]","B"
"True","True","18","True","B_o125_r15282","12","[[1,2,4,3,5],[1,3,4,2,5],[1,4,2,3,5],[1,4,3,2,5],[1,5,2,3,4],[2,1,4,3,5],[2,4,1,3,5],[3,1,4,2,5],[4,1,2,3,5],[4,1,3,2,5],[4,2,1,3,5],[5,1,2,3,4]]","B"
"True","True","10","True","B_o125_r15285","1","[[4,1,3,2,5]]","B"
"True","True","18","True","B_o125_r15286","10","[[1,2,3,4,5],[1,3,2,4,5],[1,3,4,2,5],[1,4,3,2,5],[2,1,3,4,5],[2,3,1,4,5],[3,1,2,4,5],[3,1,4,2,5],[3,2,1,4,5],[4,1,3,2,5]]","B"
"True","True","18","True","B_o125_r15288","10","[[1,2,4,3,5],[1,3,4,2,5],[1,4,2,3,5],[1,4,3,2,5],[2,1,4,3,5],[2,4,1,3,5],[3,1,4,2,5],[4,1,2,3,5],[4,1,3,2,5],[4,2,1,3,5]]","B"
"True","True","8","True","B_o125_r15301","1","[[3,4,1,2,5]]","B"
"True","True","8","True","B_o125_r15303","1","[[4,3,1,2,5]]","B"
"True","True","14","True","B_o125_r15305","4","[[4,1,2,3,5],[4,1,3,2,5],[4,2,1,3,5],[4,3,1,2,5]]","B"
"True","True","10","True","B_o125_r15307","1","[[3,4,1,2,5]]","B"
"True","True","10","True","B_o125_r15309","1","[[4,3,1,2,5]]","B"
"True","True","8","True","B_o125_r15313","2","[[2,3,4,1,5],[3,2,4,1,5]]","B"
"True","True","8","True","B_o125_r15315","1","[[2,4,3,1,5]]","B"
"True","True","8","True","B_o125_r15321","1","[[4,2,3,1,5]]","B"
"True","True","8","True","B_o125_r15325","1","[[3,4,2,1,5]]","B"
"True","True","8","True","B_o125_r15327","1","[[4,3,2,1,5]]","B"
"True","True","12","True","B_o125_r15331","2","[[3,4,1,2,5],[3,4,2,1,5]]","B"
"True","True","12","True","B_o125_r15333","2","[[4,3,1,2,5],[4,3,2,1,5]]","B"
"True","True","10","True","B_o125_r15337","2","[[2,3,4,1,5],[3,2,4,1,5]]","B"
"True","True","10","True","B_o125_r15339","1","[[2,4,3,1,5]]","B"
"True","True","10","True","B_o125_r15345","1","[[4,2,3,1,5]]","B"
"True","True","10","True","B_o125_r15349","1","[[3,4,2,1,5]]","B"
"True","True","10","True","B_o125_r15351","1","[[4,3,2,1,5]]","B"
"True","True","8","True","B_o126_r15361","6","[[1,2,3,4,5],[1,3,2,4,5],[2,1,3,4,5],[2,3,1,4,5],[3,1,2,4,5],[3,2,1,4,5]]","B"
"True","True","10","True","B_o126_r15362","6","[[1,2,3,4,5],[1,3,2,4,5],[2,1,3,4,5],[2,3,1,4,5],[3,1,2,4,5],[3,2,1,4,5]]","B"
"True","True","8","True","B_o126_r15363","4","[[1,2,4,3,5],[1,4,2,3,5],[2,1,4,3,5],[4,1,2,3,5]]","B"
"True","True","12","True","B_o126_r15364","12","[[1,2,3,4,5],[1,2,4,3,5],[1,2,5,3,4],[1,3,2,4,5],[1,4,2,3,5],[2,1,3,4,5],[2,1,4,3,5],[2,1,5,3,4],[2,3,1,4,5],[3,1,2,4,5],[3,2,1,4,5],[4,1,2,3,5]]","B"
"True","True","10","True","B_o126_r15365","4","[[1,2,4,3,5],[1,4,2,3,5],[2,1,4,3,5],[4,1,2,3,5]]","B"
"True","True","12","True","B_o126_r15366","12","[[1,2,3,4,5],[1,2,4,3,5],[1,2,5,3,4],[1,3,2,4,5],[1,4,2,3,5],[2,1,3,4,5],[2,1,4,3,5],[2,1,5,3,4],[2,3,1,4,5],[3,1,2,4,5],[3,2,1,4,5],[4,1,2,3,5]]","B"
"True","True","13","True","B_o126_r15370","1","[[1,5,2,3,4]]","B"
"True","True","13","True","B_o126_r15372","1","[[1,5,2,3,4]]","B"
"True","True","8","True","B_o126_r15373","2","[[1,3,4,2,5],[3,1,4,2,5]]","B"
"True","True","8","True","B_o126_r15375","2","[[1,4,3,2,5],[4,1,3,2,5]]","B"
"True","True","14","True","B_o126_r15376","11","[[1,2,3,4,5],[1,3,2,4,5],[1,3,4,2,5],[1,4,3,2,5],[1,5,2,3,4],[2,1,3,4,5],[2,3,1,4,5],[3,1,2,4,5],[3,1,4,2,5],[3,2,1,4,5],[4,1,3,2,5]]","B"
"True","True","14","True","B_o126_r15378","9","[[1,2,4,3,5],[1,3,4,2,5],[1,4,2,3,5],[1,4,3,2,5],[1,5,2,3,4],[2,1,4,3,5],[3,1,4,2,5],[4,1,2,3,5],[4,1,3,2,5]]","B"
"True","True","10","True","B_o126_r15379","2","[[1,3,4,2,5],[3,1,4,2,5]]","B"
"True","True","10","True","B_o126_r15381","2","[[1,4,3,2,5],[4,1,3,2,5]]","B"
"True","True","14","True","B_o126_r15382","10","[[1,2,3,4,5],[1,3,2,4,5],[1,3,4,2,5],[1,4,3,2,5],[2,1,3,4,5],[2,3,1,4,5],[3,1,2,4,5],[3,1,4,2,5],[3,2,1,4,5],[4,1,3,2,5]]","B"
"True","True","14","True","B_o126_r15384","8","[[1,2,4,3,5],[1,3,4,2,5],[1,4,2,3,5],[1,4,3,2,5],[2,1,4,3,5],[3,1,4,2,5],[4,1,2,3,5],[4,1,3,2,5]]","B"
"True","True","15","True","B_o126_r15394","2","[[1,5,2,3,4],[5,1,2,3,4]]","B"
"True","True","15","True","B_o126_r15396","2","[[1,5,2,3,4],[5,1,2,3,4]]","B"
"True","True","16","True","B_o126_r15400","12","[[1,2,3,4,5],[1,3,2,4,5],[1,3,4,2,5],[1,4,3,2,5],[1,5,2,3,4],[2,1,3,4,5],[2,3,1,4,5],[3,1,2,4,5],[3,1,4,2,5],[3,2,1,4,5],[4,1,3,2,5],[5,1,2,3,4]]","B"
"True","True","16","True","B_o126_r15402","12","[[1,2,4,3,5],[1,3,4,2,5],[1,4,2,3,5],[1,4,3,2,5],[1,5,2,3,4],[2,1,4,3,5],[2,4,1,3,5],[3,1,4,2,5],[4,1,2,3,5],[4,1,3,2,5],[4,2,1,3,5],[5,1,2,3,4]]","B"
"True","True","16","True","B_o126_r15406","10","[[1,2,3,4,5],[1,3,2,4,5],[1,3,4,2,5],[1,4,3,2,5],[2,1,3,4,5],[2,3,1,4,5],[3,1,2,4,5],[3,1,4,2,5],[3,2,1,4,5],[4,1,3,2,5]]","B"
"True","True","16","True","B_o126_r15408","10","[[1,2,4,3,5],[1,3,4,2,5],[1,4,2,3,5],[1,4,3,2,5],[2,1,4,3,5],[2,4,1,3,5],[3,1,4,2,5],[4,1,2,3,5],[4,1,3,2,5],[4,2,1,3,5]]","B"
"True","True","8","True","B_o126_r15421","1","[[3,4,1,2,5]]","B"
"True","True","8","True","B_o126_r15423","1","[[4,3,1,2,5]]","B"
"True","True","10","True","B_o126_r15427","1","[[3,4,1,2,5]]","B"
"True","True","10","True","B_o126_r15429","1","[[4,3,1,2,5]]","B"
"True","True","8","True","B_o126_r15433","2","[[2,3,4,1,5],[3,2,4,1,5]]","B"
"True","True","8","True","B_o126_r15435","2","[[2,4,3,1,5],[4,2,3,1,5]]","B"
"True","True","8","True","B_o126_r15445","1","[[3,4,2,1,5]]","B"
"True","True","8","True","B_o126_r15447","1","[[4,3,2,1,5]]","B"
"True","True","12","True","B_o126_r15451","2","[[3,4,1,2,5],[3,4,2,1,5]]","B"
"True","True","12","True","B_o126_r15453","2","[[4,3,1,2,5],[4,3,2,1,5]]","B"
"True","True","10","True","B_o126_r15457","2","[[2,3,4,1,5],[3,2,4,1,5]]","B"
"True","True","10","True","B_o126_r15459","2","[[2,4,3,1,5],[4,2,3,1,5]]","B"
"True","True","10","True","B_o126_r15469","1","[[3,4,2,1,5]]","B"
"True","True","10","True","B_o126_r15471","1","[[4,3,2,1,5]]","B"
