D,EDD_order,P,SPT_order,d_by_rank,d_multiset,instance_id,n,p_by_rank,tau_den,tau_num
6,"[1,2,3]",6,"[1,2,3]","[1,2,3]","[1,2,3]",n3_o001_r0001,3,"[1,2,3]",3,2
6,"[1,3,2]",6,"[1,2,3]","[1,3,2]","[1,2,3]",n3_o001_r0002,3,"[1,2,3]",3,2
6,"[2,1,3]",6,"[1,2,3]","[2,1,3]","[1,2,3]",n3_o001_r0003,3,"[1,2,3]",3,2
6,"[3,1,2]",6,"[1,2,3]","[2,3,1]","[1,2,3]",n3_o001_r0004,3,"[1,2,3]",3,2
6,"[2,3,1]",6,"[1,2,3]","[3,1,2]","[1,2,3]",n3_o001_r0005,3,"[1,2,3]",3,2
6,"[3,2,1]",6,"[1,2,3]","[3,2,1]","[1,2,3]",n3_o001_r0006,3,"[1,2,3]",3,2
7,"[1,2,3]",6,"[1,2,3]","[1,2,4]","[1,2,4]",n3_o002_r0007,3,"[1,2,3]",18,11
7,"[1,3,2]",6,"[1,2,3]","[1,4,2]","[1,2,4]",n3_o002_r0008,3,"[1,2,3]",18,11
7,"[2,1,3]",6,"[1,2,3]","[2,1,4]","[1,2,4]",n3_o002_r0009,3,"[1,2,3]",18,11
7,"[3,1,2]",6,"[1,2,3]","[2,4,1]","[1,2,4]",n3_o002_r0010,3,"[1,2,3]",18,11
7,"[2,3,1]",6,"[1,2,3]","[4,1,2]","[1,2,4]",n3_o002_r0011,3,"[1,2,3]",18,11
7,"[3,2,1]",6,"[1,2,3]","[4,2,1]","[1,2,4]",n3_o002_r0012,3,"[1,2,3]",18,11
8,"[1,2,3]",6,"[1,2,3]","[1,2,5]","[1,2,5]",n3_o003_r0013,3,"[1,2,3]",9,5
8,"[1,3,2]",6,"[1,2,3]","[1,5,2]","[1,2,5]",n3_o003_r0014,3,"[1,2,3]",9,5
8,"[2,1,3]",6,"[1,2,3]","[2,1,5]","[1,2,5]",n3_o003_r0015,3,"[1,2,3]",9,5
8,"[3,1,2]",6,"[1,2,3]","[2,5,1]","[1,2,5]",n3_o003_r0016,3,"[1,2,3]",9,5
8,"[2,3,1]",6,"[1,2,3]","[5,1,2]","[1,2,5]",n3_o003_r0017,3,"[1,2,3]",9,5
8,"[3,2,1]",6,"[1,2,3]","[5,2,1]","[1,2,5]",n3_o003_r0018,3,"[1,2,3]",9,5
8,"[1,2,3]",6,"[1,2,3]","[1,3,4]","[1,3,4]",n3_o004_r0019,3,"[1,2,3]",9,5
8,"[1,3,2]",6,"[1,2,3]","[1,4,3]","[1,3,4]",n3_o004_r0020,3,"[1,2,3]",9,5
8,"[2,1,3]",6,"[1,2,3]","[3,1,4]","[1,3,4]",n3_o004_r0021,3,"[1,2,3]",9,5
8,"[3,1,2]",6,"[1,2,3]","[3,4,1]","[1,3,4]",n3_o004_r0022,3,"[1,2,3]",9,5
8,"[2,3,1]",6,"[1,2,3]","[4,1,3]","[1,3,4]",n3_o004_r0023,3,"[1,2,3]",9,5
8,"[3,2,1]",6,"[1,2,3]","[4,3,1]","[1,3,4]",n3_o004_r0024,3,"[1,2,3]",9,5
9,"[1,2,3]",6,"[1,2,3]","[1,3,5]","[1,3,5]",n3_o005_r0025,3,"[1,2,3]",2,1
9,"[1,3,2]",6,"[1,2,3]","[1,5,3]","[1,3,5]",n3_o005_r0026,3,"[1,2,3]",2,1
9,"[2,1,3]",6,"[1,2,3]","[3,1,5]","[1,3,5]",n3_o005_r0027,3,"[1,2,3]",2,1
9,"[3,1,2]",6,"[1,2,3]","[3,5,1]","[1,3,5]",n3_o005_r0028,3,"[1,2,3]",2,1
9,"[2,3,1]",6,"[1,2,3]","[5,1,3]","[1,3,5]",n3_o005_r0029,3,"[1,2,3]",2,1
9,"[3,2,1]",6,"[1,2,3]","[5,3,1]","[1,3,5]",n3_o005_r0030,3,"[1,2,3]",2,1
10,"[1,2,3]",6,"[1,2,3]","[1,4,5]","[1,4,5]",n3_o006_r0031,3,"[1,2,3]",9,4
10,"[1,3,2]",6,"[1,2,3]","[1,5,4]","[1,4,5]",n3_o006_r0032,3,"[1,2,3]",9,4
10,"[2,1,3]",6,"[1,2,3]","[4,1,5]","[1,4,5]",n3_o006_r0033,3,"[1,2,3]",9,4
10,"[3,1,2]",6,"[1,2,3]","[4,5,1]","[1,4,5]",n3_o006_r0034,3,"[1,2,3]",9,4
10,"[2,3,1]",6,"[1,2,3]","[5,1,4]","[1,4,5]",n3_o006_r0035,3,"[1,2,3]",9,4
10,"[3,2,1]",6,"[1,2,3]","[5,4,1]","[1,4,5]",n3_o006_r0036,3,"[1,2,3]",9,4
9,"[1,2,3]",6,"[1,2,3]","[2,3,4]","[2,3,4]",n3_o007_r0037,3,"[1,2,3]",2,1
9,"[1,3,2]",6,"[1,2,3]","[2,4,3]","[2,3,4]",n3_o007_r0038,3,"[1,2,3]",2,1
9,"[2,1,3]",6,"[1,2,3]","[3,2,4]","[2,3,4]",n3_o007_r0039,3,"[1,2,3]",2,1
9,"[3,1,2]",6,"[1,2,3]","[3,4,2]","[2,3,4]",n3_o007_r0040,3,"[1,2,3]",2,1
9,"[2,3,1]",6,"[1,2,3]","[4,2,3]","[2,3,4]",n3_o007_r0041,3,"[1,2,3]",2,1
9,"[3,2,1]",6,"[1,2,3]","[4,3,2]","[2,3,4]",n3_o007_r0042,3,"[1,2,3]",2,1
10,"[1,2,3]",6,"[1,2,3]","[2,3,5]","[2,3,5]",n3_o008_r0043,3,"[1,2,3]",9,4
10,"[1,3,2]",6,"[1,2,3]","[2,5,3]","[2,3,5]",n3_o008_r0044,3,"[1,2,3]",9,4
10,"[2,1,3]",6,"[1,2,3]","[3,2,5]","[2,3,5]",n3_o008_r0045,3,"[1,2,3]",9,4
10,"[3,1,2]",6,"[1,2,3]","[3,5,2]","[2,3,5]",n3_o008_r0046,3,"[1,2,3]",9,4
10,"[2,3,1]",6,"[1,2,3]","[5,2,3]","[2,3,5]",n3_o008_r0047,3,"[1,2,3]",9,4
10,"[3,2,1]",6,"[1,2,3]","[5,3,2]","[2,3,5]",n3_o008_r0048,3,"[1,2,3]",9,4
11,"[1,2,3]",6,"[1,2,3]","[2,4,5]","[2,4,5]",n3_o009_r0049,3,"[1,2,3]",18,7
11,"[1,3,2]",6,"[1,2,3]","[2,5,4]","[2,4,5]",n3_o009_r0050,3,"[1,2,3]",18,7
11,"[2,1,3]",6,"[1,2,3]","[4,2,5]","[2,4,5]",n3_o009_r0051,3,"[1,2,3]",18,7
11,"[3,1,2]",6,"[1,2,3]","[4,5,2]","[2,4,5]",n3_o009_r0052,3,"[1,2,3]",18,7
11,"[2,3,1]",6,"[1,2,3]","[5,2,4]","[2,4,5]",n3_o009_r0053,3,"[1,2,3]",18,7
11,"[3,2,1]",6,"[1,2,3]","[5,4,2]","[2,4,5]",n3_o009_r0054,3,"[1,2,3]",18,7
12,"[1,2,3]",6,"[1,2,3]","[3,4,5]","[3,4,5]",n3_o010_r0055,3,"[1,2,3]",3,1
12,"[1,3,2]",6,"[1,2,3]","[3,5,4]","[3,4,5]",n3_o010_r0056,3,"[1,2,3]",3,1
12,"[2,1,3]",6,"[1,2,3]","[4,3,5]","[3,4,5]",n3_o010_r0057,3,"[1,2,3]",3,1
12,"[3,1,2]",6,"[1,2,3]","[4,5,3]","[3,4,5]",n3_o010_r0058,3,"[1,2,3]",3,1
12,"[2,3,1]",6,"[1,2,3]","[5,3,4]","[3,4,5]",n3_o010_r0059,3,"[1,2,3]",3,1
12,"[3,2,1]",6,"[1,2,3]","[5,4,3]","[3,4,5]",n3_o010_r0060,3,"[1,2,3]",3,1
10,"[1,2,3,4]",10,"[1,2,3,4]","[1,2,3,4]","[1,2,3,4]",n4_o001_r0061,4,"[1,2,3,4]",4,3
10,"[1,2,4,3]",10,"[1,2,3,4]","[1,2,4,3]","[1,2,3,4]",n4_o001_r0062,4,"[1,2,3,4]",4,3
10,"[1,3,2,4]",10,"[1,2,3,4]","[1,3,2,4]","[1,2,3,4]",n4_o001_r0063,4,"[1,2,3,4]",4,3
10,"[1,4,2,3]",10,"[1,2,3,4]","[1,3,4,2]","[1,2,3,4]",n4_o001_r0064,4,"[1,2,3,4]",4,3
10,"[1,3,4,2]",10,"[1,2,3,4]","[1,4,2,3]","[1,2,3,4]",n4_o001_r0065,4,"[1,2,3,4]",4,3
10,"[1,4,3,2]",10,"[1,2,3,4]","[1,4,3,2]","[1,2,3,4]",n4_o001_r0066,4,"[1,2,3,4]",4,3
10,"[2,1,3,4]",10,"[1,2,3,4]","[2,1,3,4]","[1,2,3,4]",n4_o001_r0067,4,"[1,2,3,4]",4,3
10,"[2,1,4,3]",10,"[1,2,3,4]","[2,1,4,3]","[1,2,3,4]",n4_o001_r0068,4,"[1,2,3,4]",4,3
10,"[3,1,2,4]",10,"[1,2,3,4]","[2,3,1,4]","[1,2,3,4]",n4_o001_r0069,4,"[1,2,3,4]",4,3
10,"[4,1,2,3]",10,"[1,2,3,4]","[2,3,4,1]","[1,2,3,4]",n4_o001_r0070,4,"[1,2,3,4]",4,3
10,"[3,1,4,2]",10,"[1,2,3,4]","[2,4,1,3]","[1,2,3,4]",n4_o001_r0071,4,"[1,2,3,4]",4,3
10,"[4,1,3,2]",10,"[1,2,3,4]","[2,4,3,1]","[1,2,3,4]",n4_o001_r0072,4,"[1,2,3,4]",4,3
10,"[2,3,1,4]",10,"[1,2,3,4]","[3,1,2,4]","[1,2,3,4]",n4_o001_r0073,4,"[1,2,3,4]",4,3
10,"[2,4,1,3]",10,"[1,2,3,4]","[3,1,4,2]","[1,2,3,4]",n4_o001_r0074,4,"[1,2,3,4]",4,3
10,"[3,2,1,4]",10,"[1,2,3,4]","[3,2,1,4]","[1,2,3,4]",n4_o001_r0075,4,"[1,2,3,4]",4,3
10,"[4,2,1,3]",10,"[1,2,3,4]","[3,2,4,1]","[1,2,3,4]",n4_o001_r0076,4,"[1,2,3,4]",4,3
10,"[3,4,1,2]",10,"[1,2,3,4]","[3,4,1,2]","[1,2,3,4]",n4_o001_r0077,4,"[1,2,3,4]",4,3
10,"[4,3,1,2]",10,"[1,2,3,4]","[3,4,2,1]","[1,2,3,4]",n4_o001_r0078,4,"[1,2,3,4]",4,3
10,"[2,3,4,1]",10,"[1,2,3,4]","[4,1,2,3]","[1,2,3,4]",n4_o001_r0079,4,"[1,2,3,4]",4,3
10,"[2,4,3,1]",10,"[1,2,3,4]","[4,1,3,2]","[1,2,3,4]",n4_o001_r0080,4,"[1,2,3,4]",4,3
10,"[3,2,4,1]",10,"[1,2,3,4]","[4,2,1,3]","[1,2,3,4]",n4_o001_r0081,4,"[1,2,3,4]",4,3
10,"[4,2,3,1]",10,"[1,2,3,4]","[4,2,3,1]","[1,2,3,4]",n4_o001_r0082,4,"[1,2,3,4]",4,3
10,"[3,4,2,1]",10,"[1,2,3,4]","[4,3,1,2]","[1,2,3,4]",n4_o001_r0083,4,"[1,2,3,4]",4,3
10,"[4,3,2,1]",10,"[1,2,3,4]","[4,3,2,1]","[1,2,3,4]",n4_o001_r0084,4,"[1,2,3,4]",4,3
11,"[1,2,3,4]",10,"[1,2,3,4]","[1,2,3,5]","[1,2,3,5]",n4_o002_r0085,4,"[1,2,3,4]",40,29
11,"[1,2,4,3]",10,"[1,2,3,4]","[1,2,5,3]","[1,2,3,5]",n4_o002_r0086,4,"[1,2,3,4]",40,29
11,"[1,3,2,4]",10,"[1,2,3,4]","[1,3,2,5]","[1,2,3,5]",n4_o002_r0087,4,"[1,2,3,4]",40,29
11,"[1,4,2,3]",10,"[1,2,3,4]","[1,3,5,2]","[1,2,3,5]",n4_o002_r0088,4,"[1,2,3,4]",40,29
11,"[1,3,4,2]",10,"[1,2,3,4]","[1,5,2,3]","[1,2,3,5]",n4_o002_r0089,4,"[1,2,3,4]",40,29
11,"[1,4,3,2]",10,"[1,2,3,4]","[1,5,3,2]","[1,2,3,5]",n4_o002_r0090,4,"[1,2,3,4]",40,29
11,"[2,1,3,4]",10,"[1,2,3,4]","[2,1,3,5]","[1,2,3,5]",n4_o002_r0091,4,"[1,2,3,4]",40,29
11,"[2,1,4,3]",10,"[1,2,3,4]","[2,1,5,3]","[1,2,3,5]",n4_o002_r0092,4,"[1,2,3,4]",40,29
11,"[3,1,2,4]",10,"[1,2,3,4]","[2,3,1,5]","[1,2,3,5]",n4_o002_r0093,4,"[1,2,3,4]",40,29
11,"[4,1,2,3]",10,"[1,2,3,4]","[2,3,5,1]","[1,2,3,5]",n4_o002_r0094,4,"[1,2,3,4]",40,29
11,"[3,1,4,2]",10,"[1,2,3,4]","[2,5,1,3]","[1,2,3,5]",n4_o002_r0095,4,"[1,2,3,4]",40,29
11,"[4,1,3,2]",10,"[1,2,3,4]","[2,5,3,1]","[1,2,3,5]",n4_o002_r0096,4,"[1,2,3,4]",40,29
11,"[2,3,1,4]",10,"[1,2,3,4]","[3,1,2,5]","[1,2,3,5]",n4_o002_r0097,4,"[1,2,3,4]",40,29
11,"[2,4,1,3]",10,"[1,2,3,4]","[3,1,5,2]","[1,2,3,5]",n4_o002_r0098,4,"[1,2,3,4]",40,29
11,"[3,2,1,4]",10,"[1,2,3,4]","[3,2,1,5]","[1,2,3,5]",n4_o002_r0099,4,"[1,2,3,4]",40,29
11,"[4,2,1,3]",10,"[1,2,3,4]","[3,2,5,1]","[1,2,3,5]",n4_o002_r0100,4,"[1,2,3,4]",40,29
11,"[3,4,1,2]",10,"[1,2,3,4]","[3,5,1,2]","[1,2,3,5]",n4_o002_r0101,4,"[1,2,3,4]",40,29
11,"[4,3,1,2]",10,"[1,2,3,4]","[3,5,2,1]","[1,2,3,5]",n4_o002_r0102,4,"[1,2,3,4]",40,29
11,"[2,3,4,1]",10,"[1,2,3,4]","[5,1,2,3]","[1,2,3,5]",n4_o002_r0103,4,"[1,2,3,4]",40,29
11,"[2,4,3,1]",10,"[1,2,3,4]","[5,1,3,2]","[1,2,3,5]",n4_o002_r0104,4,"[1,2,3,4]",40,29
11,"[3,2,4,1]",10,"[1,2,3,4]","[5,2,1,3]","[1,2,3,5]",n4_o002_r0105,4,"[1,2,3,4]",40,29
11,"[4,2,3,1]",10,"[1,2,3,4]","[5,2,3,1]","[1,2,3,5]",n4_o002_r0106,4,"[1,2,3,4]",40,29
11,"[3,4,2,1]",10,"[1,2,3,4]","[5,3,1,2]","[1,2,3,5]",n4_o002_r0107,4,"[1,2,3,4]",40,29
11,"[4,3,2,1]",10,"[1,2,3,4]","[5,3,2,1]","[1,2,3,5]",n4_o002_r0108,4,"[1,2,3,4]",40,29
12,"[1,2,3,4]",10,"[1,2,3,4]","[1,2,3,6]","[1,2,3,6]",n4_o003_r0109,4,"[1,2,3,4]",10,7
12,"[1,2,4,3]",10,"[1,2,3,4]","[1,2,6,3]","[1,2,3,6]",n4_o003_r0110,4,"[1,2,3,4]",10,7
12,"[1,3,2,4]",10,"[1,2,3,4]","[1,3,2,6]","[1,2,3,6]",n4_o003_r0111,4,"[1,2,3,4]",10,7
12,"[1,4,2,3]",10,"[1,2,3,4]","[1,3,6,2]","[1,2,3,6]",n4_o003_r0112,4,"[1,2,3,4]",10,7
12,"[1,3,4,2]",10,"[1,2,3,4]","[1,6,2,3]","[1,2,3,6]",n4_o003_r0113,4,"[1,2,3,4]",10,7
12,"[1,4,3,2]",10,"[1,2,3,4]","[1,6,3,2]","[1,2,3,6]",n4_o003_r0114,4,"[1,2,3,4]",10,7
12,"[2,1,3,4]",10,"[1,2,3,4]","[2,1,3,6]","[1,2,3,6]",n4_o003_r0115,4,"[1,2,3,4]",10,7
12,"[2,1,4,3]",10,"[1,2,3,4]","[2,1,6,3]","[1,2,3,6]",n4_o003_r0116,4,"[1,2,3,4]",10,7
12,"[3,1,2,4]",10,"[1,2,3,4]","[2,3,1,6]","[1,2,3,6]",n4_o003_r0117,4,"[1,2,3,4]",10,7
12,"[4,1,2,3]",10,"[1,2,3,4]","[2,3,6,1]","[1,2,3,6]",n4_o003_r0118,4,"[1,2,3,4]",10,7
12,"[3,1,4,2]",10,"[1,2,3,4]","[2,6,1,3]","[1,2,3,6]",n4_o003_r0119,4,"[1,2,3,4]",10,7
12,"[4,1,3,2]",10,"[1,2,3,4]","[2,6,3,1]","[1,2,3,6]",n4_o003_r0120,4,"[1,2,3,4]",10,7
12,"[2,3,1,4]",10,"[1,2,3,4]","[3,1,2,6]","[1,2,3,6]",n4_o003_r0121,4,"[1,2,3,4]",10,7
12,"[2,4,1,3]",10,"[1,2,3,4]","[3,1,6,2]","[1,2,3,6]",n4_o003_r0122,4,"[1,2,3,4]",10,7
12,"[3,2,1,4]",10,"[1,2,3,4]","[3,2,1,6]","[1,2,3,6]",n4_o003_r0123,4,"[1,2,3,4]",10,7
12,"[4,2,1,3]",10,"[1,2,3,4]","[3,2,6,1]","[1,2,3,6]",n4_o003_r0124,4,"[1,2,3,4]",10,7
12,"[3,4,1,2]",10,"[1,2,3,4]","[3,6,1,2]","[1,2,3,6]",n4_o003_r0125,4,"[1,2,3,4]",10,7
12,"[4,3,1,2]",10,"[1,2,3,4]","[3,6,2,1]","[1,2,3,6]",n4_o003_r0126,4,"[1,2,3,4]",10,7
12,"[2,3,4,1]",10,"[1,2,3,4]","[6,1,2,3]","[1,2,3,6]",n4_o003_r0127,4,"[1,2,3,4]",10,7
12,"[2,4,3,1]",10,"[1,2,3,4]","[6,1,3,2]","[1,2,3,6]",n4_o003_r0128,4,"[1,2,3,4]",10,7
12,"[3,2,4,1]",10,"[1,2,3,4]","[6,2,1,3]","[1,2,3,6]",n4_o003_r0129,4,"[1,2,3,4]",10,7
12,"[4,2,3,1]",10,"[1,2,3,4]","[6,2,3,1]","[1,2,3,6]",n4_o003_r0130,4,"[1,2,3,4]",10,7
12,"[3,4,2,1]",10,"[1,2,3,4]","[6,3,1,2]","[1,2,3,6]",n4_o003_r0131,4,"[1,2,3,4]",10,7
12,"[4,3,2,1]",10,"[1,2,3,4]","[6,3,2,1]","[1,2,3,6]",n4_o003_r0132,4,"[1,2,3,4]",10,7
13,"[1,2,3,4]",10,"[1,2,3,4]","[1,2,3,7]","[1,2,3,7]",n4_o004_r0133,4,"[1,2,3,4]",40,27
13,"[1,2,4,3]",10,"[1,2,3,4]","[1,2,7,3]","[1,2,3,7]",n4_o004_r0134,4,"[1,2,3,4]",40,27
13,"[1,3,2,4]",10,"[1,2,3,4]","[1,3,2,7]","[1,2,3,7]",n4_o004_r0135,4,"[1,2,3,4]",40,27
13,"[1,4,2,3]",10,"[1,2,3,4]","[1,3,7,2]","[1,2,3,7]",n4_o004_r0136,4,"[1,2,3,4]",40,27
13,"[1,3,4,2]",10,"[1,2,3,4]","[1,7,2,3]","[1,2,3,7]",n4_o004_r0137,4,"[1,2,3,4]",40,27
13,"[1,4,3,2]",10,"[1,2,3,4]","[1,7,3,2]","[1,2,3,7]",n4_o004_r0138,4,"[1,2,3,4]",40,27
13,"[2,1,3,4]",10,"[1,2,3,4]","[2,1,3,7]","[1,2,3,7]",n4_o004_r0139,4,"[1,2,3,4]",40,27
13,"[2,1,4,3]",10,"[1,2,3,4]","[2,1,7,3]","[1,2,3,7]",n4_o004_r0140,4,"[1,2,3,4]",40,27
13,"[3,1,2,4]",10,"[1,2,3,4]","[2,3,1,7]","[1,2,3,7]",n4_o004_r0141,4,"[1,2,3,4]",40,27
13,"[4,1,2,3]",10,"[1,2,3,4]","[2,3,7,1]","[1,2,3,7]",n4_o004_r0142,4,"[1,2,3,4]",40,27
13,"[3,1,4,2]",10,"[1,2,3,4]","[2,7,1,3]","[1,2,3,7]",n4_o004_r0143,4,"[1,2,3,4]",40,27
13,"[4,1,3,2]",10,"[1,2,3,4]","[2,7,3,1]","[1,2,3,7]",n4_o004_r0144,4,"[1,2,3,4]",40,27
13,"[2,3,1,4]",10,"[1,2,3,4]","[3,1,2,7]","[1,2,3,7]",n4_o004_r0145,4,"[1,2,3,4]",40,27
13,"[2,4,1,3]",10,"[1,2,3,4]","[3,1,7,2]","[1,2,3,7]",n4_o004_r0146,4,"[1,2,3,4]",40,27
13,"[3,2,1,4]",10,"[1,2,3,4]","[3,2,1,7]","[1,2,3,7]",n4_o004_r0147,4,"[1,2,3,4]",40,27
13,"[4,2,1,3]",10,"[1,2,3,4]","[3,2,7,1]","[1,2,3,7]",n4_o004_r0148,4,"[1,2,3,4]",40,27
13,"[3,4,1,2]",10,"[1,2,3,4]","[3,7,1,2]","[1,2,3,7]",n4_o004_r0149,4,"[1,2,3,4]",40,27
13,"[4,3,1,2]",10,"[1,2,3,4]","[3,7,2,1]","[1,2,3,7]",n4_o004_r0150,4,"[1,2,3,4]",40,27
13,"[2,3,4,1]",10,"[1,2,3,4]","[7,1,2,3]","[1,2,3,7]",n4_o004_r0151,4,"[1,2,3,4]",40,27
13,"[2,4,3,1]",10,"[1,2,3,4]","[7,1,3,2]","[1,2,3,7]",n4_o004_r0152,4,"[1,2,3,4]",40,27
13,"[3,2,4,1]",10,"[1,2,3,4]","[7,2,1,3]","[1,2,3,7]",n4_o004_r0153,4,"[1,2,3,4]",40,27
13,"[4,2,3,1]",10,"[1,2,3,4]","[7,2,3,1]","[1,2,3,7]",n4_o004_r0154,4,"[1,2,3,4]",40,27
13,"[3,4,2,1]",10,"[1,2,3,4]","[7,3,1,2]","[1,2,3,7]",n4_o004_r0155,4,"[1,2,3,4]",40,27
13,"[4,3,2,1]",10,"[1,2,3,4]","[7,3,2,1]","[1,2,3,7]",n4_o004_r0156,4,"[1,2,3,4]",40,27
14,"[1,2,3,4]",10,"[1,2,3,4]","[1,2,3,8]","[1,2,3,8]",n4_o005_r0157,4,"[1,2,3,4]",20,13
14,"[1,2,4,3]",10,"[1,2,3,4]","[1,2,8,3]","[1,2,3,8]",n4_o005_r0158,4,"[1,2,3,4]",20,13
14,"[1,3,2,4]",10,"[1,2,3,4]","[1,3,2,8]","[1,2,3,8]",n4_o005_r0159,4,"[1,2,3,4]",20,13
14,"[1,4,2,3]",10,"[1,2,3,4]","[1,3,8,2]","[1,2,3,8]",n4_o005_r0160,4,"[1,2,3,4]",20,13
14,"[1,3,4,2]",10,"[1,2,3,4]","[1,8,2,3]","[1,2,3,8]",n4_o005_r0161,4,"[1,2,3,4]",20,13
14,"[1,4,3,2]",10,"[1,2,3,4]","[1,8,3,2]","[1,2,3,8]",n4_o005_r0162,4,"[1,2,3,4]",20,13
14,"[2,1,3,4]",10,"[1,2,3,4]","[2,1,3,8]","[1,2,3,8]",n4_o005_r0163,4,"[1,2,3,4]",20,13
14,"[2,1,4,3]",10,"[1,2,3,4]","[2,1,8,3]","[1,2,3,8]",n4_o005_r0164,4,"[1,2,3,4]",20,13
14,"[3,1,2,4]",10,"[1,2,3,4]","[2,3,1,8]","[1,2,3,8]",n4_o005_r0165,4,"[1,2,3,4]",20,13
14,"[4,1,2,3]",10,"[1,2,3,4]","[2,3,8,1]","[1,2,3,8]",n4_o005_r0166,4,"[1,2,3,4]",20,13
14,"[3,1,4,2]",10,"[1,2,3,4]","[2,8,1,3]","[1,2,3,8]",n4_o005_r0167,4,"[1,2,3,4]",20,13
14,"[4,1,3,2]",10,"[1,2,3,4]","[2,8,3,1]","[1,2,3,8]",n4_o005_r0168,4,"[1,2,3,4]",20,13
14,"[2,3,1,4]",10,"[1,2,3,4]","[3,1,2,8]","[1,2,3,8]",n4_o005_r0169,4,"[1,2,3,4]",20,13
14,"[2,4,1,3]",10,"[1,2,3,4]","[3,1,8,2]","[1,2,3,8]",n4_o005_r0170,4,"[1,2,3,4]",20,13
14,"[3,2,1,4]",10,"[1,2,3,4]","[3,2,1,8]","[1,2,3,8]",n4_o005_r0171,4,"[1,2,3,4]",20,13
14,"[4,2,1,3]",10,"[1,2,3,4]","[3,2,8,1]","[1,2,3,8]",n4_o005_r0172,4,"[1,2,3,4]",20,13
14,"[3,4,1,2]",10,"[1,2,3,4]","[3,8,1,2]","[1,2,3,8]",n4_o005_r0173,4,"[1,2,3,4]",20,13
14,"[4,3,1,2]",10,"[1,2,3,4]","[3,8,2,1]","[1,2,3,8]",n4_o005_r0174,4,"[1,2,3,4]",20,13
14,"[2,3,4,1]",10,"[1,2,3,4]","[8,1,2,3]","[1,2,3,8]",n4_o005_r0175,4,"[1,2,3,4]",20,13
14,"[2,4,3,1]",10,"[1,2,3,4]","[8,1,3,2]","[1,2,3,8]",n4_o005_r0176,4,"[1,2,3,4]",20,13
14,"[3,2,4,1]",10,"[1,2,3,4]","[8,2,1,3]","[1,2,3,8]",n4_o005_r0177,4,"[1,2,3,4]",20,13
14,"[4,2,3,1]",10,"[1,2,3,4]","[8,2,3,1]","[1,2,3,8]",n4_o005_r0178,4,"[1,2,3,4]",20,13
14,"[3,4,2,1]",10,"[1,2,3,4]","[8,3,1,2]","[1,2,3,8]",n4_o005_r0179,4,"[1,2,3,4]",20,13
14,"[4,3,2,1]",10,"[1,2,3,4]","[8,3,2,1]","[1,2,3,8]",n4_o005_r0180,4,"[1,2,3,4]",20,13
15,"[1,2,3,4]",10,"[1,2,3,4]","[1,2,3,9]","[1,2,3,9]",n4_o006_r0181,4,"[1,2,3,4]",8,5
15,"[1,2,4,3]",10,"[1,2,3,4]","[1,2,9,3]","[1,2,3,9]",n4_o006_r0182,4,"[1,2,3,4]",8,5
15,"[1,3,2,4]",10,"[1,2,3,4]","[1,3,2,9]","[1,2,3,9]",n4_o006_r0183,4,"[1,2,3,4]",8,5
15,"[1,4,2,3]",10,"[1,2,3,4]","[1,3,9,2]","[1,2,3,9]",n4_o006_r0184,4,"[1,2,3,4]",8,5
15,"[1,3,4,2]",10,"[1,2,3,4]","[1,9,2,3]","[1,2,3,9]",n4_o006_r0185,4,"[1,2,3,4]",8,5
15,"[1,4,3,2]",10,"[1,2,3,4]","[1,9,3,2]","[1,2,3,9]",n4_o006_r0186,4,"[1,2,3,4]",8,5
15,"[2,1,3,4]",10,"[1,2,3,4]","[2,1,3,9]","[1,2,3,9]",n4_o006_r0187,4,"[1,2,3,4]",8,5
15,"[2,1,4,3]",10,"[1,2,3,4]","[2,1,9,3]","[1,2,3,9]",n4_o006_r0188,4,"[1,2,3,4]",8,5
15,"[3,1,2,4]",10,"[1,2,3,4]","[2,3,1,9]","[1,2,3,9]",n4_o006_r0189,4,"[1,2,3,4]",8,5
15,"[4,1,2,3]",10,"[1,2,3,4]","[2,3,9,1]","[1,2,3,9]",n4_o006_r0190,4,"[1,2,3,4]",8,5
15,"[3,1,4,2]",10,"[1,2,3,4]","[2,9,1,3]","[1,2,3,9]",n4_o006_r0191,4,"[1,2,3,4]",8,5
15,"[4,1,3,2]",10,"[1,2,3,4]","[2,9,3,1]","[1,2,3,9]",n4_o006_r0192,4,"[1,2,3,4]",8,5
15,"[2,3,1,4]",10,"[1,2,3,4]","[3,1,2,9]","[1,2,3,9]",n4_o006_r0193,4,"[1,2,3,4]",8,5
15,"[2,4,1,3]",10,"[1,2,3,4]","[3,1,9,2]","[1,2,3,9]",n4_o006_r0194,4,"[1,2,3,4]",8,5
15,"[3,2,1,4]",10,"[1,2,3,4]","[3,2,1,9]","[1,2,3,9]",n4_o006_r0195,4,"[1,2,3,4]",8,5
15,"[4,2,1,3]",10,"[1,2,3,4]","[3,2,9,1]","[1,2,3,9]",n4_o006_r0196,4,"[1,2,3,4]",8,5
15,"[3,4,1,2]",10,"[1,2,3,4]","[3,9,1,2]","[1,2,3,9]",n4_o006_r0197,4,"[1,2,3,4]",8,5
15,"[4,3,1,2]",10,"[1,2,3,4]","[3,9,2,1]","[1,2,3,9]",n4_o006_r0198,4,"[1,2,3,4]",8,5
15,"[2,3,4,1]",10,"[1,2,3,4]","[9,1,2,3]","[1,2,3,9]",n4_o006_r0199,4,"[1,2,3,4]",8,5
15,"[2,4,3,1]",10,"[1,2,3,4]","[9,1,3,2]","[1,2,3,9]",n4_o006_r0200,4,"[1,2,3,4]",8,5
15,"[3,2,4,1]",10,"[1,2,3,4]","[9,2,1,3]","[1,2,3,9]",n4_o006_r0201,4,"[1,2,3,4]",8,5
15,"[4,2,3,1]",10,"[1,2,3,4]","[9,2,3,1]","[1,2,3,9]",n4_o006_r0202,4,"[1,2,3,4]",8,5
15,"[3,4,2,1]",10,"[1,2,3,4]","[9,3,1,2]","[1,2,3,9]",n4_o006_r0203,4,"[1,2,3,4]",8,5
15,"[4,3,2,1]",10,"[1,2,3,4]","[9,3,2,1]","[1,2,3,9]",n4_o006_r0204,4,"[1,2,3,4]",8,5
12,"[1,2,3,4]",10,"[1,2,3,4]","[1,2,4,5]","[1,2,4,5]",n4_o007_r0205,4,"[1,2,3,4]",10,7
12,"[1,2,4,3]",10,"[1,2,3,4]","[1,2,5,4]","[1,2,4,5]",n4_o007_r0206,4,"[1,2,3,4]",10,7
12,"[1,3,2,4]",10,"[1,2,3,4]","[1,4,2,5]","[1,2,4,5]",n4_o007_r0207,4,"[1,2,3,4]",10,7
12,"[1,4,2,3]",10,"[1,2,3,4]","[1,4,5,2]","[1,2,4,5]",n4_o007_r0208,4,"[1,2,3,4]",10,7
12,"[1,3,4,2]",10,"[1,2,3,4]","[1,5,2,4]","[1,2,4,5]",n4_o007_r0209,4,"[1,2,3,4]",10,7
12,"[1,4,3,2]",10,"[1,2,3,4]","[1,5,4,2]","[1,2,4,5]",n4_o007_r0210,4,"[1,2,3,4]",10,7
12,"[2,1,3,4]",10,"[1,2,3,4]","[2,1,4,5]","[1,2,4,5]",n4_o007_r0211,4,"[1,2,3,4]",10,7
12,"[2,1,4,3]",10,"[1,2,3,4]","[2,1,5,4]","[1,2,4,5]",n4_o007_r0212,4,"[1,2,3,4]",10,7
12,"[3,1,2,4]",10,"[1,2,3,4]","[2,4,1,5]","[1,2,4,5]",n4_o007_r0213,4,"[1,2,3,4]",10,7
12,"[4,1,2,3]",10,"[1,2,3,4]","[2,4,5,1]","[1,2,4,5]",n4_o007_r0214,4,"[1,2,3,4]",10,7
12,"[3,1,4,2]",10,"[1,2,3,4]","[2,5,1,4]","[1,2,4,5]",n4_o007_r0215,4,"[1,2,3,4]",10,7
12,"[4,1,3,2]",10,"[1,2,3,4]","[2,5,4,1]","[1,2,4,5]",n4_o007_r0216,4,"[1,2,3,4]",10,7
12,"[2,3,1,4]",10,"[1,2,3,4]","[4,1,2,5]","[1,2,4,5]",n4_o007_r0217,4,"[1,2,3,4]",10,7
12,"[2,4,1,3]",10,"[1,2,3,4]","[4,1,5,2]","[1,2,4,5]",n4_o007_r0218,4,"[1,2,3,4]",10,7
12,"[3,2,1,4]",10,"[1,2,3,4]","[4,2,1,5]","[1,2,4,5]",n4_o007_r0219,4,"[1,2,3,4]",10,7
12,"[4,2,1,3]",10,"[1,2,3,4]","[4,2,5,1]","[1,2,4,5]",n4_o007_r0220,4,"[1,2,3,4]",10,7
12,"[3,4,1,2]",10,"[1,2,3,4]","[4,5,1,2]","[1,2,4,5]",n4_o007_r0221,4,"[1,2,3,4]",10,7
12,"[4,3,1,2]",10,"[1,2,3,4]","[4,5,2,1]","[1,2,4,5]",n4_o007_r0222,4,"[1,2,3,4]",10,7
12,"[2,3,4,1]",10,"[1,2,3,4]","[5,1,2,4]","[1,2,4,5]",n4_o007_r0223,4,"[1,2,3,4]",10,7
12,"[2,4,3,1]",10,"[1,2,3,4]","[5,1,4,2]","[1,2,4,5]",n4_o007_r0224,4,"[1,2,3,4]",10,7
12,"[3,2,4,1]",10,"[1,2,3,4]","[5,2,1,4]","[1,2,4,5]",n4_o007_r0225,4,"[1,2,3,4]",10,7
12,"[4,2,3,1]",10,"[1,2,3,4]","[5,2,4,1]","[1,2,4,5]",n4_o007_r0226,4,"[1,2,3,4]",10,7
12,"[3,4,2,1]",10,"[1,2,3,4]","[5,4,1,2]","[1,2,4,5]",n4_o007_r0227,4,"[1,2,3,4]",10,7
12,"[4,3,2,1]",10,"[1,2,3,4]","[5,4,2,1]","[1,2,4,5]",n4_o007_r0228,4,"[1,2,3,4]",10,7
13,"[1,2,3,4]",10,"[1,2,3,4]","[1,2,4,6]","[1,2,4,6]",n4_o008_r0229,4,"[1,2,3,4]",40,27
13,"[1,2,4,3]",10,"[1,2,3,4]","[1,2,6,4]","[1,2,4,6]",n4_o008_r0230,4,"[1,2,3,4]",40,27
13,"[1,3,2,4]",10,"[1,2,3,4]","[1,4,2,6]","[1,2,4,6]",n4_o008_r0231,4,"[1,2,3,4]",40,27
13,"[1,4,2,3]",10,"[1,2,3,4]","[1,4,6,2]","[1,2,4,6]",n4_o008_r0232,4,"[1,2,3,4]",40,27
13,"[1,3,4,2]",10,"[1,2,3,4]","[1,6,2,4]","[1,2,4,6]",n4_o008_r0233,4,"[1,2,3,4]",40,27
13,"[1,4,3,2]",10,"[1,2,3,4]","[1,6,4,2]","[1,2,4,6]",n4_o008_r0234,4,"[1,2,3,4]",40,27
13,"[2,1,3,4]",10,"[1,2,3,4]","[2,1,4,6]","[1,2,4,6]",n4_o008_r0235,4,"[1,2,3,4]",40,27
13,"[2,1,4,3]",10,"[1,2,3,4]","[2,1,6,4]","[1,2,4,6]",n4_o008_r0236,4,"[1,2,3,4]",40,27
13,"[3,1,2,4]",10,"[1,2,3,4]","[2,4,1,6]","[1,2,4,6]",n4_o008_r0237,4,"[1,2,3,4]",40,27
13,"[4,1,2,3]",10,"[1,2,3,4]","[2,4,6,1]","[1,2,4,6]",n4_o008_r0238,4,"[1,2,3,4]",40,27
13,"[3,1,4,2]",10,"[1,2,3,4]","[2,6,1,4]","[1,2,4,6]",n4_o008_r0239,4,"[1,2,3,4]",40,27
13,"[4,1,3,2]",10,"[1,2,3,4]","[2,6,4,1]","[1,2,4,6]",n4_o008_r0240,4,"[1,2,3,4]",40,27
13,"[2,3,1,4]",10,"[1,2,3,4]","[4,1,2,6]","[1,2,4,6]",n4_o008_r0241,4,"[1,2,3,4]",40,27
13,"[2,4,1,3]",10,"[1,2,3,4]","[4,1,6,2]","[1,2,4,6]",n4_o008_r0242,4,"[1,2,3,4]",40,27
13,"[3,2,1,4]",10,"[1,2,3,4]","[4,2,1,6]","[1,2,4,6]",n4_o008_r0243,4,"[1,2,3,4]",40,27
13,"[4,2,1,3]",10,"[1,2,3,4]","[4,2,6,1]","[1,2,4,6]",n4_o008_r0244,4,"[1,2,3,4]",40,27
13,"[3,4,1,2]",10,"[1,2,3,4]","[4,6,1,2]","[1,2,4,6]",n4_o008_r0245,4,"[1,2,3,4]",40,27
13,"[4,3,1,2]",10,"[1,2,3,4]","[4,6,2,1]","[1,2,4,6]",n4_o008_r0246,4,"[1,2,3,4]",40,27
13,"[2,3,4,1]",10,"[1,2,3,4]","[6,1,2,4]","[1,2,4,6]",n4_o008_r0247,4,"[1,2,3,4]",40,27
13,"[2,4,3,1]",10,"[1,2,3,4]","[6,1,4,2]","[1,2,4,6]",n4_o008_r0248,4,"[1,2,3,4]",40,27
13,"[3,2,4,1]",10,"[1,2,3,4]","[6,2,1,4]","[1,2,4,6]",n4_o008_r0249,4,"[1,2,3,4]",40,27
13,"[4,2,3,1]",10,"[1,2,3,4]","[6,2,4,1]","[1,2,4,6]",n4_o008_r0250,4,"[1,2,3,4]",40,27
13,"[3,4,2,1]",10,"[1,2,3,4]","[6,4,1,2]","[1,2,4,6]",n4_o008_r0251,4,"[1,2,3,4]",40,27
13,"[4,3,2,1]",10,"[1,2,3,4]","[6,4,2,1]","[1,2,4,6]",n4_o008_r0252,4,"[1,2,3,4]",40,27
14,"[1,2,3,4]",10,"[1,2,3,4]","[1,2,4,7]","[1,2,4,7]",n4_o009_r0253,4,"[1,2,3,4]",20,13
14,"[1,2,4,3]",10,"[1,2,3,4]","[1,2,7,4]","[1,2,4,7]",n4_o009_r0254,4,"[1,2,3,4]",20,13
14,"[1,3,2,4]",10,"[1,2,3,4]","[1,4,2,7]","[1,2,4,7]",n4_o009_r0255,4,"[1,2,3,4]",20,13
14,"[1,4,2,3]",10,"[1,2,3,4]","[1,4,7,2]","[1,2,4,7]",n4_o009_r0256,4,"[1,2,3,4]",20,13
14,"[1,3,4,2]",10,"[1,2,3,4]","[1,7,2,4]","[1,2,4,7]",n4_o009_r0257,4,"[1,2,3,4]",20,13
14,"[1,4,3,2]",10,"[1,2,3,4]","[1,7,4,2]","[1,2,4,7]",n4_o009_r0258,4,"[1,2,3,4]",20,13
14,"[2,1,3,4]",10,"[1,2,3,4]","[2,1,4,7]","[1,2,4,7]",n4_o009_r0259,4,"[1,2,3,4]",20,13
14,"[2,1,4,3]",10,"[1,2,3,4]","[2,1,7,4]","[1,2,4,7]",n4_o009_r0260,4,"[1,2,3,4]",20,13
14,"[3,1,2,4]",10,"[1,2,3,4]","[2,4,1,7]","[1,2,4,7]",n4_o009_r0261,4,"[1,2,3,4]",20,13
14,"[4,1,2,3]",10,"[1,2,3,4]","[2,4,7,1]","[1,2,4,7]",n4_o009_r0262,4,"[1,2,3,4]",20,13
14,"[3,1,4,2]",10,"[1,2,3,4]","[2,7,1,4]","[1,2,4,7]",n4_o009_r0263,4,"[1,2,3,4]",20,13
14,"[4,1,3,2]",10,"[1,2,3,4]","[2,7,4,1]","[1,2,4,7]",n4_o009_r0264,4,"[1,2,3,4]",20,13
14,"[2,3,1,4]",10,"[1,2,3,4]","[4,1,2,7]","[1,2,4,7]",n4_o009_r0265,4,"[1,2,3,4]",20,13
14,"[2,4,1,3]",10,"[1,2,3,4]","[4,1,7,2]","[1,2,4,7]",n4_o009_r0266,4,"[1,2,3,4]",20,13
14,"[3,2,1,4]",10,"[1,2,3,4]","[4,2,1,7]","[1,2,4,7]",n4_o009_r0267,4,"[1,2,3,4]",20,13
14,"[4,2,1,3]",10,"[1,2,3,4]","[4,2,7,1]","[1,2,4,7]",n4_o009_r0268,4,"[1,2,3,4]",20,13
14,"[3,4,1,2]",10,"[1,2,3,4]","[4,7,1,2]","[1,2,4,7]",n4_o009_r0269,4,"[1,2,3,4]",20,13
14,"[4,3,1,2]",10,"[1,2,3,4]","[4,7,2,1]","[1,2,4,7]",n4_o009_r0270,4,"[1,2,3,4]",20,13
14,"[2,3,4,1]",10,"[1,2,3,4]","[7,1,2,4]","[1,2,4,7]",n4_o009_r0271,4,"[1,2,3,4]",20,13
14,"[2,4,3,1]",10,"[1,2,3,4]","[7,1,4,2]","[1,2,4,7]",n4_o009_r0272,4,"[1,2,3,4]",20,13
14,"[3,2,4,1]",10,"[1,2,3,4]","[7,2,1,4]","[1,2,4,7]",n4_o009_r0273,4,"[1,2,3,4]",20,13
14,"[4,2,3,1]",10,"[1,2,3,4]","[7,2,4,1]","[1,2,4,7]",n4_o009_r0274,4,"[1,2,3,4]",20,13
14,"[3,4,2,1]",10,"[1,2,3,4]","[7,4,1,2]","[1,2,4,7]",n4_o009_r0275,4,"[1,2,3,4]",20,13
14,"[4,3,2,1]",10,"[1,2,3,4]","[7,4,2,1]","[1,2,4,7]",n4_o009_r0276,4,"[1,2,3,4]",20,13
15,"[1,2,3,4]",10,"[1,2,3,4]","[1,2,4,8]","[1,2,4,8]",n4_o010_r0277,4,"[1,2,3,4]",8,5
15,"[1,2,4,3]",10,"[1,2,3,4]","[1,2,8,4]","[1,2,4,8]",n4_o010_r0278,4,"[1,2,3,4]",8,5
15,"[1,3,2,4]",10,"[1,2,3,4]","[1,4,2,8]","[1,2,4,8]",n4_o010_r0279,4,"[1,2,3,4]",8,5
15,"[1,4,2,3]",10,"[1,2,3,4]","[1,4,8,2]","[1,2,4,8]",n4_o010_r0280,4,"[1,2,3,4]",8,5
15,"[1,3,4,2]",10,"[1,2,3,4]","[1,8,2,4]","[1,2,4,8]",n4_o010_r0281,4,"[1,2,3,4]",8,5
15,"[1,4,3,2]",10,"[1,2,3,4]","[1,8,4,2]","[1,2,4,8]",n4_o010_r0282,4,"[1,2,3,4]",8,5
15,"[2,1,3,4]",10,"[1,2,3,4]","[2,1,4,8]","[1,2,4,8]",n4_o010_r0283,4,"[1,2,3,4]",8,5
15,"[2,1,4,3]",10,"[1,2,3,4]","[2,1,8,4]","[1,2,4,8]",n4_o010_r0284,4,"[1,2,3,4]",8,5
15,"[3,1,2,4]",10,"[1,2,3,4]","[2,4,1,8]","[1,2,4,8]",n4_o010_r0285,4,"[1,2,3,4]",8,5
15,"[4,1,2,3]",10,"[1,2,3,4]","[2,4,8,1]","[1,2,4,8]",n4_o010_r0286,4,"[1,2,3,4]",8,5
15,"[3,1,4,2]",10,"[1,2,3,4]","[2,8,1,4]","[1,2,4,8]",n4_o010_r0287,4,"[1,2,3,4]",8,5
15,"[4,1,3,2]",10,"[1,2,3,4]","[2,8,4,1]","[1,2,4,8]",n4_o010_r0288,4,"[1,2,3,4]",8,5
15,"[2,3,1,4]",10,"[1,2,3,4]","[4,1,2,8]","[1,2,4,8]",n4_o010_r0289,4,"[1,2,3,4]",8,5
15,"[2,4,1,3]",10,"[1,2,3,4]","[4,1,8,2]","[1,2,4,8]",n4_o010_r0290,4,"[1,2,3,4]",8,5
15,"[3,2,1,4]",10,"[1,2,3,4]","[4,2,1,8]","[1,2,4,8]",n4_o010_r0291,4,"[1,2,3,4]",8,5
15,"[4,2,1,3]",10,"[1,2,3,4]","[4,2,8,1]","[1,2,4,8]",n4_o010_r0292,4,"[1,2,3,4]",8,5
15,"[3,4,1,2]",10,"[1,2,3,4]","[4,8,1,2]","[1,2,4,8]",n4_o010_r0293,4,"[1,2,3,4]",8,5
15,"[4,3,1,2]",10,"[1,2,3,4]","[4,8,2,1]","[1,2,4,8]",n4_o010_r0294,4,"[1,2,3,4]",8,5
15,"[2,3,4,1]",10,"[1,2,3,4]","[8,1,2,4]","[1,2,4,8]",n4_o010_r0295,4,"[1,2,3,4]",8,5
15,"[2,4,3,1]",10,"[1,2,3,4]","[8,1,4,2]","[1,2,4,8]",n4_o010_r0296,4,"[1,2,3,4]",8,5
15,"[3,2,4,1]",10,"[1,2,3,4]","[8,2,1,4]","[1,2,4,8]",n4_o010_r0297,4,"[1,2,3,4]",8,5
15,"[4,2,3,1]",10,"[1,2,3,4]","[8,2,4,1]","[1,2,4,8]",n4_o010_r0298,4,"[1,2,3,4]",8,5
15,"[3,4,2,1]",10,"[1,2,3,4]","[8,4,1,2]","[1,2,4,8]",n4_o010_r0299,4,"[1,2,3,4]",8,5
15,"[4,3,2,1]",10,"[1,2,3,4]","[8,4,2,1]","[1,2,4,8]",n4_o010_r0300,4,"[1,2,3,4]",8,5
16,"[1,2,3,4]",10,"[1,2,3,4]","[1,2,4,9]","[1,2,4,9]",n4_o011_r0301,4,"[1,2,3,4]",5,3
16,"[1,2,4,3]",10,"[1,2,3,4]","[1,2,9,4]","[1,2,4,9]",n4_o011_r0302,4,"[1,2,3,4]",5,3
16,"[1,3,2,4]",10,"[1,2,3,4]","[1,4,2,9]","[1,2,4,9]",n4_o011_r0303,4,"[1,2,3,4]",5,3
16,"[1,4,2,3]",10,"[1,2,3,4]","[1,4,9,2]","[1,2,4,9]",n4_o011_r0304,4,"[1,2,3,4]",5,3
16,"[1,3,4,2]",10,"[1,2,3,4]","[1,9,2,4]","[1,2,4,9]",n4_o011_r0305,4,"[1,2,3,4]",5,3
16,"[1,4,3,2]",10,"[1,2,3,4]","[1,9,4,2]","[1,2,4,9]",n4_o011_r0306,4,"[1,2,3,4]",5,3
16,"[2,1,3,4]",10,"[1,2,3,4]","[2,1,4,9]","[1,2,4,9]",n4_o011_r0307,4,"[1,2,3,4]",5,3
16,"[2,1,4,3]",10,"[1,2,3,4]","[2,1,9,4]","[1,2,4,9]",n4_o011_r0308,4,"[1,2,3,4]",5,3
16,"[3,1,2,4]",10,"[1,2,3,4]","[2,4,1,9]","[1,2,4,9]",n4_o011_r0309,4,"[1,2,3,4]",5,3
16,"[4,1,2,3]",10,"[1,2,3,4]","[2,4,9,1]","[1,2,4,9]",n4_o011_r0310,4,"[1,2,3,4]",5,3
16,"[3,1,4,2]",10,"[1,2,3,4]","[2,9,1,4]","[1,2,4,9]",n4_o011_r0311,4,"[1,2,3,4]",5,3
16,"[4,1,3,2]",10,"[1,2,3,4]","[2,9,4,1]","[1,2,4,9]",n4_o011_r0312,4,"[1,2,3,4]",5,3
16,"[2,3,1,4]",10,"[1,2,3,4]","[4,1,2,9]","[1,2,4,9]",n4_o011_r0313,4,"[1,2,3,4]",5,3
16,"[2,4,1,3]",10,"[1,2,3,4]","[4,1,9,2]","[1,2,4,9]",n4_o011_r0314,4,"[1,2,3,4]",5,3
16,"[3,2,1,4]",10,"[1,2,3,4]","[4,2,1,9]","[1,2,4,9]",n4_o011_r0315,4,"[1,2,3,4]",5,3
16,"[4,2,1,3]",10,"[1,2,3,4]","[4,2,9,1]","[1,2,4,9]",n4_o011_r0316,4,"[1,2,3,4]",5,3
16,"[3,4,1,2]",10,"[1,2,3,4]","[4,9,1,2]","[1,2,4,9]",n4_o011_r0317,4,"[1,2,3,4]",5,3
16,"[4,3,1,2]",10,"[1,2,3,4]","[4,9,2,1]","[1,2,4,9]",n4_o011_r0318,4,"[1,2,3,4]",5,3
16,"[2,3,4,1]",10,"[1,2,3,4]","[9,1,2,4]","[1,2,4,9]",n4_o011_r0319,4,"[1,2,3,4]",5,3
16,"[2,4,3,1]",10,"[1,2,3,4]","[9,1,4,2]","[1,2,4,9]",n4_o011_r0320,4,"[1,2,3,4]",5,3
16,"[3,2,4,1]",10,"[1,2,3,4]","[9,2,1,4]","[1,2,4,9]",n4_o011_r0321,4,"[1,2,3,4]",5,3
16,"[4,2,3,1]",10,"[1,2,3,4]","[9,2,4,1]","[1,2,4,9]",n4_o011_r0322,4,"[1,2,3,4]",5,3
16,"[3,4,2,1]",10,"[1,2,3,4]","[9,4,1,2]","[1,2,4,9]",n4_o011_r0323,4,"[1,2,3,4]",5,3
16,"[4,3,2,1]",10,"[1,2,3,4]","[9,4,2,1]","[1,2,4,9]",n4_o011_r0324,4,"[1,2,3,4]",5,3
14,"[1,2,3,4]",10,"[1,2,3,4]","[1,2,5,6]","[1,2,5,6]",n4_o012_r0325,4,"[1,2,3,4]",20,13
14,"[1,2,4,3]",10,"[1,2,3,4]","[1,2,6,5]","[1,2,5,6]",n4_o012_r0326,4,"[1,2,3,4]",20,13
14,"[1,3,2,4]",10,"[1,2,3,4]","[1,5,2,6]","[1,2,5,6]",n4_o012_r0327,4,"[1,2,3,4]",20,13
14,"[1,4,2,3]",10,"[1,2,3,4]","[1,5,6,2]","[1,2,5,6]",n4_o012_r0328,4,"[1,2,3,4]",20,13
14,"[1,3,4,2]",10,"[1,2,3,4]","[1,6,2,5]","[1,2,5,6]",n4_o012_r0329,4,"[1,2,3,4]",20,13
14,"[1,4,3,2]",10,"[1,2,3,4]","[1,6,5,2]","[1,2,5,6]",n4_o012_r0330,4,"[1,2,3,4]",20,13
14,"[2,1,3,4]",10,"[1,2,3,4]","[2,1,5,6]","[1,2,5,6]",n4_o012_r0331,4,"[1,2,3,4]",20,13
14,"[2,1,4,3]",10,"[1,2,3,4]","[2,1,6,5]","[1,2,5,6]",n4_o012_r0332,4,"[1,2,3,4]",20,13
14,"[3,1,2,4]",10,"[1,2,3,4]","[2,5,1,6]","[1,2,5,6]",n4_o012_r0333,4,"[1,2,3,4]",20,13
14,"[4,1,2,3]",10,"[1,2,3,4]","[2,5,6,1]","[1,2,5,6]",n4_o012_r0334,4,"[1,2,3,4]",20,13
14,"[3,1,4,2]",10,"[1,2,3,4]","[2,6,1,5]","[1,2,5,6]",n4_o012_r0335,4,"[1,2,3,4]",20,13
14,"[4,1,3,2]",10,"[1,2,3,4]","[2,6,5,1]","[1,2,5,6]",n4_o012_r0336,4,"[1,2,3,4]",20,13
14,"[2,3,1,4]",10,"[1,2,3,4]","[5,1,2,6]","[1,2,5,6]",n4_o012_r0337,4,"[1,2,3,4]",20,13
14,"[2,4,1,3]",10,"[1,2,3,4]","[5,1,6,2]","[1,2,5,6]",n4_o012_r0338,4,"[1,2,3,4]",20,13
14,"[3,2,1,4]",10,"[1,2,3,4]","[5,2,1,6]","[1,2,5,6]",n4_o012_r0339,4,"[1,2,3,4]",20,13
14,"[4,2,1,3]",10,"[1,2,3,4]","[5,2,6,1]","[1,2,5,6]",n4_o012_r0340,4,"[1,2,3,4]",20,13
14,"[3,4,1,2]",10,"[1,2,3,4]","[5,6,1,2]","[1,2,5,6]",n4_o012_r0341,4,"[1,2,3,4]",20,13
14,"[4,3,1,2]",10,"[1,2,3,4]","[5,6,2,1]","[1,2,5,6]",n4_o012_r0342,4,"[1,2,3,4]",20,13
14,"[2,3,4,1]",10,"[1,2,3,4]","[6,1,2,5]","[1,2,5,6]",n4_o012_r0343,4,"[1,2,3,4]",20,13
14,"[2,4,3,1]",10,"[1,2,3,4]","[6,1,5,2]","[1,2,5,6]",n4_o012_r0344,4,"[1,2,3,4]",20,13
14,"[3,2,4,1]",10,"[1,2,3,4]","[6,2,1,5]","[1,2,5,6]",n4_o012_r0345,4,"[1,2,3,4]",20,13
14,"[4,2,3,1]",10,"[1,2,3,4]","[6,2,5,1]","[1,2,5,6]",n4_o012_r0346,4,"[1,2,3,4]",20,13
14,"[3,4,2,1]",10,"[1,2,3,4]","[6,5,1,2]","[1,2,5,6]",n4_o012_r0347,4,"[1,2,3,4]",20,13
14,"[4,3,2,1]",10,"[1,2,3,4]","[6,5,2,1]","[1,2,5,6]",n4_o012_r0348,4,"[1,2,3,4]",20,13
15,"[1,2,3,4]",10,"[1,2,3,4]","[1,2,5,7]","[1,2,5,7]",n4_o013_r0349,4,"[1,2,3,4]",8,5
15,"[1,2,4,3]",10,"[1,2,3,4]","[1,2,7,5]","[1,2,5,7]",n4_o013_r0350,4,"[1,2,3,4]",8,5
15,"[1,3,2,4]",10,"[1,2,3,4]","[1,5,2,7]","[1,2,5,7]",n4_o013_r0351,4,"[1,2,3,4]",8,5
15,"[1,4,2,3]",10,"[1,2,3,4]","[1,5,7,2]","[1,2,5,7]",n4_o013_r0352,4,"[1,2,3,4]",8,5
15,"[1,3,4,2]",10,"[1,2,3,4]","[1,7,2,5]","[1,2,5,7]",n4_o013_r0353,4,"[1,2,3,4]",8,5
15,"[1,4,3,2]",10,"[1,2,3,4]","[1,7,5,2]","[1,2,5,7]",n4_o013_r0354,4,"[1,2,3,4]",8,5
15,"[2,1,3,4]",10,"[1,2,3,4]","[2,1,5,7]","[1,2,5,7]",n4_o013_r0355,4,"[1,2,3,4]",8,5
15,"[2,1,4,3]",10,"[1,2,3,4]","[2,1,7,5]","[1,2,5,7]",n4_o013_r0356,4,"[1,2,3,4]",8,5
15,"[3,1,2,4]",10,"[1,2,3,4]","[2,5,1,7]","[1,2,5,7]",n4_o013_r0357,4,"[1,2,3,4]",8,5
15,"[4,1,2,3]",10,"[1,2,3,4]","[2,5,7,1]","[1,2,5,7]",n4_o013_r0358,4,"[1,2,3,4]",8,5
15,"[3,1,4,2]",10,"[1,2,3,4]","[2,7,1,5]","[1,2,5,7]",n4_o013_r0359,4,"[1,2,3,4]",8,5
15,"[4,1,3,2]",10,"[1,2,3,4]","[2,7,5,1]","[1,2,5,7]",n4_o013_r0360,4,"[1,2,3,4]",8,5
15,"[2,3,1,4]",10,"[1,2,3,4]","[5,1,2,7]","[1,2,5,7]",n4_o013_r0361,4,"[1,2,3,4]",8,5
15,"[2,4,1,3]",10,"[1,2,3,4]","[5,1,7,2]","[1,2,5,7]",n4_o013_r0362,4,"[1,2,3,4]",8,5
15,"[3,2,1,4]",10,"[1,2,3,4]","[5,2,1,7]","[1,2,5,7]",n4_o013_r0363,4,"[1,2,3,4]",8,5
15,"[4,2,1,3]",10,"[1,2,3,4]","[5,2,7,1]","[1,2,5,7]",n4_o013_r0364,4,"[1,2,3,4]",8,5
15,"[3,4,1,2]",10,"[1,2,3,4]","[5,7,1,2]","[1,2,5,7]",n4_o013_r0365,4,"[1,2,3,4]",8,5
15,"[4,3,1,2]",10,"[1,2,3,4]","[5,7,2,1]","[1,2,5,7]",n4_o013_r0366,4,"[1,2,3,4]",8,5
15,"[2,3,4,1]",10,"[1,2,3,4]","[7,1,2,5]","[1,2,5,7]",n4_o013_r0367,4,"[1,2,3,4]",8,5
15,"[2,4,3,1]",10,"[1,2,3,4]","[7,1,5,2]","[1,2,5,7]",n4_o013_r0368,4,"[1,2,3,4]",8,5
15,"[3,2,4,1]",10,"[1,2,3,4]","[7,2,1,5]","[1,2,5,7]",n4_o013_r0369,4,"[1,2,3,4]",8,5
15,"[4,2,3,1]",10,"[1,2,3,4]","[7,2,5,1]","[1,2,5,7]",n4_o013_r0370,4,"[1,2,3,4]",8,5
15,"[3,4,2,1]",10,"[1,2,3,4]","[7,5,1,2]","[1,2,5,7]",n4_o013_r0371,4,"[1,2,3,4]",8,5
15,"[4,3,2,1]",10,"[1,2,3,4]","[7,5,2,1]","[1,2,5,7]",n4_o013_r0372,4,"[1,2,3,4]",8,5
16,"[1,2,3,4]",10,"[1,2,3,4]","[1,2,5,8]","[1,2,5,8]",n4_o014_r0373,4,"[1,2,3,4]",5,3
16,"[1,2,4,3]",10,"[1,2,3,4]","[1,2,8,5]","[1,2,5,8]",n4_o014_r0374,4,"[1,2,3,4]",5,3
16,"[1,3,2,4]",10,"[1,2,3,4]","[1,5,2,8]","[1,2,5,8]",n4_o014_r0375,4,"[1,2,3,4]",5,3
16,"[1,4,2,3]",10,"[1,2,3,4]","[1,5,8,2]","[1,2,5,8]",n4_o014_r0376,4,"[1,2,3,4]",5,3
16,"[1,3,4,2]",10,"[1,2,3,4]","[1,8,2,5]","[1,2,5,8]",n4_o014_r0377,4,"[1,2,3,4]",5,3
16,"[1,4,3,2]",10,"[1,2,3,4]","[1,8,5,2]","[1,2,5,8]",n4_o014_r0378,4,"[1,2,3,4]",5,3
16,"[2,1,3,4]",10,"[1,2,3,4]","[2,1,5,8]","[1,2,5,8]",n4_o014_r0379,4,"[1,2,3,4]",5,3
16,"[2,1,4,3]",10,"[1,2,3,4]","[2,1,8,5]","[1,2,5,8]",n4_o014_r0380,4,"[1,2,3,4]",5,3
16,"[3,1,2,4]",10,"[1,2,3,4]","[2,5,1,8]","[1,2,5,8]",n4_o014_r0381,4,"[1,2,3,4]",5,3
16,"[4,1,2,3]",10,"[1,2,3,4]","[2,5,8,1]","[1,2,5,8]",n4_o014_r0382,4,"[1,2,3,4]",5,3
16,"[3,1,4,2]",10,"[1,2,3,4]","[2,8,1,5]","[1,2,5,8]",n4_o014_r0383,4,"[1,2,3,4]",5,3
16,"[4,1,3,2]",10,"[1,2,3,4]","[2,8,5,1]","[1,2,5,8]",n4_o014_r0384,4,"[1,2,3,4]",5,3
16,"[2,3,1,4]",10,"[1,2,3,4]","[5,1,2,8]","[1,2,5,8]",n4_o014_r0385,4,"[1,2,3,4]",5,3
16,"[2,4,1,3]",10,"[1,2,3,4]","[5,1,8,2]","[1,2,5,8]",n4_o014_r0386,4,"[1,2,3,4]",5,3
16,"[3,2,1,4]",10,"[1,2,3,4]","[5,2,1,8]","[1,2,5,8]",n4_o014_r0387,4,"[1,2,3,4]",5,3
16,"[4,2,1,3]",10,"[1,2,3,4]","[5,2,8,1]","[1,2,5,8]",n4_o014_r0388,4,"[1,2,3,4]",5,3
16,"[3,4,1,2]",10,"[1,2,3,4]","[5,8,1,2]","[1,2,5,8]",n4_o014_r0389,4,"[1,2,3,4]",5,3
16,"[4,3,1,2]",10,"[1,2,3,4]","[5,8,2,1]","[1,2,5,8]",n4_o014_r0390,4,"[1,2,3,4]",5,3
16,"[2,3,4,1]",10,"[1,2,3,4]","[8,1,2,5]","[1,2,5,8]",n4_o014_r0391,4,"[1,2,3,4]",5,3
16,"[2,4,3,1]",10,"[1,2,3,4]","[8,1,5,2]","[1,2,5,8]",n4_o014_r0392,4,"[1,2,3,4]",5,3
16,"[3,2,4,1]",10,"[1,2,3,4]","[8,2,1,5]","[1,2,5,8]",n4_o014_r0393,4,"[1,2,3,4]",5,3
16,"[4,2,3,1]",10,"[1,2,3,4]","[8,2,5,1]","[1,2,5,8]",n4_o014_r0394,4,"[1,2,3,4]",5,3
16,"[3,4,2,1]",10,"[1,2,3,4]","[8,5,1,2]","[1,2,5,8]",n4_o014_r0395,4,"[1,2,3,4]",5,3
16,"[4,3,2,1]",10,"[1,2,3,4]","[8,5,2,1]","[1,2,5,8]",n4_o014_r0396,4,"[1,2,3,4]",5,3
17,"[1,2,3,4]",10,"[1,2,3,4]","[1,2,5,9]","[1,2,5,9]",n4_o015_r0397,4,"[1,2,3,4]",40,23
17,"[1,2,4,3]",10,"[1,2,3,4]","[1,2,9,5]","[1,2,5,9]",n4_o015_r0398,4,"[1,2,3,4]",40,23
17,"[1,3,2,4]",10,"[1,2,3,4]","[1,5,2,9]","[1,2,5,9]",n4_o015_r0399,4,"[1,2,3,4]",40,23
17,"[1,4,2,3]",10,"[1,2,3,4]","[1,5,9,2]","[1,2,5,9]",n4_o015_r0400,4,"[1,2,3,4]",40,23
17,"[1,3,4,2]",10,"[1,2,3,4]","[1,9,2,5]","[1,2,5,9]",n4_o015_r0401,4,"[1,2,3,4]",40,23
17,"[1,4,3,2]",10,"[1,2,3,4]","[1,9,5,2]","[1,2,5,9]",n4_o015_r0402,4,"[1,2,3,4]",40,23
17,"[2,1,3,4]",10,"[1,2,3,4]","[2,1,5,9]","[1,2,5,9]",n4_o015_r0403,4,"[1,2,3,4]",40,23
17,"[2,1,4,3]",10,"[1,2,3,4]","[2,1,9,5]","[1,2,5,9]",n4_o015_r0404,4,"[1,2,3,4]",40,23
17,"[3,1,2,4]",10,"[1,2,3,4]","[2,5,1,9]","[1,2,5,9]",n4_o015_r0405,4,"[1,2,3,4]",40,23
17,"[4,1,2,3]",10,"[1,2,3,4]","[2,5,9,1]","[1,2,5,9]",n4_o015_r0406,4,"[1,2,3,4]",40,23
17,"[3,1,4,2]",10,"[1,2,3,4]","[2,9,1,5]","[1,2,5,9]",n4_o015_r0407,4,"[1,2,3,4]",40,23
17,"[4,1,3,2]",10,"[1,2,3,4]","[2,9,5,1]","[1,2,5,9]",n4_o015_r0408,4,"[1,2,3,4]",40,23
17,"[2,3,1,4]",10,"[1,2,3,4]","[5,1,2,9]","[1,2,5,9]",n4_o015_r0409,4,"[1,2,3,4]",40,23
17,"[2,4,1,3]",10,"[1,2,3,4]","[5,1,9,2]","[1,2,5,9]",n4_o015_r0410,4,"[1,2,3,4]",40,23
17,"[3,2,1,4]",10,"[1,2,3,4]","[5,2,1,9]","[1,2,5,9]",n4_o015_r0411,4,"[1,2,3,4]",40,23
17,"[4,2,1,3]",10,"[1,2,3,4]","[5,2,9,1]","[1,2,5,9]",n4_o015_r0412,4,"[1,2,3,4]",40,23
17,"[3,4,1,2]",10,"[1,2,3,4]","[5,9,1,2]","[1,2,5,9]",n4_o015_r0413,4,"[1,2,3,4]",40,23
17,"[4,3,1,2]",10,"[1,2,3,4]","[5,9,2,1]","[1,2,5,9]",n4_o015_r0414,4,"[1,2,3,4]",40,23
17,"[2,3,4,1]",10,"[1,2,3,4]","[9,1,2,5]","[1,2,5,9]",n4_o015_r0415,4,"[1,2,3,4]",40,23
17,"[2,4,3,1]",10,"[1,2,3,4]","[9,1,5,2]","[1,2,5,9]",n4_o015_r0416,4,"[1,2,3,4]",40,23
17,"[3,2,4,1]",10,"[1,2,3,4]","[9,2,1,5]","[1,2,5,9]",n4_o015_r0417,4,"[1,2,3,4]",40,23
17,"[4,2,3,1]",10,"[1,2,3,4]","[9,2,5,1]","[1,2,5,9]",n4_o015_r0418,4,"[1,2,3,4]",40,23
17,"[3,4,2,1]",10,"[1,2,3,4]","[9,5,1,2]","[1,2,5,9]",n4_o015_r0419,4,"[1,2,3,4]",40,23
17,"[4,3,2,1]",10,"[1,2,3,4]","[9,5,2,1]","[1,2,5,9]",n4_o015_r0420,4,"[1,2,3,4]",40,23
16,"[1,2,3,4]",10,"[1,2,3,4]","[1,2,6,7]","[1,2,6,7]",n4_o016_r0421,4,"[1,2,3,4]",5,3
16,"[1,2,4,3]",10,"[1,2,3,4]","[1,2,7,6]","[1,2,6,7]",n4_o016_r0422,4,"[1,2,3,4]",5,3
16,"[1,3,2,4]",10,"[1,2,3,4]","[1,6,2,7]","[1,2,6,7]",n4_o016_r0423,4,"[1,2,3,4]",5,3
16,"[1,4,2,3]",10,"[1,2,3,4]","[1,6,7,2]","[1,2,6,7]",n4_o016_r0424,4,"[1,2,3,4]",5,3
16,"[1,3,4,2]",10,"[1,2,3,4]","[1,7,2,6]","[1,2,6,7]",n4_o016_r0425,4,"[1,2,3,4]",5,3
16,"[1,4,3,2]",10,"[1,2,3,4]","[1,7,6,2]","[1,2,6,7]",n4_o016_r0426,4,"[1,2,3,4]",5,3
16,"[2,1,3,4]",10,"[1,2,3,4]","[2,1,6,7]","[1,2,6,7]",n4_o016_r0427,4,"[1,2,3,4]",5,3
16,"[2,1,4,3]",10,"[1,2,3,4]","[2,1,7,6]","[1,2,6,7]",n4_o016_r0428,4,"[1,2,3,4]",5,3
16,"[3,1,2,4]",10,"[1,2,3,4]","[2,6,1,7]","[1,2,6,7]",n4_o016_r0429,4,"[1,2,3,4]",5,3
16,"[4,1,2,3]",10,"[1,2,3,4]","[2,6,7,1]","[1,2,6,7]",n4_o016_r0430,4,"[1,2,3,4]",5,3
16,"[3,1,4,2]",10,"[1,2,3,4]","[2,7,1,6]","[1,2,6,7]",n4_o016_r0431,4,"[1,2,3,4]",5,3
16,"[4,1,3,2]",10,"[1,2,3,4]","[2,7,6,1]","[1,2,6,7]",n4_o016_r0432,4,"[1,2,3,4]",5,3
16,"[2,3,1,4]",10,"[1,2,3,4]","[6,1,2,7]","[1,2,6,7]",n4_o016_r0433,4,"[1,2,3,4]",5,3
16,"[2,4,1,3]",10,"[1,2,3,4]","[6,1,7,2]","[1,2,6,7]",n4_o016_r0434,4,"[1,2,3,4]",5,3
16,"[3,2,1,4]",10,"[1,2,3,4]","[6,2,1,7]","[1,2,6,7]",n4_o016_r0435,4,"[1,2,3,4]",5,3
16,"[4,2,1,3]",10,"[1,2,3,4]","[6,2,7,1]","[1,2,6,7]",n4_o016_r0436,4,"[1,2,3,4]",5,3
16,"[3,4,1,2]",10,"[1,2,3,4]","[6,7,1,2]","[1,2,6,7]",n4_o016_r0437,4,"[1,2,3,4]",5,3
16,"[4,3,1,2]",10,"[1,2,3,4]","[6,7,2,1]","[1,2,6,7]",n4_o016_r0438,4,"[1,2,3,4]",5,3
16,"[2,3,4,1]",10,"[1,2,3,4]","[7,1,2,6]","[1,2,6,7]",n4_o016_r0439,4,"[1,2,3,4]",5,3
16,"[2,4,3,1]",10,"[1,2,3,4]","[7,1,6,2]","[1,2,6,7]",n4_o016_r0440,4,"[1,2,3,4]",5,3
16,"[3,2,4,1]",10,"[1,2,3,4]","[7,2,1,6]","[1,2,6,7]",n4_o016_r0441,4,"[1,2,3,4]",5,3
16,"[4,2,3,1]",10,"[1,2,3,4]","[7,2,6,1]","[1,2,6,7]",n4_o016_r0442,4,"[1,2,3,4]",5,3
16,"[3,4,2,1]",10,"[1,2,3,4]","[7,6,1,2]","[1,2,6,7]",n4_o016_r0443,4,"[1,2,3,4]",5,3
16,"[4,3,2,1]",10,"[1,2,3,4]","[7,6,2,1]","[1,2,6,7]",n4_o016_r0444,4,"[1,2,3,4]",5,3
17,"[1,2,3,4]",10,"[1,2,3,4]","[1,2,6,8]","[1,2,6,8]",n4_o017_r0445,4,"[1,2,3,4]",40,23
17,"[1,2,4,3]",10,"[1,2,3,4]","[1,2,8,6]","[1,2,6,8]",n4_o017_r0446,4,"[1,2,3,4]",40,23
17,"[1,3,2,4]",10,"[1,2,3,4]","[1,6,2,8]","[1,2,6,8]",n4_o017_r0447,4,"[1,2,3,4]",40,23
17,"[1,4,2,3]",10,"[1,2,3,4]","[1,6,8,2]","[1,2,6,8]",n4_o017_r0448,4,"[1,2,3,4]",40,23
17,"[1,3,4,2]",10,"[1,2,3,4]","[1,8,2,6]","[1,2,6,8]",n4_o017_r0449,4,"[1,2,3,4]",40,23
17,"[1,4,3,2]",10,"[1,2,3,4]","[1,8,6,2]","[1,2,6,8]",n4_o017_r0450,4,"[1,2,3,4]",40,23
17,"[2,1,3,4]",10,"[1,2,3,4]","[2,1,6,8]","[1,2,6,8]",n4_o017_r0451,4,"[1,2,3,4]",40,23
17,"[2,1,4,3]",10,"[1,2,3,4]","[2,1,8,6]","[1,2,6,8]",n4_o017_r0452,4,"[1,2,3,4]",40,23
17,"[3,1,2,4]",10,"[1,2,3,4]","[2,6,1,8]","[1,2,6,8]",n4_o017_r0453,4,"[1,2,3,4]",40,23
17,"[4,1,2,3]",10,"[1,2,3,4]","[2,6,8,1]","[1,2,6,8]",n4_o017_r0454,4,"[1,2,3,4]",40,23
17,"[3,1,4,2]",10,"[1,2,3,4]","[2,8,1,6]","[1,2,6,8]",n4_o017_r0455,4,"[1,2,3,4]",40,23
17,"[4,1,3,2]",10,"[1,2,3,4]","[2,8,6,1]","[1,2,6,8]",n4_o017_r0456,4,"[1,2,3,4]",40,23
17,"[2,3,1,4]",10,"[1,2,3,4]","[6,1,2,8]","[1,2,6,8]",n4_o017_r0457,4,"[1,2,3,4]",40,23
17,"[2,4,1,3]",10,"[1,2,3,4]","[6,1,8,2]","[1,2,6,8]",n4_o017_r0458,4,"[1,2,3,4]",40,23
17,"[3,2,1,4]",10,"[1,2,3,4]","[6,2,1,8]","[1,2,6,8]",n4_o017_r0459,4,"[1,2,3,4]",40,23
17,"[4,2,1,3]",10,"[1,2,3,4]","[6,2,8,1]","[1,2,6,8]",n4_o017_r0460,4,"[1,2,3,4]",40,23
17,"[3,4,1,2]",10,"[1,2,3,4]","[6,8,1,2]","[1,2,6,8]",n4_o017_r0461,4,"[1,2,3,4]",40,23
17,"[4,3,1,2]",10,"[1,2,3,4]","[6,8,2,1]","[1,2,6,8]",n4_o017_r0462,4,"[1,2,3,4]",40,23
17,"[2,3,4,1]",10,"[1,2,3,4]","[8,1,2,6]","[1,2,6,8]",n4_o017_r0463,4,"[1,2,3,4]",40,23
17,"[2,4,3,1]",10,"[1,2,3,4]","[8,1,6,2]","[1,2,6,8]",n4_o017_r0464,4,"[1,2,3,4]",40,23
17,"[3,2,4,1]",10,"[1,2,3,4]","[8,2,1,6]","[1,2,6,8]",n4_o017_r0465,4,"[1,2,3,4]",40,23
17,"[4,2,3,1]",10,"[1,2,3,4]","[8,2,6,1]","[1,2,6,8]",n4_o017_r0466,4,"[1,2,3,4]",40,23
17,"[3,4,2,1]",10,"[1,2,3,4]","[8,6,1,2]","[1,2,6,8]",n4_o017_r0467,4,"[1,2,3,4]",40,23
17,"[4,3,2,1]",10,"[1,2,3,4]","[8,6,2,1]","[1,2,6,8]",n4_o017_r0468,4,"[1,2,3,4]",40,23
18,"[1,2,3,4]",10,"[1,2,3,4]","[1,2,6,9]","[1,2,6,9]",n4_o018_r0469,4,"[1,2,3,4]",20,11
18,"[1,2,4,3]",10,"[1,2,3,4]","[1,2,9,6]","[1,2,6,9]",n4_o018_r0470,4,"[1,2,3,4]",20,11
18,"[1,3,2,4]",10,"[1,2,3,4]","[1,6,2,9]","[1,2,6,9]",n4_o018_r0471,4,"[1,2,3,4]",20,11
18,"[1,4,2,3]",10,"[1,2,3,4]","[1,6,9,2]","[1,2,6,9]",n4_o018_r0472,4,"[1,2,3,4]",20,11
18,"[1,3,4,2]",10,"[1,2,3,4]","[1,9,2,6]","[1,2,6,9]",n4_o018_r0473,4,"[1,2,3,4]",20,11
18,"[1,4,3,2]",10,"[1,2,3,4]","[1,9,6,2]","[1,2,6,9]",n4_o018_r0474,4,"[1,2,3,4]",20,11
18,"[2,1,3,4]",10,"[1,2,3,4]","[2,1,6,9]","[1,2,6,9]",n4_o018_r0475,4,"[1,2,3,4]",20,11
18,"[2,1,4,3]",10,"[1,2,3,4]","[2,1,9,6]","[1,2,6,9]",n4_o018_r0476,4,"[1,2,3,4]",20,11
18,"[3,1,2,4]",10,"[1,2,3,4]","[2,6,1,9]","[1,2,6,9]",n4_o018_r0477,4,"[1,2,3,4]",20,11
18,"[4,1,2,3]",10,"[1,2,3,4]","[2,6,9,1]","[1,2,6,9]",n4_o018_r0478,4,"[1,2,3,4]",20,11
18,"[3,1,4,2]",10,"[1,2,3,4]","[2,9,1,6]","[1,2,6,9]",n4_o018_r0479,4,"[1,2,3,4]",20,11
18,"[4,1,3,2]",10,"[1,2,3,4]","[2,9,6,1]","[1,2,6,9]",n4_o018_r0480,4,"[1,2,3,4]",20,11
18,"[2,3,1,4]",10,"[1,2,3,4]","[6,1,2,9]","[1,2,6,9]",n4_o018_r0481,4,"[1,2,3,4]",20,11
18,"[2,4,1,3]",10,"[1,2,3,4]","[6,1,9,2]","[1,2,6,9]",n4_o018_r0482,4,"[1,2,3,4]",20,11
18,"[3,2,1,4]",10,"[1,2,3,4]","[6,2,1,9]","[1,2,6,9]",n4_o018_r0483,4,"[1,2,3,4]",20,11
18,"[4,2,1,3]",10,"[1,2,3,4]","[6,2,9,1]","[1,2,6,9]",n4_o018_r0484,4,"[1,2,3,4]",20,11
18,"[3,4,1,2]",10,"[1,2,3,4]","[6,9,1,2]","[1,2,6,9]",n4_o018_r0485,4,"[1,2,3,4]",20,11
18,"[4,3,1,2]",10,"[1,2,3,4]","[6,9,2,1]","[1,2,6,9]",n4_o018_r0486,4,"[1,2,3,4]",20,11
18,"[2,3,4,1]",10,"[1,2,3,4]","[9,1,2,6]","[1,2,6,9]",n4_o018_r0487,4,"[1,2,3,4]",20,11
18,"[2,4,3,1]",10,"[1,2,3,4]","[9,1,6,2]","[1,2,6,9]",n4_o018_r0488,4,"[1,2,3,4]",20,11
18,"[3,2,4,1]",10,"[1,2,3,4]","[9,2,1,6]","[1,2,6,9]",n4_o018_r0489,4,"[1,2,3,4]",20,11
18,"[4,2,3,1]",10,"[1,2,3,4]","[9,2,6,1]","[1,2,6,9]",n4_o018_r0490,4,"[1,2,3,4]",20,11
18,"[3,4,2,1]",10,"[1,2,3,4]","[9,6,1,2]","[1,2,6,9]",n4_o018_r0491,4,"[1,2,3,4]",20,11
18,"[4,3,2,1]",10,"[1,2,3,4]","[9,6,2,1]","[1,2,6,9]",n4_o018_r0492,4,"[1,2,3,4]",20,11
18,"[1,2,3,4]",10,"[1,2,3,4]","[1,2,7,8]","[1,2,7,8]",n4_o019_r0493,4,"[1,2,3,4]",20,11
18,"[1,2,4,3]",10,"[1,2,3,4]","[1,2,8,7]","[1,2,7,8]",n4_o019_r0494,4,"[1,2,3,4]",20,11
18,"[1,3,2,4]",10,"[1,2,3,4]","[1,7,2,8]","[1,2,7,8]",n4_o019_r0495,4,"[1,2,3,4]",20,11
18,"[1,4,2,3]",10,"[1,2,3,4]","[1,7,8,2]","[1,2,7,8]",n4_o019_r0496,4,"[1,2,3,4]",20,11
18,"[1,3,4,2]",10,"[1,2,3,4]","[1,8,2,7]","[1,2,7,8]",n4_o019_r0497,4,"[1,2,3,4]",20,11
18,"[1,4,3,2]",10,"[1,2,3,4]","[1,8,7,2]","[1,2,7,8]",n4_o019_r0498,4,"[1,2,3,4]",20,11
18,"[2,1,3,4]",10,"[1,2,3,4]","[2,1,7,8]","[1,2,7,8]",n4_o019_r0499,4,"[1,2,3,4]",20,11
18,"[2,1,4,3]",10,"[1,2,3,4]","[2,1,8,7]","[1,2,7,8]",n4_o019_r0500,4,"[1,2,3,4]",20,11
18,"[3,1,2,4]",10,"[1,2,3,4]","[2,7,1,8]","[1,2,7,8]",n4_o019_r0501,4,"[1,2,3,4]",20,11
18,"[4,1,2,3]",10,"[1,2,3,4]","[2,7,8,1]","[1,2,7,8]",n4_o019_r0502,4,"[1,2,3,4]",20,11
18,"[3,1,4,2]",10,"[1,2,3,4]","[2,8,1,7]","[1,2,7,8]",n4_o019_r0503,4,"[1,2,3,4]",20,11
18,"[4,1,3,2]",10,"[1,2,3,4]","[2,8,7,1]","[1,2,7,8]",n4_o019_r0504,4,"[1,2,3,4]",20,11
18,"[2,3,1,4]",10,"[1,2,3,4]","[7,1,2,8]","[1,2,7,8]",n4_o019_r0505,4,"[1,2,3,4]",20,11
18,"[2,4,1,3]",10,"[1,2,3,4]","[7,1,8,2]","[1,2,7,8]",n4_o019_r0506,4,"[1,2,3,4]",20,11
18,"[3,2,1,4]",10,"[1,2,3,4]","[7,2,1,8]","[1,2,7,8]",n4_o019_r0507,4,"[1,2,3,4]",20,11
18,"[4,2,1,3]",10,"[1,2,3,4]","[7,2,8,1]","[1,2,7,8]",n4_o019_r0508,4,"[1,2,3,4]",20,11
18,"[3,4,1,2]",10,"[1,2,3,4]","[7,8,1,2]","[1,2,7,8]",n4_o019_r0509,4,"[1,2,3,4]",20,11
18,"[4,3,1,2]",10,"[1,2,3,4]","[7,8,2,1]","[1,2,7,8]",n4_o019_r0510,4,"[1,2,3,4]",20,11
18,"[2,3,4,1]",10,"[1,2,3,4]","[8,1,2,7]","[1,2,7,8]",n4_o019_r0511,4,"[1,2,3,4]",20,11
18,"[2,4,3,1]",10,"[1,2,3,4]","[8,1,7,2]","[1,2,7,8]",n4_o019_r0512,4,"[1,2,3,4]",20,11
18,"[3,2,4,1]",10,"[1,2,3,4]","[8,2,1,7]","[1,2,7,8]",n4_o019_r0513,4,"[1,2,3,4]",20,11
18,"[4,2,3,1]",10,"[1,2,3,4]","[8,2,7,1]","[1,2,7,8]",n4_o019_r0514,4,"[1,2,3,4]",20,11
18,"[3,4,2,1]",10,"[1,2,3,4]","[8,7,1,2]","[1,2,7,8]",n4_o019_r0515,4,"[1,2,3,4]",20,11
18,"[4,3,2,1]",10,"[1,2,3,4]","[8,7,2,1]","[1,2,7,8]",n4_o019_r0516,4,"[1,2,3,4]",20,11
19,"[1,2,3,4]",10,"[1,2,3,4]","[1,2,7,9]","[1,2,7,9]",n4_o020_r0517,4,"[1,2,3,4]",40,21
19,"[1,2,4,3]",10,"[1,2,3,4]","[1,2,9,7]","[1,2,7,9]",n4_o020_r0518,4,"[1,2,3,4]",40,21
19,"[1,3,2,4]",10,"[1,2,3,4]","[1,7,2,9]","[1,2,7,9]",n4_o020_r0519,4,"[1,2,3,4]",40,21
19,"[1,4,2,3]",10,"[1,2,3,4]","[1,7,9,2]","[1,2,7,9]",n4_o020_r0520,4,"[1,2,3,4]",40,21
19,"[1,3,4,2]",10,"[1,2,3,4]","[1,9,2,7]","[1,2,7,9]",n4_o020_r0521,4,"[1,2,3,4]",40,21
19,"[1,4,3,2]",10,"[1,2,3,4]","[1,9,7,2]","[1,2,7,9]",n4_o020_r0522,4,"[1,2,3,4]",40,21
19,"[2,1,3,4]",10,"[1,2,3,4]","[2,1,7,9]","[1,2,7,9]",n4_o020_r0523,4,"[1,2,3,4]",40,21
19,"[2,1,4,3]",10,"[1,2,3,4]","[2,1,9,7]","[1,2,7,9]",n4_o020_r0524,4,"[1,2,3,4]",40,21
19,"[3,1,2,4]",10,"[1,2,3,4]","[2,7,1,9]","[1,2,7,9]",n4_o020_r0525,4,"[1,2,3,4]",40,21
19,"[4,1,2,3]",10,"[1,2,3,4]","[2,7,9,1]","[1,2,7,9]",n4_o020_r0526,4,"[1,2,3,4]",40,21
19,"[3,1,4,2]",10,"[1,2,3,4]","[2,9,1,7]","[1,2,7,9]",n4_o020_r0527,4,"[1,2,3,4]",40,21
19,"[4,1,3,2]",10,"[1,2,3,4]","[2,9,7,1]","[1,2,7,9]",n4_o020_r0528,4,"[1,2,3,4]",40,21
19,"[2,3,1,4]",10,"[1,2,3,4]","[7,1,2,9]","[1,2,7,9]",n4_o020_r0529,4,"[1,2,3,4]",40,21
19,"[2,4,1,3]",10,"[1,2,3,4]","[7,1,9,2]","[1,2,7,9]",n4_o020_r0530,4,"[1,2,3,4]",40,21
19,"[3,2,1,4]",10,"[1,2,3,4]","[7,2,1,9]","[1,2,7,9]",n4_o020_r0531,4,"[1,2,3,4]",40,21
19,"[4,2,1,3]",10,"[1,2,3,4]","[7,2,9,1]","[1,2,7,9]",n4_o020_r0532,4,"[1,2,3,4]",40,21
19,"[3,4,1,2]",10,"[1,2,3,4]","[7,9,1,2]","[1,2,7,9]",n4_o020_r0533,4,"[1,2,3,4]",40,21
19,"[4,3,1,2]",10,"[1,2,3,4]","[7,9,2,1]","[1,2,7,9]",n4_o020_r0534,4,"[1,2,3,4]",40,21
19,"[2,3,4,1]",10,"[1,2,3,4]","[9,1,2,7]","[1,2,7,9]",n4_o020_r0535,4,"[1,2,3,4]",40,21
19,"[2,4,3,1]",10,"[1,2,3,4]","[9,1,7,2]","[1,2,7,9]",n4_o020_r0536,4,"[1,2,3,4]",40,21
19,"[3,2,4,1]",10,"[1,2,3,4]","[9,2,1,7]","[1,2,7,9]",n4_o020_r0537,4,"[1,2,3,4]",40,21
19,"[4,2,3,1]",10,"[1,2,3,4]","[9,2,7,1]","[1,2,7,9]",n4_o020_r0538,4,"[1,2,3,4]",40,21
19,"[3,4,2,1]",10,"[1,2,3,4]","[9,7,1,2]","[1,2,7,9]",n4_o020_r0539,4,"[1,2,3,4]",40,21
19,"[4,3,2,1]",10,"[1,2,3,4]","[9,7,2,1]","[1,2,7,9]",n4_o020_r0540,4,"[1,2,3,4]",40,21
20,"[1,2,3,4]",10,"[1,2,3,4]","[1,2,8,9]","[1,2,8,9]",n4_o021_r0541,4,"[1,2,3,4]",2,1
20,"[1,2,4,3]",10,"[1,2,3,4]","[1,2,9,8]","[1,2,8,9]",n4_o021_r0542,4,"[1,2,3,4]",2,1
20,"[1,3,2,4]",10,"[1,2,3,4]","[1,8,2,9]","[1,2,8,9]",n4_o021_r0543,4,"[1,2,3,4]",2,1
20,"[1,4,2,3]",10,"[1,2,3,4]","[1,8,9,2]","[1,2,8,9]",n4_o021_r0544,4,"[1,2,3,4]",2,1
20,"[1,3,4,2]",10,"[1,2,3,4]","[1,9,2,8]","[1,2,8,9]",n4_o021_r0545,4,"[1,2,3,4]",2,1
20,"[1,4,3,2]",10,"[1,2,3,4]","[1,9,8,2]","[1,2,8,9]",n4_o021_r0546,4,"[1,2,3,4]",2,1
20,"[2,1,3,4]",10,"[1,2,3,4]","[2,1,8,9]","[1,2,8,9]",n4_o021_r0547,4,"[1,2,3,4]",2,1
20,"[2,1,4,3]",10,"[1,2,3,4]","[2,1,9,8]","[1,2,8,9]",n4_o021_r0548,4,"[1,2,3,4]",2,1
20,"[3,1,2,4]",10,"[1,2,3,4]","[2,8,1,9]","[1,2,8,9]",n4_o021_r0549,4,"[1,2,3,4]",2,1
20,"[4,1,2,3]",10,"[1,2,3,4]","[2,8,9,1]","[1,2,8,9]",n4_o021_r0550,4,"[1,2,3,4]",2,1
20,"[3,1,4,2]",10,"[1,2,3,4]","[2,9,1,8]","[1,2,8,9]",n4_o021_r0551,4,"[1,2,3,4]",2,1
20,"[4,1,3,2]",10,"[1,2,3,4]","[2,9,8,1]","[1,2,8,9]",n4_o021_r0552,4,"[1,2,3,4]",2,1
20,"[2,3,1,4]",10,"[1,2,3,4]","[8,1,2,9]","[1,2,8,9]",n4_o021_r0553,4,"[1,2,3,4]",2,1
20,"[2,4,1,3]",10,"[1,2,3,4]","[8,1,9,2]","[1,2,8,9]",n4_o021_r0554,4,"[1,2,3,4]",2,1
20,"[3,2,1,4]",10,"[1,2,3,4]","[8,2,1,9]","[1,2,8,9]",n4_o021_r0555,4,"[1,2,3,4]",2,1
20,"[4,2,1,3]",10,"[1,2,3,4]","[8,2,9,1]","[1,2,8,9]",n4_o021_r0556,4,"[1,2,3,4]",2,1
20,"[3,4,1,2]",10,"[1,2,3,4]","[8,9,1,2]","[1,2,8,9]",n4_o021_r0557,4,"[1,2,3,4]",2,1
20,"[4,3,1,2]",10,"[1,2,3,4]","[8,9,2,1]","[1,2,8,9]",n4_o021_r0558,4,"[1,2,3,4]",2,1
20,"[2,3,4,1]",10,"[1,2,3,4]","[9,1,2,8]","[1,2,8,9]",n4_o021_r0559,4,"[1,2,3,4]",2,1
20,"[2,4,3,1]",10,"[1,2,3,4]","[9,1,8,2]","[1,2,8,9]",n4_o021_r0560,4,"[1,2,3,4]",2,1
20,"[3,2,4,1]",10,"[1,2,3,4]","[9,2,1,8]","[1,2,8,9]",n4_o021_r0561,4,"[1,2,3,4]",2,1
20,"[4,2,3,1]",10,"[1,2,3,4]","[9,2,8,1]","[1,2,8,9]",n4_o021_r0562,4,"[1,2,3,4]",2,1
20,"[3,4,2,1]",10,"[1,2,3,4]","[9,8,1,2]","[1,2,8,9]",n4_o021_r0563,4,"[1,2,3,4]",2,1
20,"[4,3,2,1]",10,"[1,2,3,4]","[9,8,2,1]","[1,2,8,9]",n4_o021_r0564,4,"[1,2,3,4]",2,1
13,"[1,2,3,4]",10,"[1,2,3,4]","[1,3,4,5]","[1,3,4,5]",n4_o022_r0565,4,"[1,2,3,4]",40,27
13,"[1,2,4,3]",10,"[1,2,3,4]","[1,3,5,4]","[1,3,4,5]",n4_o022_r0566,4,"[1,2,3,4]",40,27
13,"[1,3,2,4]",10,"[1,2,3,4]","[1,4,3,5]","[1,3,4,5]",n4_o022_r0567,4,"[1,2,3,4]",40,27
13,"[1,4,2,3]",10,"[1,2,3,4]","[1,4,5,3]","[1,3,4,5]",n4_o022_r0568,4,"[1,2,3,4]",40,27
13,"[1,3,4,2]",10,"[1,2,3,4]","[1,5,3,4]","[1,3,4,5]",n4_o022_r0569,4,"[1,2,3,4]",40,27
13,"[1,4,3,2]",10,"[1,2,3,4]","[1,5,4,3]","[1,3,4,5]",n4_o022_r0570,4,"[1,2,3,4]",40,27
13,"[2,1,3,4]",10,"[1,2,3,4]","[3,1,4,5]","[1,3,4,5]",n4_o022_r0571,4,"[1,2,3,4]",40,27
13,"[2,1,4,3]",10,"[1,2,3,4]","[3,1,5,4]","[1,3,4,5]",n4_o022_r0572,4,"[1,2,3,4]",40,27
13,"[3,1,2,4]",10,"[1,2,3,4]","[3,4,1,5]","[1,3,4,5]",n4_o022_r0573,4,"[1,2,3,4]",40,27
13,"[4,1,2,3]",10,"[1,2,3,4]","[3,4,5,1]","[1,3,4,5]",n4_o022_r0574,4,"[1,2,3,4]",40,27
13,"[3,1,4,2]",10,"[1,2,3,4]","[3,5,1,4]","[1,3,4,5]",n4_o022_r0575,4,"[1,2,3,4]",40,27
13,"[4,1,3,2]",10,"[1,2,3,4]","[3,5,4,1]","[1,3,4,5]",n4_o022_r0576,4,"[1,2,3,4]",40,27
13,"[2,3,1,4]",10,"[1,2,3,4]","[4,1,3,5]","[1,3,4,5]",n4_o022_r0577,4,"[1,2,3,4]",40,27
13,"[2,4,1,3]",10,"[1,2,3,4]","[4,1,5,3]","[1,3,4,5]",n4_o022_r0578,4,"[1,2,3,4]",40,27
13,"[3,2,1,4]",10,"[1,2,3,4]","[4,3,1,5]","[1,3,4,5]",n4_o022_r0579,4,"[1,2,3,4]",40,27
13,"[4,2,1,3]",10,"[1,2,3,4]","[4,3,5,1]","[1,3,4,5]",n4_o022_r0580,4,"[1,2,3,4]",40,27
13,"[3,4,1,2]",10,"[1,2,3,4]","[4,5,1,3]","[1,3,4,5]",n4_o022_r0581,4,"[1,2,3,4]",40,27
13,"[4,3,1,2]",10,"[1,2,3,4]","[4,5,3,1]","[1,3,4,5]",n4_o022_r0582,4,"[1,2,3,4]",40,27
13,"[2,3,4,1]",10,"[1,2,3,4]","[5,1,3,4]","[1,3,4,5]",n4_o022_r0583,4,"[1,2,3,4]",40,27
13,"[2,4,3,1]",10,"[1,2,3,4]","[5,1,4,3]","[1,3,4,5]",n4_o022_r0584,4,"[1,2,3,4]",40,27
13,"[3,2,4,1]",10,"[1,2,3,4]","[5,3,1,4]","[1,3,4,5]",n4_o022_r0585,4,"[1,2,3,4]",40,27
13,"[4,2,3,1]",10,"[1,2,3,4]","[5,3,4,1]","[1,3,4,5]",n4_o022_r0586,4,"[1,2,3,4]",40,27
13,"[3,4,2,1]",10,"[1,2,3,4]","[5,4,1,3]","[1,3,4,5]",n4_o022_r0587,4,"[1,2,3,4]",40,27
13,"[4,3,2,1]",10,"[1,2,3,4]","[5,4,3,1]","[1,3,4,5]",n4_o022_r0588,4,"[1,2,3,4]",40,27
14,"[1,2,3,4]",10,"[1,2,3,4]","[1,3,4,6]","[1,3,4,6]",n4_o023_r0589,4,"[1,2,3,4]",20,13
14,"[1,2,4,3]",10,"[1,2,3,4]","[1,3,6,4]","[1,3,4,6]",n4_o023_r0590,4,"[1,2,3,4]",20,13
14,"[1,3,2,4]",10,"[1,2,3,4]","[1,4,3,6]","[1,3,4,6]",n4_o023_r0591,4,"[1,2,3,4]",20,13
14,"[1,4,2,3]",10,"[1,2,3,4]","[1,4,6,3]","[1,3,4,6]",n4_o023_r0592,4,"[1,2,3,4]",20,13
14,"[1,3,4,2]",10,"[1,2,3,4]","[1,6,3,4]","[1,3,4,6]",n4_o023_r0593,4,"[1,2,3,4]",20,13
14,"[1,4,3,2]",10,"[1,2,3,4]","[1,6,4,3]","[1,3,4,6]",n4_o023_r0594,4,"[1,2,3,4]",20,13
14,"[2,1,3,4]",10,"[1,2,3,4]","[3,1,4,6]","[1,3,4,6]",n4_o023_r0595,4,"[1,2,3,4]",20,13
14,"[2,1,4,3]",10,"[1,2,3,4]","[3,1,6,4]","[1,3,4,6]",n4_o023_r0596,4,"[1,2,3,4]",20,13
14,"[3,1,2,4]",10,"[1,2,3,4]","[3,4,1,6]","[1,3,4,6]",n4_o023_r0597,4,"[1,2,3,4]",20,13
14,"[4,1,2,3]",10,"[1,2,3,4]","[3,4,6,1]","[1,3,4,6]",n4_o023_r0598,4,"[1,2,3,4]",20,13
14,"[3,1,4,2]",10,"[1,2,3,4]","[3,6,1,4]","[1,3,4,6]",n4_o023_r0599,4,"[1,2,3,4]",20,13
14,"[4,1,3,2]",10,"[1,2,3,4]","[3,6,4,1]","[1,3,4,6]",n4_o023_r0600,4,"[1,2,3,4]",20,13
14,"[2,3,1,4]",10,"[1,2,3,4]","[4,1,3,6]","[1,3,4,6]",n4_o023_r0601,4,"[1,2,3,4]",20,13
14,"[2,4,1,3]",10,"[1,2,3,4]","[4,1,6,3]","[1,3,4,6]",n4_o023_r0602,4,"[1,2,3,4]",20,13
14,"[3,2,1,4]",10,"[1,2,3,4]","[4,3,1,6]","[1,3,4,6]",n4_o023_r0603,4,"[1,2,3,4]",20,13
14,"[4,2,1,3]",10,"[1,2,3,4]","[4,3,6,1]","[1,3,4,6]",n4_o023_r0604,4,"[1,2,3,4]",20,13
14,"[3,4,1,2]",10,"[1,2,3,4]","[4,6,1,3]","[1,3,4,6]",n4_o023_r0605,4,"[1,2,3,4]",20,13
14,"[4,3,1,2]",10,"[1,2,3,4]","[4,6,3,1]","[1,3,4,6]",n4_o023_r0606,4,"[1,2,3,4]",20,13
14,"[2,3,4,1]",10,"[1,2,3,4]","[6,1,3,4]","[1,3,4,6]",n4_o023_r0607,4,"[1,2,3,4]",20,13
14,"[2,4,3,1]",10,"[1,2,3,4]","[6,1,4,3]","[1,3,4,6]",n4_o023_r0608,4,"[1,2,3,4]",20,13
14,"[3,2,4,1]",10,"[1,2,3,4]","[6,3,1,4]","[1,3,4,6]",n4_o023_r0609,4,"[1,2,3,4]",20,13
14,"[4,2,3,1]",10,"[1,2,3,4]","[6,3,4,1]","[1,3,4,6]",n4_o023_r0610,4,"[1,2,3,4]",20,13
14,"[3,4,2,1]",10,"[1,2,3,4]","[6,4,1,3]","[1,3,4,6]",n4_o023_r0611,4,"[1,2,3,4]",20,13
14,"[4,3,2,1]",10,"[1,2,3,4]","[6,4,3,1]","[1,3,4,6]",n4_o023_r0612,4,"[1,2,3,4]",20,13
15,"[1,2,3,4]",10,"[1,2,3,4]","[1,3,4,7]","[1,3,4,7]",n4_o024_r0613,4,"[1,2,3,4]",8,5
15,"[1,2,4,3]",10,"[1,2,3,4]","[1,3,7,4]","[1,3,4,7]",n4_o024_r0614,4,"[1,2,3,4]",8,5
15,"[1,3,2,4]",10,"[1,2,3,4]","[1,4,3,7]","[1,3,4,7]",n4_o024_r0615,4,"[1,2,3,4]",8,5
15,"[1,4,2,3]",10,"[1,2,3,4]","[1,4,7,3]","[1,3,4,7]",n4_o024_r0616,4,"[1,2,3,4]",8,5
15,"[1,3,4,2]",10,"[1,2,3,4]","[1,7,3,4]","[1,3,4,7]",n4_o024_r0617,4,"[1,2,3,4]",8,5
15,"[1,4,3,2]",10,"[1,2,3,4]","[1,7,4,3]","[1,3,4,7]",n4_o024_r0618,4,"[1,2,3,4]",8,5
15,"[2,1,3,4]",10,"[1,2,3,4]","[3,1,4,7]","[1,3,4,7]",n4_o024_r0619,4,"[1,2,3,4]",8,5
15,"[2,1,4,3]",10,"[1,2,3,4]","[3,1,7,4]","[1,3,4,7]",n4_o024_r0620,4,"[1,2,3,4]",8,5
15,"[3,1,2,4]",10,"[1,2,3,4]","[3,4,1,7]","[1,3,4,7]",n4_o024_r0621,4,"[1,2,3,4]",8,5
15,"[4,1,2,3]",10,"[1,2,3,4]","[3,4,7,1]","[1,3,4,7]",n4_o024_r0622,4,"[1,2,3,4]",8,5
15,"[3,1,4,2]",10,"[1,2,3,4]","[3,7,1,4]","[1,3,4,7]",n4_o024_r0623,4,"[1,2,3,4]",8,5
15,"[4,1,3,2]",10,"[1,2,3,4]","[3,7,4,1]","[1,3,4,7]",n4_o024_r0624,4,"[1,2,3,4]",8,5
15,"[2,3,1,4]",10,"[1,2,3,4]","[4,1,3,7]","[1,3,4,7]",n4_o024_r0625,4,"[1,2,3,4]",8,5
15,"[2,4,1,3]",10,"[1,2,3,4]","[4,1,7,3]","[1,3,4,7]",n4_o024_r0626,4,"[1,2,3,4]",8,5
15,"[3,2,1,4]",10,"[1,2,3,4]","[4,3,1,7]","[1,3,4,7]",n4_o024_r0627,4,"[1,2,3,4]",8,5
15,"[4,2,1,3]",10,"[1,2,3,4]","[4,3,7,1]","[1,3,4,7]",n4_o024_r0628,4,"[1,2,3,4]",8,5
15,"[3,4,1,2]",10,"[1,2,3,4]","[4,7,1,3]","[1,3,4,7]",n4_o024_r0629,4,"[1,2,3,4]",8,5
15,"[4,3,1,2]",10,"[1,2,3,4]","[4,7,3,1]","[1,3,4,7]",n4_o024_r0630,4,"[1,2,3,4]",8,5
15,"[2,3,4,1]",10,"[1,2,3,4]","[7,1,3,4]","[1,3,4,7]",n4_o024_r0631,4,"[1,2,3,4]",8,5
15,"[2,4,3,1]",10,"[1,2,3,4]","[7,1,4,3]","[1,3,4,7]",n4_o024_r0632,4,"[1,2,3,4]",8,5
15,"[3,2,4,1]",10,"[1,2,3,4]","[7,3,1,4]","[1,3,4,7]",n4_o024_r0633,4,"[1,2,3,4]",8,5
15,"[4,2,3,1]",10,"[1,2,3,4]","[7,3,4,1]","[1,3,4,7]",n4_o024_r0634,4,"[1,2,3,4]",8,5
15,"[3,4,2,1]",10,"[1,2,3,4]","[7,4,1,3]","[1,3,4,7]",n4_o024_r0635,4,"[1,2,3,4]",8,5
15,"[4,3,2,1]",10,"[1,2,3,4]","[7,4,3,1]","[1,3,4,7]",n4_o024_r0636,4,"[1,2,3,4]",8,5
16,"[1,2,3,4]",10,"[1,2,3,4]","[1,3,4,8]","[1,3,4,8]",n4_o025_r0637,4,"[1,2,3,4]",5,3
16,"[1,2,4,3]",10,"[1,2,3,4]","[1,3,8,4]","[1,3,4,8]",n4_o025_r0638,4,"[1,2,3,4]",5,3
16,"[1,3,2,4]",10,"[1,2,3,4]","[1,4,3,8]","[1,3,4,8]",n4_o025_r0639,4,"[1,2,3,4]",5,3
16,"[1,4,2,3]",10,"[1,2,3,4]","[1,4,8,3]","[1,3,4,8]",n4_o025_r0640,4,"[1,2,3,4]",5,3
16,"[1,3,4,2]",10,"[1,2,3,4]","[1,8,3,4]","[1,3,4,8]",n4_o025_r0641,4,"[1,2,3,4]",5,3
16,"[1,4,3,2]",10,"[1,2,3,4]","[1,8,4,3]","[1,3,4,8]",n4_o025_r0642,4,"[1,2,3,4]",5,3
16,"[2,1,3,4]",10,"[1,2,3,4]","[3,1,4,8]","[1,3,4,8]",n4_o025_r0643,4,"[1,2,3,4]",5,3
16,"[2,1,4,3]",10,"[1,2,3,4]","[3,1,8,4]","[1,3,4,8]",n4_o025_r0644,4,"[1,2,3,4]",5,3
16,"[3,1,2,4]",10,"[1,2,3,4]","[3,4,1,8]","[1,3,4,8]",n4_o025_r0645,4,"[1,2,3,4]",5,3
16,"[4,1,2,3]",10,"[1,2,3,4]","[3,4,8,1]","[1,3,4,8]",n4_o025_r0646,4,"[1,2,3,4]",5,3
16,"[3,1,4,2]",10,"[1,2,3,4]","[3,8,1,4]","[1,3,4,8]",n4_o025_r0647,4,"[1,2,3,4]",5,3
16,"[4,1,3,2]",10,"[1,2,3,4]","[3,8,4,1]","[1,3,4,8]",n4_o025_r0648,4,"[1,2,3,4]",5,3
16,"[2,3,1,4]",10,"[1,2,3,4]","[4,1,3,8]","[1,3,4,8]",n4_o025_r0649,4,"[1,2,3,4]",5,3
16,"[2,4,1,3]",10,"[1,2,3,4]","[4,1,8,3]","[1,3,4,8]",n4_o025_r0650,4,"[1,2,3,4]",5,3
16,"[3,2,1,4]",10,"[1,2,3,4]","[4,3,1,8]","[1,3,4,8]",n4_o025_r0651,4,"[1,2,3,4]",5,3
16,"[4,2,1,3]",10,"[1,2,3,4]","[4,3,8,1]","[1,3,4,8]",n4_o025_r0652,4,"[1,2,3,4]",5,3
16,"[3,4,1,2]",10,"[1,2,3,4]","[4,8,1,3]","[1,3,4,8]",n4_o025_r0653,4,"[1,2,3,4]",5,3
16,"[4,3,1,2]",10,"[1,2,3,4]","[4,8,3,1]","[1,3,4,8]",n4_o025_r0654,4,"[1,2,3,4]",5,3
16,"[2,3,4,1]",10,"[1,2,3,4]","[8,1,3,4]","[1,3,4,8]",n4_o025_r0655,4,"[1,2,3,4]",5,3
16,"[2,4,3,1]",10,"[1,2,3,4]","[8,1,4,3]","[1,3,4,8]",n4_o025_r0656,4,"[1,2,3,4]",5,3
16,"[3,2,4,1]",10,"[1,2,3,4]","[8,3,1,4]","[1,3,4,8]",n4_o025_r0657,4,"[1,2,3,4]",5,3
16,"[4,2,3,1]",10,"[1,2,3,4]","[8,3,4,1]","[1,3,4,8]",n4_o025_r0658,4,"[1,2,3,4]",5,3
16,"[3,4,2,1]",10,"[1,2,3,4]","[8,4,1,3]","[1,3,4,8]",n4_o025_r0659,4,"[1,2,3,4]",5,3
16,"[4,3,2,1]",10,"[1,2,3,4]","[8,4,3,1]","[1,3,4,8]",n4_o025_r0660,4,"[1,2,3,4]",5,3
17,"[1,2,3,4]",10,"[1,2,3,4]","[1,3,4,9]","[1,3,4,9]",n4_o026_r0661,4,"[1,2,3,4]",40,23
17,"[1,2,4,3]",10,"[1,2,3,4]","[1,3,9,4]","[1,3,4,9]",n4_o026_r0662,4,"[1,2,3,4]",40,23
17,"[1,3,2,4]",10,"[1,2,3,4]","[1,4,3,9]","[1,3,4,9]",n4_o026_r0663,4,"[1,2,3,4]",40,23
17,"[1,4,2,3]",10,"[1,2,3,4]","[1,4,9,3]","[1,3,4,9]",n4_o026_r0664,4,"[1,2,3,4]",40,23
17,"[1,3,4,2]",10,"[1,2,3,4]","[1,9,3,4]","[1,3,4,9]",n4_o026_r0665,4,"[1,2,3,4]",40,23
17,"[1,4,3,2]",10,"[1,2,3,4]","[1,9,4,3]","[1,3,4,9]",n4_o026_r0666,4,"[1,2,3,4]",40,23
17,"[2,1,3,4]",10,"[1,2,3,4]","[3,1,4,9]","[1,3,4,9]",n4_o026_r0667,4,"[1,2,3,4]",40,23
17,"[2,1,4,3]",10,"[1,2,3,4]","[3,1,9,4]","[1,3,4,9]",n4_o026_r0668,4,"[1,2,3,4]",40,23
17,"[3,1,2,4]",10,"[1,2,3,4]","[3,4,1,9]","[1,3,4,9]",n4_o026_r0669,4,"[1,2,3,4]",40,23
17,"[4,1,2,3]",10,"[1,2,3,4]","[3,4,9,1]","[1,3,4,9]",n4_o026_r0670,4,"[1,2,3,4]",40,23
17,"[3,1,4,2]",10,"[1,2,3,4]","[3,9,1,4]","[1,3,4,9]",n4_o026_r0671,4,"[1,2,3,4]",40,23
17,"[4,1,3,2]",10,"[1,2,3,4]","[3,9,4,1]","[1,3,4,9]",n4_o026_r0672,4,"[1,2,3,4]",40,23
17,"[2,3,1,4]",10,"[1,2,3,4]","[4,1,3,9]","[1,3,4,9]",n4_o026_r0673,4,"[1,2,3,4]",40,23
17,"[2,4,1,3]",10,"[1,2,3,4]","[4,1,9,3]","[1,3,4,9]",n4_o026_r0674,4,"[1,2,3,4]",40,23
17,"[3,2,1,4]",10,"[1,2,3,4]","[4,3,1,9]","[1,3,4,9]",n4_o026_r0675,4,"[1,2,3,4]",40,23
17,"[4,2,1,3]",10,"[1,2,3,4]","[4,3,9,1]","[1,3,4,9]",n4_o026_r0676,4,"[1,2,3,4]",40,23
17,"[3,4,1,2]",10,"[1,2,3,4]","[4,9,1,3]","[1,3,4,9]",n4_o026_r0677,4,"[1,2,3,4]",40,23
17,"[4,3,1,2]",10,"[1,2,3,4]","[4,9,3,1]","[1,3,4,9]",n4_o026_r0678,4,"[1,2,3,4]",40,23
17,"[2,3,4,1]",10,"[1,2,3,4]","[9,1,3,4]","[1,3,4,9]",n4_o026_r0679,4,"[1,2,3,4]",40,23
17,"[2,4,3,1]",10,"[1,2,3,4]","[9,1,4,3]","[1,3,4,9]",n4_o026_r0680,4,"[1,2,3,4]",40,23
17,"[3,2,4,1]",10,"[1,2,3,4]","[9,3,1,4]","[1,3,4,9]",n4_o026_r0681,4,"[1,2,3,4]",40,23
17,"[4,2,3,1]",10,"[1,2,3,4]","[9,3,4,1]","[1,3,4,9]",n4_o026_r0682,4,"[1,2,3,4]",40,23
17,"[3,4,2,1]",10,"[1,2,3,4]","[9,4,1,3]","[1,3,4,9]",n4_o026_r0683,4,"[1,2,3,4]",40,23
17,"[4,3,2,1]",10,"[1,2,3,4]","[9,4,3,1]","[1,3,4,9]",n4_o026_r0684,4,"[1,2,3,4]",40,23
15,"[1,2,3,4]",10,"[1,2,3,4]","[1,3,5,6]","[1,3,5,6]",n4_o027_r0685,4,"[1,2,3,4]",8,5
15,"[1,2,4,3]",10,"[1,2,3,4]","[1,3,6,5]","[1,3,5,6]",n4_o027_r0686,4,"[1,2,3,4]",8,5
15,"[1,3,2,4]",10,"[1,2,3,4]","[1,5,3,6]","[1,3,5,6]",n4_o027_r0687,4,"[1,2,3,4]",8,5
15,"[1,4,2,3]",10,"[1,2,3,4]","[1,5,6,3]","[1,3,5,6]",n4_o027_r0688,4,"[1,2,3,4]",8,5
15,"[1,3,4,2]",10,"[1,2,3,4]","[1,6,3,5]","[1,3,5,6]",n4_o027_r0689,4,"[1,2,3,4]",8,5
15,"[1,4,3,2]",10,"[1,2,3,4]","[1,6,5,3]","[1,3,5,6]",n4_o027_r0690,4,"[1,2,3,4]",8,5
15,"[2,1,3,4]",10,"[1,2,3,4]","[3,1,5,6]","[1,3,5,6]",n4_o027_r0691,4,"[1,2,3,4]",8,5
15,"[2,1,4,3]",10,"[1,2,3,4]","[3,1,6,5]","[1,3,5,6]",n4_o027_r0692,4,"[1,2,3,4]",8,5
15,"[3,1,2,4]",10,"[1,2,3,4]","[3,5,1,6]","[1,3,5,6]",n4_o027_r0693,4,"[1,2,3,4]",8,5
15,"[4,1,2,3]",10,"[1,2,3,4]","[3,5,6,1]","[1,3,5,6]",n4_o027_r0694,4,"[1,2,3,4]",8,5
15,"[3,1,4,2]",10,"[1,2,3,4]","[3,6,1,5]","[1,3,5,6]",n4_o027_r0695,4,"[1,2,3,4]",8,5
15,"[4,1,3,2]",10,"[1,2,3,4]","[3,6,5,1]","[1,3,5,6]",n4_o027_r0696,4,"[1,2,3,4]",8,5
15,"[2,3,1,4]",10,"[1,2,3,4]","[5,1,3,6]","[1,3,5,6]",n4_o027_r0697,4,"[1,2,3,4]",8,5
15,"[2,4,1,3]",10,"[1,2,3,4]","[5,1,6,3]","[1,3,5,6]",n4_o027_r0698,4,"[1,2,3,4]",8,5
15,"[3,2,1,4]",10,"[1,2,3,4]","[5,3,1,6]","[1,3,5,6]",n4_o027_r0699,4,"[1,2,3,4]",8,5
15,"[4,2,1,3]",10,"[1,2,3,4]","[5,3,6,1]","[1,3,5,6]",n4_o027_r0700,4,"[1,2,3,4]",8,5
15,"[3,4,1,2]",10,"[1,2,3,4]","[5,6,1,3]","[1,3,5,6]",n4_o027_r0701,4,"[1,2,3,4]",8,5
15,"[4,3,1,2]",10,"[1,2,3,4]","[5,6,3,1]","[1,3,5,6]",n4_o027_r0702,4,"[1,2,3,4]",8,5
15,"[2,3,4,1]",10,"[1,2,3,4]","[6,1,3,5]","[1,3,5,6]",n4_o027_r0703,4,"[1,2,3,4]",8,5
15,"[2,4,3,1]",10,"[1,2,3,4]","[6,1,5,3]","[1,3,5,6]",n4_o027_r0704,4,"[1,2,3,4]",8,5
15,"[3,2,4,1]",10,"[1,2,3,4]","[6,3,1,5]","[1,3,5,6]",n4_o027_r0705,4,"[1,2,3,4]",8,5
15,"[4,2,3,1]",10,"[1,2,3,4]","[6,3,5,1]","[1,3,5,6]",n4_o027_r0706,4,"[1,2,3,4]",8,5
15,"[3,4,2,1]",10,"[1,2,3,4]","[6,5,1,3]","[1,3,5,6]",n4_o027_r0707,4,"[1,2,3,4]",8,5
15,"[4,3,2,1]",10,"[1,2,3,4]","[6,5,3,1]","[1,3,5,6]",n4_o027_r0708,4,"[1,2,3,4]",8,5
16,"[1,2,3,4]",10,"[1,2,3,4]","[1,3,5,7]","[1,3,5,7]",n4_o028_r0709,4,"[1,2,3,4]",5,3
16,"[1,2,4,3]",10,"[1,2,3,4]","[1,3,7,5]","[1,3,5,7]",n4_o028_r0710,4,"[1,2,3,4]",5,3
16,"[1,3,2,4]",10,"[1,2,3,4]","[1,5,3,7]","[1,3,5,7]",n4_o028_r0711,4,"[1,2,3,4]",5,3
16,"[1,4,2,3]",10,"[1,2,3,4]","[1,5,7,3]","[1,3,5,7]",n4_o028_r0712,4,"[1,2,3,4]",5,3
16,"[1,3,4,2]",10,"[1,2,3,4]","[1,7,3,5]","[1,3,5,7]",n4_o028_r0713,4,"[1,2,3,4]",5,3
16,"[1,4,3,2]",10,"[1,2,3,4]","[1,7,5,3]","[1,3,5,7]",n4_o028_r0714,4,"[1,2,3,4]",5,3
16,"[2,1,3,4]",10,"[1,2,3,4]","[3,1,5,7]","[1,3,5,7]",n4_o028_r0715,4,"[1,2,3,4]",5,3
16,"[2,1,4,3]",10,"[1,2,3,4]","[3,1,7,5]","[1,3,5,7]",n4_o028_r0716,4,"[1,2,3,4]",5,3
16,"[3,1,2,4]",10,"[1,2,3,4]","[3,5,1,7]","[1,3,5,7]",n4_o028_r0717,4,"[1,2,3,4]",5,3
16,"[4,1,2,3]",10,"[1,2,3,4]","[3,5,7,1]","[1,3,5,7]",n4_o028_r0718,4,"[1,2,3,4]",5,3
16,"[3,1,4,2]",10,"[1,2,3,4]","[3,7,1,5]","[1,3,5,7]",n4_o028_r0719,4,"[1,2,3,4]",5,3
16,"[4,1,3,2]",10,"[1,2,3,4]","[3,7,5,1]","[1,3,5,7]",n4_o028_r0720,4,"[1,2,3,4]",5,3
16,"[2,3,1,4]",10,"[1,2,3,4]","[5,1,3,7]","[1,3,5,7]",n4_o028_r0721,4,"[1,2,3,4]",5,3
16,"[2,4,1,3]",10,"[1,2,3,4]","[5,1,7,3]","[1,3,5,7]",n4_o028_r0722,4,"[1,2,3,4]",5,3
16,"[3,2,1,4]",10,"[1,2,3,4]","[5,3,1,7]","[1,3,5,7]",n4_o028_r0723,4,"[1,2,3,4]",5,3
16,"[4,2,1,3]",10,"[1,2,3,4]","[5,3,7,1]","[1,3,5,7]",n4_o028_r0724,4,"[1,2,3,4]",5,3
16,"[3,4,1,2]",10,"[1,2,3,4]","[5,7,1,3]","[1,3,5,7]",n4_o028_r0725,4,"[1,2,3,4]",5,3
16,"[4,3,1,2]",10,"[1,2,3,4]","[5,7,3,1]","[1,3,5,7]",n4_o028_r0726,4,"[1,2,3,4]",5,3
16,"[2,3,4,1]",10,"[1,2,3,4]","[7,1,3,5]","[1,3,5,7]",n4_o028_r0727,4,"[1,2,3,4]",5,3
16,"[2,4,3,1]",10,"[1,2,3,4]","[7,1,5,3]","[1,3,5,7]",n4_o028_r0728,4,"[1,2,3,4]",5,3
16,"[3,2,4,1]",10,"[1,2,3,4]","[7,3,1,5]","[1,3,5,7]",n4_o028_r0729,4,"[1,2,3,4]",5,3
16,"[4,2,3,1]",10,"[1,2,3,4]","[7,3,5,1]","[1,3,5,7]",n4_o028_r0730,4,"[1,2,3,4]",5,3
16,"[3,4,2,1]",10,"[1,2,3,4]","[7,5,1,3]","[1,3,5,7]",n4_o028_r0731,4,"[1,2,3,4]",5,3
16,"[4,3,2,1]",10,"[1,2,3,4]","[7,5,3,1]","[1,3,5,7]",n4_o028_r0732,4,"[1,2,3,4]",5,3
17,"[1,2,3,4]",10,"[1,2,3,4]","[1,3,5,8]","[1,3,5,8]",n4_o029_r0733,4,"[1,2,3,4]",40,23
17,"[1,2,4,3]",10,"[1,2,3,4]","[1,3,8,5]","[1,3,5,8]",n4_o029_r0734,4,"[1,2,3,4]",40,23
17,"[1,3,2,4]",10,"[1,2,3,4]","[1,5,3,8]","[1,3,5,8]",n4_o029_r0735,4,"[1,2,3,4]",40,23
17,"[1,4,2,3]",10,"[1,2,3,4]","[1,5,8,3]","[1,3,5,8]",n4_o029_r0736,4,"[1,2,3,4]",40,23
17,"[1,3,4,2]",10,"[1,2,3,4]","[1,8,3,5]","[1,3,5,8]",n4_o029_r0737,4,"[1,2,3,4]",40,23
17,"[1,4,3,2]",10,"[1,2,3,4]","[1,8,5,3]","[1,3,5,8]",n4_o029_r0738,4,"[1,2,3,4]",40,23
17,"[2,1,3,4]",10,"[1,2,3,4]","[3,1,5,8]","[1,3,5,8]",n4_o029_r0739,4,"[1,2,3,4]",40,23
17,"[2,1,4,3]",10,"[1,2,3,4]","[3,1,8,5]","[1,3,5,8]",n4_o029_r0740,4,"[1,2,3,4]",40,23
17,"[3,1,2,4]",10,"[1,2,3,4]","[3,5,1,8]","[1,3,5,8]",n4_o029_r0741,4,"[1,2,3,4]",40,23
17,"[4,1,2,3]",10,"[1,2,3,4]","[3,5,8,1]","[1,3,5,8]",n4_o029_r0742,4,"[1,2,3,4]",40,23
17,"[3,1,4,2]",10,"[1,2,3,4]","[3,8,1,5]","[1,3,5,8]",n4_o029_r0743,4,"[1,2,3,4]",40,23
17,"[4,1,3,2]",10,"[1,2,3,4]","[3,8,5,1]","[1,3,5,8]",n4_o029_r0744,4,"[1,2,3,4]",40,23
17,"[2,3,1,4]",10,"[1,2,3,4]","[5,1,3,8]","[1,3,5,8]",n4_o029_r0745,4,"[1,2,3,4]",40,23
17,"[2,4,1,3]",10,"[1,2,3,4]","[5,1,8,3]","[1,3,5,8]",n4_o029_r0746,4,"[1,2,3,4]",40,23
17,"[3,2,1,4]",10,"[1,2,3,4]","[5,3,1,8]","[1,3,5,8]",n4_o029_r0747,4,"[1,2,3,4]",40,23
17,"[4,2,1,3]",10,"[1,2,3,4]","[5,3,8,1]","[1,3,5,8]",n4_o029_r0748,4,"[1,2,3,4]",40,23
17,"[3,4,1,2]",10,"[1,2,3,4]","[5,8,1,3]","[1,3,5,8]",n4_o029_r0749,4,"[1,2,3,4]",40,23
17,"[4,3,1,2]",10,"[1,2,3,4]","[5,8,3,1]","[1,3,5,8]",n4_o029_r0750,4,"[1,2,3,4]",40,23
17,"[2,3,4,1]",10,"[1,2,3,4]","[8,1,3,5]","[1,3,5,8]",n4_o029_r0751,4,"[1,2,3,4]",40,23
17,"[2,4,3,1]",10,"[1,2,3,4]","[8,1,5,3]","[1,3,5,8]",n4_o029_r0752,4,"[1,2,3,4]",40,23
17,"[3,2,4,1]",10,"[1,2,3,4]","[8,3,1,5]","[1,3,5,8]",n4_o029_r0753,4,"[1,2,3,4]",40,23
17,"[4,2,3,1]",10,"[1,2,3,4]","[8,3,5,1]","[1,3,5,8]",n4_o029_r0754,4,"[1,2,3,4]",40,23
17,"[3,4,2,1]",10,"[1,2,3,4]","[8,5,1,3]","[1,3,5,8]",n4_o029_r0755,4,"[1,2,3,4]",40,23
17,"[4,3,2,1]",10,"[1,2,3,4]","[8,5,3,1]","[1,3,5,8]",n4_o029_r0756,4,"[1,2,3,4]",40,23
18,"[1,2,3,4]",10,"[1,2,3,4]","[1,3,5,9]","[1,3,5,9]",n4_o030_r0757,4,"[1,2,3,4]",20,11
18,"[1,2,4,3]",10,"[1,2,3,4]","[1,3,9,5]","[1,3,5,9]",n4_o030_r0758,4,"[1,2,3,4]",20,11
18,"[1,3,2,4]",10,"[1,2,3,4]","[1,5,3,9]","[1,3,5,9]",n4_o030_r0759,4,"[1,2,3,4]",20,11
18,"[1,4,2,3]",10,"[1,2,3,4]","[1,5,9,3]","[1,3,5,9]",n4_o030_r0760,4,"[1,2,3,4]",20,11
18,"[1,3,4,2]",10,"[1,2,3,4]","[1,9,3,5]","[1,3,5,9]",n4_o030_r0761,4,"[1,2,3,4]",20,11
18,"[1,4,3,2]",10,"[1,2,3,4]","[1,9,5,3]","[1,3,5,9]",n4_o030_r0762,4,"[1,2,3,4]",20,11
18,"[2,1,3,4]",10,"[1,2,3,4]","[3,1,5,9]","[1,3,5,9]",n4_o030_r0763,4,"[1,2,3,4]",20,11
18,"[2,1,4,3]",10,"[1,2,3,4]","[3,1,9,5]","[1,3,5,9]",n4_o030_r0764,4,"[1,2,3,4]",20,11
18,"[3,1,2,4]",10,"[1,2,3,4]","[3,5,1,9]","[1,3,5,9]",n4_o030_r0765,4,"[1,2,3,4]",20,11
18,"[4,1,2,3]",10,"[1,2,3,4]","[3,5,9,1]","[1,3,5,9]",n4_o030_r0766,4,"[1,2,3,4]",20,11
18,"[3,1,4,2]",10,"[1,2,3,4]","[3,9,1,5]","[1,3,5,9]",n4_o030_r0767,4,"[1,2,3,4]",20,11
18,"[4,1,3,2]",10,"[1,2,3,4]","[3,9,5,1]","[1,3,5,9]",n4_o030_r0768,4,"[1,2,3,4]",20,11
18,"[2,3,1,4]",10,"[1,2,3,4]","[5,1,3,9]","[1,3,5,9]",n4_o030_r0769,4,"[1,2,3,4]",20,11
18,"[2,4,1,3]",10,"[1,2,3,4]","[5,1,9,3]","[1,3,5,9]",n4_o030_r0770,4,"[1,2,3,4]",20,11
18,"[3,2,1,4]",10,"[1,2,3,4]","[5,3,1,9]","[1,3,5,9]",n4_o030_r0771,4,"[1,2,3,4]",20,11
18,"[4,2,1,3]",10,"[1,2,3,4]","[5,3,9,1]","[1,3,5,9]",n4_o030_r0772,4,"[1,2,3,4]",20,11
18,"[3,4,1,2]",10,"[1,2,3,4]","[5,9,1,3]","[1,3,5,9]",n4_o030_r0773,4,"[1,2,3,4]",20,11
18,"[4,3,1,2]",10,"[1,2,3,4]","[5,9,3,1]","[1,3,5,9]",n4_o030_r0774,4,"[1,2,3,4]",20,11
18,"[2,3,4,1]",10,"[1,2,3,4]","[9,1,3,5]","[1,3,5,9]",n4_o030_r0775,4,"[1,2,3,4]",20,11
18,"[2,4,3,1]",10,"[1,2,3,4]","[9,1,5,3]","[1,3,5,9]",n4_o030_r0776,4,"[1,2,3,4]",20,11
18,"[3,2,4,1]",10,"[1,2,3,4]","[9,3,1,5]","[1,3,5,9]",n4_o030_r0777,4,"[1,2,3,4]",20,11
18,"[4,2,3,1]",10,"[1,2,3,4]","[9,3,5,1]","[1,3,5,9]",n4_o030_r0778,4,"[1,2,3,4]",20,11
18,"[3,4,2,1]",10,"[1,2,3,4]","[9,5,1,3]","[1,3,5,9]",n4_o030_r0779,4,"[1,2,3,4]",20,11
18,"[4,3,2,1]",10,"[1,2,3,4]","[9,5,3,1]","[1,3,5,9]",n4_o030_r0780,4,"[1,2,3,4]",20,11
17,"[1,2,3,4]",10,"[1,2,3,4]","[1,3,6,7]","[1,3,6,7]",n4_o031_r0781,4,"[1,2,3,4]",40,23
17,"[1,2,4,3]",10,"[1,2,3,4]","[1,3,7,6]","[1,3,6,7]",n4_o031_r0782,4,"[1,2,3,4]",40,23
17,"[1,3,2,4]",10,"[1,2,3,4]","[1,6,3,7]","[1,3,6,7]",n4_o031_r0783,4,"[1,2,3,4]",40,23
17,"[1,4,2,3]",10,"[1,2,3,4]","[1,6,7,3]","[1,3,6,7]",n4_o031_r0784,4,"[1,2,3,4]",40,23
17,"[1,3,4,2]",10,"[1,2,3,4]","[1,7,3,6]","[1,3,6,7]",n4_o031_r0785,4,"[1,2,3,4]",40,23
17,"[1,4,3,2]",10,"[1,2,3,4]","[1,7,6,3]","[1,3,6,7]",n4_o031_r0786,4,"[1,2,3,4]",40,23
17,"[2,1,3,4]",10,"[1,2,3,4]","[3,1,6,7]","[1,3,6,7]",n4_o031_r0787,4,"[1,2,3,4]",40,23
17,"[2,1,4,3]",10,"[1,2,3,4]","[3,1,7,6]","[1,3,6,7]",n4_o031_r0788,4,"[1,2,3,4]",40,23
17,"[3,1,2,4]",10,"[1,2,3,4]","[3,6,1,7]","[1,3,6,7]",n4_o031_r0789,4,"[1,2,3,4]",40,23
17,"[4,1,2,3]",10,"[1,2,3,4]","[3,6,7,1]","[1,3,6,7]",n4_o031_r0790,4,"[1,2,3,4]",40,23
17,"[3,1,4,2]",10,"[1,2,3,4]","[3,7,1,6]","[1,3,6,7]",n4_o031_r0791,4,"[1,2,3,4]",40,23
17,"[4,1,3,2]",10,"[1,2,3,4]","[3,7,6,1]","[1,3,6,7]",n4_o031_r0792,4,"[1,2,3,4]",40,23
17,"[2,3,1,4]",10,"[1,2,3,4]","[6,1,3,7]","[1,3,6,7]",n4_o031_r0793,4,"[1,2,3,4]",40,23
17,"[2,4,1,3]",10,"[1,2,3,4]","[6,1,7,3]","[1,3,6,7]",n4_o031_r0794,4,"[1,2,3,4]",40,23
17,"[3,2,1,4]",10,"[1,2,3,4]","[6,3,1,7]","[1,3,6,7]",n4_o031_r0795,4,"[1,2,3,4]",40,23
17,"[4,2,1,3]",10,"[1,2,3,4]","[6,3,7,1]","[1,3,6,7]",n4_o031_r0796,4,"[1,2,3,4]",40,23
17,"[3,4,1,2]",10,"[1,2,3,4]","[6,7,1,3]","[1,3,6,7]",n4_o031_r0797,4,"[1,2,3,4]",40,23
17,"[4,3,1,2]",10,"[1,2,3,4]","[6,7,3,1]","[1,3,6,7]",n4_o031_r0798,4,"[1,2,3,4]",40,23
17,"[2,3,4,1]",10,"[1,2,3,4]","[7,1,3,6]","[1,3,6,7]",n4_o031_r0799,4,"[1,2,3,4]",40,23
17,"[2,4,3,1]",10,"[1,2,3,4]","[7,1,6,3]","[1,3,6,7]",n4_o031_r0800,4,"[1,2,3,4]",40,23
17,"[3,2,4,1]",10,"[1,2,3,4]","[7,3,1,6]","[1,3,6,7]",n4_o031_r0801,4,"[1,2,3,4]",40,23
17,"[4,2,3,1]",10,"[1,2,3,4]","[7,3,6,1]","[1,3,6,7]",n4_o031_r0802,4,"[1,2,3,4]",40,23
17,"[3,4,2,1]",10,"[1,2,3,4]","[7,6,1,3]","[1,3,6,7]",n4_o031_r0803,4,"[1,2,3,4]",40,23
17,"[4,3,2,1]",10,"[1,2,3,4]","[7,6,3,1]","[1,3,6,7]",n4_o031_r0804,4,"[1,2,3,4]",40,23
18,"[1,2,3,4]",10,"[1,2,3,4]","[1,3,6,8]","[1,3,6,8]",n4_o032_r0805,4,"[1,2,3,4]",20,11
18,"[1,2,4,3]",10,"[1,2,3,4]","[1,3,8,6]","[1,3,6,8]",n4_o032_r0806,4,"[1,2,3,4]",20,11
18,"[1,3,2,4]",10,"[1,2,3,4]","[1,6,3,8]","[1,3,6,8]",n4_o032_r0807,4,"[1,2,3,4]",20,11
18,"[1,4,2,3]",10,"[1,2,3,4]","[1,6,8,3]","[1,3,6,8]",n4_o032_r0808,4,"[1,2,3,4]",20,11
18,"[1,3,4,2]",10,"[1,2,3,4]","[1,8,3,6]","[1,3,6,8]",n4_o032_r0809,4,"[1,2,3,4]",20,11
18,"[1,4,3,2]",10,"[1,2,3,4]","[1,8,6,3]","[1,3,6,8]",n4_o032_r0810,4,"[1,2,3,4]",20,11
18,"[2,1,3,4]",10,"[1,2,3,4]","[3,1,6,8]","[1,3,6,8]",n4_o032_r0811,4,"[1,2,3,4]",20,11
18,"[2,1,4,3]",10,"[1,2,3,4]","[3,1,8,6]","[1,3,6,8]",n4_o032_r0812,4,"[1,2,3,4]",20,11
18,"[3,1,2,4]",10,"[1,2,3,4]","[3,6,1,8]","[1,3,6,8]",n4_o032_r0813,4,"[1,2,3,4]",20,11
18,"[4,1,2,3]",10,"[1,2,3,4]","[3,6,8,1]","[1,3,6,8]",n4_o032_r0814,4,"[1,2,3,4]",20,11
18,"[3,1,4,2]",10,"[1,2,3,4]","[3,8,1,6]","[1,3,6,8]",n4_o032_r0815,4,"[1,2,3,4]",20,11
18,"[4,1,3,2]",10,"[1,2,3,4]","[3,8,6,1]","[1,3,6,8]",n4_o032_r0816,4,"[1,2,3,4]",20,11
18,"[2,3,1,4]",10,"[1,2,3,4]","[6,1,3,8]","[1,3,6,8]",n4_o032_r0817,4,"[1,2,3,4]",20,11
18,"[2,4,1,3]",10,"[1,2,3,4]","[6,1,8,3]","[1,3,6,8]",n4_o032_r0818,4,"[1,2,3,4]",20,11
18,"[3,2,1,4]",10,"[1,2,3,4]","[6,3,1,8]","[1,3,6,8]",n4_o032_r0819,4,"[1,2,3,4]",20,11
18,"[4,2,1,3]",10,"[1,2,3,4]","[6,3,8,1]","[1,3,6,8]",n4_o032_r0820,4,"[1,2,3,4]",20,11
18,"[3,4,1,2]",10,"[1,2,3,4]","[6,8,1,3]","[1,3,6,8]",n4_o032_r0821,4,"[1,2,3,4]",20,11
18,"[4,3,1,2]",10,"[1,2,3,4]","[6,8,3,1]","[1,3,6,8]",n4_o032_r0822,4,"[1,2,3,4]",20,11
18,"[2,3,4,1]",10,"[1,2,3,4]","[8,1,3,6]","[1,3,6,8]",n4_o032_r0823,4,"[1,2,3,4]",20,11
18,"[2,4,3,1]",10,"[1,2,3,4]","[8,1,6,3]","[1,3,6,8]",n4_o032_r0824,4,"[1,2,3,4]",20,11
18,"[3,2,4,1]",10,"[1,2,3,4]","[8,3,1,6]","[1,3,6,8]",n4_o032_r0825,4,"[1,2,3,4]",20,11
18,"[4,2,3,1]",10,"[1,2,3,4]","[8,3,6,1]","[1,3,6,8]",n4_o032_r0826,4,"[1,2,3,4]",20,11
18,"[3,4,2,1]",10,"[1,2,3,4]","[8,6,1,3]","[1,3,6,8]",n4_o032_r0827,4,"[1,2,3,4]",20,11
18,"[4,3,2,1]",10,"[1,2,3,4]","[8,6,3,1]","[1,3,6,8]",n4_o032_r0828,4,"[1,2,3,4]",20,11
19,"[1,2,3,4]",10,"[1,2,3,4]","[1,3,6,9]","[1,3,6,9]",n4_o033_r0829,4,"[1,2,3,4]",40,21
19,"[1,2,4,3]",10,"[1,2,3,4]","[1,3,9,6]","[1,3,6,9]",n4_o033_r0830,4,"[1,2,3,4]",40,21
19,"[1,3,2,4]",10,"[1,2,3,4]","[1,6,3,9]","[1,3,6,9]",n4_o033_r0831,4,"[1,2,3,4]",40,21
19,"[1,4,2,3]",10,"[1,2,3,4]","[1,6,9,3]","[1,3,6,9]",n4_o033_r0832,4,"[1,2,3,4]",40,21
19,"[1,3,4,2]",10,"[1,2,3,4]","[1,9,3,6]","[1,3,6,9]",n4_o033_r0833,4,"[1,2,3,4]",40,21
19,"[1,4,3,2]",10,"[1,2,3,4]","[1,9,6,3]","[1,3,6,9]",n4_o033_r0834,4,"[1,2,3,4]",40,21
19,"[2,1,3,4]",10,"[1,2,3,4]","[3,1,6,9]","[1,3,6,9]",n4_o033_r0835,4,"[1,2,3,4]",40,21
19,"[2,1,4,3]",10,"[1,2,3,4]","[3,1,9,6]","[1,3,6,9]",n4_o033_r0836,4,"[1,2,3,4]",40,21
19,"[3,1,2,4]",10,"[1,2,3,4]","[3,6,1,9]","[1,3,6,9]",n4_o033_r0837,4,"[1,2,3,4]",40,21
19,"[4,1,2,3]",10,"[1,2,3,4]","[3,6,9,1]","[1,3,6,9]",n4_o033_r0838,4,"[1,2,3,4]",40,21
19,"[3,1,4,2]",10,"[1,2,3,4]","[3,9,1,6]","[1,3,6,9]",n4_o033_r0839,4,"[1,2,3,4]",40,21
19,"[4,1,3,2]",10,"[1,2,3,4]","[3,9,6,1]","[1,3,6,9]",n4_o033_r0840,4,"[1,2,3,4]",40,21
19,"[2,3,1,4]",10,"[1,2,3,4]","[6,1,3,9]","[1,3,6,9]",n4_o033_r0841,4,"[1,2,3,4]",40,21
19,"[2,4,1,3]",10,"[1,2,3,4]","[6,1,9,3]","[1,3,6,9]",n4_o033_r0842,4,"[1,2,3,4]",40,21
19,"[3,2,1,4]",10,"[1,2,3,4]","[6,3,1,9]","[1,3,6,9]",n4_o033_r0843,4,"[1,2,3,4]",40,21
19,"[4,2,1,3]",10,"[1,2,3,4]","[6,3,9,1]","[1,3,6,9]",n4_o033_r0844,4,"[1,2,3,4]",40,21
19,"[3,4,1,2]",10,"[1,2,3,4]","[6,9,1,3]","[1,3,6,9]",n4_o033_r0845,4,"[1,2,3,4]",40,21
19,"[4,3,1,2]",10,"[1,2,3,4]","[6,9,3,1]","[1,3,6,9]",n4_o033_r0846,4,"[1,2,3,4]",40,21
19,"[2,3,4,1]",10,"[1,2,3,4]","[9,1,3,6]","[1,3,6,9]",n4_o033_r0847,4,"[1,2,3,4]",40,21
19,"[2,4,3,1]",10,"[1,2,3,4]","[9,1,6,3]","[1,3,6,9]",n4_o033_r0848,4,"[1,2,3,4]",40,21
19,"[3,2,4,1]",10,"[1,2,3,4]","[9,3,1,6]","[1,3,6,9]",n4_o033_r0849,4,"[1,2,3,4]",40,21
19,"[4,2,3,1]",10,"[1,2,3,4]","[9,3,6,1]","[1,3,6,9]",n4_o033_r0850,4,"[1,2,3,4]",40,21
19,"[3,4,2,1]",10,"[1,2,3,4]","[9,6,1,3]","[1,3,6,9]",n4_o033_r0851,4,"[1,2,3,4]",40,21
19,"[4,3,2,1]",10,"[1,2,3,4]","[9,6,3,1]","[1,3,6,9]",n4_o033_r0852,4,"[1,2,3,4]",40,21
19,"[1,2,3,4]",10,"[1,2,3,4]","[1,3,7,8]","[1,3,7,8]",n4_o034_r0853,4,"[1,2,3,4]",40,21
19,"[1,2,4,3]",10,"[1,2,3,4]","[1,3,8,7]","[1,3,7,8]",n4_o034_r0854,4,"[1,2,3,4]",40,21
19,"[1,3,2,4]",10,"[1,2,3,4]","[1,7,3,8]","[1,3,7,8]",n4_o034_r0855,4,"[1,2,3,4]",40,21
19,"[1,4,2,3]",10,"[1,2,3,4]","[1,7,8,3]","[1,3,7,8]",n4_o034_r0856,4,"[1,2,3,4]",40,21
19,"[1,3,4,2]",10,"[1,2,3,4]","[1,8,3,7]","[1,3,7,8]",n4_o034_r0857,4,"[1,2,3,4]",40,21
19,"[1,4,3,2]",10,"[1,2,3,4]","[1,8,7,3]","[1,3,7,8]",n4_o034_r0858,4,"[1,2,3,4]",40,21
19,"[2,1,3,4]",10,"[1,2,3,4]","[3,1,7,8]","[1,3,7,8]",n4_o034_r0859,4,"[1,2,3,4]",40,21
19,"[2,1,4,3]",10,"[1,2,3,4]","[3,1,8,7]","[1,3,7,8]",n4_o034_r0860,4,"[1,2,3,4]",40,21
19,"[3,1,2,4]",10,"[1,2,3,4]","[3,7,1,8]","[1,3,7,8]",n4_o034_r0861,4,"[1,2,3,4]",40,21
19,"[4,1,2,3]",10,"[1,2,3,4]","[3,7,8,1]","[1,3,7,8]",n4_o034_r0862,4,"[1,2,3,4]",40,21
19,"[3,1,4,2]",10,"[1,2,3,4]","[3,8,1,7]","[1,3,7,8]",n4_o034_r0863,4,"[1,2,3,4]",40,21
19,"[4,1,3,2]",10,"[1,2,3,4]","[3,8,7,1]","[1,3,7,8]",n4_o034_r0864,4,"[1,2,3,4]",40,21
19,"[2,3,1,4]",10,"[1,2,3,4]","[7,1,3,8]","[1,3,7,8]",n4_o034_r0865,4,"[1,2,3,4]",40,21
19,"[2,4,1,3]",10,"[1,2,3,4]","[7,1,8,3]","[1,3,7,8]",n4_o034_r0866,4,"[1,2,3,4]",40,21
19,"[3,2,1,4]",10,"[1,2,3,4]","[7,3,1,8]","[1,3,7,8]",n4_o034_r0867,4,"[1,2,3,4]",40,21
19,"[4,2,1,3]",10,"[1,2,3,4]","[7,3,8,1]","[1,3,7,8]",n4_o034_r0868,4,"[1,2,3,4]",40,21
19,"[3,4,1,2]",10,"[1,2,3,4]","[7,8,1,3]","[1,3,7,8]",n4_o034_r0869,4,"[1,2,3,4]",40,21
19,"[4,3,1,2]",10,"[1,2,3,4]","[7,8,3,1]","[1,3,7,8]",n4_o034_r0870,4,"[1,2,3,4]",40,21
19,"[2,3,4,1]",10,"[1,2,3,4]","[8,1,3,7]","[1,3,7,8]",n4_o034_r0871,4,"[1,2,3,4]",40,21
19,"[2,4,3,1]",10,"[1,2,3,4]","[8,1,7,3]","[1,3,7,8]",n4_o034_r0872,4,"[1,2,3,4]",40,21
19,"[3,2,4,1]",10,"[1,2,3,4]","[8,3,1,7]","[1,3,7,8]",n4_o034_r0873,4,"[1,2,3,4]",40,21
19,"[4,2,3,1]",10,"[1,2,3,4]","[8,3,7,1]","[1,3,7,8]",n4_o034_r0874,4,"[1,2,3,4]",40,21
19,"[3,4,2,1]",10,"[1,2,3,4]","[8,7,1,3]","[1,3,7,8]",n4_o034_r0875,4,"[1,2,3,4]",40,21
19,"[4,3,2,1]",10,"[1,2,3,4]","[8,7,3,1]","[1,3,7,8]",n4_o034_r0876,4,"[1,2,3,4]",40,21
20,"[1,2,3,4]",10,"[1,2,3,4]","[1,3,7,9]","[1,3,7,9]",n4_o035_r0877,4,"[1,2,3,4]",2,1
20,"[1,2,4,3]",10,"[1,2,3,4]","[1,3,9,7]","[1,3,7,9]",n4_o035_r0878,4,"[1,2,3,4]",2,1
20,"[1,3,2,4]",10,"[1,2,3,4]","[1,7,3,9]","[1,3,7,9]",n4_o035_r0879,4,"[1,2,3,4]",2,1
20,"[1,4,2,3]",10,"[1,2,3,4]","[1,7,9,3]","[1,3,7,9]",n4_o035_r0880,4,"[1,2,3,4]",2,1
20,"[1,3,4,2]",10,"[1,2,3,4]","[1,9,3,7]","[1,3,7,9]",n4_o035_r0881,4,"[1,2,3,4]",2,1
20,"[1,4,3,2]",10,"[1,2,3,4]","[1,9,7,3]","[1,3,7,9]",n4_o035_r0882,4,"[1,2,3,4]",2,1
20,"[2,1,3,4]",10,"[1,2,3,4]","[3,1,7,9]","[1,3,7,9]",n4_o035_r0883,4,"[1,2,3,4]",2,1
20,"[2,1,4,3]",10,"[1,2,3,4]","[3,1,9,7]","[1,3,7,9]",n4_o035_r0884,4,"[1,2,3,4]",2,1
20,"[3,1,2,4]",10,"[1,2,3,4]","[3,7,1,9]","[1,3,7,9]",n4_o035_r0885,4,"[1,2,3,4]",2,1
20,"[4,1,2,3]",10,"[1,2,3,4]","[3,7,9,1]","[1,3,7,9]",n4_o035_r0886,4,"[1,2,3,4]",2,1
20,"[3,1,4,2]",10,"[1,2,3,4]","[3,9,1,7]","[1,3,7,9]",n4_o035_r0887,4,"[1,2,3,4]",2,1
20,"[4,1,3,2]",10,"[1,2,3,4]","[3,9,7,1]","[1,3,7,9]",n4_o035_r0888,4,"[1,2,3,4]",2,1
20,"[2,3,1,4]",10,"[1,2,3,4]","[7,1,3,9]","[1,3,7,9]",n4_o035_r0889,4,"[1,2,3,4]",2,1
20,"[2,4,1,3]",10,"[1,2,3,4]","[7,1,9,3]","[1,3,7,9]",n4_o035_r0890,4,"[1,2,3,4]",2,1
20,"[3,2,1,4]",10,"[1,2,3,4]","[7,3,1,9]","[1,3,7,9]",n4_o035_r0891,4,"[1,2,3,4]",2,1
20,"[4,2,1,3]",10,"[1,2,3,4]","[7,3,9,1]","[1,3,7,9]",n4_o035_r0892,4,"[1,2,3,4]",2,1
20,"[3,4,1,2]",10,"[1,2,3,4]","[7,9,1,3]","[1,3,7,9]",n4_o035_r0893,4,"[1,2,3,4]",2,1
20,"[4,3,1,2]",10,"[1,2,3,4]","[7,9,3,1]","[1,3,7,9]",n4_o035_r0894,4,"[1,2,3,4]",2,1
20,"[2,3,4,1]",10,"[1,2,3,4]","[9,1,3,7]","[1,3,7,9]",n4_o035_r0895,4,"[1,2,3,4]",2,1
20,"[2,4,3,1]",10,"[1,2,3,4]","[9,1,7,3]","[1,3,7,9]",n4_o035_r0896,4,"[1,2,3,4]",2,1
20,"[3,2,4,1]",10,"[1,2,3,4]","[9,3,1,7]","[1,3,7,9]",n4_o035_r0897,4,"[1,2,3,4]",2,1
20,"[4,2,3,1]",10,"[1,2,3,4]","[9,3,7,1]","[1,3,7,9]",n4_o035_r0898,4,"[1,2,3,4]",2,1
20,"[3,4,2,1]",10,"[1,2,3,4]","[9,7,1,3]","[1,3,7,9]",n4_o035_r0899,4,"[1,2,3,4]",2,1
20,"[4,3,2,1]",10,"[1,2,3,4]","[9,7,3,1]","[1,3,7,9]",n4_o035_r0900,4,"[1,2,3,4]",2,1
21,"[1,2,3,4]",10,"[1,2,3,4]","[1,3,8,9]","[1,3,8,9]",n4_o036_r0901,4,"[1,2,3,4]",40,19
21,"[1,2,4,3]",10,"[1,2,3,4]","[1,3,9,8]","[1,3,8,9]",n4_o036_r0902,4,"[1,2,3,4]",40,19
21,"[1,3,2,4]",10,"[1,2,3,4]","[1,8,3,9]","[1,3,8,9]",n4_o036_r0903,4,"[1,2,3,4]",40,19
21,"[1,4,2,3]",10,"[1,2,3,4]","[1,8,9,3]","[1,3,8,9]",n4_o036_r0904,4,"[1,2,3,4]",40,19
21,"[1,3,4,2]",10,"[1,2,3,4]","[1,9,3,8]","[1,3,8,9]",n4_o036_r0905,4,"[1,2,3,4]",40,19
21,"[1,4,3,2]",10,"[1,2,3,4]","[1,9,8,3]","[1,3,8,9]",n4_o036_r0906,4,"[1,2,3,4]",40,19
21,"[2,1,3,4]",10,"[1,2,3,4]","[3,1,8,9]","[1,3,8,9]",n4_o036_r0907,4,"[1,2,3,4]",40,19
21,"[2,1,4,3]",10,"[1,2,3,4]","[3,1,9,8]","[1,3,8,9]",n4_o036_r0908,4,"[1,2,3,4]",40,19
21,"[3,1,2,4]",10,"[1,2,3,4]","[3,8,1,9]","[1,3,8,9]",n4_o036_r0909,4,"[1,2,3,4]",40,19
21,"[4,1,2,3]",10,"[1,2,3,4]","[3,8,9,1]","[1,3,8,9]",n4_o036_r0910,4,"[1,2,3,4]",40,19
21,"[3,1,4,2]",10,"[1,2,3,4]","[3,9,1,8]","[1,3,8,9]",n4_o036_r0911,4,"[1,2,3,4]",40,19
21,"[4,1,3,2]",10,"[1,2,3,4]","[3,9,8,1]","[1,3,8,9]",n4_o036_r0912,4,"[1,2,3,4]",40,19
21,"[2,3,1,4]",10,"[1,2,3,4]","[8,1,3,9]","[1,3,8,9]",n4_o036_r0913,4,"[1,2,3,4]",40,19
21,"[2,4,1,3]",10,"[1,2,3,4]","[8,1,9,3]","[1,3,8,9]",n4_o036_r0914,4,"[1,2,3,4]",40,19
21,"[3,2,1,4]",10,"[1,2,3,4]","[8,3,1,9]","[1,3,8,9]",n4_o036_r0915,4,"[1,2,3,4]",40,19
21,"[4,2,1,3]",10,"[1,2,3,4]","[8,3,9,1]","[1,3,8,9]",n4_o036_r0916,4,"[1,2,3,4]",40,19
21,"[3,4,1,2]",10,"[1,2,3,4]","[8,9,1,3]","[1,3,8,9]",n4_o036_r0917,4,"[1,2,3,4]",40,19
21,"[4,3,1,2]",10,"[1,2,3,4]","[8,9,3,1]","[1,3,8,9]",n4_o036_r0918,4,"[1,2,3,4]",40,19
21,"[2,3,4,1]",10,"[1,2,3,4]","[9,1,3,8]","[1,3,8,9]",n4_o036_r0919,4,"[1,2,3,4]",40,19
21,"[2,4,3,1]",10,"[1,2,3,4]","[9,1,8,3]","[1,3,8,9]",n4_o036_r0920,4,"[1,2,3,4]",40,19
21,"[3,2,4,1]",10,"[1,2,3,4]","[9,3,1,8]","[1,3,8,9]",n4_o036_r0921,4,"[1,2,3,4]",40,19
21,"[4,2,3,1]",10,"[1,2,3,4]","[9,3,8,1]","[1,3,8,9]",n4_o036_r0922,4,"[1,2,3,4]",40,19
21,"[3,4,2,1]",10,"[1,2,3,4]","[9,8,1,3]","[1,3,8,9]",n4_o036_r0923,4,"[1,2,3,4]",40,19
21,"[4,3,2,1]",10,"[1,2,3,4]","[9,8,3,1]","[1,3,8,9]",n4_o036_r0924,4,"[1,2,3,4]",40,19
16,"[1,2,3,4]",10,"[1,2,3,4]","[1,4,5,6]","[1,4,5,6]",n4_o037_r0925,4,"[1,2,3,4]",5,3
16,"[1,2,4,3]",10,"[1,2,3,4]","[1,4,6,5]","[1,4,5,6]",n4_o037_r0926,4,"[1,2,3,4]",5,3
16,"[1,3,2,4]",10,"[1,2,3,4]","[1,5,4,6]","[1,4,5,6]",n4_o037_r0927,4,"[1,2,3,4]",5,3
16,"[1,4,2,3]",10,"[1,2,3,4]","[1,5,6,4]","[1,4,5,6]",n4_o037_r0928,4,"[1,2,3,4]",5,3
16,"[1,3,4,2]",10,"[1,2,3,4]","[1,6,4,5]","[1,4,5,6]",n4_o037_r0929,4,"[1,2,3,4]",5,3
16,"[1,4,3,2]",10,"[1,2,3,4]","[1,6,5,4]","[1,4,5,6]",n4_o037_r0930,4,"[1,2,3,4]",5,3
16,"[2,1,3,4]",10,"[1,2,3,4]","[4,1,5,6]","[1,4,5,6]",n4_o037_r0931,4,"[1,2,3,4]",5,3
16,"[2,1,4,3]",10,"[1,2,3,4]","[4,1,6,5]","[1,4,5,6]",n4_o037_r0932,4,"[1,2,3,4]",5,3
16,"[3,1,2,4]",10,"[1,2,3,4]","[4,5,1,6]","[1,4,5,6]",n4_o037_r0933,4,"[1,2,3,4]",5,3
16,"[4,1,2,3]",10,"[1,2,3,4]","[4,5,6,1]","[1,4,5,6]",n4_o037_r0934,4,"[1,2,3,4]",5,3
16,"[3,1,4,2]",10,"[1,2,3,4]","[4,6,1,5]","[1,4,5,6]",n4_o037_r0935,4,"[1,2,3,4]",5,3
16,"[4,1,3,2]",10,"[1,2,3,4]","[4,6,5,1]","[1,4,5,6]",n4_o037_r0936,4,"[1,2,3,4]",5,3
16,"[2,3,1,4]",10,"[1,2,3,4]","[5,1,4,6]","[1,4,5,6]",n4_o037_r0937,4,"[1,2,3,4]",5,3
16,"[2,4,1,3]",10,"[1,2,3,4]","[5,1,6,4]","[1,4,5,6]",n4_o037_r0938,4,"[1,2,3,4]",5,3
16,"[3,2,1,4]",10,"[1,2,3,4]","[5,4,1,6]","[1,4,5,6]",n4_o037_r0939,4,"[1,2,3,4]",5,3
16,"[4,2,1,3]",10,"[1,2,3,4]","[5,4,6,1]","[1,4,5,6]",n4_o037_r0940,4,"[1,2,3,4]",5,3
16,"[3,4,1,2]",10,"[1,2,3,4]","[5,6,1,4]","[1,4,5,6]",n4_o037_r0941,4,"[1,2,3,4]",5,3
16,"[4,3,1,2]",10,"[1,2,3,4]","[5,6,4,1]","[1,4,5,6]",n4_o037_r0942,4,"[1,2,3,4]",5,3
16,"[2,3,4,1]",10,"[1,2,3,4]","[6,1,4,5]","[1,4,5,6]",n4_o037_r0943,4,"[1,2,3,4]",5,3
16,"[2,4,3,1]",10,"[1,2,3,4]","[6,1,5,4]","[1,4,5,6]",n4_o037_r0944,4,"[1,2,3,4]",5,3
16,"[3,2,4,1]",10,"[1,2,3,4]","[6,4,1,5]","[1,4,5,6]",n4_o037_r0945,4,"[1,2,3,4]",5,3
16,"[4,2,3,1]",10,"[1,2,3,4]","[6,4,5,1]","[1,4,5,6]",n4_o037_r0946,4,"[1,2,3,4]",5,3
16,"[3,4,2,1]",10,"[1,2,3,4]","[6,5,1,4]","[1,4,5,6]",n4_o037_r0947,4,"[1,2,3,4]",5,3
16,"[4,3,2,1]",10,"[1,2,3,4]","[6,5,4,1]","[1,4,5,6]",n4_o037_r0948,4,"[1,2,3,4]",5,3
17,"[1,2,3,4]",10,"[1,2,3,4]","[1,4,5,7]","[1,4,5,7]",n4_o038_r0949,4,"[1,2,3,4]",40,23
17,"[1,2,4,3]",10,"[1,2,3,4]","[1,4,7,5]","[1,4,5,7]",n4_o038_r0950,4,"[1,2,3,4]",40,23
17,"[1,3,2,4]",10,"[1,2,3,4]","[1,5,4,7]","[1,4,5,7]",n4_o038_r0951,4,"[1,2,3,4]",40,23
17,"[1,4,2,3]",10,"[1,2,3,4]","[1,5,7,4]","[1,4,5,7]",n4_o038_r0952,4,"[1,2,3,4]",40,23
17,"[1,3,4,2]",10,"[1,2,3,4]","[1,7,4,5]","[1,4,5,7]",n4_o038_r0953,4,"[1,2,3,4]",40,23
17,"[1,4,3,2]",10,"[1,2,3,4]","[1,7,5,4]","[1,4,5,7]",n4_o038_r0954,4,"[1,2,3,4]",40,23
17,"[2,1,3,4]",10,"[1,2,3,4]","[4,1,5,7]","[1,4,5,7]",n4_o038_r0955,4,"[1,2,3,4]",40,23
17,"[2,1,4,3]",10,"[1,2,3,4]","[4,1,7,5]","[1,4,5,7]",n4_o038_r0956,4,"[1,2,3,4]",40,23
17,"[3,1,2,4]",10,"[1,2,3,4]","[4,5,1,7]","[1,4,5,7]",n4_o038_r0957,4,"[1,2,3,4]",40,23
17,"[4,1,2,3]",10,"[1,2,3,4]","[4,5,7,1]","[1,4,5,7]",n4_o038_r0958,4,"[1,2,3,4]",40,23
17,"[3,1,4,2]",10,"[1,2,3,4]","[4,7,1,5]","[1,4,5,7]",n4_o038_r0959,4,"[1,2,3,4]",40,23
17,"[4,1,3,2]",10,"[1,2,3,4]","[4,7,5,1]","[1,4,5,7]",n4_o038_r0960,4,"[1,2,3,4]",40,23
17,"[2,3,1,4]",10,"[1,2,3,4]","[5,1,4,7]","[1,4,5,7]",n4_o038_r0961,4,"[1,2,3,4]",40,23
17,"[2,4,1,3]",10,"[1,2,3,4]","[5,1,7,4]","[1,4,5,7]",n4_o038_r0962,4,"[1,2,3,4]",40,23
17,"[3,2,1,4]",10,"[1,2,3,4]","[5,4,1,7]","[1,4,5,7]",n4_o038_r0963,4,"[1,2,3,4]",40,23
17,"[4,2,1,3]",10,"[1,2,3,4]","[5,4,7,1]","[1,4,5,7]",n4_o038_r0964,4,"[1,2,3,4]",40,23
17,"[3,4,1,2]",10,"[1,2,3,4]","[5,7,1,4]","[1,4,5,7]",n4_o038_r0965,4,"[1,2,3,4]",40,23
17,"[4,3,1,2]",10,"[1,2,3,4]","[5,7,4,1]","[1,4,5,7]",n4_o038_r0966,4,"[1,2,3,4]",40,23
17,"[2,3,4,1]",10,"[1,2,3,4]","[7,1,4,5]","[1,4,5,7]",n4_o038_r0967,4,"[1,2,3,4]",40,23
17,"[2,4,3,1]",10,"[1,2,3,4]","[7,1,5,4]","[1,4,5,7]",n4_o038_r0968,4,"[1,2,3,4]",40,23
17,"[3,2,4,1]",10,"[1,2,3,4]","[7,4,1,5]","[1,4,5,7]",n4_o038_r0969,4,"[1,2,3,4]",40,23
17,"[4,2,3,1]",10,"[1,2,3,4]","[7,4,5,1]","[1,4,5,7]",n4_o038_r0970,4,"[1,2,3,4]",40,23
17,"[3,4,2,1]",10,"[1,2,3,4]","[7,5,1,4]","[1,4,5,7]",n4_o038_r0971,4,"[1,2,3,4]",40,23
17,"[4,3,2,1]",10,"[1,2,3,4]","[7,5,4,1]","[1,4,5,7]",n4_o038_r0972,4,"[1,2,3,4]",40,23
18,"[1,2,3,4]",10,"[1,2,3,4]","[1,4,5,8]","[1,4,5,8]",n4_o039_r0973,4,"[1,2,3,4]",20,11
18,"[1,2,4,3]",10,"[1,2,3,4]","[1,4,8,5]","[1,4,5,8]",n4_o039_r0974,4,"[1,2,3,4]",20,11
18,"[1,3,2,4]",10,"[1,2,3,4]","[1,5,4,8]","[1,4,5,8]",n4_o039_r0975,4,"[1,2,3,4]",20,11
18,"[1,4,2,3]",10,"[1,2,3,4]","[1,5,8,4]","[1,4,5,8]",n4_o039_r0976,4,"[1,2,3,4]",20,11
18,"[1,3,4,2]",10,"[1,2,3,4]","[1,8,4,5]","[1,4,5,8]",n4_o039_r0977,4,"[1,2,3,4]",20,11
18,"[1,4,3,2]",10,"[1,2,3,4]","[1,8,5,4]","[1,4,5,8]",n4_o039_r0978,4,"[1,2,3,4]",20,11
18,"[2,1,3,4]",10,"[1,2,3,4]","[4,1,5,8]","[1,4,5,8]",n4_o039_r0979,4,"[1,2,3,4]",20,11
18,"[2,1,4,3]",10,"[1,2,3,4]","[4,1,8,5]","[1,4,5,8]",n4_o039_r0980,4,"[1,2,3,4]",20,11
18,"[3,1,2,4]",10,"[1,2,3,4]","[4,5,1,8]","[1,4,5,8]",n4_o039_r0981,4,"[1,2,3,4]",20,11
18,"[4,1,2,3]",10,"[1,2,3,4]","[4,5,8,1]","[1,4,5,8]",n4_o039_r0982,4,"[1,2,3,4]",20,11
18,"[3,1,4,2]",10,"[1,2,3,4]","[4,8,1,5]","[1,4,5,8]",n4_o039_r0983,4,"[1,2,3,4]",20,11
18,"[4,1,3,2]",10,"[1,2,3,4]","[4,8,5,1]","[1,4,5,8]",n4_o039_r0984,4,"[1,2,3,4]",20,11
18,"[2,3,1,4]",10,"[1,2,3,4]","[5,1,4,8]","[1,4,5,8]",n4_o039_r0985,4,"[1,2,3,4]",20,11
18,"[2,4,1,3]",10,"[1,2,3,4]","[5,1,8,4]","[1,4,5,8]",n4_o039_r0986,4,"[1,2,3,4]",20,11
18,"[3,2,1,4]",10,"[1,2,3,4]","[5,4,1,8]","[1,4,5,8]",n4_o039_r0987,4,"[1,2,3,4]",20,11
18,"[4,2,1,3]",10,"[1,2,3,4]","[5,4,8,1]","[1,4,5,8]",n4_o039_r0988,4,"[1,2,3,4]",20,11
18,"[3,4,1,2]",10,"[1,2,3,4]","[5,8,1,4]","[1,4,5,8]",n4_o039_r0989,4,"[1,2,3,4]",20,11
18,"[4,3,1,2]",10,"[1,2,3,4]","[5,8,4,1]","[1,4,5,8]",n4_o039_r0990,4,"[1,2,3,4]",20,11
18,"[2,3,4,1]",10,"[1,2,3,4]","[8,1,4,5]","[1,4,5,8]",n4_o039_r0991,4,"[1,2,3,4]",20,11
18,"[2,4,3,1]",10,"[1,2,3,4]","[8,1,5,4]","[1,4,5,8]",n4_o039_r0992,4,"[1,2,3,4]",20,11
18,"[3,2,4,1]",10,"[1,2,3,4]","[8,4,1,5]","[1,4,5,8]",n4_o039_r0993,4,"[1,2,3,4]",20,11
18,"[4,2,3,1]",10,"[1,2,3,4]","[8,4,5,1]","[1,4,5,8]",n4_o039_r0994,4,"[1,2,3,4]",20,11
18,"[3,4,2,1]",10,"[1,2,3,4]","[8,5,1,4]","[1,4,5,8]",n4_o039_r0995,4,"[1,2,3,4]",20,11
18,"[4,3,2,1]",10,"[1,2,3,4]","[8,5,4,1]","[1,4,5,8]",n4_o039_r0996,4,"[1,2,3,4]",20,11
19,"[1,2,3,4]",10,"[1,2,3,4]","[1,4,5,9]","[1,4,5,9]",n4_o040_r0997,4,"[1,2,3,4]",40,21
19,"[1,2,4,3]",10,"[1,2,3,4]","[1,4,9,5]","[1,4,5,9]",n4_o040_r0998,4,"[1,2,3,4]",40,21
19,"[1,3,2,4]",10,"[1,2,3,4]","[1,5,4,9]","[1,4,5,9]",n4_o040_r0999,4,"[1,2,3,4]",40,21
19,"[1,4,2,3]",10,"[1,2,3,4]","[1,5,9,4]","[1,4,5,9]",n4_o040_r1000,4,"[1,2,3,4]",40,21
19,"[1,3,4,2]",10,"[1,2,3,4]","[1,9,4,5]","[1,4,5,9]",n4_o040_r1001,4,"[1,2,3,4]",40,21
19,"[1,4,3,2]",10,"[1,2,3,4]","[1,9,5,4]","[1,4,5,9]",n4_o040_r1002,4,"[1,2,3,4]",40,21
19,"[2,1,3,4]",10,"[1,2,3,4]","[4,1,5,9]","[1,4,5,9]",n4_o040_r1003,4,"[1,2,3,4]",40,21
19,"[2,1,4,3]",10,"[1,2,3,4]","[4,1,9,5]","[1,4,5,9]",n4_o040_r1004,4,"[1,2,3,4]",40,21
19,"[3,1,2,4]",10,"[1,2,3,4]","[4,5,1,9]","[1,4,5,9]",n4_o040_r1005,4,"[1,2,3,4]",40,21
19,"[4,1,2,3]",10,"[1,2,3,4]","[4,5,9,1]","[1,4,5,9]",n4_o040_r1006,4,"[1,2,3,4]",40,21
19,"[3,1,4,2]",10,"[1,2,3,4]","[4,9,1,5]","[1,4,5,9]",n4_o040_r1007,4,"[1,2,3,4]",40,21
19,"[4,1,3,2]",10,"[1,2,3,4]","[4,9,5,1]","[1,4,5,9]",n4_o040_r1008,4,"[1,2,3,4]",40,21
19,"[2,3,1,4]",10,"[1,2,3,4]","[5,1,4,9]","[1,4,5,9]",n4_o040_r1009,4,"[1,2,3,4]",40,21
19,"[2,4,1,3]",10,"[1,2,3,4]","[5,1,9,4]","[1,4,5,9]",n4_o040_r1010,4,"[1,2,3,4]",40,21
19,"[3,2,1,4]",10,"[1,2,3,4]","[5,4,1,9]","[1,4,5,9]",n4_o040_r1011,4,"[1,2,3,4]",40,21
19,"[4,2,1,3]",10,"[1,2,3,4]","[5,4,9,1]","[1,4,5,9]",n4_o040_r1012,4,"[1,2,3,4]",40,21
19,"[3,4,1,2]",10,"[1,2,3,4]","[5,9,1,4]","[1,4,5,9]",n4_o040_r1013,4,"[1,2,3,4]",40,21
19,"[4,3,1,2]",10,"[1,2,3,4]","[5,9,4,1]","[1,4,5,9]",n4_o040_r1014,4,"[1,2,3,4]",40,21
19,"[2,3,4,1]",10,"[1,2,3,4]","[9,1,4,5]","[1,4,5,9]",n4_o040_r1015,4,"[1,2,3,4]",40,21
19,"[2,4,3,1]",10,"[1,2,3,4]","[9,1,5,4]","[1,4,5,9]",n4_o040_r1016,4,"[1,2,3,4]",40,21
19,"[3,2,4,1]",10,"[1,2,3,4]","[9,4,1,5]","[1,4,5,9]",n4_o040_r1017,4,"[1,2,3,4]",40,21
19,"[4,2,3,1]",10,"[1,2,3,4]","[9,4,5,1]","[1,4,5,9]",n4_o040_r1018,4,"[1,2,3,4]",40,21
19,"[3,4,2,1]",10,"[1,2,3,4]","[9,5,1,4]","[1,4,5,9]",n4_o040_r1019,4,"[1,2,3,4]",40,21
19,"[4,3,2,1]",10,"[1,2,3,4]","[9,5,4,1]","[1,4,5,9]",n4_o040_r1020,4,"[1,2,3,4]",40,21
18,"[1,2,3,4]",10,"[1,2,3,4]","[1,4,6,7]","[1,4,6,7]",n4_o041_r1021,4,"[1,2,3,4]",20,11
18,"[1,2,4,3]",10,"[1,2,3,4]","[1,4,7,6]","[1,4,6,7]",n4_o041_r1022,4,"[1,2,3,4]",20,11
18,"[1,3,2,4]",10,"[1,2,3,4]","[1,6,4,7]","[1,4,6,7]",n4_o041_r1023,4,"[1,2,3,4]",20,11
18,"[1,4,2,3]",10,"[1,2,3,4]","[1,6,7,4]","[1,4,6,7]",n4_o041_r1024,4,"[1,2,3,4]",20,11
18,"[1,3,4,2]",10,"[1,2,3,4]","[1,7,4,6]","[1,4,6,7]",n4_o041_r1025,4,"[1,2,3,4]",20,11
18,"[1,4,3,2]",10,"[1,2,3,4]","[1,7,6,4]","[1,4,6,7]",n4_o041_r1026,4,"[1,2,3,4]",20,11
18,"[2,1,3,4]",10,"[1,2,3,4]","[4,1,6,7]","[1,4,6,7]",n4_o041_r1027,4,"[1,2,3,4]",20,11
18,"[2,1,4,3]",10,"[1,2,3,4]","[4,1,7,6]","[1,4,6,7]",n4_o041_r1028,4,"[1,2,3,4]",20,11
18,"[3,1,2,4]",10,"[1,2,3,4]","[4,6,1,7]","[1,4,6,7]",n4_o041_r1029,4,"[1,2,3,4]",20,11
18,"[4,1,2,3]",10,"[1,2,3,4]","[4,6,7,1]","[1,4,6,7]",n4_o041_r1030,4,"[1,2,3,4]",20,11
18,"[3,1,4,2]",10,"[1,2,3,4]","[4,7,1,6]","[1,4,6,7]",n4_o041_r1031,4,"[1,2,3,4]",20,11
18,"[4,1,3,2]",10,"[1,2,3,4]","[4,7,6,1]","[1,4,6,7]",n4_o041_r1032,4,"[1,2,3,4]",20,11
18,"[2,3,1,4]",10,"[1,2,3,4]","[6,1,4,7]","[1,4,6,7]",n4_o041_r1033,4,"[1,2,3,4]",20,11
18,"[2,4,1,3]",10,"[1,2,3,4]","[6,1,7,4]","[1,4,6,7]",n4_o041_r1034,4,"[1,2,3,4]",20,11
18,"[3,2,1,4]",10,"[1,2,3,4]","[6,4,1,7]","[1,4,6,7]",n4_o041_r1035,4,"[1,2,3,4]",20,11
18,"[4,2,1,3]",10,"[1,2,3,4]","[6,4,7,1]","[1,4,6,7]",n4_o041_r1036,4,"[1,2,3,4]",20,11
18,"[3,4,1,2]",10,"[1,2,3,4]","[6,7,1,4]","[1,4,6,7]",n4_o041_r1037,4,"[1,2,3,4]",20,11
18,"[4,3,1,2]",10,"[1,2,3,4]","[6,7,4,1]","[1,4,6,7]",n4_o041_r1038,4,"[1,2,3,4]",20,11
18,"[2,3,4,1]",10,"[1,2,3,4]","[7,1,4,6]","[1,4,6,7]",n4_o041_r1039,4,"[1,2,3,4]",20,11
18,"[2,4,3,1]",10,"[1,2,3,4]","[7,1,6,4]","[1,4,6,7]",n4_o041_r1040,4,"[1,2,3,4]",20,11
18,"[3,2,4,1]",10,"[1,2,3,4]","[7,4,1,6]","[1,4,6,7]",n4_o041_r1041,4,"[1,2,3,4]",20,11
18,"[4,2,3,1]",10,"[1,2,3,4]","[7,4,6,1]","[1,4,6,7]",n4_o041_r1042,4,"[1,2,3,4]",20,11
18,"[3,4,2,1]",10,"[1,2,3,4]","[7,6,1,4]","[1,4,6,7]",n4_o041_r1043,4,"[1,2,3,4]",20,11
18,"[4,3,2,1]",10,"[1,2,3,4]","[7,6,4,1]","[1,4,6,7]",n4_o041_r1044,4,"[1,2,3,4]",20,11
19,"[1,2,3,4]",10,"[1,2,3,4]","[1,4,6,8]","[1,4,6,8]",n4_o042_r1045,4,"[1,2,3,4]",40,21
19,"[1,2,4,3]",10,"[1,2,3,4]","[1,4,8,6]","[1,4,6,8]",n4_o042_r1046,4,"[1,2,3,4]",40,21
19,"[1,3,2,4]",10,"[1,2,3,4]","[1,6,4,8]","[1,4,6,8]",n4_o042_r1047,4,"[1,2,3,4]",40,21
19,"[1,4,2,3]",10,"[1,2,3,4]","[1,6,8,4]","[1,4,6,8]",n4_o042_r1048,4,"[1,2,3,4]",40,21
19,"[1,3,4,2]",10,"[1,2,3,4]","[1,8,4,6]","[1,4,6,8]",n4_o042_r1049,4,"[1,2,3,4]",40,21
19,"[1,4,3,2]",10,"[1,2,3,4]","[1,8,6,4]","[1,4,6,8]",n4_o042_r1050,4,"[1,2,3,4]",40,21
19,"[2,1,3,4]",10,"[1,2,3,4]","[4,1,6,8]","[1,4,6,8]",n4_o042_r1051,4,"[1,2,3,4]",40,21
19,"[2,1,4,3]",10,"[1,2,3,4]","[4,1,8,6]","[1,4,6,8]",n4_o042_r1052,4,"[1,2,3,4]",40,21
19,"[3,1,2,4]",10,"[1,2,3,4]","[4,6,1,8]","[1,4,6,8]",n4_o042_r1053,4,"[1,2,3,4]",40,21
19,"[4,1,2,3]",10,"[1,2,3,4]","[4,6,8,1]","[1,4,6,8]",n4_o042_r1054,4,"[1,2,3,4]",40,21
19,"[3,1,4,2]",10,"[1,2,3,4]","[4,8,1,6]","[1,4,6,8]",n4_o042_r1055,4,"[1,2,3,4]",40,21
19,"[4,1,3,2]",10,"[1,2,3,4]","[4,8,6,1]","[1,4,6,8]",n4_o042_r1056,4,"[1,2,3,4]",40,21
19,"[2,3,1,4]",10,"[1,2,3,4]","[6,1,4,8]","[1,4,6,8]",n4_o042_r1057,4,"[1,2,3,4]",40,21
19,"[2,4,1,3]",10,"[1,2,3,4]","[6,1,8,4]","[1,4,6,8]",n4_o042_r1058,4,"[1,2,3,4]",40,21
19,"[3,2,1,4]",10,"[1,2,3,4]","[6,4,1,8]","[1,4,6,8]",n4_o042_r1059,4,"[1,2,3,4]",40,21
19,"[4,2,1,3]",10,"[1,2,3,4]","[6,4,8,1]","[1,4,6,8]",n4_o042_r1060,4,"[1,2,3,4]",40,21
19,"[3,4,1,2]",10,"[1,2,3,4]","[6,8,1,4]","[1,4,6,8]",n4_o042_r1061,4,"[1,2,3,4]",40,21
19,"[4,3,1,2]",10,"[1,2,3,4]","[6,8,4,1]","[1,4,6,8]",n4_o042_r1062,4,"[1,2,3,4]",40,21
19,"[2,3,4,1]",10,"[1,2,3,4]","[8,1,4,6]","[1,4,6,8]",n4_o042_r1063,4,"[1,2,3,4]",40,21
19,"[2,4,3,1]",10,"[1,2,3,4]","[8,1,6,4]","[1,4,6,8]",n4_o042_r1064,4,"[1,2,3,4]",40,21
19,"[3,2,4,1]",10,"[1,2,3,4]","[8,4,1,6]","[1,4,6,8]",n4_o042_r1065,4,"[1,2,3,4]",40,21
19,"[4,2,3,1]",10,"[1,2,3,4]","[8,4,6,1]","[1,4,6,8]",n4_o042_r1066,4,"[1,2,3,4]",40,21
19,"[3,4,2,1]",10,"[1,2,3,4]","[8,6,1,4]","[1,4,6,8]",n4_o042_r1067,4,"[1,2,3,4]",40,21
19,"[4,3,2,1]",10,"[1,2,3,4]","[8,6,4,1]","[1,4,6,8]",n4_o042_r1068,4,"[1,2,3,4]",40,21
20,"[1,2,3,4]",10,"[1,2,3,4]","[1,4,6,9]","[1,4,6,9]",n4_o043_r1069,4,"[1,2,3,4]",2,1
20,"[1,2,4,3]",10,"[1,2,3,4]","[1,4,9,6]","[1,4,6,9]",n4_o043_r1070,4,"[1,2,3,4]",2,1
20,"[1,3,2,4]",10,"[1,2,3,4]","[1,6,4,9]","[1,4,6,9]",n4_o043_r1071,4,"[1,2,3,4]",2,1
20,"[1,4,2,3]",10,"[1,2,3,4]","[1,6,9,4]","[1,4,6,9]",n4_o043_r1072,4,"[1,2,3,4]",2,1
20,"[1,3,4,2]",10,"[1,2,3,4]","[1,9,4,6]","[1,4,6,9]",n4_o043_r1073,4,"[1,2,3,4]",2,1
20,"[1,4,3,2]",10,"[1,2,3,4]","[1,9,6,4]","[1,4,6,9]",n4_o043_r1074,4,"[1,2,3,4]",2,1
20,"[2,1,3,4]",10,"[1,2,3,4]","[4,1,6,9]","[1,4,6,9]",n4_o043_r1075,4,"[1,2,3,4]",2,1
20,"[2,1,4,3]",10,"[1,2,3,4]","[4,1,9,6]","[1,4,6,9]",n4_o043_r1076,4,"[1,2,3,4]",2,1
20,"[3,1,2,4]",10,"[1,2,3,4]","[4,6,1,9]","[1,4,6,9]",n4_o043_r1077,4,"[1,2,3,4]",2,1
20,"[4,1,2,3]",10,"[1,2,3,4]","[4,6,9,1]","[1,4,6,9]",n4_o043_r1078,4,"[1,2,3,4]",2,1
20,"[3,1,4,2]",10,"[1,2,3,4]","[4,9,1,6]","[1,4,6,9]",n4_o043_r1079,4,"[1,2,3,4]",2,1
20,"[4,1,3,2]",10,"[1,2,3,4]","[4,9,6,1]","[1,4,6,9]",n4_o043_r1080,4,"[1,2,3,4]",2,1
20,"[2,3,1,4]",10,"[1,2,3,4]","[6,1,4,9]","[1,4,6,9]",n4_o043_r1081,4,"[1,2,3,4]",2,1
20,"[2,4,1,3]",10,"[1,2,3,4]","[6,1,9,4]","[1,4,6,9]",n4_o043_r1082,4,"[1,2,3,4]",2,1
20,"[3,2,1,4]",10,"[1,2,3,4]","[6,4,1,9]","[1,4,6,9]",n4_o043_r1083,4,"[1,2,3,4]",2,1
20,"[4,2,1,3]",10,"[1,2,3,4]","[6,4,9,1]","[1,4,6,9]",n4_o043_r1084,4,"[1,2,3,4]",2,1
20,"[3,4,1,2]",10,"[1,2,3,4]","[6,9,1,4]","[1,4,6,9]",n4_o043_r1085,4,"[1,2,3,4]",2,1
20,"[4,3,1,2]",10,"[1,2,3,4]","[6,9,4,1]","[1,4,6,9]",n4_o043_r1086,4,"[1,2,3,4]",2,1
20,"[2,3,4,1]",10,"[1,2,3,4]","[9,1,4,6]","[1,4,6,9]",n4_o043_r1087,4,"[1,2,3,4]",2,1
20,"[2,4,3,1]",10,"[1,2,3,4]","[9,1,6,4]","[1,4,6,9]",n4_o043_r1088,4,"[1,2,3,4]",2,1
20,"[3,2,4,1]",10,"[1,2,3,4]","[9,4,1,6]","[1,4,6,9]",n4_o043_r1089,4,"[1,2,3,4]",2,1
20,"[4,2,3,1]",10,"[1,2,3,4]","[9,4,6,1]","[1,4,6,9]",n4_o043_r1090,4,"[1,2,3,4]",2,1
20,"[3,4,2,1]",10,"[1,2,3,4]","[9,6,1,4]","[1,4,6,9]",n4_o043_r1091,4,"[1,2,3,4]",2,1
20,"[4,3,2,1]",10,"[1,2,3,4]","[9,6,4,1]","[1,4,6,9]",n4_o043_r1092,4,"[1,2,3,4]",2,1
20,"[1,2,3,4]",10,"[1,2,3,4]","[1,4,7,8]","[1,4,7,8]",n4_o044_r1093,4,"[1,2,3,4]",2,1
20,"[1,2,4,3]",10,"[1,2,3,4]","[1,4,8,7]","[1,4,7,8]",n4_o044_r1094,4,"[1,2,3,4]",2,1
20,"[1,3,2,4]",10,"[1,2,3,4]","[1,7,4,8]","[1,4,7,8]",n4_o044_r1095,4,"[1,2,3,4]",2,1
20,"[1,4,2,3]",10,"[1,2,3,4]","[1,7,8,4]","[1,4,7,8]",n4_o044_r1096,4,"[1,2,3,4]",2,1
20,"[1,3,4,2]",10,"[1,2,3,4]","[1,8,4,7]","[1,4,7,8]",n4_o044_r1097,4,"[1,2,3,4]",2,1
20,"[1,4,3,2]",10,"[1,2,3,4]","[1,8,7,4]","[1,4,7,8]",n4_o044_r1098,4,"[1,2,3,4]",2,1
20,"[2,1,3,4]",10,"[1,2,3,4]","[4,1,7,8]","[1,4,7,8]",n4_o044_r1099,4,"[1,2,3,4]",2,1
20,"[2,1,4,3]",10,"[1,2,3,4]","[4,1,8,7]","[1,4,7,8]",n4_o044_r1100,4,"[1,2,3,4]",2,1
20,"[3,1,2,4]",10,"[1,2,3,4]","[4,7,1,8]","[1,4,7,8]",n4_o044_r1101,4,"[1,2,3,4]",2,1
20,"[4,1,2,3]",10,"[1,2,3,4]","[4,7,8,1]","[1,4,7,8]",n4_o044_r1102,4,"[1,2,3,4]",2,1
20,"[3,1,4,2]",10,"[1,2,3,4]","[4,8,1,7]","[1,4,7,8]",n4_o044_r1103,4,"[1,2,3,4]",2,1
20,"[4,1,3,2]",10,"[1,2,3,4]","[4,8,7,1]","[1,4,7,8]",n4_o044_r1104,4,"[1,2,3,4]",2,1
20,"[2,3,1,4]",10,"[1,2,3,4]","[7,1,4,8]","[1,4,7,8]",n4_o044_r1105,4,"[1,2,3,4]",2,1
20,"[2,4,1,3]",10,"[1,2,3,4]","[7,1,8,4]","[1,4,7,8]",n4_o044_r1106,4,"[1,2,3,4]",2,1
20,"[3,2,1,4]",10,"[1,2,3,4]","[7,4,1,8]","[1,4,7,8]",n4_o044_r1107,4,"[1,2,3,4]",2,1
20,"[4,2,1,3]",10,"[1,2,3,4]","[7,4,8,1]","[1,4,7,8]",n4_o044_r1108,4,"[1,2,3,4]",2,1
20,"[3,4,1,2]",10,"[1,2,3,4]","[7,8,1,4]","[1,4,7,8]",n4_o044_r1109,4,"[1,2,3,4]",2,1
20,"[4,3,1,2]",10,"[1,2,3,4]","[7,8,4,1]","[1,4,7,8]",n4_o044_r1110,4,"[1,2,3,4]",2,1
20,"[2,3,4,1]",10,"[1,2,3,4]","[8,1,4,7]","[1,4,7,8]",n4_o044_r1111,4,"[1,2,3,4]",2,1
20,"[2,4,3,1]",10,"[1,2,3,4]","[8,1,7,4]","[1,4,7,8]",n4_o044_r1112,4,"[1,2,3,4]",2,1
20,"[3,2,4,1]",10,"[1,2,3,4]","[8,4,1,7]","[1,4,7,8]",n4_o044_r1113,4,"[1,2,3,4]",2,1
20,"[4,2,3,1]",10,"[1,2,3,4]","[8,4,7,1]","[1,4,7,8]",n4_o044_r1114,4,"[1,2,3,4]",2,1
20,"[3,4,2,1]",10,"[1,2,3,4]","[8,7,1,4]","[1,4,7,8]",n4_o044_r1115,4,"[1,2,3,4]",2,1
20,"[4,3,2,1]",10,"[1,2,3,4]","[8,7,4,1]","[1,4,7,8]",n4_o044_r1116,4,"[1,2,3,4]",2,1
21,"[1,2,3,4]",10,"[1,2,3,4]","[1,4,7,9]","[1,4,7,9]",n4_o045_r1117,4,"[1,2,3,4]",40,19
21,"[1,2,4,3]",10,"[1,2,3,4]","[1,4,9,7]","[1,4,7,9]",n4_o045_r1118,4,"[1,2,3,4]",40,19
21,"[1,3,2,4]",10,"[1,2,3,4]","[1,7,4,9]","[1,4,7,9]",n4_o045_r1119,4,"[1,2,3,4]",40,19
21,"[1,4,2,3]",10,"[1,2,3,4]","[1,7,9,4]","[1,4,7,9]",n4_o045_r1120,4,"[1,2,3,4]",40,19
21,"[1,3,4,2]",10,"[1,2,3,4]","[1,9,4,7]","[1,4,7,9]",n4_o045_r1121,4,"[1,2,3,4]",40,19
21,"[1,4,3,2]",10,"[1,2,3,4]","[1,9,7,4]","[1,4,7,9]",n4_o045_r1122,4,"[1,2,3,4]",40,19
21,"[2,1,3,4]",10,"[1,2,3,4]","[4,1,7,9]","[1,4,7,9]",n4_o045_r1123,4,"[1,2,3,4]",40,19
21,"[2,1,4,3]",10,"[1,2,3,4]","[4,1,9,7]","[1,4,7,9]",n4_o045_r1124,4,"[1,2,3,4]",40,19
21,"[3,1,2,4]",10,"[1,2,3,4]","[4,7,1,9]","[1,4,7,9]",n4_o045_r1125,4,"[1,2,3,4]",40,19
21,"[4,1,2,3]",10,"[1,2,3,4]","[4,7,9,1]","[1,4,7,9]",n4_o045_r1126,4,"[1,2,3,4]",40,19
21,"[3,1,4,2]",10,"[1,2,3,4]","[4,9,1,7]","[1,4,7,9]",n4_o045_r1127,4,"[1,2,3,4]",40,19
21,"[4,1,3,2]",10,"[1,2,3,4]","[4,9,7,1]","[1,4,7,9]",n4_o045_r1128,4,"[1,2,3,4]",40,19
21,"[2,3,1,4]",10,"[1,2,3,4]","[7,1,4,9]","[1,4,7,9]",n4_o045_r1129,4,"[1,2,3,4]",40,19
21,"[2,4,1,3]",10,"[1,2,3,4]","[7,1,9,4]","[1,4,7,9]",n4_o045_r1130,4,"[1,2,3,4]",40,19
21,"[3,2,1,4]",10,"[1,2,3,4]","[7,4,1,9]","[1,4,7,9]",n4_o045_r1131,4,"[1,2,3,4]",40,19
21,"[4,2,1,3]",10,"[1,2,3,4]","[7,4,9,1]","[1,4,7,9]",n4_o045_r1132,4,"[1,2,3,4]",40,19
21,"[3,4,1,2]",10,"[1,2,3,4]","[7,9,1,4]","[1,4,7,9]",n4_o045_r1133,4,"[1,2,3,4]",40,19
21,"[4,3,1,2]",10,"[1,2,3,4]","[7,9,4,1]","[1,4,7,9]",n4_o045_r1134,4,"[1,2,3,4]",40,19
21,"[2,3,4,1]",10,"[1,2,3,4]","[9,1,4,7]","[1,4,7,9]",n4_o045_r1135,4,"[1,2,3,4]",40,19
21,"[2,4,3,1]",10,"[1,2,3,4]","[9,1,7,4]","[1,4,7,9]",n4_o045_r1136,4,"[1,2,3,4]",40,19
21,"[3,2,4,1]",10,"[1,2,3,4]","[9,4,1,7]","[1,4,7,9]",n4_o045_r1137,4,"[1,2,3,4]",40,19
21,"[4,2,3,1]",10,"[1,2,3,4]","[9,4,7,1]","[1,4,7,9]",n4_o045_r1138,4,"[1,2,3,4]",40,19
21,"[3,4,2,1]",10,"[1,2,3,4]","[9,7,1,4]","[1,4,7,9]",n4_o045_r1139,4,"[1,2,3,4]",40,19
21,"[4,3,2,1]",10,"[1,2,3,4]","[9,7,4,1]","[1,4,7,9]",n4_o045_r1140,4,"[1,2,3,4]",40,19
22,"[1,2,3,4]",10,"[1,2,3,4]","[1,4,8,9]","[1,4,8,9]",n4_o046_r1141,4,"[1,2,3,4]",20,9
22,"[1,2,4,3]",10,"[1,2,3,4]","[1,4,9,8]","[1,4,8,9]",n4_o046_r1142,4,"[1,2,3,4]",20,9
22,"[1,3,2,4]",10,"[1,2,3,4]","[1,8,4,9]","[1,4,8,9]",n4_o046_r1143,4,"[1,2,3,4]",20,9
22,"[1,4,2,3]",10,"[1,2,3,4]","[1,8,9,4]","[1,4,8,9]",n4_o046_r1144,4,"[1,2,3,4]",20,9
22,"[1,3,4,2]",10,"[1,2,3,4]","[1,9,4,8]","[1,4,8,9]",n4_o046_r1145,4,"[1,2,3,4]",20,9
22,"[1,4,3,2]",10,"[1,2,3,4]","[1,9,8,4]","[1,4,8,9]",n4_o046_r1146,4,"[1,2,3,4]",20,9
22,"[2,1,3,4]",10,"[1,2,3,4]","[4,1,8,9]","[1,4,8,9]",n4_o046_r1147,4,"[1,2,3,4]",20,9
22,"[2,1,4,3]",10,"[1,2,3,4]","[4,1,9,8]","[1,4,8,9]",n4_o046_r1148,4,"[1,2,3,4]",20,9
22,"[3,1,2,4]",10,"[1,2,3,4]","[4,8,1,9]","[1,4,8,9]",n4_o046_r1149,4,"[1,2,3,4]",20,9
22,"[4,1,2,3]",10,"[1,2,3,4]","[4,8,9,1]","[1,4,8,9]",n4_o046_r1150,4,"[1,2,3,4]",20,9
22,"[3,1,4,2]",10,"[1,2,3,4]","[4,9,1,8]","[1,4,8,9]",n4_o046_r1151,4,"[1,2,3,4]",20,9
22,"[4,1,3,2]",10,"[1,2,3,4]","[4,9,8,1]","[1,4,8,9]",n4_o046_r1152,4,"[1,2,3,4]",20,9
22,"[2,3,1,4]",10,"[1,2,3,4]","[8,1,4,9]","[1,4,8,9]",n4_o046_r1153,4,"[1,2,3,4]",20,9
22,"[2,4,1,3]",10,"[1,2,3,4]","[8,1,9,4]","[1,4,8,9]",n4_o046_r1154,4,"[1,2,3,4]",20,9
22,"[3,2,1,4]",10,"[1,2,3,4]","[8,4,1,9]","[1,4,8,9]",n4_o046_r1155,4,"[1,2,3,4]",20,9
22,"[4,2,1,3]",10,"[1,2,3,4]","[8,4,9,1]","[1,4,8,9]",n4_o046_r1156,4,"[1,2,3,4]",20,9
22,"[3,4,1,2]",10,"[1,2,3,4]","[8,9,1,4]","[1,4,8,9]",n4_o046_r1157,4,"[1,2,3,4]",20,9
22,"[4,3,1,2]",10,"[1,2,3,4]","[8,9,4,1]","[1,4,8,9]",n4_o046_r1158,4,"[1,2,3,4]",20,9
22,"[2,3,4,1]",10,"[1,2,3,4]","[9,1,4,8]","[1,4,8,9]",n4_o046_r1159,4,"[1,2,3,4]",20,9
22,"[2,4,3,1]",10,"[1,2,3,4]","[9,1,8,4]","[1,4,8,9]",n4_o046_r1160,4,"[1,2,3,4]",20,9
22,"[3,2,4,1]",10,"[1,2,3,4]","[9,4,1,8]","[1,4,8,9]",n4_o046_r1161,4,"[1,2,3,4]",20,9
22,"[4,2,3,1]",10,"[1,2,3,4]","[9,4,8,1]","[1,4,8,9]",n4_o046_r1162,4,"[1,2,3,4]",20,9
22,"[3,4,2,1]",10,"[1,2,3,4]","[9,8,1,4]","[1,4,8,9]",n4_o046_r1163,4,"[1,2,3,4]",20,9
22,"[4,3,2,1]",10,"[1,2,3,4]","[9,8,4,1]","[1,4,8,9]",n4_o046_r1164,4,"[1,2,3,4]",20,9
19,"[1,2,3,4]",10,"[1,2,3,4]","[1,5,6,7]","[1,5,6,7]",n4_o047_r1165,4,"[1,2,3,4]",40,21
19,"[1,2,4,3]",10,"[1,2,3,4]","[1,5,7,6]","[1,5,6,7]",n4_o047_r1166,4,"[1,2,3,4]",40,21
19,"[1,3,2,4]",10,"[1,2,3,4]","[1,6,5,7]","[1,5,6,7]",n4_o047_r1167,4,"[1,2,3,4]",40,21
19,"[1,4,2,3]",10,"[1,2,3,4]","[1,6,7,5]","[1,5,6,7]",n4_o047_r1168,4,"[1,2,3,4]",40,21
19,"[1,3,4,2]",10,"[1,2,3,4]","[1,7,5,6]","[1,5,6,7]",n4_o047_r1169,4,"[1,2,3,4]",40,21
19,"[1,4,3,2]",10,"[1,2,3,4]","[1,7,6,5]","[1,5,6,7]",n4_o047_r1170,4,"[1,2,3,4]",40,21
19,"[2,1,3,4]",10,"[1,2,3,4]","[5,1,6,7]","[1,5,6,7]",n4_o047_r1171,4,"[1,2,3,4]",40,21
19,"[2,1,4,3]",10,"[1,2,3,4]","[5,1,7,6]","[1,5,6,7]",n4_o047_r1172,4,"[1,2,3,4]",40,21
19,"[3,1,2,4]",10,"[1,2,3,4]","[5,6,1,7]","[1,5,6,7]",n4_o047_r1173,4,"[1,2,3,4]",40,21
19,"[4,1,2,3]",10,"[1,2,3,4]","[5,6,7,1]","[1,5,6,7]",n4_o047_r1174,4,"[1,2,3,4]",40,21
19,"[3,1,4,2]",10,"[1,2,3,4]","[5,7,1,6]","[1,5,6,7]",n4_o047_r1175,4,"[1,2,3,4]",40,21
19,"[4,1,3,2]",10,"[1,2,3,4]","[5,7,6,1]","[1,5,6,7]",n4_o047_r1176,4,"[1,2,3,4]",40,21
19,"[2,3,1,4]",10,"[1,2,3,4]","[6,1,5,7]","[1,5,6,7]",n4_o047_r1177,4,"[1,2,3,4]",40,21
19,"[2,4,1,3]",10,"[1,2,3,4]","[6,1,7,5]","[1,5,6,7]",n4_o047_r1178,4,"[1,2,3,4]",40,21
19,"[3,2,1,4]",10,"[1,2,3,4]","[6,5,1,7]","[1,5,6,7]",n4_o047_r1179,4,"[1,2,3,4]",40,21
19,"[4,2,1,3]",10,"[1,2,3,4]","[6,5,7,1]","[1,5,6,7]",n4_o047_r1180,4,"[1,2,3,4]",40,21
19,"[3,4,1,2]",10,"[1,2,3,4]","[6,7,1,5]","[1,5,6,7]",n4_o047_r1181,4,"[1,2,3,4]",40,21
19,"[4,3,1,2]",10,"[1,2,3,4]","[6,7,5,1]","[1,5,6,7]",n4_o047_r1182,4,"[1,2,3,4]",40,21
19,"[2,3,4,1]",10,"[1,2,3,4]","[7,1,5,6]","[1,5,6,7]",n4_o047_r1183,4,"[1,2,3,4]",40,21
19,"[2,4,3,1]",10,"[1,2,3,4]","[7,1,6,5]","[1,5,6,7]",n4_o047_r1184,4,"[1,2,3,4]",40,21
19,"[3,2,4,1]",10,"[1,2,3,4]","[7,5,1,6]","[1,5,6,7]",n4_o047_r1185,4,"[1,2,3,4]",40,21
19,"[4,2,3,1]",10,"[1,2,3,4]","[7,5,6,1]","[1,5,6,7]",n4_o047_r1186,4,"[1,2,3,4]",40,21
19,"[3,4,2,1]",10,"[1,2,3,4]","[7,6,1,5]","[1,5,6,7]",n4_o047_r1187,4,"[1,2,3,4]",40,21
19,"[4,3,2,1]",10,"[1,2,3,4]","[7,6,5,1]","[1,5,6,7]",n4_o047_r1188,4,"[1,2,3,4]",40,21
20,"[1,2,3,4]",10,"[1,2,3,4]","[1,5,6,8]","[1,5,6,8]",n4_o048_r1189,4,"[1,2,3,4]",2,1
20,"[1,2,4,3]",10,"[1,2,3,4]","[1,5,8,6]","[1,5,6,8]",n4_o048_r1190,4,"[1,2,3,4]",2,1
20,"[1,3,2,4]",10,"[1,2,3,4]","[1,6,5,8]","[1,5,6,8]",n4_o048_r1191,4,"[1,2,3,4]",2,1
20,"[1,4,2,3]",10,"[1,2,3,4]","[1,6,8,5]","[1,5,6,8]",n4_o048_r1192,4,"[1,2,3,4]",2,1
20,"[1,3,4,2]",10,"[1,2,3,4]","[1,8,5,6]","[1,5,6,8]",n4_o048_r1193,4,"[1,2,3,4]",2,1
20,"[1,4,3,2]",10,"[1,2,3,4]","[1,8,6,5]","[1,5,6,8]",n4_o048_r1194,4,"[1,2,3,4]",2,1
20,"[2,1,3,4]",10,"[1,2,3,4]","[5,1,6,8]","[1,5,6,8]",n4_o048_r1195,4,"[1,2,3,4]",2,1
20,"[2,1,4,3]",10,"[1,2,3,4]","[5,1,8,6]","[1,5,6,8]",n4_o048_r1196,4,"[1,2,3,4]",2,1
20,"[3,1,2,4]",10,"[1,2,3,4]","[5,6,1,8]","[1,5,6,8]",n4_o048_r1197,4,"[1,2,3,4]",2,1
20,"[4,1,2,3]",10,"[1,2,3,4]","[5,6,8,1]","[1,5,6,8]",n4_o048_r1198,4,"[1,2,3,4]",2,1
20,"[3,1,4,2]",10,"[1,2,3,4]","[5,8,1,6]","[1,5,6,8]",n4_o048_r1199,4,"[1,2,3,4]",2,1
20,"[4,1,3,2]",10,"[1,2,3,4]","[5,8,6,1]","[1,5,6,8]",n4_o048_r1200,4,"[1,2,3,4]",2,1
20,"[2,3,1,4]",10,"[1,2,3,4]","[6,1,5,8]","[1,5,6,8]",n4_o048_r1201,4,"[1,2,3,4]",2,1
20,"[2,4,1,3]",10,"[1,2,3,4]","[6,1,8,5]","[1,5,6,8]",n4_o048_r1202,4,"[1,2,3,4]",2,1
20,"[3,2,1,4]",10,"[1,2,3,4]","[6,5,1,8]","[1,5,6,8]",n4_o048_r1203,4,"[1,2,3,4]",2,1
20,"[4,2,1,3]",10,"[1,2,3,4]","[6,5,8,1]","[1,5,6,8]",n4_o048_r1204,4,"[1,2,3,4]",2,1
20,"[3,4,1,2]",10,"[1,2,3,4]","[6,8,1,5]","[1,5,6,8]",n4_o048_r1205,4,"[1,2,3,4]",2,1
20,"[4,3,1,2]",10,"[1,2,3,4]","[6,8,5,1]","[1,5,6,8]",n4_o048_r1206,4,"[1,2,3,4]",2,1
20,"[2,3,4,1]",10,"[1,2,3,4]","[8,1,5,6]","[1,5,6,8]",n4_o048_r1207,4,"[1,2,3,4]",2,1
20,"[2,4,3,1]",10,"[1,2,3,4]","[8,1,6,5]","[1,5,6,8]",n4_o048_r1208,4,"[1,2,3,4]",2,1
20,"[3,2,4,1]",10,"[1,2,3,4]","[8,5,1,6]","[1,5,6,8]",n4_o048_r1209,4,"[1,2,3,4]",2,1
20,"[4,2,3,1]",10,"[1,2,3,4]","[8,5,6,1]","[1,5,6,8]",n4_o048_r1210,4,"[1,2,3,4]",2,1
20,"[3,4,2,1]",10,"[1,2,3,4]","[8,6,1,5]","[1,5,6,8]",n4_o048_r1211,4,"[1,2,3,4]",2,1
20,"[4,3,2,1]",10,"[1,2,3,4]","[8,6,5,1]","[1,5,6,8]",n4_o048_r1212,4,"[1,2,3,4]",2,1
21,"[1,2,3,4]",10,"[1,2,3,4]","[1,5,6,9]","[1,5,6,9]",n4_o049_r1213,4,"[1,2,3,4]",40,19
21,"[1,2,4,3]",10,"[1,2,3,4]","[1,5,9,6]","[1,5,6,9]",n4_o049_r1214,4,"[1,2,3,4]",40,19
21,"[1,3,2,4]",10,"[1,2,3,4]","[1,6,5,9]","[1,5,6,9]",n4_o049_r1215,4,"[1,2,3,4]",40,19
21,"[1,4,2,3]",10,"[1,2,3,4]","[1,6,9,5]","[1,5,6,9]",n4_o049_r1216,4,"[1,2,3,4]",40,19
21,"[1,3,4,2]",10,"[1,2,3,4]","[1,9,5,6]","[1,5,6,9]",n4_o049_r1217,4,"[1,2,3,4]",40,19
21,"[1,4,3,2]",10,"[1,2,3,4]","[1,9,6,5]","[1,5,6,9]",n4_o049_r1218,4,"[1,2,3,4]",40,19
21,"[2,1,3,4]",10,"[1,2,3,4]","[5,1,6,9]","[1,5,6,9]",n4_o049_r1219,4,"[1,2,3,4]",40,19
21,"[2,1,4,3]",10,"[1,2,3,4]","[5,1,9,6]","[1,5,6,9]",n4_o049_r1220,4,"[1,2,3,4]",40,19
21,"[3,1,2,4]",10,"[1,2,3,4]","[5,6,1,9]","[1,5,6,9]",n4_o049_r1221,4,"[1,2,3,4]",40,19
21,"[4,1,2,3]",10,"[1,2,3,4]","[5,6,9,1]","[1,5,6,9]",n4_o049_r1222,4,"[1,2,3,4]",40,19
21,"[3,1,4,2]",10,"[1,2,3,4]","[5,9,1,6]","[1,5,6,9]",n4_o049_r1223,4,"[1,2,3,4]",40,19
21,"[4,1,3,2]",10,"[1,2,3,4]","[5,9,6,1]","[1,5,6,9]",n4_o049_r1224,4,"[1,2,3,4]",40,19
21,"[2,3,1,4]",10,"[1,2,3,4]","[6,1,5,9]","[1,5,6,9]",n4_o049_r1225,4,"[1,2,3,4]",40,19
21,"[2,4,1,3]",10,"[1,2,3,4]","[6,1,9,5]","[1,5,6,9]",n4_o049_r1226,4,"[1,2,3,4]",40,19
21,"[3,2,1,4]",10,"[1,2,3,4]","[6,5,1,9]","[1,5,6,9]",n4_o049_r1227,4,"[1,2,3,4]",40,19
21,"[4,2,1,3]",10,"[1,2,3,4]","[6,5,9,1]","[1,5,6,9]",n4_o049_r1228,4,"[1,2,3,4]",40,19
21,"[3,4,1,2]",10,"[1,2,3,4]","[6,9,1,5]","[1,5,6,9]",n4_o049_r1229,4,"[1,2,3,4]",40,19
21,"[4,3,1,2]",10,"[1,2,3,4]","[6,9,5,1]","[1,5,6,9]",n4_o049_r1230,4,"[1,2,3,4]",40,19
21,"[2,3,4,1]",10,"[1,2,3,4]","[9,1,5,6]","[1,5,6,9]",n4_o049_r1231,4,"[1,2,3,4]",40,19
21,"[2,4,3,1]",10,"[1,2,3,4]","[9,1,6,5]","[1,5,6,9]",n4_o049_r1232,4,"[1,2,3,4]",40,19
21,"[3,2,4,1]",10,"[1,2,3,4]","[9,5,1,6]","[1,5,6,9]",n4_o049_r1233,4,"[1,2,3,4]",40,19
21,"[4,2,3,1]",10,"[1,2,3,4]","[9,5,6,1]","[1,5,6,9]",n4_o049_r1234,4,"[1,2,3,4]",40,19
21,"[3,4,2,1]",10,"[1,2,3,4]","[9,6,1,5]","[1,5,6,9]",n4_o049_r1235,4,"[1,2,3,4]",40,19
21,"[4,3,2,1]",10,"[1,2,3,4]","[9,6,5,1]","[1,5,6,9]",n4_o049_r1236,4,"[1,2,3,4]",40,19
21,"[1,2,3,4]",10,"[1,2,3,4]","[1,5,7,8]","[1,5,7,8]",n4_o050_r1237,4,"[1,2,3,4]",40,19
21,"[1,2,4,3]",10,"[1,2,3,4]","[1,5,8,7]","[1,5,7,8]",n4_o050_r1238,4,"[1,2,3,4]",40,19
21,"[1,3,2,4]",10,"[1,2,3,4]","[1,7,5,8]","[1,5,7,8]",n4_o050_r1239,4,"[1,2,3,4]",40,19
21,"[1,4,2,3]",10,"[1,2,3,4]","[1,7,8,5]","[1,5,7,8]",n4_o050_r1240,4,"[1,2,3,4]",40,19
21,"[1,3,4,2]",10,"[1,2,3,4]","[1,8,5,7]","[1,5,7,8]",n4_o050_r1241,4,"[1,2,3,4]",40,19
21,"[1,4,3,2]",10,"[1,2,3,4]","[1,8,7,5]","[1,5,7,8]",n4_o050_r1242,4,"[1,2,3,4]",40,19
21,"[2,1,3,4]",10,"[1,2,3,4]","[5,1,7,8]","[1,5,7,8]",n4_o050_r1243,4,"[1,2,3,4]",40,19
21,"[2,1,4,3]",10,"[1,2,3,4]","[5,1,8,7]","[1,5,7,8]",n4_o050_r1244,4,"[1,2,3,4]",40,19
21,"[3,1,2,4]",10,"[1,2,3,4]","[5,7,1,8]","[1,5,7,8]",n4_o050_r1245,4,"[1,2,3,4]",40,19
21,"[4,1,2,3]",10,"[1,2,3,4]","[5,7,8,1]","[1,5,7,8]",n4_o050_r1246,4,"[1,2,3,4]",40,19
21,"[3,1,4,2]",10,"[1,2,3,4]","[5,8,1,7]","[1,5,7,8]",n4_o050_r1247,4,"[1,2,3,4]",40,19
21,"[4,1,3,2]",10,"[1,2,3,4]","[5,8,7,1]","[1,5,7,8]",n4_o050_r1248,4,"[1,2,3,4]",40,19
21,"[2,3,1,4]",10,"[1,2,3,4]","[7,1,5,8]","[1,5,7,8]",n4_o050_r1249,4,"[1,2,3,4]",40,19
21,"[2,4,1,3]",10,"[1,2,3,4]","[7,1,8,5]","[1,5,7,8]",n4_o050_r1250,4,"[1,2,3,4]",40,19
21,"[3,2,1,4]",10,"[1,2,3,4]","[7,5,1,8]","[1,5,7,8]",n4_o050_r1251,4,"[1,2,3,4]",40,19
21,"[4,2,1,3]",10,"[1,2,3,4]","[7,5,8,1]","[1,5,7,8]",n4_o050_r1252,4,"[1,2,3,4]",40,19
21,"[3,4,1,2]",10,"[1,2,3,4]","[7,8,1,5]","[1,5,7,8]",n4_o050_r1253,4,"[1,2,3,4]",40,19
21,"[4,3,1,2]",10,"[1,2,3,4]","[7,8,5,1]","[1,5,7,8]",n4_o050_r1254,4,"[1,2,3,4]",40,19
21,"[2,3,4,1]",10,"[1,2,3,4]","[8,1,5,7]","[1,5,7,8]",n4_o050_r1255,4,"[1,2,3,4]",40,19
21,"[2,4,3,1]",10,"[1,2,3,4]","[8,1,7,5]","[1,5,7,8]",n4_o050_r1256,4,"[1,2,3,4]",40,19
21,"[3,2,4,1]",10,"[1,2,3,4]","[8,5,1,7]","[1,5,7,8]",n4_o050_r1257,4,"[1,2,3,4]",40,19
21,"[4,2,3,1]",10,"[1,2,3,4]","[8,5,7,1]","[1,5,7,8]",n4_o050_r1258,4,"[1,2,3,4]",40,19
21,"[3,4,2,1]",10,"[1,2,3,4]","[8,7,1,5]","[1,5,7,8]",n4_o050_r1259,4,"[1,2,3,4]",40,19
21,"[4,3,2,1]",10,"[1,2,3,4]","[8,7,5,1]","[1,5,7,8]",n4_o050_r1260,4,"[1,2,3,4]",40,19
22,"[1,2,3,4]",10,"[1,2,3,4]","[1,5,7,9]","[1,5,7,9]",n4_o051_r1261,4,"[1,2,3,4]",20,9
22,"[1,2,4,3]",10,"[1,2,3,4]","[1,5,9,7]","[1,5,7,9]",n4_o051_r1262,4,"[1,2,3,4]",20,9
22,"[1,3,2,4]",10,"[1,2,3,4]","[1,7,5,9]","[1,5,7,9]",n4_o051_r1263,4,"[1,2,3,4]",20,9
22,"[1,4,2,3]",10,"[1,2,3,4]","[1,7,9,5]","[1,5,7,9]",n4_o051_r1264,4,"[1,2,3,4]",20,9
22,"[1,3,4,2]",10,"[1,2,3,4]","[1,9,5,7]","[1,5,7,9]",n4_o051_r1265,4,"[1,2,3,4]",20,9
22,"[1,4,3,2]",10,"[1,2,3,4]","[1,9,7,5]","[1,5,7,9]",n4_o051_r1266,4,"[1,2,3,4]",20,9
22,"[2,1,3,4]",10,"[1,2,3,4]","[5,1,7,9]","[1,5,7,9]",n4_o051_r1267,4,"[1,2,3,4]",20,9
22,"[2,1,4,3]",10,"[1,2,3,4]","[5,1,9,7]","[1,5,7,9]",n4_o051_r1268,4,"[1,2,3,4]",20,9
22,"[3,1,2,4]",10,"[1,2,3,4]","[5,7,1,9]","[1,5,7,9]",n4_o051_r1269,4,"[1,2,3,4]",20,9
22,"[4,1,2,3]",10,"[1,2,3,4]","[5,7,9,1]","[1,5,7,9]",n4_o051_r1270,4,"[1,2,3,4]",20,9
22,"[3,1,4,2]",10,"[1,2,3,4]","[5,9,1,7]","[1,5,7,9]",n4_o051_r1271,4,"[1,2,3,4]",20,9
22,"[4,1,3,2]",10,"[1,2,3,4]","[5,9,7,1]","[1,5,7,9]",n4_o051_r1272,4,"[1,2,3,4]",20,9
22,"[2,3,1,4]",10,"[1,2,3,4]","[7,1,5,9]","[1,5,7,9]",n4_o051_r1273,4,"[1,2,3,4]",20,9
22,"[2,4,1,3]",10,"[1,2,3,4]","[7,1,9,5]","[1,5,7,9]",n4_o051_r1274,4,"[1,2,3,4]",20,9
22,"[3,2,1,4]",10,"[1,2,3,4]","[7,5,1,9]","[1,5,7,9]",n4_o051_r1275,4,"[1,2,3,4]",20,9
22,"[4,2,1,3]",10,"[1,2,3,4]","[7,5,9,1]","[1,5,7,9]",n4_o051_r1276,4,"[1,2,3,4]",20,9
22,"[3,4,1,2]",10,"[1,2,3,4]","[7,9,1,5]","[1,5,7,9]",n4_o051_r1277,4,"[1,2,3,4]",20,9
22,"[4,3,1,2]",10,"[1,2,3,4]","[7,9,5,1]","[1,5,7,9]",n4_o051_r1278,4,"[1,2,3,4]",20,9
22,"[2,3,4,1]",10,"[1,2,3,4]","[9,1,5,7]","[1,5,7,9]",n4_o051_r1279,4,"[1,2,3,4]",20,9
22,"[2,4,3,1]",10,"[1,2,3,4]","[9,1,7,5]","[1,5,7,9]",n4_o051_r1280,4,"[1,2,3,4]",20,9
22,"[3,2,4,1]",10,"[1,2,3,4]","[9,5,1,7]","[1,5,7,9]",n4_o051_r1281,4,"[1,2,3,4]",20,9
22,"[4,2,3,1]",10,"[1,2,3,4]","[9,5,7,1]","[1,5,7,9]",n4_o051_r1282,4,"[1,2,3,4]",20,9
22,"[3,4,2,1]",10,"[1,2,3,4]","[9,7,1,5]","[1,5,7,9]",n4_o051_r1283,4,"[1,2,3,4]",20,9
22,"[4,3,2,1]",10,"[1,2,3,4]","[9,7,5,1]","[1,5,7,9]",n4_o051_r1284,4,"[1,2,3,4]",20,9
23,"[1,2,3,4]",10,"[1,2,3,4]","[1,5,8,9]","[1,5,8,9]",n4_o052_r1285,4,"[1,2,3,4]",40,17
23,"[1,2,4,3]",10,"[1,2,3,4]","[1,5,9,8]","[1,5,8,9]",n4_o052_r1286,4,"[1,2,3,4]",40,17
23,"[1,3,2,4]",10,"[1,2,3,4]","[1,8,5,9]","[1,5,8,9]",n4_o052_r1287,4,"[1,2,3,4]",40,17
23,"[1,4,2,3]",10,"[1,2,3,4]","[1,8,9,5]","[1,5,8,9]",n4_o052_r1288,4,"[1,2,3,4]",40,17
23,"[1,3,4,2]",10,"[1,2,3,4]","[1,9,5,8]","[1,5,8,9]",n4_o052_r1289,4,"[1,2,3,4]",40,17
23,"[1,4,3,2]",10,"[1,2,3,4]","[1,9,8,5]","[1,5,8,9]",n4_o052_r1290,4,"[1,2,3,4]",40,17
23,"[2,1,3,4]",10,"[1,2,3,4]","[5,1,8,9]","[1,5,8,9]",n4_o052_r1291,4,"[1,2,3,4]",40,17
23,"[2,1,4,3]",10,"[1,2,3,4]","[5,1,9,8]","[1,5,8,9]",n4_o052_r1292,4,"[1,2,3,4]",40,17
23,"[3,1,2,4]",10,"[1,2,3,4]","[5,8,1,9]","[1,5,8,9]",n4_o052_r1293,4,"[1,2,3,4]",40,17
23,"[4,1,2,3]",10,"[1,2,3,4]","[5,8,9,1]","[1,5,8,9]",n4_o052_r1294,4,"[1,2,3,4]",40,17
23,"[3,1,4,2]",10,"[1,2,3,4]","[5,9,1,8]","[1,5,8,9]",n4_o052_r1295,4,"[1,2,3,4]",40,17
23,"[4,1,3,2]",10,"[1,2,3,4]","[5,9,8,1]","[1,5,8,9]",n4_o052_r1296,4,"[1,2,3,4]",40,17
23,"[2,3,1,4]",10,"[1,2,3,4]","[8,1,5,9]","[1,5,8,9]",n4_o052_r1297,4,"[1,2,3,4]",40,17
23,"[2,4,1,3]",10,"[1,2,3,4]","[8,1,9,5]","[1,5,8,9]",n4_o052_r1298,4,"[1,2,3,4]",40,17
23,"[3,2,1,4]",10,"[1,2,3,4]","[8,5,1,9]","[1,5,8,9]",n4_o052_r1299,4,"[1,2,3,4]",40,17
23,"[4,2,1,3]",10,"[1,2,3,4]","[8,5,9,1]","[1,5,8,9]",n4_o052_r1300,4,"[1,2,3,4]",40,17
23,"[3,4,1,2]",10,"[1,2,3,4]","[8,9,1,5]","[1,5,8,9]",n4_o052_r1301,4,"[1,2,3,4]",40,17
23,"[4,3,1,2]",10,"[1,2,3,4]","[8,9,5,1]","[1,5,8,9]",n4_o052_r1302,4,"[1,2,3,4]",40,17
23,"[2,3,4,1]",10,"[1,2,3,4]","[9,1,5,8]","[1,5,8,9]",n4_o052_r1303,4,"[1,2,3,4]",40,17
23,"[2,4,3,1]",10,"[1,2,3,4]","[9,1,8,5]","[1,5,8,9]",n4_o052_r1304,4,"[1,2,3,4]",40,17
23,"[3,2,4,1]",10,"[1,2,3,4]","[9,5,1,8]","[1,5,8,9]",n4_o052_r1305,4,"[1,2,3,4]",40,17
23,"[4,2,3,1]",10,"[1,2,3,4]","[9,5,8,1]","[1,5,8,9]",n4_o052_r1306,4,"[1,2,3,4]",40,17
23,"[3,4,2,1]",10,"[1,2,3,4]","[9,8,1,5]","[1,5,8,9]",n4_o052_r1307,4,"[1,2,3,4]",40,17
23,"[4,3,2,1]",10,"[1,2,3,4]","[9,8,5,1]","[1,5,8,9]",n4_o052_r1308,4,"[1,2,3,4]",40,17
22,"[1,2,3,4]",10,"[1,2,3,4]","[1,6,7,8]","[1,6,7,8]",n4_o053_r1309,4,"[1,2,3,4]",20,9
22,"[1,2,4,3]",10,"[1,2,3,4]","[1,6,8,7]","[1,6,7,8]",n4_o053_r1310,4,"[1,2,3,4]",20,9
22,"[1,3,2,4]",10,"[1,2,3,4]","[1,7,6,8]","[1,6,7,8]",n4_o053_r1311,4,"[1,2,3,4]",20,9
22,"[1,4,2,3]",10,"[1,2,3,4]","[1,7,8,6]","[1,6,7,8]",n4_o053_r1312,4,"[1,2,3,4]",20,9
22,"[1,3,4,2]",10,"[1,2,3,4]","[1,8,6,7]","[1,6,7,8]",n4_o053_r1313,4,"[1,2,3,4]",20,9
22,"[1,4,3,2]",10,"[1,2,3,4]","[1,8,7,6]","[1,6,7,8]",n4_o053_r1314,4,"[1,2,3,4]",20,9
22,"[2,1,3,4]",10,"[1,2,3,4]","[6,1,7,8]","[1,6,7,8]",n4_o053_r1315,4,"[1,2,3,4]",20,9
22,"[2,1,4,3]",10,"[1,2,3,4]","[6,1,8,7]","[1,6,7,8]",n4_o053_r1316,4,"[1,2,3,4]",20,9
22,"[3,1,2,4]",10,"[1,2,3,4]","[6,7,1,8]","[1,6,7,8]",n4_o053_r1317,4,"[1,2,3,4]",20,9
22,"[4,1,2,3]",10,"[1,2,3,4]","[6,7,8,1]","[1,6,7,8]",n4_o053_r1318,4,"[1,2,3,4]",20,9
22,"[3,1,4,2]",10,"[1,2,3,4]","[6,8,1,7]","[1,6,7,8]",n4_o053_r1319,4,"[1,2,3,4]",20,9
22,"[4,1,3,2]",10,"[1,2,3,4]","[6,8,7,1]","[1,6,7,8]",n4_o053_r1320,4,"[1,2,3,4]",20,9
22,"[2,3,1,4]",10,"[1,2,3,4]","[7,1,6,8]","[1,6,7,8]",n4_o053_r1321,4,"[1,2,3,4]",20,9
22,"[2,4,1,3]",10,"[1,2,3,4]","[7,1,8,6]","[1,6,7,8]",n4_o053_r1322,4,"[1,2,3,4]",20,9
22,"[3,2,1,4]",10,"[1,2,3,4]","[7,6,1,8]","[1,6,7,8]",n4_o053_r1323,4,"[1,2,3,4]",20,9
22,"[4,2,1,3]",10,"[1,2,3,4]","[7,6,8,1]","[1,6,7,8]",n4_o053_r1324,4,"[1,2,3,4]",20,9
22,"[3,4,1,2]",10,"[1,2,3,4]","[7,8,1,6]","[1,6,7,8]",n4_o053_r1325,4,"[1,2,3,4]",20,9
22,"[4,3,1,2]",10,"[1,2,3,4]","[7,8,6,1]","[1,6,7,8]",n4_o053_r1326,4,"[1,2,3,4]",20,9
22,"[2,3,4,1]",10,"[1,2,3,4]","[8,1,6,7]","[1,6,7,8]",n4_o053_r1327,4,"[1,2,3,4]",20,9
22,"[2,4,3,1]",10,"[1,2,3,4]","[8,1,7,6]","[1,6,7,8]",n4_o053_r1328,4,"[1,2,3,4]",20,9
22,"[3,2,4,1]",10,"[1,2,3,4]","[8,6,1,7]","[1,6,7,8]",n4_o053_r1329,4,"[1,2,3,4]",20,9
22,"[4,2,3,1]",10,"[1,2,3,4]","[8,6,7,1]","[1,6,7,8]",n4_o053_r1330,4,"[1,2,3,4]",20,9
22,"[3,4,2,1]",10,"[1,2,3,4]","[8,7,1,6]","[1,6,7,8]",n4_o053_r1331,4,"[1,2,3,4]",20,9
22,"[4,3,2,1]",10,"[1,2,3,4]","[8,7,6,1]","[1,6,7,8]",n4_o053_r1332,4,"[1,2,3,4]",20,9
23,"[1,2,3,4]",10,"[1,2,3,4]","[1,6,7,9]","[1,6,7,9]",n4_o054_r1333,4,"[1,2,3,4]",40,17
23,"[1,2,4,3]",10,"[1,2,3,4]","[1,6,9,7]","[1,6,7,9]",n4_o054_r1334,4,"[1,2,3,4]",40,17
23,"[1,3,2,4]",10,"[1,2,3,4]","[1,7,6,9]","[1,6,7,9]",n4_o054_r1335,4,"[1,2,3,4]",40,17
23,"[1,4,2,3]",10,"[1,2,3,4]","[1,7,9,6]","[1,6,7,9]",n4_o054_r1336,4,"[1,2,3,4]",40,17
23,"[1,3,4,2]",10,"[1,2,3,4]","[1,9,6,7]","[1,6,7,9]",n4_o054_r1337,4,"[1,2,3,4]",40,17
23,"[1,4,3,2]",10,"[1,2,3,4]","[1,9,7,6]","[1,6,7,9]",n4_o054_r1338,4,"[1,2,3,4]",40,17
23,"[2,1,3,4]",10,"[1,2,3,4]","[6,1,7,9]","[1,6,7,9]",n4_o054_r1339,4,"[1,2,3,4]",40,17
23,"[2,1,4,3]",10,"[1,2,3,4]","[6,1,9,7]","[1,6,7,9]",n4_o054_r1340,4,"[1,2,3,4]",40,17
23,"[3,1,2,4]",10,"[1,2,3,4]","[6,7,1,9]","[1,6,7,9]",n4_o054_r1341,4,"[1,2,3,4]",40,17
23,"[4,1,2,3]",10,"[1,2,3,4]","[6,7,9,1]","[1,6,7,9]",n4_o054_r1342,4,"[1,2,3,4]",40,17
23,"[3,1,4,2]",10,"[1,2,3,4]","[6,9,1,7]","[1,6,7,9]",n4_o054_r1343,4,"[1,2,3,4]",40,17
23,"[4,1,3,2]",10,"[1,2,3,4]","[6,9,7,1]","[1,6,7,9]",n4_o054_r1344,4,"[1,2,3,4]",40,17
23,"[2,3,1,4]",10,"[1,2,3,4]","[7,1,6,9]","[1,6,7,9]",n4_o054_r1345,4,"[1,2,3,4]",40,17
23,"[2,4,1,3]",10,"[1,2,3,4]","[7,1,9,6]","[1,6,7,9]",n4_o054_r1346,4,"[1,2,3,4]",40,17
23,"[3,2,1,4]",10,"[1,2,3,4]","[7,6,1,9]","[1,6,7,9]",n4_o054_r1347,4,"[1,2,3,4]",40,17
23,"[4,2,1,3]",10,"[1,2,3,4]","[7,6,9,1]","[1,6,7,9]",n4_o054_r1348,4,"[1,2,3,4]",40,17
23,"[3,4,1,2]",10,"[1,2,3,4]","[7,9,1,6]","[1,6,7,9]",n4_o054_r1349,4,"[1,2,3,4]",40,17
23,"[4,3,1,2]",10,"[1,2,3,4]","[7,9,6,1]","[1,6,7,9]",n4_o054_r1350,4,"[1,2,3,4]",40,17
23,"[2,3,4,1]",10,"[1,2,3,4]","[9,1,6,7]","[1,6,7,9]",n4_o054_r1351,4,"[1,2,3,4]",40,17
23,"[2,4,3,1]",10,"[1,2,3,4]","[9,1,7,6]","[1,6,7,9]",n4_o054_r1352,4,"[1,2,3,4]",40,17
23,"[3,2,4,1]",10,"[1,2,3,4]","[9,6,1,7]","[1,6,7,9]",n4_o054_r1353,4,"[1,2,3,4]",40,17
23,"[4,2,3,1]",10,"[1,2,3,4]","[9,6,7,1]","[1,6,7,9]",n4_o054_r1354,4,"[1,2,3,4]",40,17
23,"[3,4,2,1]",10,"[1,2,3,4]","[9,7,1,6]","[1,6,7,9]",n4_o054_r1355,4,"[1,2,3,4]",40,17
23,"[4,3,2,1]",10,"[1,2,3,4]","[9,7,6,1]","[1,6,7,9]",n4_o054_r1356,4,"[1,2,3,4]",40,17
24,"[1,2,3,4]",10,"[1,2,3,4]","[1,6,8,9]","[1,6,8,9]",n4_o055_r1357,4,"[1,2,3,4]",5,2
24,"[1,2,4,3]",10,"[1,2,3,4]","[1,6,9,8]","[1,6,8,9]",n4_o055_r1358,4,"[1,2,3,4]",5,2
24,"[1,3,2,4]",10,"[1,2,3,4]","[1,8,6,9]","[1,6,8,9]",n4_o055_r1359,4,"[1,2,3,4]",5,2
24,"[1,4,2,3]",10,"[1,2,3,4]","[1,8,9,6]","[1,6,8,9]",n4_o055_r1360,4,"[1,2,3,4]",5,2
24,"[1,3,4,2]",10,"[1,2,3,4]","[1,9,6,8]","[1,6,8,9]",n4_o055_r1361,4,"[1,2,3,4]",5,2
24,"[1,4,3,2]",10,"[1,2,3,4]","[1,9,8,6]","[1,6,8,9]",n4_o055_r1362,4,"[1,2,3,4]",5,2
24,"[2,1,3,4]",10,"[1,2,3,4]","[6,1,8,9]","[1,6,8,9]",n4_o055_r1363,4,"[1,2,3,4]",5,2
24,"[2,1,4,3]",10,"[1,2,3,4]","[6,1,9,8]","[1,6,8,9]",n4_o055_r1364,4,"[1,2,3,4]",5,2
24,"[3,1,2,4]",10,"[1,2,3,4]","[6,8,1,9]","[1,6,8,9]",n4_o055_r1365,4,"[1,2,3,4]",5,2
24,"[4,1,2,3]",10,"[1,2,3,4]","[6,8,9,1]","[1,6,8,9]",n4_o055_r1366,4,"[1,2,3,4]",5,2
24,"[3,1,4,2]",10,"[1,2,3,4]","[6,9,1,8]","[1,6,8,9]",n4_o055_r1367,4,"[1,2,3,4]",5,2
24,"[4,1,3,2]",10,"[1,2,3,4]","[6,9,8,1]","[1,6,8,9]",n4_o055_r1368,4,"[1,2,3,4]",5,2
24,"[2,3,1,4]",10,"[1,2,3,4]","[8,1,6,9]","[1,6,8,9]",n4_o055_r1369,4,"[1,2,3,4]",5,2
24,"[2,4,1,3]",10,"[1,2,3,4]","[8,1,9,6]","[1,6,8,9]",n4_o055_r1370,4,"[1,2,3,4]",5,2
24,"[3,2,1,4]",10,"[1,2,3,4]","[8,6,1,9]","[1,6,8,9]",n4_o055_r1371,4,"[1,2,3,4]",5,2
24,"[4,2,1,3]",10,"[1,2,3,4]","[8,6,9,1]","[1,6,8,9]",n4_o055_r1372,4,"[1,2,3,4]",5,2
24,"[3,4,1,2]",10,"[1,2,3,4]","[8,9,1,6]","[1,6,8,9]",n4_o055_r1373,4,"[1,2,3,4]",5,2
24,"[4,3,1,2]",10,"[1,2,3,4]","[8,9,6,1]","[1,6,8,9]",n4_o055_r1374,4,"[1,2,3,4]",5,2
24,"[2,3,4,1]",10,"[1,2,3,4]","[9,1,6,8]","[1,6,8,9]",n4_o055_r1375,4,"[1,2,3,4]",5,2
24,"[2,4,3,1]",10,"[1,2,3,4]","[9,1,8,6]","[1,6,8,9]",n4_o055_r1376,4,"[1,2,3,4]",5,2
24,"[3,2,4,1]",10,"[1,2,3,4]","[9,6,1,8]","[1,6,8,9]",n4_o055_r1377,4,"[1,2,3,4]",5,2
24,"[4,2,3,1]",10,"[1,2,3,4]","[9,6,8,1]","[1,6,8,9]",n4_o055_r1378,4,"[1,2,3,4]",5,2
24,"[3,4,2,1]",10,"[1,2,3,4]","[9,8,1,6]","[1,6,8,9]",n4_o055_r1379,4,"[1,2,3,4]",5,2
24,"[4,3,2,1]",10,"[1,2,3,4]","[9,8,6,1]","[1,6,8,9]",n4_o055_r1380,4,"[1,2,3,4]",5,2
25,"[1,2,3,4]",10,"[1,2,3,4]","[1,7,8,9]","[1,7,8,9]",n4_o056_r1381,4,"[1,2,3,4]",8,3
25,"[1,2,4,3]",10,"[1,2,3,4]","[1,7,9,8]","[1,7,8,9]",n4_o056_r1382,4,"[1,2,3,4]",8,3
25,"[1,3,2,4]",10,"[1,2,3,4]","[1,8,7,9]","[1,7,8,9]",n4_o056_r1383,4,"[1,2,3,4]",8,3
25,"[1,4,2,3]",10,"[1,2,3,4]","[1,8,9,7]","[1,7,8,9]",n4_o056_r1384,4,"[1,2,3,4]",8,3
25,"[1,3,4,2]",10,"[1,2,3,4]","[1,9,7,8]","[1,7,8,9]",n4_o056_r1385,4,"[1,2,3,4]",8,3
25,"[1,4,3,2]",10,"[1,2,3,4]","[1,9,8,7]","[1,7,8,9]",n4_o056_r1386,4,"[1,2,3,4]",8,3
25,"[2,1,3,4]",10,"[1,2,3,4]","[7,1,8,9]","[1,7,8,9]",n4_o056_r1387,4,"[1,2,3,4]",8,3
25,"[2,1,4,3]",10,"[1,2,3,4]","[7,1,9,8]","[1,7,8,9]",n4_o056_r1388,4,"[1,2,3,4]",8,3
25,"[3,1,2,4]",10,"[1,2,3,4]","[7,8,1,9]","[1,7,8,9]",n4_o056_r1389,4,"[1,2,3,4]",8,3
25,"[4,1,2,3]",10,"[1,2,3,4]","[7,8,9,1]","[1,7,8,9]",n4_o056_r1390,4,"[1,2,3,4]",8,3
25,"[3,1,4,2]",10,"[1,2,3,4]","[7,9,1,8]","[1,7,8,9]",n4_o056_r1391,4,"[1,2,3,4]",8,3
25,"[4,1,3,2]",10,"[1,2,3,4]","[7,9,8,1]","[1,7,8,9]",n4_o056_r1392,4,"[1,2,3,4]",8,3
25,"[2,3,1,4]",10,"[1,2,3,4]","[8,1,7,9]","[1,7,8,9]",n4_o056_r1393,4,"[1,2,3,4]",8,3
25,"[2,4,1,3]",10,"[1,2,3,4]","[8,1,9,7]","[1,7,8,9]",n4_o056_r1394,4,"[1,2,3,4]",8,3
25,"[3,2,1,4]",10,"[1,2,3,4]","[8,7,1,9]","[1,7,8,9]",n4_o056_r1395,4,"[1,2,3,4]",8,3
25,"[4,2,1,3]",10,"[1,2,3,4]","[8,7,9,1]","[1,7,8,9]",n4_o056_r1396,4,"[1,2,3,4]",8,3
25,"[3,4,1,2]",10,"[1,2,3,4]","[8,9,1,7]","[1,7,8,9]",n4_o056_r1397,4,"[1,2,3,4]",8,3
25,"[4,3,1,2]",10,"[1,2,3,4]","[8,9,7,1]","[1,7,8,9]",n4_o056_r1398,4,"[1,2,3,4]",8,3
25,"[2,3,4,1]",10,"[1,2,3,4]","[9,1,7,8]","[1,7,8,9]",n4_o056_r1399,4,"[1,2,3,4]",8,3
25,"[2,4,3,1]",10,"[1,2,3,4]","[9,1,8,7]","[1,7,8,9]",n4_o056_r1400,4,"[1,2,3,4]",8,3
25,"[3,2,4,1]",10,"[1,2,3,4]","[9,7,1,8]","[1,7,8,9]",n4_o056_r1401,4,"[1,2,3,4]",8,3
25,"[4,2,3,1]",10,"[1,2,3,4]","[9,7,8,1]","[1,7,8,9]",n4_o056_r1402,4,"[1,2,3,4]",8,3
25,"[3,4,2,1]",10,"[1,2,3,4]","[9,8,1,7]","[1,7,8,9]",n4_o056_r1403,4,"[1,2,3,4]",8,3
25,"[4,3,2,1]",10,"[1,2,3,4]","[9,8,7,1]","[1,7,8,9]",n4_o056_r1404,4,"[1,2,3,4]",8,3
14,"[1,2,3,4]",10,"[1,2,3,4]","[2,3,4,5]","[2,3,4,5]",n4_o057_r1405,4,"[1,2,3,4]",20,13
14,"[1,2,4,3]",10,"[1,2,3,4]","[2,3,5,4]","[2,3,4,5]",n4_o057_r1406,4,"[1,2,3,4]",20,13
14,"[1,3,2,4]",10,"[1,2,3,4]","[2,4,3,5]","[2,3,4,5]",n4_o057_r1407,4,"[1,2,3,4]",20,13
14,"[1,4,2,3]",10,"[1,2,3,4]","[2,4,5,3]","[2,3,4,5]",n4_o057_r1408,4,"[1,2,3,4]",20,13
14,"[1,3,4,2]",10,"[1,2,3,4]","[2,5,3,4]","[2,3,4,5]",n4_o057_r1409,4,"[1,2,3,4]",20,13
14,"[1,4,3,2]",10,"[1,2,3,4]","[2,5,4,3]","[2,3,4,5]",n4_o057_r1410,4,"[1,2,3,4]",20,13
14,"[2,1,3,4]",10,"[1,2,3,4]","[3,2,4,5]","[2,3,4,5]",n4_o057_r1411,4,"[1,2,3,4]",20,13
14,"[2,1,4,3]",10,"[1,2,3,4]","[3,2,5,4]","[2,3,4,5]",n4_o057_r1412,4,"[1,2,3,4]",20,13
14,"[3,1,2,4]",10,"[1,2,3,4]","[3,4,2,5]","[2,3,4,5]",n4_o057_r1413,4,"[1,2,3,4]",20,13
14,"[4,1,2,3]",10,"[1,2,3,4]","[3,4,5,2]","[2,3,4,5]",n4_o057_r1414,4,"[1,2,3,4]",20,13
14,"[3,1,4,2]",10,"[1,2,3,4]","[3,5,2,4]","[2,3,4,5]",n4_o057_r1415,4,"[1,2,3,4]",20,13
14,"[4,1,3,2]",10,"[1,2,3,4]","[3,5,4,2]","[2,3,4,5]",n4_o057_r1416,4,"[1,2,3,4]",20,13
14,"[2,3,1,4]",10,"[1,2,3,4]","[4,2,3,5]","[2,3,4,5]",n4_o057_r1417,4,"[1,2,3,4]",20,13
14,"[2,4,1,3]",10,"[1,2,3,4]","[4,2,5,3]","[2,3,4,5]",n4_o057_r1418,4,"[1,2,3,4]",20,13
14,"[3,2,1,4]",10,"[1,2,3,4]","[4,3,2,5]","[2,3,4,5]",n4_o057_r1419,4,"[1,2,3,4]",20,13
14,"[4,2,1,3]",10,"[1,2,3,4]","[4,3,5,2]","[2,3,4,5]",n4_o057_r1420,4,"[1,2,3,4]",20,13
14,"[3,4,1,2]",10,"[1,2,3,4]","[4,5,2,3]","[2,3,4,5]",n4_o057_r1421,4,"[1,2,3,4]",20,13
14,"[4,3,1,2]",10,"[1,2,3,4]","[4,5,3,2]","[2,3,4,5]",n4_o057_r1422,4,"[1,2,3,4]",20,13
14,"[2,3,4,1]",10,"[1,2,3,4]","[5,2,3,4]","[2,3,4,5]",n4_o057_r1423,4,"[1,2,3,4]",20,13
14,"[2,4,3,1]",10,"[1,2,3,4]","[5,2,4,3]","[2,3,4,5]",n4_o057_r1424,4,"[1,2,3,4]",20,13
14,"[3,2,4,1]",10,"[1,2,3,4]","[5,3,2,4]","[2,3,4,5]",n4_o057_r1425,4,"[1,2,3,4]",20,13
14,"[4,2,3,1]",10,"[1,2,3,4]","[5,3,4,2]","[2,3,4,5]",n4_o057_r1426,4,"[1,2,3,4]",20,13
14,"[3,4,2,1]",10,"[1,2,3,4]","[5,4,2,3]","[2,3,4,5]",n4_o057_r1427,4,"[1,2,3,4]",20,13
14,"[4,3,2,1]",10,"[1,2,3,4]","[5,4,3,2]","[2,3,4,5]",n4_o057_r1428,4,"[1,2,3,4]",20,13
15,"[1,2,3,4]",10,"[1,2,3,4]","[2,3,4,6]","[2,3,4,6]",n4_o058_r1429,4,"[1,2,3,4]",8,5
15,"[1,2,4,3]",10,"[1,2,3,4]","[2,3,6,4]","[2,3,4,6]",n4_o058_r1430,4,"[1,2,3,4]",8,5
15,"[1,3,2,4]",10,"[1,2,3,4]","[2,4,3,6]","[2,3,4,6]",n4_o058_r1431,4,"[1,2,3,4]",8,5
15,"[1,4,2,3]",10,"[1,2,3,4]","[2,4,6,3]","[2,3,4,6]",n4_o058_r1432,4,"[1,2,3,4]",8,5
15,"[1,3,4,2]",10,"[1,2,3,4]","[2,6,3,4]","[2,3,4,6]",n4_o058_r1433,4,"[1,2,3,4]",8,5
15,"[1,4,3,2]",10,"[1,2,3,4]","[2,6,4,3]","[2,3,4,6]",n4_o058_r1434,4,"[1,2,3,4]",8,5
15,"[2,1,3,4]",10,"[1,2,3,4]","[3,2,4,6]","[2,3,4,6]",n4_o058_r1435,4,"[1,2,3,4]",8,5
15,"[2,1,4,3]",10,"[1,2,3,4]","[3,2,6,4]","[2,3,4,6]",n4_o058_r1436,4,"[1,2,3,4]",8,5
15,"[3,1,2,4]",10,"[1,2,3,4]","[3,4,2,6]","[2,3,4,6]",n4_o058_r1437,4,"[1,2,3,4]",8,5
15,"[4,1,2,3]",10,"[1,2,3,4]","[3,4,6,2]","[2,3,4,6]",n4_o058_r1438,4,"[1,2,3,4]",8,5
15,"[3,1,4,2]",10,"[1,2,3,4]","[3,6,2,4]","[2,3,4,6]",n4_o058_r1439,4,"[1,2,3,4]",8,5
15,"[4,1,3,2]",10,"[1,2,3,4]","[3,6,4,2]","[2,3,4,6]",n4_o058_r1440,4,"[1,2,3,4]",8,5
15,"[2,3,1,4]",10,"[1,2,3,4]","[4,2,3,6]","[2,3,4,6]",n4_o058_r1441,4,"[1,2,3,4]",8,5
15,"[2,4,1,3]",10,"[1,2,3,4]","[4,2,6,3]","[2,3,4,6]",n4_o058_r1442,4,"[1,2,3,4]",8,5
15,"[3,2,1,4]",10,"[1,2,3,4]","[4,3,2,6]","[2,3,4,6]",n4_o058_r1443,4,"[1,2,3,4]",8,5
15,"[4,2,1,3]",10,"[1,2,3,4]","[4,3,6,2]","[2,3,4,6]",n4_o058_r1444,4,"[1,2,3,4]",8,5
15,"[3,4,1,2]",10,"[1,2,3,4]","[4,6,2,3]","[2,3,4,6]",n4_o058_r1445,4,"[1,2,3,4]",8,5
15,"[4,3,1,2]",10,"[1,2,3,4]","[4,6,3,2]","[2,3,4,6]",n4_o058_r1446,4,"[1,2,3,4]",8,5
15,"[2,3,4,1]",10,"[1,2,3,4]","[6,2,3,4]","[2,3,4,6]",n4_o058_r1447,4,"[1,2,3,4]",8,5
15,"[2,4,3,1]",10,"[1,2,3,4]","[6,2,4,3]","[2,3,4,6]",n4_o058_r1448,4,"[1,2,3,4]",8,5
15,"[3,2,4,1]",10,"[1,2,3,4]","[6,3,2,4]","[2,3,4,6]",n4_o058_r1449,4,"[1,2,3,4]",8,5
15,"[4,2,3,1]",10,"[1,2,3,4]","[6,3,4,2]","[2,3,4,6]",n4_o058_r1450,4,"[1,2,3,4]",8,5
15,"[3,4,2,1]",10,"[1,2,3,4]","[6,4,2,3]","[2,3,4,6]",n4_o058_r1451,4,"[1,2,3,4]",8,5
15,"[4,3,2,1]",10,"[1,2,3,4]","[6,4,3,2]","[2,3,4,6]",n4_o058_r1452,4,"[1,2,3,4]",8,5
16,"[1,2,3,4]",10,"[1,2,3,4]","[2,3,4,7]","[2,3,4,7]",n4_o059_r1453,4,"[1,2,3,4]",5,3
16,"[1,2,4,3]",10,"[1,2,3,4]","[2,3,7,4]","[2,3,4,7]",n4_o059_r1454,4,"[1,2,3,4]",5,3
16,"[1,3,2,4]",10,"[1,2,3,4]","[2,4,3,7]","[2,3,4,7]",n4_o059_r1455,4,"[1,2,3,4]",5,3
16,"[1,4,2,3]",10,"[1,2,3,4]","[2,4,7,3]","[2,3,4,7]",n4_o059_r1456,4,"[1,2,3,4]",5,3
16,"[1,3,4,2]",10,"[1,2,3,4]","[2,7,3,4]","[2,3,4,7]",n4_o059_r1457,4,"[1,2,3,4]",5,3
16,"[1,4,3,2]",10,"[1,2,3,4]","[2,7,4,3]","[2,3,4,7]",n4_o059_r1458,4,"[1,2,3,4]",5,3
16,"[2,1,3,4]",10,"[1,2,3,4]","[3,2,4,7]","[2,3,4,7]",n4_o059_r1459,4,"[1,2,3,4]",5,3
16,"[2,1,4,3]",10,"[1,2,3,4]","[3,2,7,4]","[2,3,4,7]",n4_o059_r1460,4,"[1,2,3,4]",5,3
16,"[3,1,2,4]",10,"[1,2,3,4]","[3,4,2,7]","[2,3,4,7]",n4_o059_r1461,4,"[1,2,3,4]",5,3
16,"[4,1,2,3]",10,"[1,2,3,4]","[3,4,7,2]","[2,3,4,7]",n4_o059_r1462,4,"[1,2,3,4]",5,3
16,"[3,1,4,2]",10,"[1,2,3,4]","[3,7,2,4]","[2,3,4,7]",n4_o059_r1463,4,"[1,2,3,4]",5,3
16,"[4,1,3,2]",10,"[1,2,3,4]","[3,7,4,2]","[2,3,4,7]",n4_o059_r1464,4,"[1,2,3,4]",5,3
16,"[2,3,1,4]",10,"[1,2,3,4]","[4,2,3,7]","[2,3,4,7]",n4_o059_r1465,4,"[1,2,3,4]",5,3
16,"[2,4,1,3]",10,"[1,2,3,4]","[4,2,7,3]","[2,3,4,7]",n4_o059_r1466,4,"[1,2,3,4]",5,3
16,"[3,2,1,4]",10,"[1,2,3,4]","[4,3,2,7]","[2,3,4,7]",n4_o059_r1467,4,"[1,2,3,4]",5,3
16,"[4,2,1,3]",10,"[1,2,3,4]","[4,3,7,2]","[2,3,4,7]",n4_o059_r1468,4,"[1,2,3,4]",5,3
16,"[3,4,1,2]",10,"[1,2,3,4]","[4,7,2,3]","[2,3,4,7]",n4_o059_r1469,4,"[1,2,3,4]",5,3
16,"[4,3,1,2]",10,"[1,2,3,4]","[4,7,3,2]","[2,3,4,7]",n4_o059_r1470,4,"[1,2,3,4]",5,3
16,"[2,3,4,1]",10,"[1,2,3,4]","[7,2,3,4]","[2,3,4,7]",n4_o059_r1471,4,"[1,2,3,4]",5,3
16,"[2,4,3,1]",10,"[1,2,3,4]","[7,2,4,3]","[2,3,4,7]",n4_o059_r1472,4,"[1,2,3,4]",5,3
16,"[3,2,4,1]",10,"[1,2,3,4]","[7,3,2,4]","[2,3,4,7]",n4_o059_r1473,4,"[1,2,3,4]",5,3
16,"[4,2,3,1]",10,"[1,2,3,4]","[7,3,4,2]","[2,3,4,7]",n4_o059_r1474,4,"[1,2,3,4]",5,3
16,"[3,4,2,1]",10,"[1,2,3,4]","[7,4,2,3]","[2,3,4,7]",n4_o059_r1475,4,"[1,2,3,4]",5,3
16,"[4,3,2,1]",10,"[1,2,3,4]","[7,4,3,2]","[2,3,4,7]",n4_o059_r1476,4,"[1,2,3,4]",5,3
17,"[1,2,3,4]",10,"[1,2,3,4]","[2,3,4,8]","[2,3,4,8]",n4_o060_r1477,4,"[1,2,3,4]",40,23
17,"[1,2,4,3]",10,"[1,2,3,4]","[2,3,8,4]","[2,3,4,8]",n4_o060_r1478,4,"[1,2,3,4]",40,23
17,"[1,3,2,4]",10,"[1,2,3,4]","[2,4,3,8]","[2,3,4,8]",n4_o060_r1479,4,"[1,2,3,4]",40,23
17,"[1,4,2,3]",10,"[1,2,3,4]","[2,4,8,3]","[2,3,4,8]",n4_o060_r1480,4,"[1,2,3,4]",40,23
17,"[1,3,4,2]",10,"[1,2,3,4]","[2,8,3,4]","[2,3,4,8]",n4_o060_r1481,4,"[1,2,3,4]",40,23
17,"[1,4,3,2]",10,"[1,2,3,4]","[2,8,4,3]","[2,3,4,8]",n4_o060_r1482,4,"[1,2,3,4]",40,23
17,"[2,1,3,4]",10,"[1,2,3,4]","[3,2,4,8]","[2,3,4,8]",n4_o060_r1483,4,"[1,2,3,4]",40,23
17,"[2,1,4,3]",10,"[1,2,3,4]","[3,2,8,4]","[2,3,4,8]",n4_o060_r1484,4,"[1,2,3,4]",40,23
17,"[3,1,2,4]",10,"[1,2,3,4]","[3,4,2,8]","[2,3,4,8]",n4_o060_r1485,4,"[1,2,3,4]",40,23
17,"[4,1,2,3]",10,"[1,2,3,4]","[3,4,8,2]","[2,3,4,8]",n4_o060_r1486,4,"[1,2,3,4]",40,23
17,"[3,1,4,2]",10,"[1,2,3,4]","[3,8,2,4]","[2,3,4,8]",n4_o060_r1487,4,"[1,2,3,4]",40,23
17,"[4,1,3,2]",10,"[1,2,3,4]","[3,8,4,2]","[2,3,4,8]",n4_o060_r1488,4,"[1,2,3,4]",40,23
17,"[2,3,1,4]",10,"[1,2,3,4]","[4,2,3,8]","[2,3,4,8]",n4_o060_r1489,4,"[1,2,3,4]",40,23
17,"[2,4,1,3]",10,"[1,2,3,4]","[4,2,8,3]","[2,3,4,8]",n4_o060_r1490,4,"[1,2,3,4]",40,23
17,"[3,2,1,4]",10,"[1,2,3,4]","[4,3,2,8]","[2,3,4,8]",n4_o060_r1491,4,"[1,2,3,4]",40,23
17,"[4,2,1,3]",10,"[1,2,3,4]","[4,3,8,2]","[2,3,4,8]",n4_o060_r1492,4,"[1,2,3,4]",40,23
17,"[3,4,1,2]",10,"[1,2,3,4]","[4,8,2,3]","[2,3,4,8]",n4_o060_r1493,4,"[1,2,3,4]",40,23
17,"[4,3,1,2]",10,"[1,2,3,4]","[4,8,3,2]","[2,3,4,8]",n4_o060_r1494,4,"[1,2,3,4]",40,23
17,"[2,3,4,1]",10,"[1,2,3,4]","[8,2,3,4]","[2,3,4,8]",n4_o060_r1495,4,"[1,2,3,4]",40,23
17,"[2,4,3,1]",10,"[1,2,3,4]","[8,2,4,3]","[2,3,4,8]",n4_o060_r1496,4,"[1,2,3,4]",40,23
17,"[3,2,4,1]",10,"[1,2,3,4]","[8,3,2,4]","[2,3,4,8]",n4_o060_r1497,4,"[1,2,3,4]",40,23
17,"[4,2,3,1]",10,"[1,2,3,4]","[8,3,4,2]","[2,3,4,8]",n4_o060_r1498,4,"[1,2,3,4]",40,23
17,"[3,4,2,1]",10,"[1,2,3,4]","[8,4,2,3]","[2,3,4,8]",n4_o060_r1499,4,"[1,2,3,4]",40,23
17,"[4,3,2,1]",10,"[1,2,3,4]","[8,4,3,2]","[2,3,4,8]",n4_o060_r1500,4,"[1,2,3,4]",40,23
18,"[1,2,3,4]",10,"[1,2,3,4]","[2,3,4,9]","[2,3,4,9]",n4_o061_r1501,4,"[1,2,3,4]",20,11
18,"[1,2,4,3]",10,"[1,2,3,4]","[2,3,9,4]","[2,3,4,9]",n4_o061_r1502,4,"[1,2,3,4]",20,11
18,"[1,3,2,4]",10,"[1,2,3,4]","[2,4,3,9]","[2,3,4,9]",n4_o061_r1503,4,"[1,2,3,4]",20,11
18,"[1,4,2,3]",10,"[1,2,3,4]","[2,4,9,3]","[2,3,4,9]",n4_o061_r1504,4,"[1,2,3,4]",20,11
18,"[1,3,4,2]",10,"[1,2,3,4]","[2,9,3,4]","[2,3,4,9]",n4_o061_r1505,4,"[1,2,3,4]",20,11
18,"[1,4,3,2]",10,"[1,2,3,4]","[2,9,4,3]","[2,3,4,9]",n4_o061_r1506,4,"[1,2,3,4]",20,11
18,"[2,1,3,4]",10,"[1,2,3,4]","[3,2,4,9]","[2,3,4,9]",n4_o061_r1507,4,"[1,2,3,4]",20,11
18,"[2,1,4,3]",10,"[1,2,3,4]","[3,2,9,4]","[2,3,4,9]",n4_o061_r1508,4,"[1,2,3,4]",20,11
18,"[3,1,2,4]",10,"[1,2,3,4]","[3,4,2,9]","[2,3,4,9]",n4_o061_r1509,4,"[1,2,3,4]",20,11
18,"[4,1,2,3]",10,"[1,2,3,4]","[3,4,9,2]","[2,3,4,9]",n4_o061_r1510,4,"[1,2,3,4]",20,11
18,"[3,1,4,2]",10,"[1,2,3,4]","[3,9,2,4]","[2,3,4,9]",n4_o061_r1511,4,"[1,2,3,4]",20,11
18,"[4,1,3,2]",10,"[1,2,3,4]","[3,9,4,2]","[2,3,4,9]",n4_o061_r1512,4,"[1,2,3,4]",20,11
18,"[2,3,1,4]",10,"[1,2,3,4]","[4,2,3,9]","[2,3,4,9]",n4_o061_r1513,4,"[1,2,3,4]",20,11
18,"[2,4,1,3]",10,"[1,2,3,4]","[4,2,9,3]","[2,3,4,9]",n4_o061_r1514,4,"[1,2,3,4]",20,11
18,"[3,2,1,4]",10,"[1,2,3,4]","[4,3,2,9]","[2,3,4,9]",n4_o061_r1515,4,"[1,2,3,4]",20,11
18,"[4,2,1,3]",10,"[1,2,3,4]","[4,3,9,2]","[2,3,4,9]",n4_o061_r1516,4,"[1,2,3,4]",20,11
18,"[3,4,1,2]",10,"[1,2,3,4]","[4,9,2,3]","[2,3,4,9]",n4_o061_r1517,4,"[1,2,3,4]",20,11
18,"[4,3,1,2]",10,"[1,2,3,4]","[4,9,3,2]","[2,3,4,9]",n4_o061_r1518,4,"[1,2,3,4]",20,11
18,"[2,3,4,1]",10,"[1,2,3,4]","[9,2,3,4]","[2,3,4,9]",n4_o061_r1519,4,"[1,2,3,4]",20,11
18,"[2,4,3,1]",10,"[1,2,3,4]","[9,2,4,3]","[2,3,4,9]",n4_o061_r1520,4,"[1,2,3,4]",20,11
18,"[3,2,4,1]",10,"[1,2,3,4]","[9,3,2,4]","[2,3,4,9]",n4_o061_r1521,4,"[1,2,3,4]",20,11
18,"[4,2,3,1]",10,"[1,2,3,4]","[9,3,4,2]","[2,3,4,9]",n4_o061_r1522,4,"[1,2,3,4]",20,11
18,"[3,4,2,1]",10,"[1,2,3,4]","[9,4,2,3]","[2,3,4,9]",n4_o061_r1523,4,"[1,2,3,4]",20,11
18,"[4,3,2,1]",10,"[1,2,3,4]","[9,4,3,2]","[2,3,4,9]",n4_o061_r1524,4,"[1,2,3,4]",20,11
16,"[1,2,3,4]",10,"[1,2,3,4]","[2,3,5,6]","[2,3,5,6]",n4_o062_r1525,4,"[1,2,3,4]",5,3
16,"[1,2,4,3]",10,"[1,2,3,4]","[2,3,6,5]","[2,3,5,6]",n4_o062_r1526,4,"[1,2,3,4]",5,3
16,"[1,3,2,4]",10,"[1,2,3,4]","[2,5,3,6]","[2,3,5,6]",n4_o062_r1527,4,"[1,2,3,4]",5,3
16,"[1,4,2,3]",10,"[1,2,3,4]","[2,5,6,3]","[2,3,5,6]",n4_o062_r1528,4,"[1,2,3,4]",5,3
16,"[1,3,4,2]",10,"[1,2,3,4]","[2,6,3,5]","[2,3,5,6]",n4_o062_r1529,4,"[1,2,3,4]",5,3
16,"[1,4,3,2]",10,"[1,2,3,4]","[2,6,5,3]","[2,3,5,6]",n4_o062_r1530,4,"[1,2,3,4]",5,3
16,"[2,1,3,4]",10,"[1,2,3,4]","[3,2,5,6]","[2,3,5,6]",n4_o062_r1531,4,"[1,2,3,4]",5,3
16,"[2,1,4,3]",10,"[1,2,3,4]","[3,2,6,5]","[2,3,5,6]",n4_o062_r1532,4,"[1,2,3,4]",5,3
16,"[3,1,2,4]",10,"[1,2,3,4]","[3,5,2,6]","[2,3,5,6]",n4_o062_r1533,4,"[1,2,3,4]",5,3
16,"[4,1,2,3]",10,"[1,2,3,4]","[3,5,6,2]","[2,3,5,6]",n4_o062_r1534,4,"[1,2,3,4]",5,3
16,"[3,1,4,2]",10,"[1,2,3,4]","[3,6,2,5]","[2,3,5,6]",n4_o062_r1535,4,"[1,2,3,4]",5,3
16,"[4,1,3,2]",10,"[1,2,3,4]","[3,6,5,2]","[2,3,5,6]",n4_o062_r1536,4,"[1,2,3,4]",5,3
16,"[2,3,1,4]",10,"[1,2,3,4]","[5,2,3,6]","[2,3,5,6]",n4_o062_r1537,4,"[1,2,3,4]",5,3
16,"[2,4,1,3]",10,"[1,2,3,4]","[5,2,6,3]","[2,3,5,6]",n4_o062_r1538,4,"[1,2,3,4]",5,3
16,"[3,2,1,4]",10,"[1,2,3,4]","[5,3,2,6]","[2,3,5,6]",n4_o062_r1539,4,"[1,2,3,4]",5,3
16,"[4,2,1,3]",10,"[1,2,3,4]","[5,3,6,2]","[2,3,5,6]",n4_o062_r1540,4,"[1,2,3,4]",5,3
16,"[3,4,1,2]",10,"[1,2,3,4]","[5,6,2,3]","[2,3,5,6]",n4_o062_r1541,4,"[1,2,3,4]",5,3
16,"[4,3,1,2]",10,"[1,2,3,4]","[5,6,3,2]","[2,3,5,6]",n4_o062_r1542,4,"[1,2,3,4]",5,3
16,"[2,3,4,1]",10,"[1,2,3,4]","[6,2,3,5]","[2,3,5,6]",n4_o062_r1543,4,"[1,2,3,4]",5,3
16,"[2,4,3,1]",10,"[1,2,3,4]","[6,2,5,3]","[2,3,5,6]",n4_o062_r1544,4,"[1,2,3,4]",5,3
16,"[3,2,4,1]",10,"[1,2,3,4]","[6,3,2,5]","[2,3,5,6]",n4_o062_r1545,4,"[1,2,3,4]",5,3
16,"[4,2,3,1]",10,"[1,2,3,4]","[6,3,5,2]","[2,3,5,6]",n4_o062_r1546,4,"[1,2,3,4]",5,3
16,"[3,4,2,1]",10,"[1,2,3,4]","[6,5,2,3]","[2,3,5,6]",n4_o062_r1547,4,"[1,2,3,4]",5,3
16,"[4,3,2,1]",10,"[1,2,3,4]","[6,5,3,2]","[2,3,5,6]",n4_o062_r1548,4,"[1,2,3,4]",5,3
17,"[1,2,3,4]",10,"[1,2,3,4]","[2,3,5,7]","[2,3,5,7]",n4_o063_r1549,4,"[1,2,3,4]",40,23
17,"[1,2,4,3]",10,"[1,2,3,4]","[2,3,7,5]","[2,3,5,7]",n4_o063_r1550,4,"[1,2,3,4]",40,23
17,"[1,3,2,4]",10,"[1,2,3,4]","[2,5,3,7]","[2,3,5,7]",n4_o063_r1551,4,"[1,2,3,4]",40,23
17,"[1,4,2,3]",10,"[1,2,3,4]","[2,5,7,3]","[2,3,5,7]",n4_o063_r1552,4,"[1,2,3,4]",40,23
17,"[1,3,4,2]",10,"[1,2,3,4]","[2,7,3,5]","[2,3,5,7]",n4_o063_r1553,4,"[1,2,3,4]",40,23
17,"[1,4,3,2]",10,"[1,2,3,4]","[2,7,5,3]","[2,3,5,7]",n4_o063_r1554,4,"[1,2,3,4]",40,23
17,"[2,1,3,4]",10,"[1,2,3,4]","[3,2,5,7]","[2,3,5,7]",n4_o063_r1555,4,"[1,2,3,4]",40,23
17,"[2,1,4,3]",10,"[1,2,3,4]","[3,2,7,5]","[2,3,5,7]",n4_o063_r1556,4,"[1,2,3,4]",40,23
17,"[3,1,2,4]",10,"[1,2,3,4]","[3,5,2,7]","[2,3,5,7]",n4_o063_r1557,4,"[1,2,3,4]",40,23
17,"[4,1,2,3]",10,"[1,2,3,4]","[3,5,7,2]","[2,3,5,7]",n4_o063_r1558,4,"[1,2,3,4]",40,23
17,"[3,1,4,2]",10,"[1,2,3,4]","[3,7,2,5]","[2,3,5,7]",n4_o063_r1559,4,"[1,2,3,4]",40,23
17,"[4,1,3,2]",10,"[1,2,3,4]","[3,7,5,2]","[2,3,5,7]",n4_o063_r1560,4,"[1,2,3,4]",40,23
17,"[2,3,1,4]",10,"[1,2,3,4]","[5,2,3,7]","[2,3,5,7]",n4_o063_r1561,4,"[1,2,3,4]",40,23
17,"[2,4,1,3]",10,"[1,2,3,4]","[5,2,7,3]","[2,3,5,7]",n4_o063_r1562,4,"[1,2,3,4]",40,23
17,"[3,2,1,4]",10,"[1,2,3,4]","[5,3,2,7]","[2,3,5,7]",n4_o063_r1563,4,"[1,2,3,4]",40,23
17,"[4,2,1,3]",10,"[1,2,3,4]","[5,3,7,2]","[2,3,5,7]",n4_o063_r1564,4,"[1,2,3,4]",40,23
17,"[3,4,1,2]",10,"[1,2,3,4]","[5,7,2,3]","[2,3,5,7]",n4_o063_r1565,4,"[1,2,3,4]",40,23
17,"[4,3,1,2]",10,"[1,2,3,4]","[5,7,3,2]","[2,3,5,7]",n4_o063_r1566,4,"[1,2,3,4]",40,23
17,"[2,3,4,1]",10,"[1,2,3,4]","[7,2,3,5]","[2,3,5,7]",n4_o063_r1567,4,"[1,2,3,4]",40,23
17,"[2,4,3,1]",10,"[1,2,3,4]","[7,2,5,3]","[2,3,5,7]",n4_o063_r1568,4,"[1,2,3,4]",40,23
17,"[3,2,4,1]",10,"[1,2,3,4]","[7,3,2,5]","[2,3,5,7]",n4_o063_r1569,4,"[1,2,3,4]",40,23
17,"[4,2,3,1]",10,"[1,2,3,4]","[7,3,5,2]","[2,3,5,7]",n4_o063_r1570,4,"[1,2,3,4]",40,23
17,"[3,4,2,1]",10,"[1,2,3,4]","[7,5,2,3]","[2,3,5,7]",n4_o063_r1571,4,"[1,2,3,4]",40,23
17,"[4,3,2,1]",10,"[1,2,3,4]","[7,5,3,2]","[2,3,5,7]",n4_o063_r1572,4,"[1,2,3,4]",40,23
18,"[1,2,3,4]",10,"[1,2,3,4]","[2,3,5,8]","[2,3,5,8]",n4_o064_r1573,4,"[1,2,3,4]",20,11
18,"[1,2,4,3]",10,"[1,2,3,4]","[2,3,8,5]","[2,3,5,8]",n4_o064_r1574,4,"[1,2,3,4]",20,11
18,"[1,3,2,4]",10,"[1,2,3,4]","[2,5,3,8]","[2,3,5,8]",n4_o064_r1575,4,"[1,2,3,4]",20,11
18,"[1,4,2,3]",10,"[1,2,3,4]","[2,5,8,3]","[2,3,5,8]",n4_o064_r1576,4,"[1,2,3,4]",20,11
18,"[1,3,4,2]",10,"[1,2,3,4]","[2,8,3,5]","[2,3,5,8]",n4_o064_r1577,4,"[1,2,3,4]",20,11
18,"[1,4,3,2]",10,"[1,2,3,4]","[2,8,5,3]","[2,3,5,8]",n4_o064_r1578,4,"[1,2,3,4]",20,11
18,"[2,1,3,4]",10,"[1,2,3,4]","[3,2,5,8]","[2,3,5,8]",n4_o064_r1579,4,"[1,2,3,4]",20,11
18,"[2,1,4,3]",10,"[1,2,3,4]","[3,2,8,5]","[2,3,5,8]",n4_o064_r1580,4,"[1,2,3,4]",20,11
18,"[3,1,2,4]",10,"[1,2,3,4]","[3,5,2,8]","[2,3,5,8]",n4_o064_r1581,4,"[1,2,3,4]",20,11
18,"[4,1,2,3]",10,"[1,2,3,4]","[3,5,8,2]","[2,3,5,8]",n4_o064_r1582,4,"[1,2,3,4]",20,11
18,"[3,1,4,2]",10,"[1,2,3,4]","[3,8,2,5]","[2,3,5,8]",n4_o064_r1583,4,"[1,2,3,4]",20,11
18,"[4,1,3,2]",10,"[1,2,3,4]","[3,8,5,2]","[2,3,5,8]",n4_o064_r1584,4,"[1,2,3,4]",20,11
18,"[2,3,1,4]",10,"[1,2,3,4]","[5,2,3,8]","[2,3,5,8]",n4_o064_r1585,4,"[1,2,3,4]",20,11
18,"[2,4,1,3]",10,"[1,2,3,4]","[5,2,8,3]","[2,3,5,8]",n4_o064_r1586,4,"[1,2,3,4]",20,11
18,"[3,2,1,4]",10,"[1,2,3,4]","[5,3,2,8]","[2,3,5,8]",n4_o064_r1587,4,"[1,2,3,4]",20,11
18,"[4,2,1,3]",10,"[1,2,3,4]","[5,3,8,2]","[2,3,5,8]",n4_o064_r1588,4,"[1,2,3,4]",20,11
18,"[3,4,1,2]",10,"[1,2,3,4]","[5,8,2,3]","[2,3,5,8]",n4_o064_r1589,4,"[1,2,3,4]",20,11
18,"[4,3,1,2]",10,"[1,2,3,4]","[5,8,3,2]","[2,3,5,8]",n4_o064_r1590,4,"[1,2,3,4]",20,11
18,"[2,3,4,1]",10,"[1,2,3,4]","[8,2,3,5]","[2,3,5,8]",n4_o064_r1591,4,"[1,2,3,4]",20,11
18,"[2,4,3,1]",10,"[1,2,3,4]","[8,2,5,3]","[2,3,5,8]",n4_o064_r1592,4,"[1,2,3,4]",20,11
18,"[3,2,4,1]",10,"[1,2,3,4]","[8,3,2,5]","[2,3,5,8]",n4_o064_r1593,4,"[1,2,3,4]",20,11
18,"[4,2,3,1]",10,"[1,2,3,4]","[8,3,5,2]","[2,3,5,8]",n4_o064_r1594,4,"[1,2,3,4]",20,11
18,"[3,4,2,1]",10,"[1,2,3,4]","[8,5,2,3]","[2,3,5,8]",n4_o064_r1595,4,"[1,2,3,4]",20,11
18,"[4,3,2,1]",10,"[1,2,3,4]","[8,5,3,2]","[2,3,5,8]",n4_o064_r1596,4,"[1,2,3,4]",20,11
19,"[1,2,3,4]",10,"[1,2,3,4]","[2,3,5,9]","[2,3,5,9]",n4_o065_r1597,4,"[1,2,3,4]",40,21
19,"[1,2,4,3]",10,"[1,2,3,4]","[2,3,9,5]","[2,3,5,9]",n4_o065_r1598,4,"[1,2,3,4]",40,21
19,"[1,3,2,4]",10,"[1,2,3,4]","[2,5,3,9]","[2,3,5,9]",n4_o065_r1599,4,"[1,2,3,4]",40,21
19,"[1,4,2,3]",10,"[1,2,3,4]","[2,5,9,3]","[2,3,5,9]",n4_o065_r1600,4,"[1,2,3,4]",40,21
19,"[1,3,4,2]",10,"[1,2,3,4]","[2,9,3,5]","[2,3,5,9]",n4_o065_r1601,4,"[1,2,3,4]",40,21
19,"[1,4,3,2]",10,"[1,2,3,4]","[2,9,5,3]","[2,3,5,9]",n4_o065_r1602,4,"[1,2,3,4]",40,21
19,"[2,1,3,4]",10,"[1,2,3,4]","[3,2,5,9]","[2,3,5,9]",n4_o065_r1603,4,"[1,2,3,4]",40,21
19,"[2,1,4,3]",10,"[1,2,3,4]","[3,2,9,5]","[2,3,5,9]",n4_o065_r1604,4,"[1,2,3,4]",40,21
19,"[3,1,2,4]",10,"[1,2,3,4]","[3,5,2,9]","[2,3,5,9]",n4_o065_r1605,4,"[1,2,3,4]",40,21
19,"[4,1,2,3]",10,"[1,2,3,4]","[3,5,9,2]","[2,3,5,9]",n4_o065_r1606,4,"[1,2,3,4]",40,21
19,"[3,1,4,2]",10,"[1,2,3,4]","[3,9,2,5]","[2,3,5,9]",n4_o065_r1607,4,"[1,2,3,4]",40,21
19,"[4,1,3,2]",10,"[1,2,3,4]","[3,9,5,2]","[2,3,5,9]",n4_o065_r1608,4,"[1,2,3,4]",40,21
19,"[2,3,1,4]",10,"[1,2,3,4]","[5,2,3,9]","[2,3,5,9]",n4_o065_r1609,4,"[1,2,3,4]",40,21
19,"[2,4,1,3]",10,"[1,2,3,4]","[5,2,9,3]","[2,3,5,9]",n4_o065_r1610,4,"[1,2,3,4]",40,21
19,"[3,2,1,4]",10,"[1,2,3,4]","[5,3,2,9]","[2,3,5,9]",n4_o065_r1611,4,"[1,2,3,4]",40,21
19,"[4,2,1,3]",10,"[1,2,3,4]","[5,3,9,2]","[2,3,5,9]",n4_o065_r1612,4,"[1,2,3,4]",40,21
19,"[3,4,1,2]",10,"[1,2,3,4]","[5,9,2,3]","[2,3,5,9]",n4_o065_r1613,4,"[1,2,3,4]",40,21
19,"[4,3,1,2]",10,"[1,2,3,4]","[5,9,3,2]","[2,3,5,9]",n4_o065_r1614,4,"[1,2,3,4]",40,21
19,"[2,3,4,1]",10,"[1,2,3,4]","[9,2,3,5]","[2,3,5,9]",n4_o065_r1615,4,"[1,2,3,4]",40,21
19,"[2,4,3,1]",10,"[1,2,3,4]","[9,2,5,3]","[2,3,5,9]",n4_o065_r1616,4,"[1,2,3,4]",40,21
19,"[3,2,4,1]",10,"[1,2,3,4]","[9,3,2,5]","[2,3,5,9]",n4_o065_r1617,4,"[1,2,3,4]",40,21
19,"[4,2,3,1]",10,"[1,2,3,4]","[9,3,5,2]","[2,3,5,9]",n4_o065_r1618,4,"[1,2,3,4]",40,21
19,"[3,4,2,1]",10,"[1,2,3,4]","[9,5,2,3]","[2,3,5,9]",n4_o065_r1619,4,"[1,2,3,4]",40,21
19,"[4,3,2,1]",10,"[1,2,3,4]","[9,5,3,2]","[2,3,5,9]",n4_o065_r1620,4,"[1,2,3,4]",40,21
18,"[1,2,3,4]",10,"[1,2,3,4]","[2,3,6,7]","[2,3,6,7]",n4_o066_r1621,4,"[1,2,3,4]",20,11
18,"[1,2,4,3]",10,"[1,2,3,4]","[2,3,7,6]","[2,3,6,7]",n4_o066_r1622,4,"[1,2,3,4]",20,11
18,"[1,3,2,4]",10,"[1,2,3,4]","[2,6,3,7]","[2,3,6,7]",n4_o066_r1623,4,"[1,2,3,4]",20,11
18,"[1,4,2,3]",10,"[1,2,3,4]","[2,6,7,3]","[2,3,6,7]",n4_o066_r1624,4,"[1,2,3,4]",20,11
18,"[1,3,4,2]",10,"[1,2,3,4]","[2,7,3,6]","[2,3,6,7]",n4_o066_r1625,4,"[1,2,3,4]",20,11
18,"[1,4,3,2]",10,"[1,2,3,4]","[2,7,6,3]","[2,3,6,7]",n4_o066_r1626,4,"[1,2,3,4]",20,11
18,"[2,1,3,4]",10,"[1,2,3,4]","[3,2,6,7]","[2,3,6,7]",n4_o066_r1627,4,"[1,2,3,4]",20,11
18,"[2,1,4,3]",10,"[1,2,3,4]","[3,2,7,6]","[2,3,6,7]",n4_o066_r1628,4,"[1,2,3,4]",20,11
18,"[3,1,2,4]",10,"[1,2,3,4]","[3,6,2,7]","[2,3,6,7]",n4_o066_r1629,4,"[1,2,3,4]",20,11
18,"[4,1,2,3]",10,"[1,2,3,4]","[3,6,7,2]","[2,3,6,7]",n4_o066_r1630,4,"[1,2,3,4]",20,11
18,"[3,1,4,2]",10,"[1,2,3,4]","[3,7,2,6]","[2,3,6,7]",n4_o066_r1631,4,"[1,2,3,4]",20,11
18,"[4,1,3,2]",10,"[1,2,3,4]","[3,7,6,2]","[2,3,6,7]",n4_o066_r1632,4,"[1,2,3,4]",20,11
18,"[2,3,1,4]",10,"[1,2,3,4]","[6,2,3,7]","[2,3,6,7]",n4_o066_r1633,4,"[1,2,3,4]",20,11
18,"[2,4,1,3]",10,"[1,2,3,4]","[6,2,7,3]","[2,3,6,7]",n4_o066_r1634,4,"[1,2,3,4]",20,11
18,"[3,2,1,4]",10,"[1,2,3,4]","[6,3,2,7]","[2,3,6,7]",n4_o066_r1635,4,"[1,2,3,4]",20,11
18,"[4,2,1,3]",10,"[1,2,3,4]","[6,3,7,2]","[2,3,6,7]",n4_o066_r1636,4,"[1,2,3,4]",20,11
18,"[3,4,1,2]",10,"[1,2,3,4]","[6,7,2,3]","[2,3,6,7]",n4_o066_r1637,4,"[1,2,3,4]",20,11
18,"[4,3,1,2]",10,"[1,2,3,4]","[6,7,3,2]","[2,3,6,7]",n4_o066_r1638,4,"[1,2,3,4]",20,11
18,"[2,3,4,1]",10,"[1,2,3,4]","[7,2,3,6]","[2,3,6,7]",n4_o066_r1639,4,"[1,2,3,4]",20,11
18,"[2,4,3,1]",10,"[1,2,3,4]","[7,2,6,3]","[2,3,6,7]",n4_o066_r1640,4,"[1,2,3,4]",20,11
18,"[3,2,4,1]",10,"[1,2,3,4]","[7,3,2,6]","[2,3,6,7]",n4_o066_r1641,4,"[1,2,3,4]",20,11
18,"[4,2,3,1]",10,"[1,2,3,4]","[7,3,6,2]","[2,3,6,7]",n4_o066_r1642,4,"[1,2,3,4]",20,11
18,"[3,4,2,1]",10,"[1,2,3,4]","[7,6,2,3]","[2,3,6,7]",n4_o066_r1643,4,"[1,2,3,4]",20,11
18,"[4,3,2,1]",10,"[1,2,3,4]","[7,6,3,2]","[2,3,6,7]",n4_o066_r1644,4,"[1,2,3,4]",20,11
19,"[1,2,3,4]",10,"[1,2,3,4]","[2,3,6,8]","[2,3,6,8]",n4_o067_r1645,4,"[1,2,3,4]",40,21
19,"[1,2,4,3]",10,"[1,2,3,4]","[2,3,8,6]","[2,3,6,8]",n4_o067_r1646,4,"[1,2,3,4]",40,21
19,"[1,3,2,4]",10,"[1,2,3,4]","[2,6,3,8]","[2,3,6,8]",n4_o067_r1647,4,"[1,2,3,4]",40,21
19,"[1,4,2,3]",10,"[1,2,3,4]","[2,6,8,3]","[2,3,6,8]",n4_o067_r1648,4,"[1,2,3,4]",40,21
19,"[1,3,4,2]",10,"[1,2,3,4]","[2,8,3,6]","[2,3,6,8]",n4_o067_r1649,4,"[1,2,3,4]",40,21
19,"[1,4,3,2]",10,"[1,2,3,4]","[2,8,6,3]","[2,3,6,8]",n4_o067_r1650,4,"[1,2,3,4]",40,21
19,"[2,1,3,4]",10,"[1,2,3,4]","[3,2,6,8]","[2,3,6,8]",n4_o067_r1651,4,"[1,2,3,4]",40,21
19,"[2,1,4,3]",10,"[1,2,3,4]","[3,2,8,6]","[2,3,6,8]",n4_o067_r1652,4,"[1,2,3,4]",40,21
19,"[3,1,2,4]",10,"[1,2,3,4]","[3,6,2,8]","[2,3,6,8]",n4_o067_r1653,4,"[1,2,3,4]",40,21
19,"[4,1,2,3]",10,"[1,2,3,4]","[3,6,8,2]","[2,3,6,8]",n4_o067_r1654,4,"[1,2,3,4]",40,21
19,"[3,1,4,2]",10,"[1,2,3,4]","[3,8,2,6]","[2,3,6,8]",n4_o067_r1655,4,"[1,2,3,4]",40,21
19,"[4,1,3,2]",10,"[1,2,3,4]","[3,8,6,2]","[2,3,6,8]",n4_o067_r1656,4,"[1,2,3,4]",40,21
19,"[2,3,1,4]",10,"[1,2,3,4]","[6,2,3,8]","[2,3,6,8]",n4_o067_r1657,4,"[1,2,3,4]",40,21
19,"[2,4,1,3]",10,"[1,2,3,4]","[6,2,8,3]","[2,3,6,8]",n4_o067_r1658,4,"[1,2,3,4]",40,21
19,"[3,2,1,4]",10,"[1,2,3,4]","[6,3,2,8]","[2,3,6,8]",n4_o067_r1659,4,"[1,2,3,4]",40,21
19,"[4,2,1,3]",10,"[1,2,3,4]","[6,3,8,2]","[2,3,6,8]",n4_o067_r1660,4,"[1,2,3,4]",40,21
19,"[3,4,1,2]",10,"[1,2,3,4]","[6,8,2,3]","[2,3,6,8]",n4_o067_r1661,4,"[1,2,3,4]",40,21
19,"[4,3,1,2]",10,"[1,2,3,4]","[6,8,3,2]","[2,3,6,8]",n4_o067_r1662,4,"[1,2,3,4]",40,21
19,"[2,3,4,1]",10,"[1,2,3,4]","[8,2,3,6]","[2,3,6,8]",n4_o067_r1663,4,"[1,2,3,4]",40,21
19,"[2,4,3,1]",10,"[1,2,3,4]","[8,2,6,3]","[2,3,6,8]",n4_o067_r1664,4,"[1,2,3,4]",40,21
19,"[3,2,4,1]",10,"[1,2,3,4]","[8,3,2,6]","[2,3,6,8]",n4_o067_r1665,4,"[1,2,3,4]",40,21
19,"[4,2,3,1]",10,"[1,2,3,4]","[8,3,6,2]","[2,3,6,8]",n4_o067_r1666,4,"[1,2,3,4]",40,21
19,"[3,4,2,1]",10,"[1,2,3,4]","[8,6,2,3]","[2,3,6,8]",n4_o067_r1667,4,"[1,2,3,4]",40,21
19,"[4,3,2,1]",10,"[1,2,3,4]","[8,6,3,2]","[2,3,6,8]",n4_o067_r1668,4,"[1,2,3,4]",40,21
20,"[1,2,3,4]",10,"[1,2,3,4]","[2,3,6,9]","[2,3,6,9]",n4_o068_r1669,4,"[1,2,3,4]",2,1
20,"[1,2,4,3]",10,"[1,2,3,4]","[2,3,9,6]","[2,3,6,9]",n4_o068_r1670,4,"[1,2,3,4]",2,1
20,"[1,3,2,4]",10,"[1,2,3,4]","[2,6,3,9]","[2,3,6,9]",n4_o068_r1671,4,"[1,2,3,4]",2,1
20,"[1,4,2,3]",10,"[1,2,3,4]","[2,6,9,3]","[2,3,6,9]",n4_o068_r1672,4,"[1,2,3,4]",2,1
20,"[1,3,4,2]",10,"[1,2,3,4]","[2,9,3,6]","[2,3,6,9]",n4_o068_r1673,4,"[1,2,3,4]",2,1
20,"[1,4,3,2]",10,"[1,2,3,4]","[2,9,6,3]","[2,3,6,9]",n4_o068_r1674,4,"[1,2,3,4]",2,1
20,"[2,1,3,4]",10,"[1,2,3,4]","[3,2,6,9]","[2,3,6,9]",n4_o068_r1675,4,"[1,2,3,4]",2,1
20,"[2,1,4,3]",10,"[1,2,3,4]","[3,2,9,6]","[2,3,6,9]",n4_o068_r1676,4,"[1,2,3,4]",2,1
20,"[3,1,2,4]",10,"[1,2,3,4]","[3,6,2,9]","[2,3,6,9]",n4_o068_r1677,4,"[1,2,3,4]",2,1
20,"[4,1,2,3]",10,"[1,2,3,4]","[3,6,9,2]","[2,3,6,9]",n4_o068_r1678,4,"[1,2,3,4]",2,1
20,"[3,1,4,2]",10,"[1,2,3,4]","[3,9,2,6]","[2,3,6,9]",n4_o068_r1679,4,"[1,2,3,4]",2,1
20,"[4,1,3,2]",10,"[1,2,3,4]","[3,9,6,2]","[2,3,6,9]",n4_o068_r1680,4,"[1,2,3,4]",2,1
20,"[2,3,1,4]",10,"[1,2,3,4]","[6,2,3,9]","[2,3,6,9]",n4_o068_r1681,4,"[1,2,3,4]",2,1
20,"[2,4,1,3]",10,"[1,2,3,4]","[6,2,9,3]","[2,3,6,9]",n4_o068_r1682,4,"[1,2,3,4]",2,1
20,"[3,2,1,4]",10,"[1,2,3,4]","[6,3,2,9]","[2,3,6,9]",n4_o068_r1683,4,"[1,2,3,4]",2,1
20,"[4,2,1,3]",10,"[1,2,3,4]","[6,3,9,2]","[2,3,6,9]",n4_o068_r1684,4,"[1,2,3,4]",2,1
20,"[3,4,1,2]",10,"[1,2,3,4]","[6,9,2,3]","[2,3,6,9]",n4_o068_r1685,4,"[1,2,3,4]",2,1
20,"[4,3,1,2]",10,"[1,2,3,4]","[6,9,3,2]","[2,3,6,9]",n4_o068_r1686,4,"[1,2,3,4]",2,1
20,"[2,3,4,1]",10,"[1,2,3,4]","[9,2,3,6]","[2,3,6,9]",n4_o068_r1687,4,"[1,2,3,4]",2,1
20,"[2,4,3,1]",10,"[1,2,3,4]","[9,2,6,3]","[2,3,6,9]",n4_o068_r1688,4,"[1,2,3,4]",2,1
20,"[3,2,4,1]",10,"[1,2,3,4]","[9,3,2,6]","[2,3,6,9]",n4_o068_r1689,4,"[1,2,3,4]",2,1
20,"[4,2,3,1]",10,"[1,2,3,4]","[9,3,6,2]","[2,3,6,9]",n4_o068_r1690,4,"[1,2,3,4]",2,1
20,"[3,4,2,1]",10,"[1,2,3,4]","[9,6,2,3]","[2,3,6,9]",n4_o068_r1691,4,"[1,2,3,4]",2,1
20,"[4,3,2,1]",10,"[1,2,3,4]","[9,6,3,2]","[2,3,6,9]",n4_o068_r1692,4,"[1,2,3,4]",2,1
20,"[1,2,3,4]",10,"[1,2,3,4]","[2,3,7,8]","[2,3,7,8]",n4_o069_r1693,4,"[1,2,3,4]",2,1
20,"[1,2,4,3]",10,"[1,2,3,4]","[2,3,8,7]","[2,3,7,8]",n4_o069_r1694,4,"[1,2,3,4]",2,1
20,"[1,3,2,4]",10,"[1,2,3,4]","[2,7,3,8]","[2,3,7,8]",n4_o069_r1695,4,"[1,2,3,4]",2,1
20,"[1,4,2,3]",10,"[1,2,3,4]","[2,7,8,3]","[2,3,7,8]",n4_o069_r1696,4,"[1,2,3,4]",2,1
20,"[1,3,4,2]",10,"[1,2,3,4]","[2,8,3,7]","[2,3,7,8]",n4_o069_r1697,4,"[1,2,3,4]",2,1
20,"[1,4,3,2]",10,"[1,2,3,4]","[2,8,7,3]","[2,3,7,8]",n4_o069_r1698,4,"[1,2,3,4]",2,1
20,"[2,1,3,4]",10,"[1,2,3,4]","[3,2,7,8]","[2,3,7,8]",n4_o069_r1699,4,"[1,2,3,4]",2,1
20,"[2,1,4,3]",10,"[1,2,3,4]","[3,2,8,7]","[2,3,7,8]",n4_o069_r1700,4,"[1,2,3,4]",2,1
20,"[3,1,2,4]",10,"[1,2,3,4]","[3,7,2,8]","[2,3,7,8]",n4_o069_r1701,4,"[1,2,3,4]",2,1
20,"[4,1,2,3]",10,"[1,2,3,4]","[3,7,8,2]","[2,3,7,8]",n4_o069_r1702,4,"[1,2,3,4]",2,1
20,"[3,1,4,2]",10,"[1,2,3,4]","[3,8,2,7]","[2,3,7,8]",n4_o069_r1703,4,"[1,2,3,4]",2,1
20,"[4,1,3,2]",10,"[1,2,3,4]","[3,8,7,2]","[2,3,7,8]",n4_o069_r1704,4,"[1,2,3,4]",2,1
20,"[2,3,1,4]",10,"[1,2,3,4]","[7,2,3,8]","[2,3,7,8]",n4_o069_r1705,4,"[1,2,3,4]",2,1
20,"[2,4,1,3]",10,"[1,2,3,4]","[7,2,8,3]","[2,3,7,8]",n4_o069_r1706,4,"[1,2,3,4]",2,1
20,"[3,2,1,4]",10,"[1,2,3,4]","[7,3,2,8]","[2,3,7,8]",n4_o069_r1707,4,"[1,2,3,4]",2,1
20,"[4,2,1,3]",10,"[1,2,3,4]","[7,3,8,2]","[2,3,7,8]",n4_o069_r1708,4,"[1,2,3,4]",2,1
20,"[3,4,1,2]",10,"[1,2,3,4]","[7,8,2,3]","[2,3,7,8]",n4_o069_r1709,4,"[1,2,3,4]",2,1
20,"[4,3,1,2]",10,"[1,2,3,4]","[7,8,3,2]","[2,3,7,8]",n4_o069_r1710,4,"[1,2,3,4]",2,1
20,"[2,3,4,1]",10,"[1,2,3,4]","[8,2,3,7]","[2,3,7,8]",n4_o069_r1711,4,"[1,2,3,4]",2,1
20,"[2,4,3,1]",10,"[1,2,3,4]","[8,2,7,3]","[2,3,7,8]",n4_o069_r1712,4,"[1,2,3,4]",2,1
20,"[3,2,4,1]",10,"[1,2,3,4]","[8,3,2,7]","[2,3,7,8]",n4_o069_r1713,4,"[1,2,3,4]",2,1
20,"[4,2,3,1]",10,"[1,2,3,4]","[8,3,7,2]","[2,3,7,8]",n4_o069_r1714,4,"[1,2,3,4]",2,1
20,"[3,4,2,1]",10,"[1,2,3,4]","[8,7,2,3]","[2,3,7,8]",n4_o069_r1715,4,"[1,2,3,4]",2,1
20,"[4,3,2,1]",10,"[1,2,3,4]","[8,7,3,2]","[2,3,7,8]",n4_o069_r1716,4,"[1,2,3,4]",2,1
21,"[1,2,3,4]",10,"[1,2,3,4]","[2,3,7,9]","[2,3,7,9]",n4_o070_r1717,4,"[1,2,3,4]",40,19
21,"[1,2,4,3]",10,"[1,2,3,4]","[2,3,9,7]","[2,3,7,9]",n4_o070_r1718,4,"[1,2,3,4]",40,19
21,"[1,3,2,4]",10,"[1,2,3,4]","[2,7,3,9]","[2,3,7,9]",n4_o070_r1719,4,"[1,2,3,4]",40,19
21,"[1,4,2,3]",10,"[1,2,3,4]","[2,7,9,3]","[2,3,7,9]",n4_o070_r1720,4,"[1,2,3,4]",40,19
21,"[1,3,4,2]",10,"[1,2,3,4]","[2,9,3,7]","[2,3,7,9]",n4_o070_r1721,4,"[1,2,3,4]",40,19
21,"[1,4,3,2]",10,"[1,2,3,4]","[2,9,7,3]","[2,3,7,9]",n4_o070_r1722,4,"[1,2,3,4]",40,19
21,"[2,1,3,4]",10,"[1,2,3,4]","[3,2,7,9]","[2,3,7,9]",n4_o070_r1723,4,"[1,2,3,4]",40,19
21,"[2,1,4,3]",10,"[1,2,3,4]","[3,2,9,7]","[2,3,7,9]",n4_o070_r1724,4,"[1,2,3,4]",40,19
21,"[3,1,2,4]",10,"[1,2,3,4]","[3,7,2,9]","[2,3,7,9]",n4_o070_r1725,4,"[1,2,3,4]",40,19
21,"[4,1,2,3]",10,"[1,2,3,4]","[3,7,9,2]","[2,3,7,9]",n4_o070_r1726,4,"[1,2,3,4]",40,19
21,"[3,1,4,2]",10,"[1,2,3,4]","[3,9,2,7]","[2,3,7,9]",n4_o070_r1727,4,"[1,2,3,4]",40,19
21,"[4,1,3,2]",10,"[1,2,3,4]","[3,9,7,2]","[2,3,7,9]",n4_o070_r1728,4,"[1,2,3,4]",40,19
21,"[2,3,1,4]",10,"[1,2,3,4]","[7,2,3,9]","[2,3,7,9]",n4_o070_r1729,4,"[1,2,3,4]",40,19
21,"[2,4,1,3]",10,"[1,2,3,4]","[7,2,9,3]","[2,3,7,9]",n4_o070_r1730,4,"[1,2,3,4]",40,19
21,"[3,2,1,4]",10,"[1,2,3,4]","[7,3,2,9]","[2,3,7,9]",n4_o070_r1731,4,"[1,2,3,4]",40,19
21,"[4,2,1,3]",10,"[1,2,3,4]","[7,3,9,2]","[2,3,7,9]",n4_o070_r1732,4,"[1,2,3,4]",40,19
21,"[3,4,1,2]",10,"[1,2,3,4]","[7,9,2,3]","[2,3,7,9]",n4_o070_r1733,4,"[1,2,3,4]",40,19
21,"[4,3,1,2]",10,"[1,2,3,4]","[7,9,3,2]","[2,3,7,9]",n4_o070_r1734,4,"[1,2,3,4]",40,19
21,"[2,3,4,1]",10,"[1,2,3,4]","[9,2,3,7]","[2,3,7,9]",n4_o070_r1735,4,"[1,2,3,4]",40,19
21,"[2,4,3,1]",10,"[1,2,3,4]","[9,2,7,3]","[2,3,7,9]",n4_o070_r1736,4,"[1,2,3,4]",40,19
21,"[3,2,4,1]",10,"[1,2,3,4]","[9,3,2,7]","[2,3,7,9]",n4_o070_r1737,4,"[1,2,3,4]",40,19
21,"[4,2,3,1]",10,"[1,2,3,4]","[9,3,7,2]","[2,3,7,9]",n4_o070_r1738,4,"[1,2,3,4]",40,19
21,"[3,4,2,1]",10,"[1,2,3,4]","[9,7,2,3]","[2,3,7,9]",n4_o070_r1739,4,"[1,2,3,4]",40,19
21,"[4,3,2,1]",10,"[1,2,3,4]","[9,7,3,2]","[2,3,7,9]",n4_o070_r1740,4,"[1,2,3,4]",40,19
22,"[1,2,3,4]",10,"[1,2,3,4]","[2,3,8,9]","[2,3,8,9]",n4_o071_r1741,4,"[1,2,3,4]",20,9
22,"[1,2,4,3]",10,"[1,2,3,4]","[2,3,9,8]","[2,3,8,9]",n4_o071_r1742,4,"[1,2,3,4]",20,9
22,"[1,3,2,4]",10,"[1,2,3,4]","[2,8,3,9]","[2,3,8,9]",n4_o071_r1743,4,"[1,2,3,4]",20,9
22,"[1,4,2,3]",10,"[1,2,3,4]","[2,8,9,3]","[2,3,8,9]",n4_o071_r1744,4,"[1,2,3,4]",20,9
22,"[1,3,4,2]",10,"[1,2,3,4]","[2,9,3,8]","[2,3,8,9]",n4_o071_r1745,4,"[1,2,3,4]",20,9
22,"[1,4,3,2]",10,"[1,2,3,4]","[2,9,8,3]","[2,3,8,9]",n4_o071_r1746,4,"[1,2,3,4]",20,9
22,"[2,1,3,4]",10,"[1,2,3,4]","[3,2,8,9]","[2,3,8,9]",n4_o071_r1747,4,"[1,2,3,4]",20,9
22,"[2,1,4,3]",10,"[1,2,3,4]","[3,2,9,8]","[2,3,8,9]",n4_o071_r1748,4,"[1,2,3,4]",20,9
22,"[3,1,2,4]",10,"[1,2,3,4]","[3,8,2,9]","[2,3,8,9]",n4_o071_r1749,4,"[1,2,3,4]",20,9
22,"[4,1,2,3]",10,"[1,2,3,4]","[3,8,9,2]","[2,3,8,9]",n4_o071_r1750,4,"[1,2,3,4]",20,9
22,"[3,1,4,2]",10,"[1,2,3,4]","[3,9,2,8]","[2,3,8,9]",n4_o071_r1751,4,"[1,2,3,4]",20,9
22,"[4,1,3,2]",10,"[1,2,3,4]","[3,9,8,2]","[2,3,8,9]",n4_o071_r1752,4,"[1,2,3,4]",20,9
22,"[2,3,1,4]",10,"[1,2,3,4]","[8,2,3,9]","[2,3,8,9]",n4_o071_r1753,4,"[1,2,3,4]",20,9
22,"[2,4,1,3]",10,"[1,2,3,4]","[8,2,9,3]","[2,3,8,9]",n4_o071_r1754,4,"[1,2,3,4]",20,9
22,"[3,2,1,4]",10,"[1,2,3,4]","[8,3,2,9]","[2,3,8,9]",n4_o071_r1755,4,"[1,2,3,4]",20,9
22,"[4,2,1,3]",10,"[1,2,3,4]","[8,3,9,2]","[2,3,8,9]",n4_o071_r1756,4,"[1,2,3,4]",20,9
22,"[3,4,1,2]",10,"[1,2,3,4]","[8,9,2,3]","[2,3,8,9]",n4_o071_r1757,4,"[1,2,3,4]",20,9
22,"[4,3,1,2]",10,"[1,2,3,4]","[8,9,3,2]","[2,3,8,9]",n4_o071_r1758,4,"[1,2,3,4]",20,9
22,"[2,3,4,1]",10,"[1,2,3,4]","[9,2,3,8]","[2,3,8,9]",n4_o071_r1759,4,"[1,2,3,4]",20,9
22,"[2,4,3,1]",10,"[1,2,3,4]","[9,2,8,3]","[2,3,8,9]",n4_o071_r1760,4,"[1,2,3,4]",20,9
22,"[3,2,4,1]",10,"[1,2,3,4]","[9,3,2,8]","[2,3,8,9]",n4_o071_r1761,4,"[1,2,3,4]",20,9
22,"[4,2,3,1]",10,"[1,2,3,4]","[9,3,8,2]","[2,3,8,9]",n4_o071_r1762,4,"[1,2,3,4]",20,9
22,"[3,4,2,1]",10,"[1,2,3,4]","[9,8,2,3]","[2,3,8,9]",n4_o071_r1763,4,"[1,2,3,4]",20,9
22,"[4,3,2,1]",10,"[1,2,3,4]","[9,8,3,2]","[2,3,8,9]",n4_o071_r1764,4,"[1,2,3,4]",20,9
17,"[1,2,3,4]",10,"[1,2,3,4]","[2,4,5,6]","[2,4,5,6]",n4_o072_r1765,4,"[1,2,3,4]",40,23
17,"[1,2,4,3]",10,"[1,2,3,4]","[2,4,6,5]","[2,4,5,6]",n4_o072_r1766,4,"[1,2,3,4]",40,23
17,"[1,3,2,4]",10,"[1,2,3,4]","[2,5,4,6]","[2,4,5,6]",n4_o072_r1767,4,"[1,2,3,4]",40,23
17,"[1,4,2,3]",10,"[1,2,3,4]","[2,5,6,4]","[2,4,5,6]",n4_o072_r1768,4,"[1,2,3,4]",40,23
17,"[1,3,4,2]",10,"[1,2,3,4]","[2,6,4,5]","[2,4,5,6]",n4_o072_r1769,4,"[1,2,3,4]",40,23
17,"[1,4,3,2]",10,"[1,2,3,4]","[2,6,5,4]","[2,4,5,6]",n4_o072_r1770,4,"[1,2,3,4]",40,23
17,"[2,1,3,4]",10,"[1,2,3,4]","[4,2,5,6]","[2,4,5,6]",n4_o072_r1771,4,"[1,2,3,4]",40,23
17,"[2,1,4,3]",10,"[1,2,3,4]","[4,2,6,5]","[2,4,5,6]",n4_o072_r1772,4,"[1,2,3,4]",40,23
17,"[3,1,2,4]",10,"[1,2,3,4]","[4,5,2,6]","[2,4,5,6]",n4_o072_r1773,4,"[1,2,3,4]",40,23
17,"[4,1,2,3]",10,"[1,2,3,4]","[4,5,6,2]","[2,4,5,6]",n4_o072_r1774,4,"[1,2,3,4]",40,23
17,"[3,1,4,2]",10,"[1,2,3,4]","[4,6,2,5]","[2,4,5,6]",n4_o072_r1775,4,"[1,2,3,4]",40,23
17,"[4,1,3,2]",10,"[1,2,3,4]","[4,6,5,2]","[2,4,5,6]",n4_o072_r1776,4,"[1,2,3,4]",40,23
17,"[2,3,1,4]",10,"[1,2,3,4]","[5,2,4,6]","[2,4,5,6]",n4_o072_r1777,4,"[1,2,3,4]",40,23
17,"[2,4,1,3]",10,"[1,2,3,4]","[5,2,6,4]","[2,4,5,6]",n4_o072_r1778,4,"[1,2,3,4]",40,23
17,"[3,2,1,4]",10,"[1,2,3,4]","[5,4,2,6]","[2,4,5,6]",n4_o072_r1779,4,"[1,2,3,4]",40,23
17,"[4,2,1,3]",10,"[1,2,3,4]","[5,4,6,2]","[2,4,5,6]",n4_o072_r1780,4,"[1,2,3,4]",40,23
17,"[3,4,1,2]",10,"[1,2,3,4]","[5,6,2,4]","[2,4,5,6]",n4_o072_r1781,4,"[1,2,3,4]",40,23
17,"[4,3,1,2]",10,"[1,2,3,4]","[5,6,4,2]","[2,4,5,6]",n4_o072_r1782,4,"[1,2,3,4]",40,23
17,"[2,3,4,1]",10,"[1,2,3,4]","[6,2,4,5]","[2,4,5,6]",n4_o072_r1783,4,"[1,2,3,4]",40,23
17,"[2,4,3,1]",10,"[1,2,3,4]","[6,2,5,4]","[2,4,5,6]",n4_o072_r1784,4,"[1,2,3,4]",40,23
17,"[3,2,4,1]",10,"[1,2,3,4]","[6,4,2,5]","[2,4,5,6]",n4_o072_r1785,4,"[1,2,3,4]",40,23
17,"[4,2,3,1]",10,"[1,2,3,4]","[6,4,5,2]","[2,4,5,6]",n4_o072_r1786,4,"[1,2,3,4]",40,23
17,"[3,4,2,1]",10,"[1,2,3,4]","[6,5,2,4]","[2,4,5,6]",n4_o072_r1787,4,"[1,2,3,4]",40,23
17,"[4,3,2,1]",10,"[1,2,3,4]","[6,5,4,2]","[2,4,5,6]",n4_o072_r1788,4,"[1,2,3,4]",40,23
18,"[1,2,3,4]",10,"[1,2,3,4]","[2,4,5,7]","[2,4,5,7]",n4_o073_r1789,4,"[1,2,3,4]",20,11
18,"[1,2,4,3]",10,"[1,2,3,4]","[2,4,7,5]","[2,4,5,7]",n4_o073_r1790,4,"[1,2,3,4]",20,11
18,"[1,3,2,4]",10,"[1,2,3,4]","[2,5,4,7]","[2,4,5,7]",n4_o073_r1791,4,"[1,2,3,4]",20,11
18,"[1,4,2,3]",10,"[1,2,3,4]","[2,5,7,4]","[2,4,5,7]",n4_o073_r1792,4,"[1,2,3,4]",20,11
18,"[1,3,4,2]",10,"[1,2,3,4]","[2,7,4,5]","[2,4,5,7]",n4_o073_r1793,4,"[1,2,3,4]",20,11
18,"[1,4,3,2]",10,"[1,2,3,4]","[2,7,5,4]","[2,4,5,7]",n4_o073_r1794,4,"[1,2,3,4]",20,11
18,"[2,1,3,4]",10,"[1,2,3,4]","[4,2,5,7]","[2,4,5,7]",n4_o073_r1795,4,"[1,2,3,4]",20,11
18,"[2,1,4,3]",10,"[1,2,3,4]","[4,2,7,5]","[2,4,5,7]",n4_o073_r1796,4,"[1,2,3,4]",20,11
18,"[3,1,2,4]",10,"[1,2,3,4]","[4,5,2,7]","[2,4,5,7]",n4_o073_r1797,4,"[1,2,3,4]",20,11
18,"[4,1,2,3]",10,"[1,2,3,4]","[4,5,7,2]","[2,4,5,7]",n4_o073_r1798,4,"[1,2,3,4]",20,11
18,"[3,1,4,2]",10,"[1,2,3,4]","[4,7,2,5]","[2,4,5,7]",n4_o073_r1799,4,"[1,2,3,4]",20,11
18,"[4,1,3,2]",10,"[1,2,3,4]","[4,7,5,2]","[2,4,5,7]",n4_o073_r1800,4,"[1,2,3,4]",20,11
18,"[2,3,1,4]",10,"[1,2,3,4]","[5,2,4,7]","[2,4,5,7]",n4_o073_r1801,4,"[1,2,3,4]",20,11
18,"[2,4,1,3]",10,"[1,2,3,4]","[5,2,7,4]","[2,4,5,7]",n4_o073_r1802,4,"[1,2,3,4]",20,11
18,"[3,2,1,4]",10,"[1,2,3,4]","[5,4,2,7]","[2,4,5,7]",n4_o073_r1803,4,"[1,2,3,4]",20,11
18,"[4,2,1,3]",10,"[1,2,3,4]","[5,4,7,2]","[2,4,5,7]",n4_o073_r1804,4,"[1,2,3,4]",20,11
18,"[3,4,1,2]",10,"[1,2,3,4]","[5,7,2,4]","[2,4,5,7]",n4_o073_r1805,4,"[1,2,3,4]",20,11
18,"[4,3,1,2]",10,"[1,2,3,4]","[5,7,4,2]","[2,4,5,7]",n4_o073_r1806,4,"[1,2,3,4]",20,11
18,"[2,3,4,1]",10,"[1,2,3,4]","[7,2,4,5]","[2,4,5,7]",n4_o073_r1807,4,"[1,2,3,4]",20,11
18,"[2,4,3,1]",10,"[1,2,3,4]","[7,2,5,4]","[2,4,5,7]",n4_o073_r1808,4,"[1,2,3,4]",20,11
18,"[3,2,4,1]",10,"[1,2,3,4]","[7,4,2,5]","[2,4,5,7]",n4_o073_r1809,4,"[1,2,3,4]",20,11
18,"[4,2,3,1]",10,"[1,2,3,4]","[7,4,5,2]","[2,4,5,7]",n4_o073_r1810,4,"[1,2,3,4]",20,11
18,"[3,4,2,1]",10,"[1,2,3,4]","[7,5,2,4]","[2,4,5,7]",n4_o073_r1811,4,"[1,2,3,4]",20,11
18,"[4,3,2,1]",10,"[1,2,3,4]","[7,5,4,2]","[2,4,5,7]",n4_o073_r1812,4,"[1,2,3,4]",20,11
19,"[1,2,3,4]",10,"[1,2,3,4]","[2,4,5,8]","[2,4,5,8]",n4_o074_r1813,4,"[1,2,3,4]",40,21
19,"[1,2,4,3]",10,"[1,2,3,4]","[2,4,8,5]","[2,4,5,8]",n4_o074_r1814,4,"[1,2,3,4]",40,21
19,"[1,3,2,4]",10,"[1,2,3,4]","[2,5,4,8]","[2,4,5,8]",n4_o074_r1815,4,"[1,2,3,4]",40,21
19,"[1,4,2,3]",10,"[1,2,3,4]","[2,5,8,4]","[2,4,5,8]",n4_o074_r1816,4,"[1,2,3,4]",40,21
19,"[1,3,4,2]",10,"[1,2,3,4]","[2,8,4,5]","[2,4,5,8]",n4_o074_r1817,4,"[1,2,3,4]",40,21
19,"[1,4,3,2]",10,"[1,2,3,4]","[2,8,5,4]","[2,4,5,8]",n4_o074_r1818,4,"[1,2,3,4]",40,21
19,"[2,1,3,4]",10,"[1,2,3,4]","[4,2,5,8]","[2,4,5,8]",n4_o074_r1819,4,"[1,2,3,4]",40,21
19,"[2,1,4,3]",10,"[1,2,3,4]","[4,2,8,5]","[2,4,5,8]",n4_o074_r1820,4,"[1,2,3,4]",40,21
19,"[3,1,2,4]",10,"[1,2,3,4]","[4,5,2,8]","[2,4,5,8]",n4_o074_r1821,4,"[1,2,3,4]",40,21
19,"[4,1,2,3]",10,"[1,2,3,4]","[4,5,8,2]","[2,4,5,8]",n4_o074_r1822,4,"[1,2,3,4]",40,21
19,"[3,1,4,2]",10,"[1,2,3,4]","[4,8,2,5]","[2,4,5,8]",n4_o074_r1823,4,"[1,2,3,4]",40,21
19,"[4,1,3,2]",10,"[1,2,3,4]","[4,8,5,2]","[2,4,5,8]",n4_o074_r1824,4,"[1,2,3,4]",40,21
19,"[2,3,1,4]",10,"[1,2,3,4]","[5,2,4,8]","[2,4,5,8]",n4_o074_r1825,4,"[1,2,3,4]",40,21
19,"[2,4,1,3]",10,"[1,2,3,4]","[5,2,8,4]","[2,4,5,8]",n4_o074_r1826,4,"[1,2,3,4]",40,21
19,"[3,2,1,4]",10,"[1,2,3,4]","[5,4,2,8]","[2,4,5,8]",n4_o074_r1827,4,"[1,2,3,4]",40,21
19,"[4,2,1,3]",10,"[1,2,3,4]","[5,4,8,2]","[2,4,5,8]",n4_o074_r1828,4,"[1,2,3,4]",40,21
19,"[3,4,1,2]",10,"[1,2,3,4]","[5,8,2,4]","[2,4,5,8]",n4_o074_r1829,4,"[1,2,3,4]",40,21
19,"[4,3,1,2]",10,"[1,2,3,4]","[5,8,4,2]","[2,4,5,8]",n4_o074_r1830,4,"[1,2,3,4]",40,21
19,"[2,3,4,1]",10,"[1,2,3,4]","[8,2,4,5]","[2,4,5,8]",n4_o074_r1831,4,"[1,2,3,4]",40,21
19,"[2,4,3,1]",10,"[1,2,3,4]","[8,2,5,4]","[2,4,5,8]",n4_o074_r1832,4,"[1,2,3,4]",40,21
19,"[3,2,4,1]",10,"[1,2,3,4]","[8,4,2,5]","[2,4,5,8]",n4_o074_r1833,4,"[1,2,3,4]",40,21
19,"[4,2,3,1]",10,"[1,2,3,4]","[8,4,5,2]","[2,4,5,8]",n4_o074_r1834,4,"[1,2,3,4]",40,21
19,"[3,4,2,1]",10,"[1,2,3,4]","[8,5,2,4]","[2,4,5,8]",n4_o074_r1835,4,"[1,2,3,4]",40,21
19,"[4,3,2,1]",10,"[1,2,3,4]","[8,5,4,2]","[2,4,5,8]",n4_o074_r1836,4,"[1,2,3,4]",40,21
20,"[1,2,3,4]",10,"[1,2,3,4]","[2,4,5,9]","[2,4,5,9]",n4_o075_r1837,4,"[1,2,3,4]",2,1
20,"[1,2,4,3]",10,"[1,2,3,4]","[2,4,9,5]","[2,4,5,9]",n4_o075_r1838,4,"[1,2,3,4]",2,1
20,"[1,3,2,4]",10,"[1,2,3,4]","[2,5,4,9]","[2,4,5,9]",n4_o075_r1839,4,"[1,2,3,4]",2,1
20,"[1,4,2,3]",10,"[1,2,3,4]","[2,5,9,4]","[2,4,5,9]",n4_o075_r1840,4,"[1,2,3,4]",2,1
20,"[1,3,4,2]",10,"[1,2,3,4]","[2,9,4,5]","[2,4,5,9]",n4_o075_r1841,4,"[1,2,3,4]",2,1
20,"[1,4,3,2]",10,"[1,2,3,4]","[2,9,5,4]","[2,4,5,9]",n4_o075_r1842,4,"[1,2,3,4]",2,1
20,"[2,1,3,4]",10,"[1,2,3,4]","[4,2,5,9]","[2,4,5,9]",n4_o075_r1843,4,"[1,2,3,4]",2,1
20,"[2,1,4,3]",10,"[1,2,3,4]","[4,2,9,5]","[2,4,5,9]",n4_o075_r1844,4,"[1,2,3,4]",2,1
20,"[3,1,2,4]",10,"[1,2,3,4]","[4,5,2,9]","[2,4,5,9]",n4_o075_r1845,4,"[1,2,3,4]",2,1
20,"[4,1,2,3]",10,"[1,2,3,4]","[4,5,9,2]","[2,4,5,9]",n4_o075_r1846,4,"[1,2,3,4]",2,1
20,"[3,1,4,2]",10,"[1,2,3,4]","[4,9,2,5]","[2,4,5,9]",n4_o075_r1847,4,"[1,2,3,4]",2,1
20,"[4,1,3,2]",10,"[1,2,3,4]","[4,9,5,2]","[2,4,5,9]",n4_o075_r1848,4,"[1,2,3,4]",2,1
20,"[2,3,1,4]",10,"[1,2,3,4]","[5,2,4,9]","[2,4,5,9]",n4_o075_r1849,4,"[1,2,3,4]",2,1
20,"[2,4,1,3]",10,"[1,2,3,4]","[5,2,9,4]","[2,4,5,9]",n4_o075_r1850,4,"[1,2,3,4]",2,1
20,"[3,2,1,4]",10,"[1,2,3,4]","[5,4,2,9]","[2,4,5,9]",n4_o075_r1851,4,"[1,2,3,4]",2,1
20,"[4,2,1,3]",10,"[1,2,3,4]","[5,4,9,2]","[2,4,5,9]",n4_o075_r1852,4,"[1,2,3,4]",2,1
20,"[3,4,1,2]",10,"[1,2,3,4]","[5,9,2,4]","[2,4,5,9]",n4_o075_r1853,4,"[1,2,3,4]",2,1
20,"[4,3,1,2]",10,"[1,2,3,4]","[5,9,4,2]","[2,4,5,9]",n4_o075_r1854,4,"[1,2,3,4]",2,1
20,"[2,3,4,1]",10,"[1,2,3,4]","[9,2,4,5]","[2,4,5,9]",n4_o075_r1855,4,"[1,2,3,4]",2,1
20,"[2,4,3,1]",10,"[1,2,3,4]","[9,2,5,4]","[2,4,5,9]",n4_o075_r1856,4,"[1,2,3,4]",2,1
20,"[3,2,4,1]",10,"[1,2,3,4]","[9,4,2,5]","[2,4,5,9]",n4_o075_r1857,4,"[1,2,3,4]",2,1
20,"[4,2,3,1]",10,"[1,2,3,4]","[9,4,5,2]","[2,4,5,9]",n4_o075_r1858,4,"[1,2,3,4]",2,1
20,"[3,4,2,1]",10,"[1,2,3,4]","[9,5,2,4]","[2,4,5,9]",n4_o075_r1859,4,"[1,2,3,4]",2,1
20,"[4,3,2,1]",10,"[1,2,3,4]","[9,5,4,2]","[2,4,5,9]",n4_o075_r1860,4,"[1,2,3,4]",2,1
19,"[1,2,3,4]",10,"[1,2,3,4]","[2,4,6,7]","[2,4,6,7]",n4_o076_r1861,4,"[1,2,3,4]",40,21
19,"[1,2,4,3]",10,"[1,2,3,4]","[2,4,7,6]","[2,4,6,7]",n4_o076_r1862,4,"[1,2,3,4]",40,21
19,"[1,3,2,4]",10,"[1,2,3,4]","[2,6,4,7]","[2,4,6,7]",n4_o076_r1863,4,"[1,2,3,4]",40,21
19,"[1,4,2,3]",10,"[1,2,3,4]","[2,6,7,4]","[2,4,6,7]",n4_o076_r1864,4,"[1,2,3,4]",40,21
19,"[1,3,4,2]",10,"[1,2,3,4]","[2,7,4,6]","[2,4,6,7]",n4_o076_r1865,4,"[1,2,3,4]",40,21
19,"[1,4,3,2]",10,"[1,2,3,4]","[2,7,6,4]","[2,4,6,7]",n4_o076_r1866,4,"[1,2,3,4]",40,21
19,"[2,1,3,4]",10,"[1,2,3,4]","[4,2,6,7]","[2,4,6,7]",n4_o076_r1867,4,"[1,2,3,4]",40,21
19,"[2,1,4,3]",10,"[1,2,3,4]","[4,2,7,6]","[2,4,6,7]",n4_o076_r1868,4,"[1,2,3,4]",40,21
19,"[3,1,2,4]",10,"[1,2,3,4]","[4,6,2,7]","[2,4,6,7]",n4_o076_r1869,4,"[1,2,3,4]",40,21
19,"[4,1,2,3]",10,"[1,2,3,4]","[4,6,7,2]","[2,4,6,7]",n4_o076_r1870,4,"[1,2,3,4]",40,21
19,"[3,1,4,2]",10,"[1,2,3,4]","[4,7,2,6]","[2,4,6,7]",n4_o076_r1871,4,"[1,2,3,4]",40,21
19,"[4,1,3,2]",10,"[1,2,3,4]","[4,7,6,2]","[2,4,6,7]",n4_o076_r1872,4,"[1,2,3,4]",40,21
19,"[2,3,1,4]",10,"[1,2,3,4]","[6,2,4,7]","[2,4,6,7]",n4_o076_r1873,4,"[1,2,3,4]",40,21
19,"[2,4,1,3]",10,"[1,2,3,4]","[6,2,7,4]","[2,4,6,7]",n4_o076_r1874,4,"[1,2,3,4]",40,21
19,"[3,2,1,4]",10,"[1,2,3,4]","[6,4,2,7]","[2,4,6,7]",n4_o076_r1875,4,"[1,2,3,4]",40,21
19,"[4,2,1,3]",10,"[1,2,3,4]","[6,4,7,2]","[2,4,6,7]",n4_o076_r1876,4,"[1,2,3,4]",40,21
19,"[3,4,1,2]",10,"[1,2,3,4]","[6,7,2,4]","[2,4,6,7]",n4_o076_r1877,4,"[1,2,3,4]",40,21
19,"[4,3,1,2]",10,"[1,2,3,4]","[6,7,4,2]","[2,4,6,7]",n4_o076_r1878,4,"[1,2,3,4]",40,21
19,"[2,3,4,1]",10,"[1,2,3,4]","[7,2,4,6]","[2,4,6,7]",n4_o076_r1879,4,"[1,2,3,4]",40,21
19,"[2,4,3,1]",10,"[1,2,3,4]","[7,2,6,4]","[2,4,6,7]",n4_o076_r1880,4,"[1,2,3,4]",40,21
19,"[3,2,4,1]",10,"[1,2,3,4]","[7,4,2,6]","[2,4,6,7]",n4_o076_r1881,4,"[1,2,3,4]",40,21
19,"[4,2,3,1]",10,"[1,2,3,4]","[7,4,6,2]","[2,4,6,7]",n4_o076_r1882,4,"[1,2,3,4]",40,21
19,"[3,4,2,1]",10,"[1,2,3,4]","[7,6,2,4]","[2,4,6,7]",n4_o076_r1883,4,"[1,2,3,4]",40,21
19,"[4,3,2,1]",10,"[1,2,3,4]","[7,6,4,2]","[2,4,6,7]",n4_o076_r1884,4,"[1,2,3,4]",40,21
20,"[1,2,3,4]",10,"[1,2,3,4]","[2,4,6,8]","[2,4,6,8]",n4_o077_r1885,4,"[1,2,3,4]",2,1
20,"[1,2,4,3]",10,"[1,2,3,4]","[2,4,8,6]","[2,4,6,8]",n4_o077_r1886,4,"[1,2,3,4]",2,1
20,"[1,3,2,4]",10,"[1,2,3,4]","[2,6,4,8]","[2,4,6,8]",n4_o077_r1887,4,"[1,2,3,4]",2,1
20,"[1,4,2,3]",10,"[1,2,3,4]","[2,6,8,4]","[2,4,6,8]",n4_o077_r1888,4,"[1,2,3,4]",2,1
20,"[1,3,4,2]",10,"[1,2,3,4]","[2,8,4,6]","[2,4,6,8]",n4_o077_r1889,4,"[1,2,3,4]",2,1
20,"[1,4,3,2]",10,"[1,2,3,4]","[2,8,6,4]","[2,4,6,8]",n4_o077_r1890,4,"[1,2,3,4]",2,1
20,"[2,1,3,4]",10,"[1,2,3,4]","[4,2,6,8]","[2,4,6,8]",n4_o077_r1891,4,"[1,2,3,4]",2,1
20,"[2,1,4,3]",10,"[1,2,3,4]","[4,2,8,6]","[2,4,6,8]",n4_o077_r1892,4,"[1,2,3,4]",2,1
20,"[3,1,2,4]",10,"[1,2,3,4]","[4,6,2,8]","[2,4,6,8]",n4_o077_r1893,4,"[1,2,3,4]",2,1
20,"[4,1,2,3]",10,"[1,2,3,4]","[4,6,8,2]","[2,4,6,8]",n4_o077_r1894,4,"[1,2,3,4]",2,1
20,"[3,1,4,2]",10,"[1,2,3,4]","[4,8,2,6]","[2,4,6,8]",n4_o077_r1895,4,"[1,2,3,4]",2,1
20,"[4,1,3,2]",10,"[1,2,3,4]","[4,8,6,2]","[2,4,6,8]",n4_o077_r1896,4,"[1,2,3,4]",2,1
20,"[2,3,1,4]",10,"[1,2,3,4]","[6,2,4,8]","[2,4,6,8]",n4_o077_r1897,4,"[1,2,3,4]",2,1
20,"[2,4,1,3]",10,"[1,2,3,4]","[6,2,8,4]","[2,4,6,8]",n4_o077_r1898,4,"[1,2,3,4]",2,1
20,"[3,2,1,4]",10,"[1,2,3,4]","[6,4,2,8]","[2,4,6,8]",n4_o077_r1899,4,"[1,2,3,4]",2,1
20,"[4,2,1,3]",10,"[1,2,3,4]","[6,4,8,2]","[2,4,6,8]",n4_o077_r1900,4,"[1,2,3,4]",2,1
20,"[3,4,1,2]",10,"[1,2,3,4]","[6,8,2,4]","[2,4,6,8]",n4_o077_r1901,4,"[1,2,3,4]",2,1
20,"[4,3,1,2]",10,"[1,2,3,4]","[6,8,4,2]","[2,4,6,8]",n4_o077_r1902,4,"[1,2,3,4]",2,1
20,"[2,3,4,1]",10,"[1,2,3,4]","[8,2,4,6]","[2,4,6,8]",n4_o077_r1903,4,"[1,2,3,4]",2,1
20,"[2,4,3,1]",10,"[1,2,3,4]","[8,2,6,4]","[2,4,6,8]",n4_o077_r1904,4,"[1,2,3,4]",2,1
20,"[3,2,4,1]",10,"[1,2,3,4]","[8,4,2,6]","[2,4,6,8]",n4_o077_r1905,4,"[1,2,3,4]",2,1
20,"[4,2,3,1]",10,"[1,2,3,4]","[8,4,6,2]","[2,4,6,8]",n4_o077_r1906,4,"[1,2,3,4]",2,1
20,"[3,4,2,1]",10,"[1,2,3,4]","[8,6,2,4]","[2,4,6,8]",n4_o077_r1907,4,"[1,2,3,4]",2,1
20,"[4,3,2,1]",10,"[1,2,3,4]","[8,6,4,2]","[2,4,6,8]",n4_o077_r1908,4,"[1,2,3,4]",2,1
21,"[1,2,3,4]",10,"[1,2,3,4]","[2,4,6,9]","[2,4,6,9]",n4_o078_r1909,4,"[1,2,3,4]",40,19
21,"[1,2,4,3]",10,"[1,2,3,4]","[2,4,9,6]","[2,4,6,9]",n4_o078_r1910,4,"[1,2,3,4]",40,19
21,"[1,3,2,4]",10,"[1,2,3,4]","[2,6,4,9]","[2,4,6,9]",n4_o078_r1911,4,"[1,2,3,4]",40,19
21,"[1,4,2,3]",10,"[1,2,3,4]","[2,6,9,4]","[2,4,6,9]",n4_o078_r1912,4,"[1,2,3,4]",40,19
21,"[1,3,4,2]",10,"[1,2,3,4]","[2,9,4,6]","[2,4,6,9]",n4_o078_r1913,4,"[1,2,3,4]",40,19
21,"[1,4,3,2]",10,"[1,2,3,4]","[2,9,6,4]","[2,4,6,9]",n4_o078_r1914,4,"[1,2,3,4]",40,19
21,"[2,1,3,4]",10,"[1,2,3,4]","[4,2,6,9]","[2,4,6,9]",n4_o078_r1915,4,"[1,2,3,4]",40,19
21,"[2,1,4,3]",10,"[1,2,3,4]","[4,2,9,6]","[2,4,6,9]",n4_o078_r1916,4,"[1,2,3,4]",40,19
21,"[3,1,2,4]",10,"[1,2,3,4]","[4,6,2,9]","[2,4,6,9]",n4_o078_r1917,4,"[1,2,3,4]",40,19
21,"[4,1,2,3]",10,"[1,2,3,4]","[4,6,9,2]","[2,4,6,9]",n4_o078_r1918,4,"[1,2,3,4]",40,19
21,"[3,1,4,2]",10,"[1,2,3,4]","[4,9,2,6]","[2,4,6,9]",n4_o078_r1919,4,"[1,2,3,4]",40,19
21,"[4,1,3,2]",10,"[1,2,3,4]","[4,9,6,2]","[2,4,6,9]",n4_o078_r1920,4,"[1,2,3,4]",40,19
21,"[2,3,1,4]",10,"[1,2,3,4]","[6,2,4,9]","[2,4,6,9]",n4_o078_r1921,4,"[1,2,3,4]",40,19
21,"[2,4,1,3]",10,"[1,2,3,4]","[6,2,9,4]","[2,4,6,9]",n4_o078_r1922,4,"[1,2,3,4]",40,19
21,"[3,2,1,4]",10,"[1,2,3,4]","[6,4,2,9]","[2,4,6,9]",n4_o078_r1923,4,"[1,2,3,4]",40,19
21,"[4,2,1,3]",10,"[1,2,3,4]","[6,4,9,2]","[2,4,6,9]",n4_o078_r1924,4,"[1,2,3,4]",40,19
21,"[3,4,1,2]",10,"[1,2,3,4]","[6,9,2,4]","[2,4,6,9]",n4_o078_r1925,4,"[1,2,3,4]",40,19
21,"[4,3,1,2]",10,"[1,2,3,4]","[6,9,4,2]","[2,4,6,9]",n4_o078_r1926,4,"[1,2,3,4]",40,19
21,"[2,3,4,1]",10,"[1,2,3,4]","[9,2,4,6]","[2,4,6,9]",n4_o078_r1927,4,"[1,2,3,4]",40,19
21,"[2,4,3,1]",10,"[1,2,3,4]","[9,2,6,4]","[2,4,6,9]",n4_o078_r1928,4,"[1,2,3,4]",40,19
21,"[3,2,4,1]",10,"[1,2,3,4]","[9,4,2,6]","[2,4,6,9]",n4_o078_r1929,4,"[1,2,3,4]",40,19
21,"[4,2,3,1]",10,"[1,2,3,4]","[9,4,6,2]","[2,4,6,9]",n4_o078_r1930,4,"[1,2,3,4]",40,19
21,"[3,4,2,1]",10,"[1,2,3,4]","[9,6,2,4]","[2,4,6,9]",n4_o078_r1931,4,"[1,2,3,4]",40,19
21,"[4,3,2,1]",10,"[1,2,3,4]","[9,6,4,2]","[2,4,6,9]",n4_o078_r1932,4,"[1,2,3,4]",40,19
21,"[1,2,3,4]",10,"[1,2,3,4]","[2,4,7,8]","[2,4,7,8]",n4_o079_r1933,4,"[1,2,3,4]",40,19
21,"[1,2,4,3]",10,"[1,2,3,4]","[2,4,8,7]","[2,4,7,8]",n4_o079_r1934,4,"[1,2,3,4]",40,19
21,"[1,3,2,4]",10,"[1,2,3,4]","[2,7,4,8]","[2,4,7,8]",n4_o079_r1935,4,"[1,2,3,4]",40,19
21,"[1,4,2,3]",10,"[1,2,3,4]","[2,7,8,4]","[2,4,7,8]",n4_o079_r1936,4,"[1,2,3,4]",40,19
21,"[1,3,4,2]",10,"[1,2,3,4]","[2,8,4,7]","[2,4,7,8]",n4_o079_r1937,4,"[1,2,3,4]",40,19
21,"[1,4,3,2]",10,"[1,2,3,4]","[2,8,7,4]","[2,4,7,8]",n4_o079_r1938,4,"[1,2,3,4]",40,19
21,"[2,1,3,4]",10,"[1,2,3,4]","[4,2,7,8]","[2,4,7,8]",n4_o079_r1939,4,"[1,2,3,4]",40,19
21,"[2,1,4,3]",10,"[1,2,3,4]","[4,2,8,7]","[2,4,7,8]",n4_o079_r1940,4,"[1,2,3,4]",40,19
21,"[3,1,2,4]",10,"[1,2,3,4]","[4,7,2,8]","[2,4,7,8]",n4_o079_r1941,4,"[1,2,3,4]",40,19
21,"[4,1,2,3]",10,"[1,2,3,4]","[4,7,8,2]","[2,4,7,8]",n4_o079_r1942,4,"[1,2,3,4]",40,19
21,"[3,1,4,2]",10,"[1,2,3,4]","[4,8,2,7]","[2,4,7,8]",n4_o079_r1943,4,"[1,2,3,4]",40,19
21,"[4,1,3,2]",10,"[1,2,3,4]","[4,8,7,2]","[2,4,7,8]",n4_o079_r1944,4,"[1,2,3,4]",40,19
21,"[2,3,1,4]",10,"[1,2,3,4]","[7,2,4,8]","[2,4,7,8]",n4_o079_r1945,4,"[1,2,3,4]",40,19
21,"[2,4,1,3]",10,"[1,2,3,4]","[7,2,8,4]","[2,4,7,8]",n4_o079_r1946,4,"[1,2,3,4]",40,19
21,"[3,2,1,4]",10,"[1,2,3,4]","[7,4,2,8]","[2,4,7,8]",n4_o079_r1947,4,"[1,2,3,4]",40,19
21,"[4,2,1,3]",10,"[1,2,3,4]","[7,4,8,2]","[2,4,7,8]",n4_o079_r1948,4,"[1,2,3,4]",40,19
21,"[3,4,1,2]",10,"[1,2,3,4]","[7,8,2,4]","[2,4,7,8]",n4_o079_r1949,4,"[1,2,3,4]",40,19
21,"[4,3,1,2]",10,"[1,2,3,4]","[7,8,4,2]","[2,4,7,8]",n4_o079_r1950,4,"[1,2,3,4]",40,19
21,"[2,3,4,1]",10,"[1,2,3,4]","[8,2,4,7]","[2,4,7,8]",n4_o079_r1951,4,"[1,2,3,4]",40,19
21,"[2,4,3,1]",10,"[1,2,3,4]","[8,2,7,4]","[2,4,7,8]",n4_o079_r1952,4,"[1,2,3,4]",40,19
21,"[3,2,4,1]",10,"[1,2,3,4]","[8,4,2,7]","[2,4,7,8]",n4_o079_r1953,4,"[1,2,3,4]",40,19
21,"[4,2,3,1]",10,"[1,2,3,4]","[8,4,7,2]","[2,4,7,8]",n4_o079_r1954,4,"[1,2,3,4]",40,19
21,"[3,4,2,1]",10,"[1,2,3,4]","[8,7,2,4]","[2,4,7,8]",n4_o079_r1955,4,"[1,2,3,4]",40,19
21,"[4,3,2,1]",10,"[1,2,3,4]","[8,7,4,2]","[2,4,7,8]",n4_o079_r1956,4,"[1,2,3,4]",40,19
22,"[1,2,3,4]",10,"[1,2,3,4]","[2,4,7,9]","[2,4,7,9]",n4_o080_r1957,4,"[1,2,3,4]",20,9
22,"[1,2,4,3]",10,"[1,2,3,4]","[2,4,9,7]","[2,4,7,9]",n4_o080_r1958,4,"[1,2,3,4]",20,9
22,"[1,3,2,4]",10,"[1,2,3,4]","[2,7,4,9]","[2,4,7,9]",n4_o080_r1959,4,"[1,2,3,4]",20,9
22,"[1,4,2,3]",10,"[1,2,3,4]","[2,7,9,4]","[2,4,7,9]",n4_o080_r1960,4,"[1,2,3,4]",20,9
22,"[1,3,4,2]",10,"[1,2,3,4]","[2,9,4,7]","[2,4,7,9]",n4_o080_r1961,4,"[1,2,3,4]",20,9
22,"[1,4,3,2]",10,"[1,2,3,4]","[2,9,7,4]","[2,4,7,9]",n4_o080_r1962,4,"[1,2,3,4]",20,9
22,"[2,1,3,4]",10,"[1,2,3,4]","[4,2,7,9]","[2,4,7,9]",n4_o080_r1963,4,"[1,2,3,4]",20,9
22,"[2,1,4,3]",10,"[1,2,3,4]","[4,2,9,7]","[2,4,7,9]",n4_o080_r1964,4,"[1,2,3,4]",20,9
22,"[3,1,2,4]",10,"[1,2,3,4]","[4,7,2,9]","[2,4,7,9]",n4_o080_r1965,4,"[1,2,3,4]",20,9
22,"[4,1,2,3]",10,"[1,2,3,4]","[4,7,9,2]","[2,4,7,9]",n4_o080_r1966,4,"[1,2,3,4]",20,9
22,"[3,1,4,2]",10,"[1,2,3,4]","[4,9,2,7]","[2,4,7,9]",n4_o080_r1967,4,"[1,2,3,4]",20,9
22,"[4,1,3,2]",10,"[1,2,3,4]","[4,9,7,2]","[2,4,7,9]",n4_o080_r1968,4,"[1,2,3,4]",20,9
22,"[2,3,1,4]",10,"[1,2,3,4]","[7,2,4,9]","[2,4,7,9]",n4_o080_r1969,4,"[1,2,3,4]",20,9
22,"[2,4,1,3]",10,"[1,2,3,4]","[7,2,9,4]","[2,4,7,9]",n4_o080_r1970,4,"[1,2,3,4]",20,9
22,"[3,2,1,4]",10,"[1,2,3,4]","[7,4,2,9]","[2,4,7,9]",n4_o080_r1971,4,"[1,2,3,4]",20,9
22,"[4,2,1,3]",10,"[1,2,3,4]","[7,4,9,2]","[2,4,7,9]",n4_o080_r1972,4,"[1,2,3,4]",20,9
22,"[3,4,1,2]",10,"[1,2,3,4]","[7,9,2,4]","[2,4,7,9]",n4_o080_r1973,4,"[1,2,3,4]",20,9
22,"[4,3,1,2]",10,"[1,2,3,4]","[7,9,4,2]","[2,4,7,9]",n4_o080_r1974,4,"[1,2,3,4]",20,9
22,"[2,3,4,1]",10,"[1,2,3,4]","[9,2,4,7]","[2,4,7,9]",n4_o080_r1975,4,"[1,2,3,4]",20,9
22,"[2,4,3,1]",10,"[1,2,3,4]","[9,2,7,4]","[2,4,7,9]",n4_o080_r1976,4,"[1,2,3,4]",20,9
22,"[3,2,4,1]",10,"[1,2,3,4]","[9,4,2,7]","[2,4,7,9]",n4_o080_r1977,4,"[1,2,3,4]",20,9
22,"[4,2,3,1]",10,"[1,2,3,4]","[9,4,7,2]","[2,4,7,9]",n4_o080_r1978,4,"[1,2,3,4]",20,9
22,"[3,4,2,1]",10,"[1,2,3,4]","[9,7,2,4]","[2,4,7,9]",n4_o080_r1979,4,"[1,2,3,4]",20,9
22,"[4,3,2,1]",10,"[1,2,3,4]","[9,7,4,2]","[2,4,7,9]",n4_o080_r1980,4,"[1,2,3,4]",20,9
23,"[1,2,3,4]",10,"[1,2,3,4]","[2,4,8,9]","[2,4,8,9]",n4_o081_r1981,4,"[1,2,3,4]",40,17
23,"[1,2,4,3]",10,"[1,2,3,4]","[2,4,9,8]","[2,4,8,9]",n4_o081_r1982,4,"[1,2,3,4]",40,17
23,"[1,3,2,4]",10,"[1,2,3,4]","[2,8,4,9]","[2,4,8,9]",n4_o081_r1983,4,"[1,2,3,4]",40,17
23,"[1,4,2,3]",10,"[1,2,3,4]","[2,8,9,4]","[2,4,8,9]",n4_o081_r1984,4,"[1,2,3,4]",40,17
23,"[1,3,4,2]",10,"[1,2,3,4]","[2,9,4,8]","[2,4,8,9]",n4_o081_r1985,4,"[1,2,3,4]",40,17
23,"[1,4,3,2]",10,"[1,2,3,4]","[2,9,8,4]","[2,4,8,9]",n4_o081_r1986,4,"[1,2,3,4]",40,17
23,"[2,1,3,4]",10,"[1,2,3,4]","[4,2,8,9]","[2,4,8,9]",n4_o081_r1987,4,"[1,2,3,4]",40,17
23,"[2,1,4,3]",10,"[1,2,3,4]","[4,2,9,8]","[2,4,8,9]",n4_o081_r1988,4,"[1,2,3,4]",40,17
23,"[3,1,2,4]",10,"[1,2,3,4]","[4,8,2,9]","[2,4,8,9]",n4_o081_r1989,4,"[1,2,3,4]",40,17
23,"[4,1,2,3]",10,"[1,2,3,4]","[4,8,9,2]","[2,4,8,9]",n4_o081_r1990,4,"[1,2,3,4]",40,17
23,"[3,1,4,2]",10,"[1,2,3,4]","[4,9,2,8]","[2,4,8,9]",n4_o081_r1991,4,"[1,2,3,4]",40,17
23,"[4,1,3,2]",10,"[1,2,3,4]","[4,9,8,2]","[2,4,8,9]",n4_o081_r1992,4,"[1,2,3,4]",40,17
23,"[2,3,1,4]",10,"[1,2,3,4]","[8,2,4,9]","[2,4,8,9]",n4_o081_r1993,4,"[1,2,3,4]",40,17
23,"[2,4,1,3]",10,"[1,2,3,4]","[8,2,9,4]","[2,4,8,9]",n4_o081_r1994,4,"[1,2,3,4]",40,17
23,"[3,2,1,4]",10,"[1,2,3,4]","[8,4,2,9]","[2,4,8,9]",n4_o081_r1995,4,"[1,2,3,4]",40,17
23,"[4,2,1,3]",10,"[1,2,3,4]","[8,4,9,2]","[2,4,8,9]",n4_o081_r1996,4,"[1,2,3,4]",40,17
23,"[3,4,1,2]",10,"[1,2,3,4]","[8,9,2,4]","[2,4,8,9]",n4_o081_r1997,4,"[1,2,3,4]",40,17
23,"[4,3,1,2]",10,"[1,2,3,4]","[8,9,4,2]","[2,4,8,9]",n4_o081_r1998,4,"[1,2,3,4]",40,17
23,"[2,3,4,1]",10,"[1,2,3,4]","[9,2,4,8]","[2,4,8,9]",n4_o081_r1999,4,"[1,2,3,4]",40,17
23,"[2,4,3,1]",10,"[1,2,3,4]","[9,2,8,4]","[2,4,8,9]",n4_o081_r2000,4,"[1,2,3,4]",40,17
23,"[3,2,4,1]",10,"[1,2,3,4]","[9,4,2,8]","[2,4,8,9]",n4_o081_r2001,4,"[1,2,3,4]",40,17
23,"[4,2,3,1]",10,"[1,2,3,4]","[9,4,8,2]","[2,4,8,9]",n4_o081_r2002,4,"[1,2,3,4]",40,17
23,"[3,4,2,1]",10,"[1,2,3,4]","[9,8,2,4]","[2,4,8,9]",n4_o081_r2003,4,"[1,2,3,4]",40,17
23,"[4,3,2,1]",10,"[1,2,3,4]","[9,8,4,2]","[2,4,8,9]",n4_o081_r2004,4,"[1,2,3,4]",40,17
20,"[1,2,3,4]",10,"[1,2,3,4]","[2,5,6,7]","[2,5,6,7]",n4_o082_r2005,4,"[1,2,3,4]",2,1
20,"[1,2,4,3]",10,"[1,2,3,4]","[2,5,7,6]","[2,5,6,7]",n4_o082_r2006,4,"[1,2,3,4]",2,1
20,"[1,3,2,4]",10,"[1,2,3,4]","[2,6,5,7]","[2,5,6,7]",n4_o082_r2007,4,"[1,2,3,4]",2,1
20,"[1,4,2,3]",10,"[1,2,3,4]","[2,6,7,5]","[2,5,6,7]",n4_o082_r2008,4,"[1,2,3,4]",2,1
20,"[1,3,4,2]",10,"[1,2,3,4]","[2,7,5,6]","[2,5,6,7]",n4_o082_r2009,4,"[1,2,3,4]",2,1
20,"[1,4,3,2]",10,"[1,2,3,4]","[2,7,6,5]","[2,5,6,7]",n4_o082_r2010,4,"[1,2,3,4]",2,1
20,"[2,1,3,4]",10,"[1,2,3,4]","[5,2,6,7]","[2,5,6,7]",n4_o082_r2011,4,"[1,2,3,4]",2,1
20,"[2,1,4,3]",10,"[1,2,3,4]","[5,2,7,6]","[2,5,6,7]",n4_o082_r2012,4,"[1,2,3,4]",2,1
20,"[3,1,2,4]",10,"[1,2,3,4]","[5,6,2,7]","[2,5,6,7]",n4_o082_r2013,4,"[1,2,3,4]",2,1
20,"[4,1,2,3]",10,"[1,2,3,4]","[5,6,7,2]","[2,5,6,7]",n4_o082_r2014,4,"[1,2,3,4]",2,1
20,"[3,1,4,2]",10,"[1,2,3,4]","[5,7,2,6]","[2,5,6,7]",n4_o082_r2015,4,"[1,2,3,4]",2,1
20,"[4,1,3,2]",10,"[1,2,3,4]","[5,7,6,2]","[2,5,6,7]",n4_o082_r2016,4,"[1,2,3,4]",2,1
20,"[2,3,1,4]",10,"[1,2,3,4]","[6,2,5,7]","[2,5,6,7]",n4_o082_r2017,4,"[1,2,3,4]",2,1
20,"[2,4,1,3]",10,"[1,2,3,4]","[6,2,7,5]","[2,5,6,7]",n4_o082_r2018,4,"[1,2,3,4]",2,1
20,"[3,2,1,4]",10,"[1,2,3,4]","[6,5,2,7]","[2,5,6,7]",n4_o082_r2019,4,"[1,2,3,4]",2,1
20,"[4,2,1,3]",10,"[1,2,3,4]","[6,5,7,2]","[2,5,6,7]",n4_o082_r2020,4,"[1,2,3,4]",2,1
20,"[3,4,1,2]",10,"[1,2,3,4]","[6,7,2,5]","[2,5,6,7]",n4_o082_r2021,4,"[1,2,3,4]",2,1
20,"[4,3,1,2]",10,"[1,2,3,4]","[6,7,5,2]","[2,5,6,7]",n4_o082_r2022,4,"[1,2,3,4]",2,1
20,"[2,3,4,1]",10,"[1,2,3,4]","[7,2,5,6]","[2,5,6,7]",n4_o082_r2023,4,"[1,2,3,4]",2,1
20,"[2,4,3,1]",10,"[1,2,3,4]","[7,2,6,5]","[2,5,6,7]",n4_o082_r2024,4,"[1,2,3,4]",2,1
20,"[3,2,4,1]",10,"[1,2,3,4]","[7,5,2,6]","[2,5,6,7]",n4_o082_r2025,4,"[1,2,3,4]",2,1
20,"[4,2,3,1]",10,"[1,2,3,4]","[7,5,6,2]","[2,5,6,7]",n4_o082_r2026,4,"[1,2,3,4]",2,1
20,"[3,4,2,1]",10,"[1,2,3,4]","[7,6,2,5]","[2,5,6,7]",n4_o082_r2027,4,"[1,2,3,4]",2,1
20,"[4,3,2,1]",10,"[1,2,3,4]","[7,6,5,2]","[2,5,6,7]",n4_o082_r2028,4,"[1,2,3,4]",2,1
21,"[1,2,3,4]",10,"[1,2,3,4]","[2,5,6,8]","[2,5,6,8]",n4_o083_r2029,4,"[1,2,3,4]",40,19
21,"[1,2,4,3]",10,"[1,2,3,4]","[2,5,8,6]","[2,5,6,8]",n4_o083_r2030,4,"[1,2,3,4]",40,19
21,"[1,3,2,4]",10,"[1,2,3,4]","[2,6,5,8]","[2,5,6,8]",n4_o083_r2031,4,"[1,2,3,4]",40,19
21,"[1,4,2,3]",10,"[1,2,3,4]","[2,6,8,5]","[2,5,6,8]",n4_o083_r2032,4,"[1,2,3,4]",40,19
21,"[1,3,4,2]",10,"[1,2,3,4]","[2,8,5,6]","[2,5,6,8]",n4_o083_r2033,4,"[1,2,3,4]",40,19
21,"[1,4,3,2]",10,"[1,2,3,4]","[2,8,6,5]","[2,5,6,8]",n4_o083_r2034,4,"[1,2,3,4]",40,19
21,"[2,1,3,4]",10,"[1,2,3,4]","[5,2,6,8]","[2,5,6,8]",n4_o083_r2035,4,"[1,2,3,4]",40,19
21,"[2,1,4,3]",10,"[1,2,3,4]","[5,2,8,6]","[2,5,6,8]",n4_o083_r2036,4,"[1,2,3,4]",40,19
21,"[3,1,2,4]",10,"[1,2,3,4]","[5,6,2,8]","[2,5,6,8]",n4_o083_r2037,4,"[1,2,3,4]",40,19
21,"[4,1,2,3]",10,"[1,2,3,4]","[5,6,8,2]","[2,5,6,8]",n4_o083_r2038,4,"[1,2,3,4]",40,19
21,"[3,1,4,2]",10,"[1,2,3,4]","[5,8,2,6]","[2,5,6,8]",n4_o083_r2039,4,"[1,2,3,4]",40,19
21,"[4,1,3,2]",10,"[1,2,3,4]","[5,8,6,2]","[2,5,6,8]",n4_o083_r2040,4,"[1,2,3,4]",40,19
21,"[2,3,1,4]",10,"[1,2,3,4]","[6,2,5,8]","[2,5,6,8]",n4_o083_r2041,4,"[1,2,3,4]",40,19
21,"[2,4,1,3]",10,"[1,2,3,4]","[6,2,8,5]","[2,5,6,8]",n4_o083_r2042,4,"[1,2,3,4]",40,19
21,"[3,2,1,4]",10,"[1,2,3,4]","[6,5,2,8]","[2,5,6,8]",n4_o083_r2043,4,"[1,2,3,4]",40,19
21,"[4,2,1,3]",10,"[1,2,3,4]","[6,5,8,2]","[2,5,6,8]",n4_o083_r2044,4,"[1,2,3,4]",40,19
21,"[3,4,1,2]",10,"[1,2,3,4]","[6,8,2,5]","[2,5,6,8]",n4_o083_r2045,4,"[1,2,3,4]",40,19
21,"[4,3,1,2]",10,"[1,2,3,4]","[6,8,5,2]","[2,5,6,8]",n4_o083_r2046,4,"[1,2,3,4]",40,19
21,"[2,3,4,1]",10,"[1,2,3,4]","[8,2,5,6]","[2,5,6,8]",n4_o083_r2047,4,"[1,2,3,4]",40,19
21,"[2,4,3,1]",10,"[1,2,3,4]","[8,2,6,5]","[2,5,6,8]",n4_o083_r2048,4,"[1,2,3,4]",40,19
21,"[3,2,4,1]",10,"[1,2,3,4]","[8,5,2,6]","[2,5,6,8]",n4_o083_r2049,4,"[1,2,3,4]",40,19
21,"[4,2,3,1]",10,"[1,2,3,4]","[8,5,6,2]","[2,5,6,8]",n4_o083_r2050,4,"[1,2,3,4]",40,19
21,"[3,4,2,1]",10,"[1,2,3,4]","[8,6,2,5]","[2,5,6,8]",n4_o083_r2051,4,"[1,2,3,4]",40,19
21,"[4,3,2,1]",10,"[1,2,3,4]","[8,6,5,2]","[2,5,6,8]",n4_o083_r2052,4,"[1,2,3,4]",40,19
22,"[1,2,3,4]",10,"[1,2,3,4]","[2,5,6,9]","[2,5,6,9]",n4_o084_r2053,4,"[1,2,3,4]",20,9
22,"[1,2,4,3]",10,"[1,2,3,4]","[2,5,9,6]","[2,5,6,9]",n4_o084_r2054,4,"[1,2,3,4]",20,9
22,"[1,3,2,4]",10,"[1,2,3,4]","[2,6,5,9]","[2,5,6,9]",n4_o084_r2055,4,"[1,2,3,4]",20,9
22,"[1,4,2,3]",10,"[1,2,3,4]","[2,6,9,5]","[2,5,6,9]",n4_o084_r2056,4,"[1,2,3,4]",20,9
22,"[1,3,4,2]",10,"[1,2,3,4]","[2,9,5,6]","[2,5,6,9]",n4_o084_r2057,4,"[1,2,3,4]",20,9
22,"[1,4,3,2]",10,"[1,2,3,4]","[2,9,6,5]","[2,5,6,9]",n4_o084_r2058,4,"[1,2,3,4]",20,9
22,"[2,1,3,4]",10,"[1,2,3,4]","[5,2,6,9]","[2,5,6,9]",n4_o084_r2059,4,"[1,2,3,4]",20,9
22,"[2,1,4,3]",10,"[1,2,3,4]","[5,2,9,6]","[2,5,6,9]",n4_o084_r2060,4,"[1,2,3,4]",20,9
22,"[3,1,2,4]",10,"[1,2,3,4]","[5,6,2,9]","[2,5,6,9]",n4_o084_r2061,4,"[1,2,3,4]",20,9
22,"[4,1,2,3]",10,"[1,2,3,4]","[5,6,9,2]","[2,5,6,9]",n4_o084_r2062,4,"[1,2,3,4]",20,9
22,"[3,1,4,2]",10,"[1,2,3,4]","[5,9,2,6]","[2,5,6,9]",n4_o084_r2063,4,"[1,2,3,4]",20,9
22,"[4,1,3,2]",10,"[1,2,3,4]","[5,9,6,2]","[2,5,6,9]",n4_o084_r2064,4,"[1,2,3,4]",20,9
22,"[2,3,1,4]",10,"[1,2,3,4]","[6,2,5,9]","[2,5,6,9]",n4_o084_r2065,4,"[1,2,3,4]",20,9
22,"[2,4,1,3]",10,"[1,2,3,4]","[6,2,9,5]","[2,5,6,9]",n4_o084_r2066,4,"[1,2,3,4]",20,9
22,"[3,2,1,4]",10,"[1,2,3,4]","[6,5,2,9]","[2,5,6,9]",n4_o084_r2067,4,"[1,2,3,4]",20,9
22,"[4,2,1,3]",10,"[1,2,3,4]","[6,5,9,2]","[2,5,6,9]",n4_o084_r2068,4,"[1,2,3,4]",20,9
22,"[3,4,1,2]",10,"[1,2,3,4]","[6,9,2,5]","[2,5,6,9]",n4_o084_r2069,4,"[1,2,3,4]",20,9
22,"[4,3,1,2]",10,"[1,2,3,4]","[6,9,5,2]","[2,5,6,9]",n4_o084_r2070,4,"[1,2,3,4]",20,9
22,"[2,3,4,1]",10,"[1,2,3,4]","[9,2,5,6]","[2,5,6,9]",n4_o084_r2071,4,"[1,2,3,4]",20,9
22,"[2,4,3,1]",10,"[1,2,3,4]","[9,2,6,5]","[2,5,6,9]",n4_o084_r2072,4,"[1,2,3,4]",20,9
22,"[3,2,4,1]",10,"[1,2,3,4]","[9,5,2,6]","[2,5,6,9]",n4_o084_r2073,4,"[1,2,3,4]",20,9
22,"[4,2,3,1]",10,"[1,2,3,4]","[9,5,6,2]","[2,5,6,9]",n4_o084_r2074,4,"[1,2,3,4]",20,9
22,"[3,4,2,1]",10,"[1,2,3,4]","[9,6,2,5]","[2,5,6,9]",n4_o084_r2075,4,"[1,2,3,4]",20,9
22,"[4,3,2,1]",10,"[1,2,3,4]","[9,6,5,2]","[2,5,6,9]",n4_o084_r2076,4,"[1,2,3,4]",20,9
22,"[1,2,3,4]",10,"[1,2,3,4]","[2,5,7,8]","[2,5,7,8]",n4_o085_r2077,4,"[1,2,3,4]",20,9
22,"[1,2,4,3]",10,"[1,2,3,4]","[2,5,8,7]","[2,5,7,8]",n4_o085_r2078,4,"[1,2,3,4]",20,9
22,"[1,3,2,4]",10,"[1,2,3,4]","[2,7,5,8]","[2,5,7,8]",n4_o085_r2079,4,"[1,2,3,4]",20,9
22,"[1,4,2,3]",10,"[1,2,3,4]","[2,7,8,5]","[2,5,7,8]",n4_o085_r2080,4,"[1,2,3,4]",20,9
22,"[1,3,4,2]",10,"[1,2,3,4]","[2,8,5,7]","[2,5,7,8]",n4_o085_r2081,4,"[1,2,3,4]",20,9
22,"[1,4,3,2]",10,"[1,2,3,4]","[2,8,7,5]","[2,5,7,8]",n4_o085_r2082,4,"[1,2,3,4]",20,9
22,"[2,1,3,4]",10,"[1,2,3,4]","[5,2,7,8]","[2,5,7,8]",n4_o085_r2083,4,"[1,2,3,4]",20,9
22,"[2,1,4,3]",10,"[1,2,3,4]","[5,2,8,7]","[2,5,7,8]",n4_o085_r2084,4,"[1,2,3,4]",20,9
22,"[3,1,2,4]",10,"[1,2,3,4]","[5,7,2,8]","[2,5,7,8]",n4_o085_r2085,4,"[1,2,3,4]",20,9
22,"[4,1,2,3]",10,"[1,2,3,4]","[5,7,8,2]","[2,5,7,8]",n4_o085_r2086,4,"[1,2,3,4]",20,9
22,"[3,1,4,2]",10,"[1,2,3,4]","[5,8,2,7]","[2,5,7,8]",n4_o085_r2087,4,"[1,2,3,4]",20,9
22,"[4,1,3,2]",10,"[1,2,3,4]","[5,8,7,2]","[2,5,7,8]",n4_o085_r2088,4,"[1,2,3,4]",20,9
22,"[2,3,1,4]",10,"[1,2,3,4]","[7,2,5,8]","[2,5,7,8]",n4_o085_r2089,4,"[1,2,3,4]",20,9
22,"[2,4,1,3]",10,"[1,2,3,4]","[7,2,8,5]","[2,5,7,8]",n4_o085_r2090,4,"[1,2,3,4]",20,9
22,"[3,2,1,4]",10,"[1,2,3,4]","[7,5,2,8]","[2,5,7,8]",n4_o085_r2091,4,"[1,2,3,4]",20,9
22,"[4,2,1,3]",10,"[1,2,3,4]","[7,5,8,2]","[2,5,7,8]",n4_o085_r2092,4,"[1,2,3,4]",20,9
22,"[3,4,1,2]",10,"[1,2,3,4]","[7,8,2,5]","[2,5,7,8]",n4_o085_r2093,4,"[1,2,3,4]",20,9
22,"[4,3,1,2]",10,"[1,2,3,4]","[7,8,5,2]","[2,5,7,8]",n4_o085_r2094,4,"[1,2,3,4]",20,9
22,"[2,3,4,1]",10,"[1,2,3,4]","[8,2,5,7]","[2,5,7,8]",n4_o085_r2095,4,"[1,2,3,4]",20,9
22,"[2,4,3,1]",10,"[1,2,3,4]","[8,2,7,5]","[2,5,7,8]",n4_o085_r2096,4,"[1,2,3,4]",20,9
22,"[3,2,4,1]",10,"[1,2,3,4]","[8,5,2,7]","[2,5,7,8]",n4_o085_r2097,4,"[1,2,3,4]",20,9
22,"[4,2,3,1]",10,"[1,2,3,4]","[8,5,7,2]","[2,5,7,8]",n4_o085_r2098,4,"[1,2,3,4]",20,9
22,"[3,4,2,1]",10,"[1,2,3,4]","[8,7,2,5]","[2,5,7,8]",n4_o085_r2099,4,"[1,2,3,4]",20,9
22,"[4,3,2,1]",10,"[1,2,3,4]","[8,7,5,2]","[2,5,7,8]",n4_o085_r2100,4,"[1,2,3,4]",20,9
23,"[1,2,3,4]",10,"[1,2,3,4]","[2,5,7,9]","[2,5,7,9]",n4_o086_r2101,4,"[1,2,3,4]",40,17
23,"[1,2,4,3]",10,"[1,2,3,4]","[2,5,9,7]","[2,5,7,9]",n4_o086_r2102,4,"[1,2,3,4]",40,17
23,"[1,3,2,4]",10,"[1,2,3,4]","[2,7,5,9]","[2,5,7,9]",n4_o086_r2103,4,"[1,2,3,4]",40,17
23,"[1,4,2,3]",10,"[1,2,3,4]","[2,7,9,5]","[2,5,7,9]",n4_o086_r2104,4,"[1,2,3,4]",40,17
23,"[1,3,4,2]",10,"[1,2,3,4]","[2,9,5,7]","[2,5,7,9]",n4_o086_r2105,4,"[1,2,3,4]",40,17
23,"[1,4,3,2]",10,"[1,2,3,4]","[2,9,7,5]","[2,5,7,9]",n4_o086_r2106,4,"[1,2,3,4]",40,17
23,"[2,1,3,4]",10,"[1,2,3,4]","[5,2,7,9]","[2,5,7,9]",n4_o086_r2107,4,"[1,2,3,4]",40,17
23,"[2,1,4,3]",10,"[1,2,3,4]","[5,2,9,7]","[2,5,7,9]",n4_o086_r2108,4,"[1,2,3,4]",40,17
23,"[3,1,2,4]",10,"[1,2,3,4]","[5,7,2,9]","[2,5,7,9]",n4_o086_r2109,4,"[1,2,3,4]",40,17
23,"[4,1,2,3]",10,"[1,2,3,4]","[5,7,9,2]","[2,5,7,9]",n4_o086_r2110,4,"[1,2,3,4]",40,17
23,"[3,1,4,2]",10,"[1,2,3,4]","[5,9,2,7]","[2,5,7,9]",n4_o086_r2111,4,"[1,2,3,4]",40,17
23,"[4,1,3,2]",10,"[1,2,3,4]","[5,9,7,2]","[2,5,7,9]",n4_o086_r2112,4,"[1,2,3,4]",40,17
23,"[2,3,1,4]",10,"[1,2,3,4]","[7,2,5,9]","[2,5,7,9]",n4_o086_r2113,4,"[1,2,3,4]",40,17
23,"[2,4,1,3]",10,"[1,2,3,4]","[7,2,9,5]","[2,5,7,9]",n4_o086_r2114,4,"[1,2,3,4]",40,17
23,"[3,2,1,4]",10,"[1,2,3,4]","[7,5,2,9]","[2,5,7,9]",n4_o086_r2115,4,"[1,2,3,4]",40,17
23,"[4,2,1,3]",10,"[1,2,3,4]","[7,5,9,2]","[2,5,7,9]",n4_o086_r2116,4,"[1,2,3,4]",40,17
23,"[3,4,1,2]",10,"[1,2,3,4]","[7,9,2,5]","[2,5,7,9]",n4_o086_r2117,4,"[1,2,3,4]",40,17
23,"[4,3,1,2]",10,"[1,2,3,4]","[7,9,5,2]","[2,5,7,9]",n4_o086_r2118,4,"[1,2,3,4]",40,17
23,"[2,3,4,1]",10,"[1,2,3,4]","[9,2,5,7]","[2,5,7,9]",n4_o086_r2119,4,"[1,2,3,4]",40,17
23,"[2,4,3,1]",10,"[1,2,3,4]","[9,2,7,5]","[2,5,7,9]",n4_o086_r2120,4,"[1,2,3,4]",40,17
23,"[3,2,4,1]",10,"[1,2,3,4]","[9,5,2,7]","[2,5,7,9]",n4_o086_r2121,4,"[1,2,3,4]",40,17
23,"[4,2,3,1]",10,"[1,2,3,4]","[9,5,7,2]","[2,5,7,9]",n4_o086_r2122,4,"[1,2,3,4]",40,17
23,"[3,4,2,1]",10,"[1,2,3,4]","[9,7,2,5]","[2,5,7,9]",n4_o086_r2123,4,"[1,2,3,4]",40,17
23,"[4,3,2,1]",10,"[1,2,3,4]","[9,7,5,2]","[2,5,7,9]",n4_o086_r2124,4,"[1,2,3,4]",40,17
24,"[1,2,3,4]",10,"[1,2,3,4]","[2,5,8,9]","[2,5,8,9]",n4_o087_r2125,4,"[1,2,3,4]",5,2
24,"[1,2,4,3]",10,"[1,2,3,4]","[2,5,9,8]","[2,5,8,9]",n4_o087_r2126,4,"[1,2,3,4]",5,2
24,"[1,3,2,4]",10,"[1,2,3,4]","[2,8,5,9]","[2,5,8,9]",n4_o087_r2127,4,"[1,2,3,4]",5,2
24,"[1,4,2,3]",10,"[1,2,3,4]","[2,8,9,5]","[2,5,8,9]",n4_o087_r2128,4,"[1,2,3,4]",5,2
24,"[1,3,4,2]",10,"[1,2,3,4]","[2,9,5,8]","[2,5,8,9]",n4_o087_r2129,4,"[1,2,3,4]",5,2
24,"[1,4,3,2]",10,"[1,2,3,4]","[2,9,8,5]","[2,5,8,9]",n4_o087_r2130,4,"[1,2,3,4]",5,2
24,"[2,1,3,4]",10,"[1,2,3,4]","[5,2,8,9]","[2,5,8,9]",n4_o087_r2131,4,"[1,2,3,4]",5,2
24,"[2,1,4,3]",10,"[1,2,3,4]","[5,2,9,8]","[2,5,8,9]",n4_o087_r2132,4,"[1,2,3,4]",5,2
24,"[3,1,2,4]",10,"[1,2,3,4]","[5,8,2,9]","[2,5,8,9]",n4_o087_r2133,4,"[1,2,3,4]",5,2
24,"[4,1,2,3]",10,"[1,2,3,4]","[5,8,9,2]","[2,5,8,9]",n4_o087_r2134,4,"[1,2,3,4]",5,2
24,"[3,1,4,2]",10,"[1,2,3,4]","[5,9,2,8]","[2,5,8,9]",n4_o087_r2135,4,"[1,2,3,4]",5,2
24,"[4,1,3,2]",10,"[1,2,3,4]","[5,9,8,2]","[2,5,8,9]",n4_o087_r2136,4,"[1,2,3,4]",5,2
24,"[2,3,1,4]",10,"[1,2,3,4]","[8,2,5,9]","[2,5,8,9]",n4_o087_r2137,4,"[1,2,3,4]",5,2
24,"[2,4,1,3]",10,"[1,2,3,4]","[8,2,9,5]","[2,5,8,9]",n4_o087_r2138,4,"[1,2,3,4]",5,2
24,"[3,2,1,4]",10,"[1,2,3,4]","[8,5,2,9]","[2,5,8,9]",n4_o087_r2139,4,"[1,2,3,4]",5,2
24,"[4,2,1,3]",10,"[1,2,3,4]","[8,5,9,2]","[2,5,8,9]",n4_o087_r2140,4,"[1,2,3,4]",5,2
24,"[3,4,1,2]",10,"[1,2,3,4]","[8,9,2,5]","[2,5,8,9]",n4_o087_r2141,4,"[1,2,3,4]",5,2
24,"[4,3,1,2]",10,"[1,2,3,4]","[8,9,5,2]","[2,5,8,9]",n4_o087_r2142,4,"[1,2,3,4]",5,2
24,"[2,3,4,1]",10,"[1,2,3,4]","[9,2,5,8]","[2,5,8,9]",n4_o087_r2143,4,"[1,2,3,4]",5,2
24,"[2,4,3,1]",10,"[1,2,3,4]","[9,2,8,5]","[2,5,8,9]",n4_o087_r2144,4,"[1,2,3,4]",5,2
24,"[3,2,4,1]",10,"[1,2,3,4]","[9,5,2,8]","[2,5,8,9]",n4_o087_r2145,4,"[1,2,3,4]",5,2
24,"[4,2,3,1]",10,"[1,2,3,4]","[9,5,8,2]","[2,5,8,9]",n4_o087_r2146,4,"[1,2,3,4]",5,2
24,"[3,4,2,1]",10,"[1,2,3,4]","[9,8,2,5]","[2,5,8,9]",n4_o087_r2147,4,"[1,2,3,4]",5,2
24,"[4,3,2,1]",10,"[1,2,3,4]","[9,8,5,2]","[2,5,8,9]",n4_o087_r2148,4,"[1,2,3,4]",5,2
23,"[1,2,3,4]",10,"[1,2,3,4]","[2,6,7,8]","[2,6,7,8]",n4_o088_r2149,4,"[1,2,3,4]",40,17
23,"[1,2,4,3]",10,"[1,2,3,4]","[2,6,8,7]","[2,6,7,8]",n4_o088_r2150,4,"[1,2,3,4]",40,17
23,"[1,3,2,4]",10,"[1,2,3,4]","[2,7,6,8]","[2,6,7,8]",n4_o088_r2151,4,"[1,2,3,4]",40,17
23,"[1,4,2,3]",10,"[1,2,3,4]","[2,7,8,6]","[2,6,7,8]",n4_o088_r2152,4,"[1,2,3,4]",40,17
23,"[1,3,4,2]",10,"[1,2,3,4]","[2,8,6,7]","[2,6,7,8]",n4_o088_r2153,4,"[1,2,3,4]",40,17
23,"[1,4,3,2]",10,"[1,2,3,4]","[2,8,7,6]","[2,6,7,8]",n4_o088_r2154,4,"[1,2,3,4]",40,17
23,"[2,1,3,4]",10,"[1,2,3,4]","[6,2,7,8]","[2,6,7,8]",n4_o088_r2155,4,"[1,2,3,4]",40,17
23,"[2,1,4,3]",10,"[1,2,3,4]","[6,2,8,7]","[2,6,7,8]",n4_o088_r2156,4,"[1,2,3,4]",40,17
23,"[3,1,2,4]",10,"[1,2,3,4]","[6,7,2,8]","[2,6,7,8]",n4_o088_r2157,4,"[1,2,3,4]",40,17
23,"[4,1,2,3]",10,"[1,2,3,4]","[6,7,8,2]","[2,6,7,8]",n4_o088_r2158,4,"[1,2,3,4]",40,17
23,"[3,1,4,2]",10,"[1,2,3,4]","[6,8,2,7]","[2,6,7,8]",n4_o088_r2159,4,"[1,2,3,4]",40,17
23,"[4,1,3,2]",10,"[1,2,3,4]","[6,8,7,2]","[2,6,7,8]",n4_o088_r2160,4,"[1,2,3,4]",40,17
23,"[2,3,1,4]",10,"[1,2,3,4]","[7,2,6,8]","[2,6,7,8]",n4_o088_r2161,4,"[1,2,3,4]",40,17
23,"[2,4,1,3]",10,"[1,2,3,4]","[7,2,8,6]","[2,6,7,8]",n4_o088_r2162,4,"[1,2,3,4]",40,17
23,"[3,2,1,4]",10,"[1,2,3,4]","[7,6,2,8]","[2,6,7,8]",n4_o088_r2163,4,"[1,2,3,4]",40,17
23,"[4,2,1,3]",10,"[1,2,3,4]","[7,6,8,2]","[2,6,7,8]",n4_o088_r2164,4,"[1,2,3,4]",40,17
23,"[3,4,1,2]",10,"[1,2,3,4]","[7,8,2,6]","[2,6,7,8]",n4_o088_r2165,4,"[1,2,3,4]",40,17
23,"[4,3,1,2]",10,"[1,2,3,4]","[7,8,6,2]","[2,6,7,8]",n4_o088_r2166,4,"[1,2,3,4]",40,17
23,"[2,3,4,1]",10,"[1,2,3,4]","[8,2,6,7]","[2,6,7,8]",n4_o088_r2167,4,"[1,2,3,4]",40,17
23,"[2,4,3,1]",10,"[1,2,3,4]","[8,2,7,6]","[2,6,7,8]",n4_o088_r2168,4,"[1,2,3,4]",40,17
23,"[3,2,4,1]",10,"[1,2,3,4]","[8,6,2,7]","[2,6,7,8]",n4_o088_r2169,4,"[1,2,3,4]",40,17
23,"[4,2,3,1]",10,"[1,2,3,4]","[8,6,7,2]","[2,6,7,8]",n4_o088_r2170,4,"[1,2,3,4]",40,17
23,"[3,4,2,1]",10,"[1,2,3,4]","[8,7,2,6]","[2,6,7,8]",n4_o088_r2171,4,"[1,2,3,4]",40,17
23,"[4,3,2,1]",10,"[1,2,3,4]","[8,7,6,2]","[2,6,7,8]",n4_o088_r2172,4,"[1,2,3,4]",40,17
24,"[1,2,3,4]",10,"[1,2,3,4]","[2,6,7,9]","[2,6,7,9]",n4_o089_r2173,4,"[1,2,3,4]",5,2
24,"[1,2,4,3]",10,"[1,2,3,4]","[2,6,9,7]","[2,6,7,9]",n4_o089_r2174,4,"[1,2,3,4]",5,2
24,"[1,3,2,4]",10,"[1,2,3,4]","[2,7,6,9]","[2,6,7,9]",n4_o089_r2175,4,"[1,2,3,4]",5,2
24,"[1,4,2,3]",10,"[1,2,3,4]","[2,7,9,6]","[2,6,7,9]",n4_o089_r2176,4,"[1,2,3,4]",5,2
24,"[1,3,4,2]",10,"[1,2,3,4]","[2,9,6,7]","[2,6,7,9]",n4_o089_r2177,4,"[1,2,3,4]",5,2
24,"[1,4,3,2]",10,"[1,2,3,4]","[2,9,7,6]","[2,6,7,9]",n4_o089_r2178,4,"[1,2,3,4]",5,2
24,"[2,1,3,4]",10,"[1,2,3,4]","[6,2,7,9]","[2,6,7,9]",n4_o089_r2179,4,"[1,2,3,4]",5,2
24,"[2,1,4,3]",10,"[1,2,3,4]","[6,2,9,7]","[2,6,7,9]",n4_o089_r2180,4,"[1,2,3,4]",5,2
24,"[3,1,2,4]",10,"[1,2,3,4]","[6,7,2,9]","[2,6,7,9]",n4_o089_r2181,4,"[1,2,3,4]",5,2
24,"[4,1,2,3]",10,"[1,2,3,4]","[6,7,9,2]","[2,6,7,9]",n4_o089_r2182,4,"[1,2,3,4]",5,2
24,"[3,1,4,2]",10,"[1,2,3,4]","[6,9,2,7]","[2,6,7,9]",n4_o089_r2183,4,"[1,2,3,4]",5,2
24,"[4,1,3,2]",10,"[1,2,3,4]","[6,9,7,2]","[2,6,7,9]",n4_o089_r2184,4,"[1,2,3,4]",5,2
24,"[2,3,1,4]",10,"[1,2,3,4]","[7,2,6,9]","[2,6,7,9]",n4_o089_r2185,4,"[1,2,3,4]",5,2
24,"[2,4,1,3]",10,"[1,2,3,4]","[7,2,9,6]","[2,6,7,9]",n4_o089_r2186,4,"[1,2,3,4]",5,2
24,"[3,2,1,4]",10,"[1,2,3,4]","[7,6,2,9]","[2,6,7,9]",n4_o089_r2187,4,"[1,2,3,4]",5,2
24,"[4,2,1,3]",10,"[1,2,3,4]","[7,6,9,2]","[2,6,7,9]",n4_o089_r2188,4,"[1,2,3,4]",5,2
24,"[3,4,1,2]",10,"[1,2,3,4]","[7,9,2,6]","[2,6,7,9]",n4_o089_r2189,4,"[1,2,3,4]",5,2
24,"[4,3,1,2]",10,"[1,2,3,4]","[7,9,6,2]","[2,6,7,9]",n4_o089_r2190,4,"[1,2,3,4]",5,2
24,"[2,3,4,1]",10,"[1,2,3,4]","[9,2,6,7]","[2,6,7,9]",n4_o089_r2191,4,"[1,2,3,4]",5,2
24,"[2,4,3,1]",10,"[1,2,3,4]","[9,2,7,6]","[2,6,7,9]",n4_o089_r2192,4,"[1,2,3,4]",5,2
24,"[3,2,4,1]",10,"[1,2,3,4]","[9,6,2,7]","[2,6,7,9]",n4_o089_r2193,4,"[1,2,3,4]",5,2
24,"[4,2,3,1]",10,"[1,2,3,4]","[9,6,7,2]","[2,6,7,9]",n4_o089_r2194,4,"[1,2,3,4]",5,2
24,"[3,4,2,1]",10,"[1,2,3,4]","[9,7,2,6]","[2,6,7,9]",n4_o089_r2195,4,"[1,2,3,4]",5,2
24,"[4,3,2,1]",10,"[1,2,3,4]","[9,7,6,2]","[2,6,7,9]",n4_o089_r2196,4,"[1,2,3,4]",5,2
25,"[1,2,3,4]",10,"[1,2,3,4]","[2,6,8,9]","[2,6,8,9]",n4_o090_r2197,4,"[1,2,3,4]",8,3
25,"[1,2,4,3]",10,"[1,2,3,4]","[2,6,9,8]","[2,6,8,9]",n4_o090_r2198,4,"[1,2,3,4]",8,3
25,"[1,3,2,4]",10,"[1,2,3,4]","[2,8,6,9]","[2,6,8,9]",n4_o090_r2199,4,"[1,2,3,4]",8,3
25,"[1,4,2,3]",10,"[1,2,3,4]","[2,8,9,6]","[2,6,8,9]",n4_o090_r2200,4,"[1,2,3,4]",8,3
25,"[1,3,4,2]",10,"[1,2,3,4]","[2,9,6,8]","[2,6,8,9]",n4_o090_r2201,4,"[1,2,3,4]",8,3
25,"[1,4,3,2]",10,"[1,2,3,4]","[2,9,8,6]","[2,6,8,9]",n4_o090_r2202,4,"[1,2,3,4]",8,3
25,"[2,1,3,4]",10,"[1,2,3,4]","[6,2,8,9]","[2,6,8,9]",n4_o090_r2203,4,"[1,2,3,4]",8,3
25,"[2,1,4,3]",10,"[1,2,3,4]","[6,2,9,8]","[2,6,8,9]",n4_o090_r2204,4,"[1,2,3,4]",8,3
25,"[3,1,2,4]",10,"[1,2,3,4]","[6,8,2,9]","[2,6,8,9]",n4_o090_r2205,4,"[1,2,3,4]",8,3
25,"[4,1,2,3]",10,"[1,2,3,4]","[6,8,9,2]","[2,6,8,9]",n4_o090_r2206,4,"[1,2,3,4]",8,3
25,"[3,1,4,2]",10,"[1,2,3,4]","[6,9,2,8]","[2,6,8,9]",n4_o090_r2207,4,"[1,2,3,4]",8,3
25,"[4,1,3,2]",10,"[1,2,3,4]","[6,9,8,2]","[2,6,8,9]",n4_o090_r2208,4,"[1,2,3,4]",8,3
25,"[2,3,1,4]",10,"[1,2,3,4]","[8,2,6,9]","[2,6,8,9]",n4_o090_r2209,4,"[1,2,3,4]",8,3
25,"[2,4,1,3]",10,"[1,2,3,4]","[8,2,9,6]","[2,6,8,9]",n4_o090_r2210,4,"[1,2,3,4]",8,3
25,"[3,2,1,4]",10,"[1,2,3,4]","[8,6,2,9]","[2,6,8,9]",n4_o090_r2211,4,"[1,2,3,4]",8,3
25,"[4,2,1,3]",10,"[1,2,3,4]","[8,6,9,2]","[2,6,8,9]",n4_o090_r2212,4,"[1,2,3,4]",8,3
25,"[3,4,1,2]",10,"[1,2,3,4]","[8,9,2,6]","[2,6,8,9]",n4_o090_r2213,4,"[1,2,3,4]",8,3
25,"[4,3,1,2]",10,"[1,2,3,4]","[8,9,6,2]","[2,6,8,9]",n4_o090_r2214,4,"[1,2,3,4]",8,3
25,"[2,3,4,1]",10,"[1,2,3,4]","[9,2,6,8]","[2,6,8,9]",n4_o090_r2215,4,"[1,2,3,4]",8,3
25,"[2,4,3,1]",10,"[1,2,3,4]","[9,2,8,6]","[2,6,8,9]",n4_o090_r2216,4,"[1,2,3,4]",8,3
25,"[3,2,4,1]",10,"[1,2,3,4]","[9,6,2,8]","[2,6,8,9]",n4_o090_r2217,4,"[1,2,3,4]",8,3
25,"[4,2,3,1]",10,"[1,2,3,4]","[9,6,8,2]","[2,6,8,9]",n4_o090_r2218,4,"[1,2,3,4]",8,3
25,"[3,4,2,1]",10,"[1,2,3,4]","[9,8,2,6]","[2,6,8,9]",n4_o090_r2219,4,"[1,2,3,4]",8,3
25,"[4,3,2,1]",10,"[1,2,3,4]","[9,8,6,2]","[2,6,8,9]",n4_o090_r2220,4,"[1,2,3,4]",8,3
26,"[1,2,3,4]",10,"[1,2,3,4]","[2,7,8,9]","[2,7,8,9]",n4_o091_r2221,4,"[1,2,3,4]",20,7
26,"[1,2,4,3]",10,"[1,2,3,4]","[2,7,9,8]","[2,7,8,9]",n4_o091_r2222,4,"[1,2,3,4]",20,7
26,"[1,3,2,4]",10,"[1,2,3,4]","[2,8,7,9]","[2,7,8,9]",n4_o091_r2223,4,"[1,2,3,4]",20,7
26,"[1,4,2,3]",10,"[1,2,3,4]","[2,8,9,7]","[2,7,8,9]",n4_o091_r2224,4,"[1,2,3,4]",20,7
26,"[1,3,4,2]",10,"[1,2,3,4]","[2,9,7,8]","[2,7,8,9]",n4_o091_r2225,4,"[1,2,3,4]",20,7
26,"[1,4,3,2]",10,"[1,2,3,4]","[2,9,8,7]","[2,7,8,9]",n4_o091_r2226,4,"[1,2,3,4]",20,7
26,"[2,1,3,4]",10,"[1,2,3,4]","[7,2,8,9]","[2,7,8,9]",n4_o091_r2227,4,"[1,2,3,4]",20,7
26,"[2,1,4,3]",10,"[1,2,3,4]","[7,2,9,8]","[2,7,8,9]",n4_o091_r2228,4,"[1,2,3,4]",20,7
26,"[3,1,2,4]",10,"[1,2,3,4]","[7,8,2,9]","[2,7,8,9]",n4_o091_r2229,4,"[1,2,3,4]",20,7
26,"[4,1,2,3]",10,"[1,2,3,4]","[7,8,9,2]","[2,7,8,9]",n4_o091_r2230,4,"[1,2,3,4]",20,7
26,"[3,1,4,2]",10,"[1,2,3,4]","[7,9,2,8]","[2,7,8,9]",n4_o091_r2231,4,"[1,2,3,4]",20,7
26,"[4,1,3,2]",10,"[1,2,3,4]","[7,9,8,2]","[2,7,8,9]",n4_o091_r2232,4,"[1,2,3,4]",20,7
26,"[2,3,1,4]",10,"[1,2,3,4]","[8,2,7,9]","[2,7,8,9]",n4_o091_r2233,4,"[1,2,3,4]",20,7
26,"[2,4,1,3]",10,"[1,2,3,4]","[8,2,9,7]","[2,7,8,9]",n4_o091_r2234,4,"[1,2,3,4]",20,7
26,"[3,2,1,4]",10,"[1,2,3,4]","[8,7,2,9]","[2,7,8,9]",n4_o091_r2235,4,"[1,2,3,4]",20,7
26,"[4,2,1,3]",10,"[1,2,3,4]","[8,7,9,2]","[2,7,8,9]",n4_o091_r2236,4,"[1,2,3,4]",20,7
26,"[3,4,1,2]",10,"[1,2,3,4]","[8,9,2,7]","[2,7,8,9]",n4_o091_r2237,4,"[1,2,3,4]",20,7
26,"[4,3,1,2]",10,"[1,2,3,4]","[8,9,7,2]","[2,7,8,9]",n4_o091_r2238,4,"[1,2,3,4]",20,7
26,"[2,3,4,1]",10,"[1,2,3,4]","[9,2,7,8]","[2,7,8,9]",n4_o091_r2239,4,"[1,2,3,4]",20,7
26,"[2,4,3,1]",10,"[1,2,3,4]","[9,2,8,7]","[2,7,8,9]",n4_o091_r2240,4,"[1,2,3,4]",20,7
26,"[3,2,4,1]",10,"[1,2,3,4]","[9,7,2,8]","[2,7,8,9]",n4_o091_r2241,4,"[1,2,3,4]",20,7
26,"[4,2,3,1]",10,"[1,2,3,4]","[9,7,8,2]","[2,7,8,9]",n4_o091_r2242,4,"[1,2,3,4]",20,7
26,"[3,4,2,1]",10,"[1,2,3,4]","[9,8,2,7]","[2,7,8,9]",n4_o091_r2243,4,"[1,2,3,4]",20,7
26,"[4,3,2,1]",10,"[1,2,3,4]","[9,8,7,2]","[2,7,8,9]",n4_o091_r2244,4,"[1,2,3,4]",20,7
18,"[1,2,3,4]",10,"[1,2,3,4]","[3,4,5,6]","[3,4,5,6]",n4_o092_r2245,4,"[1,2,3,4]",20,11
18,"[1,2,4,3]",10,"[1,2,3,4]","[3,4,6,5]","[3,4,5,6]",n4_o092_r2246,4,"[1,2,3,4]",20,11
18,"[1,3,2,4]",10,"[1,2,3,4]","[3,5,4,6]","[3,4,5,6]",n4_o092_r2247,4,"[1,2,3,4]",20,11
18,"[1,4,2,3]",10,"[1,2,3,4]","[3,5,6,4]","[3,4,5,6]",n4_o092_r2248,4,"[1,2,3,4]",20,11
18,"[1,3,4,2]",10,"[1,2,3,4]","[3,6,4,5]","[3,4,5,6]",n4_o092_r2249,4,"[1,2,3,4]",20,11
18,"[1,4,3,2]",10,"[1,2,3,4]","[3,6,5,4]","[3,4,5,6]",n4_o092_r2250,4,"[1,2,3,4]",20,11
18,"[2,1,3,4]",10,"[1,2,3,4]","[4,3,5,6]","[3,4,5,6]",n4_o092_r2251,4,"[1,2,3,4]",20,11
18,"[2,1,4,3]",10,"[1,2,3,4]","[4,3,6,5]","[3,4,5,6]",n4_o092_r2252,4,"[1,2,3,4]",20,11
18,"[3,1,2,4]",10,"[1,2,3,4]","[4,5,3,6]","[3,4,5,6]",n4_o092_r2253,4,"[1,2,3,4]",20,11
18,"[4,1,2,3]",10,"[1,2,3,4]","[4,5,6,3]","[3,4,5,6]",n4_o092_r2254,4,"[1,2,3,4]",20,11
18,"[3,1,4,2]",10,"[1,2,3,4]","[4,6,3,5]","[3,4,5,6]",n4_o092_r2255,4,"[1,2,3,4]",20,11
18,"[4,1,3,2]",10,"[1,2,3,4]","[4,6,5,3]","[3,4,5,6]",n4_o092_r2256,4,"[1,2,3,4]",20,11
18,"[2,3,1,4]",10,"[1,2,3,4]","[5,3,4,6]","[3,4,5,6]",n4_o092_r2257,4,"[1,2,3,4]",20,11
18,"[2,4,1,3]",10,"[1,2,3,4]","[5,3,6,4]","[3,4,5,6]",n4_o092_r2258,4,"[1,2,3,4]",20,11
18,"[3,2,1,4]",10,"[1,2,3,4]","[5,4,3,6]","[3,4,5,6]",n4_o092_r2259,4,"[1,2,3,4]",20,11
18,"[4,2,1,3]",10,"[1,2,3,4]","[5,4,6,3]","[3,4,5,6]",n4_o092_r2260,4,"[1,2,3,4]",20,11
18,"[3,4,1,2]",10,"[1,2,3,4]","[5,6,3,4]","[3,4,5,6]",n4_o092_r2261,4,"[1,2,3,4]",20,11
18,"[4,3,1,2]",10,"[1,2,3,4]","[5,6,4,3]","[3,4,5,6]",n4_o092_r2262,4,"[1,2,3,4]",20,11
18,"[2,3,4,1]",10,"[1,2,3,4]","[6,3,4,5]","[3,4,5,6]",n4_o092_r2263,4,"[1,2,3,4]",20,11
18,"[2,4,3,1]",10,"[1,2,3,4]","[6,3,5,4]","[3,4,5,6]",n4_o092_r2264,4,"[1,2,3,4]",20,11
18,"[3,2,4,1]",10,"[1,2,3,4]","[6,4,3,5]","[3,4,5,6]",n4_o092_r2265,4,"[1,2,3,4]",20,11
18,"[4,2,3,1]",10,"[1,2,3,4]","[6,4,5,3]","[3,4,5,6]",n4_o092_r2266,4,"[1,2,3,4]",20,11
18,"[3,4,2,1]",10,"[1,2,3,4]","[6,5,3,4]","[3,4,5,6]",n4_o092_r2267,4,"[1,2,3,4]",20,11
18,"[4,3,2,1]",10,"[1,2,3,4]","[6,5,4,3]","[3,4,5,6]",n4_o092_r2268,4,"[1,2,3,4]",20,11
19,"[1,2,3,4]",10,"[1,2,3,4]","[3,4,5,7]","[3,4,5,7]",n4_o093_r2269,4,"[1,2,3,4]",40,21
19,"[1,2,4,3]",10,"[1,2,3,4]","[3,4,7,5]","[3,4,5,7]",n4_o093_r2270,4,"[1,2,3,4]",40,21
19,"[1,3,2,4]",10,"[1,2,3,4]","[3,5,4,7]","[3,4,5,7]",n4_o093_r2271,4,"[1,2,3,4]",40,21
19,"[1,4,2,3]",10,"[1,2,3,4]","[3,5,7,4]","[3,4,5,7]",n4_o093_r2272,4,"[1,2,3,4]",40,21
19,"[1,3,4,2]",10,"[1,2,3,4]","[3,7,4,5]","[3,4,5,7]",n4_o093_r2273,4,"[1,2,3,4]",40,21
19,"[1,4,3,2]",10,"[1,2,3,4]","[3,7,5,4]","[3,4,5,7]",n4_o093_r2274,4,"[1,2,3,4]",40,21
19,"[2,1,3,4]",10,"[1,2,3,4]","[4,3,5,7]","[3,4,5,7]",n4_o093_r2275,4,"[1,2,3,4]",40,21
19,"[2,1,4,3]",10,"[1,2,3,4]","[4,3,7,5]","[3,4,5,7]",n4_o093_r2276,4,"[1,2,3,4]",40,21
19,"[3,1,2,4]",10,"[1,2,3,4]","[4,5,3,7]","[3,4,5,7]",n4_o093_r2277,4,"[1,2,3,4]",40,21
19,"[4,1,2,3]",10,"[1,2,3,4]","[4,5,7,3]","[3,4,5,7]",n4_o093_r2278,4,"[1,2,3,4]",40,21
19,"[3,1,4,2]",10,"[1,2,3,4]","[4,7,3,5]","[3,4,5,7]",n4_o093_r2279,4,"[1,2,3,4]",40,21
19,"[4,1,3,2]",10,"[1,2,3,4]","[4,7,5,3]","[3,4,5,7]",n4_o093_r2280,4,"[1,2,3,4]",40,21
19,"[2,3,1,4]",10,"[1,2,3,4]","[5,3,4,7]","[3,4,5,7]",n4_o093_r2281,4,"[1,2,3,4]",40,21
19,"[2,4,1,3]",10,"[1,2,3,4]","[5,3,7,4]","[3,4,5,7]",n4_o093_r2282,4,"[1,2,3,4]",40,21
19,"[3,2,1,4]",10,"[1,2,3,4]","[5,4,3,7]","[3,4,5,7]",n4_o093_r2283,4,"[1,2,3,4]",40,21
19,"[4,2,1,3]",10,"[1,2,3,4]","[5,4,7,3]","[3,4,5,7]",n4_o093_r2284,4,"[1,2,3,4]",40,21
19,"[3,4,1,2]",10,"[1,2,3,4]","[5,7,3,4]","[3,4,5,7]",n4_o093_r2285,4,"[1,2,3,4]",40,21
19,"[4,3,1,2]",10,"[1,2,3,4]","[5,7,4,3]","[3,4,5,7]",n4_o093_r2286,4,"[1,2,3,4]",40,21
19,"[2,3,4,1]",10,"[1,2,3,4]","[7,3,4,5]","[3,4,5,7]",n4_o093_r2287,4,"[1,2,3,4]",40,21
19,"[2,4,3,1]",10,"[1,2,3,4]","[7,3,5,4]","[3,4,5,7]",n4_o093_r2288,4,"[1,2,3,4]",40,21
19,"[3,2,4,1]",10,"[1,2,3,4]","[7,4,3,5]","[3,4,5,7]",n4_o093_r2289,4,"[1,2,3,4]",40,21
19,"[4,2,3,1]",10,"[1,2,3,4]","[7,4,5,3]","[3,4,5,7]",n4_o093_r2290,4,"[1,2,3,4]",40,21
19,"[3,4,2,1]",10,"[1,2,3,4]","[7,5,3,4]","[3,4,5,7]",n4_o093_r2291,4,"[1,2,3,4]",40,21
19,"[4,3,2,1]",10,"[1,2,3,4]","[7,5,4,3]","[3,4,5,7]",n4_o093_r2292,4,"[1,2,3,4]",40,21
20,"[1,2,3,4]",10,"[1,2,3,4]","[3,4,5,8]","[3,4,5,8]",n4_o094_r2293,4,"[1,2,3,4]",2,1
20,"[1,2,4,3]",10,"[1,2,3,4]","[3,4,8,5]","[3,4,5,8]",n4_o094_r2294,4,"[1,2,3,4]",2,1
20,"[1,3,2,4]",10,"[1,2,3,4]","[3,5,4,8]","[3,4,5,8]",n4_o094_r2295,4,"[1,2,3,4]",2,1
20,"[1,4,2,3]",10,"[1,2,3,4]","[3,5,8,4]","[3,4,5,8]",n4_o094_r2296,4,"[1,2,3,4]",2,1
20,"[1,3,4,2]",10,"[1,2,3,4]","[3,8,4,5]","[3,4,5,8]",n4_o094_r2297,4,"[1,2,3,4]",2,1
20,"[1,4,3,2]",10,"[1,2,3,4]","[3,8,5,4]","[3,4,5,8]",n4_o094_r2298,4,"[1,2,3,4]",2,1
20,"[2,1,3,4]",10,"[1,2,3,4]","[4,3,5,8]","[3,4,5,8]",n4_o094_r2299,4,"[1,2,3,4]",2,1
20,"[2,1,4,3]",10,"[1,2,3,4]","[4,3,8,5]","[3,4,5,8]",n4_o094_r2300,4,"[1,2,3,4]",2,1
20,"[3,1,2,4]",10,"[1,2,3,4]","[4,5,3,8]","[3,4,5,8]",n4_o094_r2301,4,"[1,2,3,4]",2,1
20,"[4,1,2,3]",10,"[1,2,3,4]","[4,5,8,3]","[3,4,5,8]",n4_o094_r2302,4,"[1,2,3,4]",2,1
20,"[3,1,4,2]",10,"[1,2,3,4]","[4,8,3,5]","[3,4,5,8]",n4_o094_r2303,4,"[1,2,3,4]",2,1
20,"[4,1,3,2]",10,"[1,2,3,4]","[4,8,5,3]","[3,4,5,8]",n4_o094_r2304,4,"[1,2,3,4]",2,1
20,"[2,3,1,4]",10,"[1,2,3,4]","[5,3,4,8]","[3,4,5,8]",n4_o094_r2305,4,"[1,2,3,4]",2,1
20,"[2,4,1,3]",10,"[1,2,3,4]","[5,3,8,4]","[3,4,5,8]",n4_o094_r2306,4,"[1,2,3,4]",2,1
20,"[3,2,1,4]",10,"[1,2,3,4]","[5,4,3,8]","[3,4,5,8]",n4_o094_r2307,4,"[1,2,3,4]",2,1
20,"[4,2,1,3]",10,"[1,2,3,4]","[5,4,8,3]","[3,4,5,8]",n4_o094_r2308,4,"[1,2,3,4]",2,1
20,"[3,4,1,2]",10,"[1,2,3,4]","[5,8,3,4]","[3,4,5,8]",n4_o094_r2309,4,"[1,2,3,4]",2,1
20,"[4,3,1,2]",10,"[1,2,3,4]","[5,8,4,3]","[3,4,5,8]",n4_o094_r2310,4,"[1,2,3,4]",2,1
20,"[2,3,4,1]",10,"[1,2,3,4]","[8,3,4,5]","[3,4,5,8]",n4_o094_r2311,4,"[1,2,3,4]",2,1
20,"[2,4,3,1]",10,"[1,2,3,4]","[8,3,5,4]","[3,4,5,8]",n4_o094_r2312,4,"[1,2,3,4]",2,1
20,"[3,2,4,1]",10,"[1,2,3,4]","[8,4,3,5]","[3,4,5,8]",n4_o094_r2313,4,"[1,2,3,4]",2,1
20,"[4,2,3,1]",10,"[1,2,3,4]","[8,4,5,3]","[3,4,5,8]",n4_o094_r2314,4,"[1,2,3,4]",2,1
20,"[3,4,2,1]",10,"[1,2,3,4]","[8,5,3,4]","[3,4,5,8]",n4_o094_r2315,4,"[1,2,3,4]",2,1
20,"[4,3,2,1]",10,"[1,2,3,4]","[8,5,4,3]","[3,4,5,8]",n4_o094_r2316,4,"[1,2,3,4]",2,1
21,"[1,2,3,4]",10,"[1,2,3,4]","[3,4,5,9]","[3,4,5,9]",n4_o095_r2317,4,"[1,2,3,4]",40,19
21,"[1,2,4,3]",10,"[1,2,3,4]","[3,4,9,5]","[3,4,5,9]",n4_o095_r2318,4,"[1,2,3,4]",40,19
21,"[1,3,2,4]",10,"[1,2,3,4]","[3,5,4,9]","[3,4,5,9]",n4_o095_r2319,4,"[1,2,3,4]",40,19
21,"[1,4,2,3]",10,"[1,2,3,4]","[3,5,9,4]","[3,4,5,9]",n4_o095_r2320,4,"[1,2,3,4]",40,19
21,"[1,3,4,2]",10,"[1,2,3,4]","[3,9,4,5]","[3,4,5,9]",n4_o095_r2321,4,"[1,2,3,4]",40,19
21,"[1,4,3,2]",10,"[1,2,3,4]","[3,9,5,4]","[3,4,5,9]",n4_o095_r2322,4,"[1,2,3,4]",40,19
21,"[2,1,3,4]",10,"[1,2,3,4]","[4,3,5,9]","[3,4,5,9]",n4_o095_r2323,4,"[1,2,3,4]",40,19
21,"[2,1,4,3]",10,"[1,2,3,4]","[4,3,9,5]","[3,4,5,9]",n4_o095_r2324,4,"[1,2,3,4]",40,19
21,"[3,1,2,4]",10,"[1,2,3,4]","[4,5,3,9]","[3,4,5,9]",n4_o095_r2325,4,"[1,2,3,4]",40,19
21,"[4,1,2,3]",10,"[1,2,3,4]","[4,5,9,3]","[3,4,5,9]",n4_o095_r2326,4,"[1,2,3,4]",40,19
21,"[3,1,4,2]",10,"[1,2,3,4]","[4,9,3,5]","[3,4,5,9]",n4_o095_r2327,4,"[1,2,3,4]",40,19
21,"[4,1,3,2]",10,"[1,2,3,4]","[4,9,5,3]","[3,4,5,9]",n4_o095_r2328,4,"[1,2,3,4]",40,19
21,"[2,3,1,4]",10,"[1,2,3,4]","[5,3,4,9]","[3,4,5,9]",n4_o095_r2329,4,"[1,2,3,4]",40,19
21,"[2,4,1,3]",10,"[1,2,3,4]","[5,3,9,4]","[3,4,5,9]",n4_o095_r2330,4,"[1,2,3,4]",40,19
21,"[3,2,1,4]",10,"[1,2,3,4]","[5,4,3,9]","[3,4,5,9]",n4_o095_r2331,4,"[1,2,3,4]",40,19
21,"[4,2,1,3]",10,"[1,2,3,4]","[5,4,9,3]","[3,4,5,9]",n4_o095_r2332,4,"[1,2,3,4]",40,19
21,"[3,4,1,2]",10,"[1,2,3,4]","[5,9,3,4]","[3,4,5,9]",n4_o095_r2333,4,"[1,2,3,4]",40,19
21,"[4,3,1,2]",10,"[1,2,3,4]","[5,9,4,3]","[3,4,5,9]",n4_o095_r2334,4,"[1,2,3,4]",40,19
21,"[2,3,4,1]",10,"[1,2,3,4]","[9,3,4,5]","[3,4,5,9]",n4_o095_r2335,4,"[1,2,3,4]",40,19
21,"[2,4,3,1]",10,"[1,2,3,4]","[9,3,5,4]","[3,4,5,9]",n4_o095_r2336,4,"[1,2,3,4]",40,19
21,"[3,2,4,1]",10,"[1,2,3,4]","[9,4,3,5]","[3,4,5,9]",n4_o095_r2337,4,"[1,2,3,4]",40,19
21,"[4,2,3,1]",10,"[1,2,3,4]","[9,4,5,3]","[3,4,5,9]",n4_o095_r2338,4,"[1,2,3,4]",40,19
21,"[3,4,2,1]",10,"[1,2,3,4]","[9,5,3,4]","[3,4,5,9]",n4_o095_r2339,4,"[1,2,3,4]",40,19
21,"[4,3,2,1]",10,"[1,2,3,4]","[9,5,4,3]","[3,4,5,9]",n4_o095_r2340,4,"[1,2,3,4]",40,19
20,"[1,2,3,4]",10,"[1,2,3,4]","[3,4,6,7]","[3,4,6,7]",n4_o096_r2341,4,"[1,2,3,4]",2,1
20,"[1,2,4,3]",10,"[1,2,3,4]","[3,4,7,6]","[3,4,6,7]",n4_o096_r2342,4,"[1,2,3,4]",2,1
20,"[1,3,2,4]",10,"[1,2,3,4]","[3,6,4,7]","[3,4,6,7]",n4_o096_r2343,4,"[1,2,3,4]",2,1
20,"[1,4,2,3]",10,"[1,2,3,4]","[3,6,7,4]","[3,4,6,7]",n4_o096_r2344,4,"[1,2,3,4]",2,1
20,"[1,3,4,2]",10,"[1,2,3,4]","[3,7,4,6]","[3,4,6,7]",n4_o096_r2345,4,"[1,2,3,4]",2,1
20,"[1,4,3,2]",10,"[1,2,3,4]","[3,7,6,4]","[3,4,6,7]",n4_o096_r2346,4,"[1,2,3,4]",2,1
20,"[2,1,3,4]",10,"[1,2,3,4]","[4,3,6,7]","[3,4,6,7]",n4_o096_r2347,4,"[1,2,3,4]",2,1
20,"[2,1,4,3]",10,"[1,2,3,4]","[4,3,7,6]","[3,4,6,7]",n4_o096_r2348,4,"[1,2,3,4]",2,1
20,"[3,1,2,4]",10,"[1,2,3,4]","[4,6,3,7]","[3,4,6,7]",n4_o096_r2349,4,"[1,2,3,4]",2,1
20,"[4,1,2,3]",10,"[1,2,3,4]","[4,6,7,3]","[3,4,6,7]",n4_o096_r2350,4,"[1,2,3,4]",2,1
20,"[3,1,4,2]",10,"[1,2,3,4]","[4,7,3,6]","[3,4,6,7]",n4_o096_r2351,4,"[1,2,3,4]",2,1
20,"[4,1,3,2]",10,"[1,2,3,4]","[4,7,6,3]","[3,4,6,7]",n4_o096_r2352,4,"[1,2,3,4]",2,1
20,"[2,3,1,4]",10,"[1,2,3,4]","[6,3,4,7]","[3,4,6,7]",n4_o096_r2353,4,"[1,2,3,4]",2,1
20,"[2,4,1,3]",10,"[1,2,3,4]","[6,3,7,4]","[3,4,6,7]",n4_o096_r2354,4,"[1,2,3,4]",2,1
20,"[3,2,1,4]",10,"[1,2,3,4]","[6,4,3,7]","[3,4,6,7]",n4_o096_r2355,4,"[1,2,3,4]",2,1
20,"[4,2,1,3]",10,"[1,2,3,4]","[6,4,7,3]","[3,4,6,7]",n4_o096_r2356,4,"[1,2,3,4]",2,1
20,"[3,4,1,2]",10,"[1,2,3,4]","[6,7,3,4]","[3,4,6,7]",n4_o096_r2357,4,"[1,2,3,4]",2,1
20,"[4,3,1,2]",10,"[1,2,3,4]","[6,7,4,3]","[3,4,6,7]",n4_o096_r2358,4,"[1,2,3,4]",2,1
20,"[2,3,4,1]",10,"[1,2,3,4]","[7,3,4,6]","[3,4,6,7]",n4_o096_r2359,4,"[1,2,3,4]",2,1
20,"[2,4,3,1]",10,"[1,2,3,4]","[7,3,6,4]","[3,4,6,7]",n4_o096_r2360,4,"[1,2,3,4]",2,1
20,"[3,2,4,1]",10,"[1,2,3,4]","[7,4,3,6]","[3,4,6,7]",n4_o096_r2361,4,"[1,2,3,4]",2,1
20,"[4,2,3,1]",10,"[1,2,3,4]","[7,4,6,3]","[3,4,6,7]",n4_o096_r2362,4,"[1,2,3,4]",2,1
20,"[3,4,2,1]",10,"[1,2,3,4]","[7,6,3,4]","[3,4,6,7]",n4_o096_r2363,4,"[1,2,3,4]",2,1
20,"[4,3,2,1]",10,"[1,2,3,4]","[7,6,4,3]","[3,4,6,7]",n4_o096_r2364,4,"[1,2,3,4]",2,1
21,"[1,2,3,4]",10,"[1,2,3,4]","[3,4,6,8]","[3,4,6,8]",n4_o097_r2365,4,"[1,2,3,4]",40,19
21,"[1,2,4,3]",10,"[1,2,3,4]","[3,4,8,6]","[3,4,6,8]",n4_o097_r2366,4,"[1,2,3,4]",40,19
21,"[1,3,2,4]",10,"[1,2,3,4]","[3,6,4,8]","[3,4,6,8]",n4_o097_r2367,4,"[1,2,3,4]",40,19
21,"[1,4,2,3]",10,"[1,2,3,4]","[3,6,8,4]","[3,4,6,8]",n4_o097_r2368,4,"[1,2,3,4]",40,19
21,"[1,3,4,2]",10,"[1,2,3,4]","[3,8,4,6]","[3,4,6,8]",n4_o097_r2369,4,"[1,2,3,4]",40,19
21,"[1,4,3,2]",10,"[1,2,3,4]","[3,8,6,4]","[3,4,6,8]",n4_o097_r2370,4,"[1,2,3,4]",40,19
21,"[2,1,3,4]",10,"[1,2,3,4]","[4,3,6,8]","[3,4,6,8]",n4_o097_r2371,4,"[1,2,3,4]",40,19
21,"[2,1,4,3]",10,"[1,2,3,4]","[4,3,8,6]","[3,4,6,8]",n4_o097_r2372,4,"[1,2,3,4]",40,19
21,"[3,1,2,4]",10,"[1,2,3,4]","[4,6,3,8]","[3,4,6,8]",n4_o097_r2373,4,"[1,2,3,4]",40,19
21,"[4,1,2,3]",10,"[1,2,3,4]","[4,6,8,3]","[3,4,6,8]",n4_o097_r2374,4,"[1,2,3,4]",40,19
21,"[3,1,4,2]",10,"[1,2,3,4]","[4,8,3,6]","[3,4,6,8]",n4_o097_r2375,4,"[1,2,3,4]",40,19
21,"[4,1,3,2]",10,"[1,2,3,4]","[4,8,6,3]","[3,4,6,8]",n4_o097_r2376,4,"[1,2,3,4]",40,19
21,"[2,3,1,4]",10,"[1,2,3,4]","[6,3,4,8]","[3,4,6,8]",n4_o097_r2377,4,"[1,2,3,4]",40,19
21,"[2,4,1,3]",10,"[1,2,3,4]","[6,3,8,4]","[3,4,6,8]",n4_o097_r2378,4,"[1,2,3,4]",40,19
21,"[3,2,1,4]",10,"[1,2,3,4]","[6,4,3,8]","[3,4,6,8]",n4_o097_r2379,4,"[1,2,3,4]",40,19
21,"[4,2,1,3]",10,"[1,2,3,4]","[6,4,8,3]","[3,4,6,8]",n4_o097_r2380,4,"[1,2,3,4]",40,19
21,"[3,4,1,2]",10,"[1,2,3,4]","[6,8,3,4]","[3,4,6,8]",n4_o097_r2381,4,"[1,2,3,4]",40,19
21,"[4,3,1,2]",10,"[1,2,3,4]","[6,8,4,3]","[3,4,6,8]",n4_o097_r2382,4,"[1,2,3,4]",40,19
21,"[2,3,4,1]",10,"[1,2,3,4]","[8,3,4,6]","[3,4,6,8]",n4_o097_r2383,4,"[1,2,3,4]",40,19
21,"[2,4,3,1]",10,"[1,2,3,4]","[8,3,6,4]","[3,4,6,8]",n4_o097_r2384,4,"[1,2,3,4]",40,19
21,"[3,2,4,1]",10,"[1,2,3,4]","[8,4,3,6]","[3,4,6,8]",n4_o097_r2385,4,"[1,2,3,4]",40,19
21,"[4,2,3,1]",10,"[1,2,3,4]","[8,4,6,3]","[3,4,6,8]",n4_o097_r2386,4,"[1,2,3,4]",40,19
21,"[3,4,2,1]",10,"[1,2,3,4]","[8,6,3,4]","[3,4,6,8]",n4_o097_r2387,4,"[1,2,3,4]",40,19
21,"[4,3,2,1]",10,"[1,2,3,4]","[8,6,4,3]","[3,4,6,8]",n4_o097_r2388,4,"[1,2,3,4]",40,19
22,"[1,2,3,4]",10,"[1,2,3,4]","[3,4,6,9]","[3,4,6,9]",n4_o098_r2389,4,"[1,2,3,4]",20,9
22,"[1,2,4,3]",10,"[1,2,3,4]","[3,4,9,6]","[3,4,6,9]",n4_o098_r2390,4,"[1,2,3,4]",20,9
22,"[1,3,2,4]",10,"[1,2,3,4]","[3,6,4,9]","[3,4,6,9]",n4_o098_r2391,4,"[1,2,3,4]",20,9
22,"[1,4,2,3]",10,"[1,2,3,4]","[3,6,9,4]","[3,4,6,9]",n4_o098_r2392,4,"[1,2,3,4]",20,9
22,"[1,3,4,2]",10,"[1,2,3,4]","[3,9,4,6]","[3,4,6,9]",n4_o098_r2393,4,"[1,2,3,4]",20,9
22,"[1,4,3,2]",10,"[1,2,3,4]","[3,9,6,4]","[3,4,6,9]",n4_o098_r2394,4,"[1,2,3,4]",20,9
22,"[2,1,3,4]",10,"[1,2,3,4]","[4,3,6,9]","[3,4,6,9]",n4_o098_r2395,4,"[1,2,3,4]",20,9
22,"[2,1,4,3]",10,"[1,2,3,4]","[4,3,9,6]","[3,4,6,9]",n4_o098_r2396,4,"[1,2,3,4]",20,9
22,"[3,1,2,4]",10,"[1,2,3,4]","[4,6,3,9]","[3,4,6,9]",n4_o098_r2397,4,"[1,2,3,4]",20,9
22,"[4,1,2,3]",10,"[1,2,3,4]","[4,6,9,3]","[3,4,6,9]",n4_o098_r2398,4,"[1,2,3,4]",20,9
22,"[3,1,4,2]",10,"[1,2,3,4]","[4,9,3,6]","[3,4,6,9]",n4_o098_r2399,4,"[1,2,3,4]",20,9
22,"[4,1,3,2]",10,"[1,2,3,4]","[4,9,6,3]","[3,4,6,9]",n4_o098_r2400,4,"[1,2,3,4]",20,9
22,"[2,3,1,4]",10,"[1,2,3,4]","[6,3,4,9]","[3,4,6,9]",n4_o098_r2401,4,"[1,2,3,4]",20,9
22,"[2,4,1,3]",10,"[1,2,3,4]","[6,3,9,4]","[3,4,6,9]",n4_o098_r2402,4,"[1,2,3,4]",20,9
22,"[3,2,1,4]",10,"[1,2,3,4]","[6,4,3,9]","[3,4,6,9]",n4_o098_r2403,4,"[1,2,3,4]",20,9
22,"[4,2,1,3]",10,"[1,2,3,4]","[6,4,9,3]","[3,4,6,9]",n4_o098_r2404,4,"[1,2,3,4]",20,9
22,"[3,4,1,2]",10,"[1,2,3,4]","[6,9,3,4]","[3,4,6,9]",n4_o098_r2405,4,"[1,2,3,4]",20,9
22,"[4,3,1,2]",10,"[1,2,3,4]","[6,9,4,3]","[3,4,6,9]",n4_o098_r2406,4,"[1,2,3,4]",20,9
22,"[2,3,4,1]",10,"[1,2,3,4]","[9,3,4,6]","[3,4,6,9]",n4_o098_r2407,4,"[1,2,3,4]",20,9
22,"[2,4,3,1]",10,"[1,2,3,4]","[9,3,6,4]","[3,4,6,9]",n4_o098_r2408,4,"[1,2,3,4]",20,9
22,"[3,2,4,1]",10,"[1,2,3,4]","[9,4,3,6]","[3,4,6,9]",n4_o098_r2409,4,"[1,2,3,4]",20,9
22,"[4,2,3,1]",10,"[1,2,3,4]","[9,4,6,3]","[3,4,6,9]",n4_o098_r2410,4,"[1,2,3,4]",20,9
22,"[3,4,2,1]",10,"[1,2,3,4]","[9,6,3,4]","[3,4,6,9]",n4_o098_r2411,4,"[1,2,3,4]",20,9
22,"[4,3,2,1]",10,"[1,2,3,4]","[9,6,4,3]","[3,4,6,9]",n4_o098_r2412,4,"[1,2,3,4]",20,9
22,"[1,2,3,4]",10,"[1,2,3,4]","[3,4,7,8]","[3,4,7,8]",n4_o099_r2413,4,"[1,2,3,4]",20,9
22,"[1,2,4,3]",10,"[1,2,3,4]","[3,4,8,7]","[3,4,7,8]",n4_o099_r2414,4,"[1,2,3,4]",20,9
22,"[1,3,2,4]",10,"[1,2,3,4]","[3,7,4,8]","[3,4,7,8]",n4_o099_r2415,4,"[1,2,3,4]",20,9
22,"[1,4,2,3]",10,"[1,2,3,4]","[3,7,8,4]","[3,4,7,8]",n4_o099_r2416,4,"[1,2,3,4]",20,9
22,"[1,3,4,2]",10,"[1,2,3,4]","[3,8,4,7]","[3,4,7,8]",n4_o099_r2417,4,"[1,2,3,4]",20,9
22,"[1,4,3,2]",10,"[1,2,3,4]","[3,8,7,4]","[3,4,7,8]",n4_o099_r2418,4,"[1,2,3,4]",20,9
22,"[2,1,3,4]",10,"[1,2,3,4]","[4,3,7,8]","[3,4,7,8]",n4_o099_r2419,4,"[1,2,3,4]",20,9
22,"[2,1,4,3]",10,"[1,2,3,4]","[4,3,8,7]","[3,4,7,8]",n4_o099_r2420,4,"[1,2,3,4]",20,9
22,"[3,1,2,4]",10,"[1,2,3,4]","[4,7,3,8]","[3,4,7,8]",n4_o099_r2421,4,"[1,2,3,4]",20,9
22,"[4,1,2,3]",10,"[1,2,3,4]","[4,7,8,3]","[3,4,7,8]",n4_o099_r2422,4,"[1,2,3,4]",20,9
22,"[3,1,4,2]",10,"[1,2,3,4]","[4,8,3,7]","[3,4,7,8]",n4_o099_r2423,4,"[1,2,3,4]",20,9
22,"[4,1,3,2]",10,"[1,2,3,4]","[4,8,7,3]","[3,4,7,8]",n4_o099_r2424,4,"[1,2,3,4]",20,9
22,"[2,3,1,4]",10,"[1,2,3,4]","[7,3,4,8]","[3,4,7,8]",n4_o099_r2425,4,"[1,2,3,4]",20,9
22,"[2,4,1,3]",10,"[1,2,3,4]","[7,3,8,4]","[3,4,7,8]",n4_o099_r2426,4,"[1,2,3,4]",20,9
22,"[3,2,1,4]",10,"[1,2,3,4]","[7,4,3,8]","[3,4,7,8]",n4_o099_r2427,4,"[1,2,3,4]",20,9
22,"[4,2,1,3]",10,"[1,2,3,4]","[7,4,8,3]","[3,4,7,8]",n4_o099_r2428,4,"[1,2,3,4]",20,9
22,"[3,4,1,2]",10,"[1,2,3,4]","[7,8,3,4]","[3,4,7,8]",n4_o099_r2429,4,"[1,2,3,4]",20,9
22,"[4,3,1,2]",10,"[1,2,3,4]","[7,8,4,3]","[3,4,7,8]",n4_o099_r2430,4,"[1,2,3,4]",20,9
22,"[2,3,4,1]",10,"[1,2,3,4]","[8,3,4,7]","[3,4,7,8]",n4_o099_r2431,4,"[1,2,3,4]",20,9
22,"[2,4,3,1]",10,"[1,2,3,4]","[8,3,7,4]","[3,4,7,8]",n4_o099_r2432,4,"[1,2,3,4]",20,9
22,"[3,2,4,1]",10,"[1,2,3,4]","[8,4,3,7]","[3,4,7,8]",n4_o099_r2433,4,"[1,2,3,4]",20,9
22,"[4,2,3,1]",10,"[1,2,3,4]","[8,4,7,3]","[3,4,7,8]",n4_o099_r2434,4,"[1,2,3,4]",20,9
22,"[3,4,2,1]",10,"[1,2,3,4]","[8,7,3,4]","[3,4,7,8]",n4_o099_r2435,4,"[1,2,3,4]",20,9
22,"[4,3,2,1]",10,"[1,2,3,4]","[8,7,4,3]","[3,4,7,8]",n4_o099_r2436,4,"[1,2,3,4]",20,9
23,"[1,2,3,4]",10,"[1,2,3,4]","[3,4,7,9]","[3,4,7,9]",n4_o100_r2437,4,"[1,2,3,4]",40,17
23,"[1,2,4,3]",10,"[1,2,3,4]","[3,4,9,7]","[3,4,7,9]",n4_o100_r2438,4,"[1,2,3,4]",40,17
23,"[1,3,2,4]",10,"[1,2,3,4]","[3,7,4,9]","[3,4,7,9]",n4_o100_r2439,4,"[1,2,3,4]",40,17
23,"[1,4,2,3]",10,"[1,2,3,4]","[3,7,9,4]","[3,4,7,9]",n4_o100_r2440,4,"[1,2,3,4]",40,17
23,"[1,3,4,2]",10,"[1,2,3,4]","[3,9,4,7]","[3,4,7,9]",n4_o100_r2441,4,"[1,2,3,4]",40,17
23,"[1,4,3,2]",10,"[1,2,3,4]","[3,9,7,4]","[3,4,7,9]",n4_o100_r2442,4,"[1,2,3,4]",40,17
23,"[2,1,3,4]",10,"[1,2,3,4]","[4,3,7,9]","[3,4,7,9]",n4_o100_r2443,4,"[1,2,3,4]",40,17
23,"[2,1,4,3]",10,"[1,2,3,4]","[4,3,9,7]","[3,4,7,9]",n4_o100_r2444,4,"[1,2,3,4]",40,17
23,"[3,1,2,4]",10,"[1,2,3,4]","[4,7,3,9]","[3,4,7,9]",n4_o100_r2445,4,"[1,2,3,4]",40,17
23,"[4,1,2,3]",10,"[1,2,3,4]","[4,7,9,3]","[3,4,7,9]",n4_o100_r2446,4,"[1,2,3,4]",40,17
23,"[3,1,4,2]",10,"[1,2,3,4]","[4,9,3,7]","[3,4,7,9]",n4_o100_r2447,4,"[1,2,3,4]",40,17
23,"[4,1,3,2]",10,"[1,2,3,4]","[4,9,7,3]","[3,4,7,9]",n4_o100_r2448,4,"[1,2,3,4]",40,17
23,"[2,3,1,4]",10,"[1,2,3,4]","[7,3,4,9]","[3,4,7,9]",n4_o100_r2449,4,"[1,2,3,4]",40,17
23,"[2,4,1,3]",10,"[1,2,3,4]","[7,3,9,4]","[3,4,7,9]",n4_o100_r2450,4,"[1,2,3,4]",40,17
23,"[3,2,1,4]",10,"[1,2,3,4]","[7,4,3,9]","[3,4,7,9]",n4_o100_r2451,4,"[1,2,3,4]",40,17
23,"[4,2,1,3]",10,"[1,2,3,4]","[7,4,9,3]","[3,4,7,9]",n4_o100_r2452,4,"[1,2,3,4]",40,17
23,"[3,4,1,2]",10,"[1,2,3,4]","[7,9,3,4]","[3,4,7,9]",n4_o100_r2453,4,"[1,2,3,4]",40,17
23,"[4,3,1,2]",10,"[1,2,3,4]","[7,9,4,3]","[3,4,7,9]",n4_o100_r2454,4,"[1,2,3,4]",40,17
23,"[2,3,4,1]",10,"[1,2,3,4]","[9,3,4,7]","[3,4,7,9]",n4_o100_r2455,4,"[1,2,3,4]",40,17
23,"[2,4,3,1]",10,"[1,2,3,4]","[9,3,7,4]","[3,4,7,9]",n4_o100_r2456,4,"[1,2,3,4]",40,17
23,"[3,2,4,1]",10,"[1,2,3,4]","[9,4,3,7]","[3,4,7,9]",n4_o100_r2457,4,"[1,2,3,4]",40,17
23,"[4,2,3,1]",10,"[1,2,3,4]","[9,4,7,3]","[3,4,7,9]",n4_o100_r2458,4,"[1,2,3,4]",40,17
23,"[3,4,2,1]",10,"[1,2,3,4]","[9,7,3,4]","[3,4,7,9]",n4_o100_r2459,4,"[1,2,3,4]",40,17
23,"[4,3,2,1]",10,"[1,2,3,4]","[9,7,4,3]","[3,4,7,9]",n4_o100_r2460,4,"[1,2,3,4]",40,17
24,"[1,2,3,4]",10,"[1,2,3,4]","[3,4,8,9]","[3,4,8,9]",n4_o101_r2461,4,"[1,2,3,4]",5,2
24,"[1,2,4,3]",10,"[1,2,3,4]","[3,4,9,8]","[3,4,8,9]",n4_o101_r2462,4,"[1,2,3,4]",5,2
24,"[1,3,2,4]",10,"[1,2,3,4]","[3,8,4,9]","[3,4,8,9]",n4_o101_r2463,4,"[1,2,3,4]",5,2
24,"[1,4,2,3]",10,"[1,2,3,4]","[3,8,9,4]","[3,4,8,9]",n4_o101_r2464,4,"[1,2,3,4]",5,2
24,"[1,3,4,2]",10,"[1,2,3,4]","[3,9,4,8]","[3,4,8,9]",n4_o101_r2465,4,"[1,2,3,4]",5,2
24,"[1,4,3,2]",10,"[1,2,3,4]","[3,9,8,4]","[3,4,8,9]",n4_o101_r2466,4,"[1,2,3,4]",5,2
24,"[2,1,3,4]",10,"[1,2,3,4]","[4,3,8,9]","[3,4,8,9]",n4_o101_r2467,4,"[1,2,3,4]",5,2
24,"[2,1,4,3]",10,"[1,2,3,4]","[4,3,9,8]","[3,4,8,9]",n4_o101_r2468,4,"[1,2,3,4]",5,2
24,"[3,1,2,4]",10,"[1,2,3,4]","[4,8,3,9]","[3,4,8,9]",n4_o101_r2469,4,"[1,2,3,4]",5,2
24,"[4,1,2,3]",10,"[1,2,3,4]","[4,8,9,3]","[3,4,8,9]",n4_o101_r2470,4,"[1,2,3,4]",5,2
24,"[3,1,4,2]",10,"[1,2,3,4]","[4,9,3,8]","[3,4,8,9]",n4_o101_r2471,4,"[1,2,3,4]",5,2
24,"[4,1,3,2]",10,"[1,2,3,4]","[4,9,8,3]","[3,4,8,9]",n4_o101_r2472,4,"[1,2,3,4]",5,2
24,"[2,3,1,4]",10,"[1,2,3,4]","[8,3,4,9]","[3,4,8,9]",n4_o101_r2473,4,"[1,2,3,4]",5,2
24,"[2,4,1,3]",10,"[1,2,3,4]","[8,3,9,4]","[3,4,8,9]",n4_o101_r2474,4,"[1,2,3,4]",5,2
24,"[3,2,1,4]",10,"[1,2,3,4]","[8,4,3,9]","[3,4,8,9]",n4_o101_r2475,4,"[1,2,3,4]",5,2
24,"[4,2,1,3]",10,"[1,2,3,4]","[8,4,9,3]","[3,4,8,9]",n4_o101_r2476,4,"[1,2,3,4]",5,2
24,"[3,4,1,2]",10,"[1,2,3,4]","[8,9,3,4]","[3,4,8,9]",n4_o101_r2477,4,"[1,2,3,4]",5,2
24,"[4,3,1,2]",10,"[1,2,3,4]","[8,9,4,3]","[3,4,8,9]",n4_o101_r2478,4,"[1,2,3,4]",5,2
24,"[2,3,4,1]",10,"[1,2,3,4]","[9,3,4,8]","[3,4,8,9]",n4_o101_r2479,4,"[1,2,3,4]",5,2
24,"[2,4,3,1]",10,"[1,2,3,4]","[9,3,8,4]","[3,4,8,9]",n4_o101_r2480,4,"[1,2,3,4]",5,2
24,"[3,2,4,1]",10,"[1,2,3,4]","[9,4,3,8]","[3,4,8,9]",n4_o101_r2481,4,"[1,2,3,4]",5,2
24,"[4,2,3,1]",10,"[1,2,3,4]","[9,4,8,3]","[3,4,8,9]",n4_o101_r2482,4,"[1,2,3,4]",5,2
24,"[3,4,2,1]",10,"[1,2,3,4]","[9,8,3,4]","[3,4,8,9]",n4_o101_r2483,4,"[1,2,3,4]",5,2
24,"[4,3,2,1]",10,"[1,2,3,4]","[9,8,4,3]","[3,4,8,9]",n4_o101_r2484,4,"[1,2,3,4]",5,2
21,"[1,2,3,4]",10,"[1,2,3,4]","[3,5,6,7]","[3,5,6,7]",n4_o102_r2485,4,"[1,2,3,4]",40,19
21,"[1,2,4,3]",10,"[1,2,3,4]","[3,5,7,6]","[3,5,6,7]",n4_o102_r2486,4,"[1,2,3,4]",40,19
21,"[1,3,2,4]",10,"[1,2,3,4]","[3,6,5,7]","[3,5,6,7]",n4_o102_r2487,4,"[1,2,3,4]",40,19
21,"[1,4,2,3]",10,"[1,2,3,4]","[3,6,7,5]","[3,5,6,7]",n4_o102_r2488,4,"[1,2,3,4]",40,19
21,"[1,3,4,2]",10,"[1,2,3,4]","[3,7,5,6]","[3,5,6,7]",n4_o102_r2489,4,"[1,2,3,4]",40,19
21,"[1,4,3,2]",10,"[1,2,3,4]","[3,7,6,5]","[3,5,6,7]",n4_o102_r2490,4,"[1,2,3,4]",40,19
21,"[2,1,3,4]",10,"[1,2,3,4]","[5,3,6,7]","[3,5,6,7]",n4_o102_r2491,4,"[1,2,3,4]",40,19
21,"[2,1,4,3]",10,"[1,2,3,4]","[5,3,7,6]","[3,5,6,7]",n4_o102_r2492,4,"[1,2,3,4]",40,19
21,"[3,1,2,4]",10,"[1,2,3,4]","[5,6,3,7]","[3,5,6,7]",n4_o102_r2493,4,"[1,2,3,4]",40,19
21,"[4,1,2,3]",10,"[1,2,3,4]","[5,6,7,3]","[3,5,6,7]",n4_o102_r2494,4,"[1,2,3,4]",40,19
21,"[3,1,4,2]",10,"[1,2,3,4]","[5,7,3,6]","[3,5,6,7]",n4_o102_r2495,4,"[1,2,3,4]",40,19
21,"[4,1,3,2]",10,"[1,2,3,4]","[5,7,6,3]","[3,5,6,7]",n4_o102_r2496,4,"[1,2,3,4]",40,19
21,"[2,3,1,4]",10,"[1,2,3,4]","[6,3,5,7]","[3,5,6,7]",n4_o102_r2497,4,"[1,2,3,4]",40,19
21,"[2,4,1,3]",10,"[1,2,3,4]","[6,3,7,5]","[3,5,6,7]",n4_o102_r2498,4,"[1,2,3,4]",40,19
21,"[3,2,1,4]",10,"[1,2,3,4]","[6,5,3,7]","[3,5,6,7]",n4_o102_r2499,4,"[1,2,3,4]",40,19
21,"[4,2,1,3]",10,"[1,2,3,4]","[6,5,7,3]","[3,5,6,7]",n4_o102_r2500,4,"[1,2,3,4]",40,19
21,"[3,4,1,2]",10,"[1,2,3,4]","[6,7,3,5]","[3,5,6,7]",n4_o102_r2501,4,"[1,2,3,4]",40,19
21,"[4,3,1,2]",10,"[1,2,3,4]","[6,7,5,3]","[3,5,6,7]",n4_o102_r2502,4,"[1,2,3,4]",40,19
21,"[2,3,4,1]",10,"[1,2,3,4]","[7,3,5,6]","[3,5,6,7]",n4_o102_r2503,4,"[1,2,3,4]",40,19
21,"[2,4,3,1]",10,"[1,2,3,4]","[7,3,6,5]","[3,5,6,7]",n4_o102_r2504,4,"[1,2,3,4]",40,19
21,"[3,2,4,1]",10,"[1,2,3,4]","[7,5,3,6]","[3,5,6,7]",n4_o102_r2505,4,"[1,2,3,4]",40,19
21,"[4,2,3,1]",10,"[1,2,3,4]","[7,5,6,3]","[3,5,6,7]",n4_o102_r2506,4,"[1,2,3,4]",40,19
21,"[3,4,2,1]",10,"[1,2,3,4]","[7,6,3,5]","[3,5,6,7]",n4_o102_r2507,4,"[1,2,3,4]",40,19
21,"[4,3,2,1]",10,"[1,2,3,4]","[7,6,5,3]","[3,5,6,7]",n4_o102_r2508,4,"[1,2,3,4]",40,19
22,"[1,2,3,4]",10,"[1,2,3,4]","[3,5,6,8]","[3,5,6,8]",n4_o103_r2509,4,"[1,2,3,4]",20,9
22,"[1,2,4,3]",10,"[1,2,3,4]","[3,5,8,6]","[3,5,6,8]",n4_o103_r2510,4,"[1,2,3,4]",20,9
22,"[1,3,2,4]",10,"[1,2,3,4]","[3,6,5,8]","[3,5,6,8]",n4_o103_r2511,4,"[1,2,3,4]",20,9
22,"[1,4,2,3]",10,"[1,2,3,4]","[3,6,8,5]","[3,5,6,8]",n4_o103_r2512,4,"[1,2,3,4]",20,9
22,"[1,3,4,2]",10,"[1,2,3,4]","[3,8,5,6]","[3,5,6,8]",n4_o103_r2513,4,"[1,2,3,4]",20,9
22,"[1,4,3,2]",10,"[1,2,3,4]","[3,8,6,5]","[3,5,6,8]",n4_o103_r2514,4,"[1,2,3,4]",20,9
22,"[2,1,3,4]",10,"[1,2,3,4]","[5,3,6,8]","[3,5,6,8]",n4_o103_r2515,4,"[1,2,3,4]",20,9
22,"[2,1,4,3]",10,"[1,2,3,4]","[5,3,8,6]","[3,5,6,8]",n4_o103_r2516,4,"[1,2,3,4]",20,9
22,"[3,1,2,4]",10,"[1,2,3,4]","[5,6,3,8]","[3,5,6,8]",n4_o103_r2517,4,"[1,2,3,4]",20,9
22,"[4,1,2,3]",10,"[1,2,3,4]","[5,6,8,3]","[3,5,6,8]",n4_o103_r2518,4,"[1,2,3,4]",20,9
22,"[3,1,4,2]",10,"[1,2,3,4]","[5,8,3,6]","[3,5,6,8]",n4_o103_r2519,4,"[1,2,3,4]",20,9
22,"[4,1,3,2]",10,"[1,2,3,4]","[5,8,6,3]","[3,5,6,8]",n4_o103_r2520,4,"[1,2,3,4]",20,9
22,"[2,3,1,4]",10,"[1,2,3,4]","[6,3,5,8]","[3,5,6,8]",n4_o103_r2521,4,"[1,2,3,4]",20,9
22,"[2,4,1,3]",10,"[1,2,3,4]","[6,3,8,5]","[3,5,6,8]",n4_o103_r2522,4,"[1,2,3,4]",20,9
22,"[3,2,1,4]",10,"[1,2,3,4]","[6,5,3,8]","[3,5,6,8]",n4_o103_r2523,4,"[1,2,3,4]",20,9
22,"[4,2,1,3]",10,"[1,2,3,4]","[6,5,8,3]","[3,5,6,8]",n4_o103_r2524,4,"[1,2,3,4]",20,9
22,"[3,4,1,2]",10,"[1,2,3,4]","[6,8,3,5]","[3,5,6,8]",n4_o103_r2525,4,"[1,2,3,4]",20,9
22,"[4,3,1,2]",10,"[1,2,3,4]","[6,8,5,3]","[3,5,6,8]",n4_o103_r2526,4,"[1,2,3,4]",20,9
22,"[2,3,4,1]",10,"[1,2,3,4]","[8,3,5,6]","[3,5,6,8]",n4_o103_r2527,4,"[1,2,3,4]",20,9
22,"[2,4,3,1]",10,"[1,2,3,4]","[8,3,6,5]","[3,5,6,8]",n4_o103_r2528,4,"[1,2,3,4]",20,9
22,"[3,2,4,1]",10,"[1,2,3,4]","[8,5,3,6]","[3,5,6,8]",n4_o103_r2529,4,"[1,2,3,4]",20,9
22,"[4,2,3,1]",10,"[1,2,3,4]","[8,5,6,3]","[3,5,6,8]",n4_o103_r2530,4,"[1,2,3,4]",20,9
22,"[3,4,2,1]",10,"[1,2,3,4]","[8,6,3,5]","[3,5,6,8]",n4_o103_r2531,4,"[1,2,3,4]",20,9
22,"[4,3,2,1]",10,"[1,2,3,4]","[8,6,5,3]","[3,5,6,8]",n4_o103_r2532,4,"[1,2,3,4]",20,9
23,"[1,2,3,4]",10,"[1,2,3,4]","[3,5,6,9]","[3,5,6,9]",n4_o104_r2533,4,"[1,2,3,4]",40,17
23,"[1,2,4,3]",10,"[1,2,3,4]","[3,5,9,6]","[3,5,6,9]",n4_o104_r2534,4,"[1,2,3,4]",40,17
23,"[1,3,2,4]",10,"[1,2,3,4]","[3,6,5,9]","[3,5,6,9]",n4_o104_r2535,4,"[1,2,3,4]",40,17
23,"[1,4,2,3]",10,"[1,2,3,4]","[3,6,9,5]","[3,5,6,9]",n4_o104_r2536,4,"[1,2,3,4]",40,17
23,"[1,3,4,2]",10,"[1,2,3,4]","[3,9,5,6]","[3,5,6,9]",n4_o104_r2537,4,"[1,2,3,4]",40,17
23,"[1,4,3,2]",10,"[1,2,3,4]","[3,9,6,5]","[3,5,6,9]",n4_o104_r2538,4,"[1,2,3,4]",40,17
23,"[2,1,3,4]",10,"[1,2,3,4]","[5,3,6,9]","[3,5,6,9]",n4_o104_r2539,4,"[1,2,3,4]",40,17
23,"[2,1,4,3]",10,"[1,2,3,4]","[5,3,9,6]","[3,5,6,9]",n4_o104_r2540,4,"[1,2,3,4]",40,17
23,"[3,1,2,4]",10,"[1,2,3,4]","[5,6,3,9]","[3,5,6,9]",n4_o104_r2541,4,"[1,2,3,4]",40,17
23,"[4,1,2,3]",10,"[1,2,3,4]","[5,6,9,3]","[3,5,6,9]",n4_o104_r2542,4,"[1,2,3,4]",40,17
23,"[3,1,4,2]",10,"[1,2,3,4]","[5,9,3,6]","[3,5,6,9]",n4_o104_r2543,4,"[1,2,3,4]",40,17
23,"[4,1,3,2]",10,"[1,2,3,4]","[5,9,6,3]","[3,5,6,9]",n4_o104_r2544,4,"[1,2,3,4]",40,17
23,"[2,3,1,4]",10,"[1,2,3,4]","[6,3,5,9]","[3,5,6,9]",n4_o104_r2545,4,"[1,2,3,4]",40,17
23,"[2,4,1,3]",10,"[1,2,3,4]","[6,3,9,5]","[3,5,6,9]",n4_o104_r2546,4,"[1,2,3,4]",40,17
23,"[3,2,1,4]",10,"[1,2,3,4]","[6,5,3,9]","[3,5,6,9]",n4_o104_r2547,4,"[1,2,3,4]",40,17
23,"[4,2,1,3]",10,"[1,2,3,4]","[6,5,9,3]","[3,5,6,9]",n4_o104_r2548,4,"[1,2,3,4]",40,17
23,"[3,4,1,2]",10,"[1,2,3,4]","[6,9,3,5]","[3,5,6,9]",n4_o104_r2549,4,"[1,2,3,4]",40,17
23,"[4,3,1,2]",10,"[1,2,3,4]","[6,9,5,3]","[3,5,6,9]",n4_o104_r2550,4,"[1,2,3,4]",40,17
23,"[2,3,4,1]",10,"[1,2,3,4]","[9,3,5,6]","[3,5,6,9]",n4_o104_r2551,4,"[1,2,3,4]",40,17
23,"[2,4,3,1]",10,"[1,2,3,4]","[9,3,6,5]","[3,5,6,9]",n4_o104_r2552,4,"[1,2,3,4]",40,17
23,"[3,2,4,1]",10,"[1,2,3,4]","[9,5,3,6]","[3,5,6,9]",n4_o104_r2553,4,"[1,2,3,4]",40,17
23,"[4,2,3,1]",10,"[1,2,3,4]","[9,5,6,3]","[3,5,6,9]",n4_o104_r2554,4,"[1,2,3,4]",40,17
23,"[3,4,2,1]",10,"[1,2,3,4]","[9,6,3,5]","[3,5,6,9]",n4_o104_r2555,4,"[1,2,3,4]",40,17
23,"[4,3,2,1]",10,"[1,2,3,4]","[9,6,5,3]","[3,5,6,9]",n4_o104_r2556,4,"[1,2,3,4]",40,17
23,"[1,2,3,4]",10,"[1,2,3,4]","[3,5,7,8]","[3,5,7,8]",n4_o105_r2557,4,"[1,2,3,4]",40,17
23,"[1,2,4,3]",10,"[1,2,3,4]","[3,5,8,7]","[3,5,7,8]",n4_o105_r2558,4,"[1,2,3,4]",40,17
23,"[1,3,2,4]",10,"[1,2,3,4]","[3,7,5,8]","[3,5,7,8]",n4_o105_r2559,4,"[1,2,3,4]",40,17
23,"[1,4,2,3]",10,"[1,2,3,4]","[3,7,8,5]","[3,5,7,8]",n4_o105_r2560,4,"[1,2,3,4]",40,17
23,"[1,3,4,2]",10,"[1,2,3,4]","[3,8,5,7]","[3,5,7,8]",n4_o105_r2561,4,"[1,2,3,4]",40,17
23,"[1,4,3,2]",10,"[1,2,3,4]","[3,8,7,5]","[3,5,7,8]",n4_o105_r2562,4,"[1,2,3,4]",40,17
23,"[2,1,3,4]",10,"[1,2,3,4]","[5,3,7,8]","[3,5,7,8]",n4_o105_r2563,4,"[1,2,3,4]",40,17
23,"[2,1,4,3]",10,"[1,2,3,4]","[5,3,8,7]","[3,5,7,8]",n4_o105_r2564,4,"[1,2,3,4]",40,17
23,"[3,1,2,4]",10,"[1,2,3,4]","[5,7,3,8]","[3,5,7,8]",n4_o105_r2565,4,"[1,2,3,4]",40,17
23,"[4,1,2,3]",10,"[1,2,3,4]","[5,7,8,3]","[3,5,7,8]",n4_o105_r2566,4,"[1,2,3,4]",40,17
23,"[3,1,4,2]",10,"[1,2,3,4]","[5,8,3,7]","[3,5,7,8]",n4_o105_r2567,4,"[1,2,3,4]",40,17
23,"[4,1,3,2]",10,"[1,2,3,4]","[5,8,7,3]","[3,5,7,8]",n4_o105_r2568,4,"[1,2,3,4]",40,17
23,"[2,3,1,4]",10,"[1,2,3,4]","[7,3,5,8]","[3,5,7,8]",n4_o105_r2569,4,"[1,2,3,4]",40,17
23,"[2,4,1,3]",10,"[1,2,3,4]","[7,3,8,5]","[3,5,7,8]",n4_o105_r2570,4,"[1,2,3,4]",40,17
23,"[3,2,1,4]",10,"[1,2,3,4]","[7,5,3,8]","[3,5,7,8]",n4_o105_r2571,4,"[1,2,3,4]",40,17
23,"[4,2,1,3]",10,"[1,2,3,4]","[7,5,8,3]","[3,5,7,8]",n4_o105_r2572,4,"[1,2,3,4]",40,17
23,"[3,4,1,2]",10,"[1,2,3,4]","[7,8,3,5]","[3,5,7,8]",n4_o105_r2573,4,"[1,2,3,4]",40,17
23,"[4,3,1,2]",10,"[1,2,3,4]","[7,8,5,3]","[3,5,7,8]",n4_o105_r2574,4,"[1,2,3,4]",40,17
23,"[2,3,4,1]",10,"[1,2,3,4]","[8,3,5,7]","[3,5,7,8]",n4_o105_r2575,4,"[1,2,3,4]",40,17
23,"[2,4,3,1]",10,"[1,2,3,4]","[8,3,7,5]","[3,5,7,8]",n4_o105_r2576,4,"[1,2,3,4]",40,17
23,"[3,2,4,1]",10,"[1,2,3,4]","[8,5,3,7]","[3,5,7,8]",n4_o105_r2577,4,"[1,2,3,4]",40,17
23,"[4,2,3,1]",10,"[1,2,3,4]","[8,5,7,3]","[3,5,7,8]",n4_o105_r2578,4,"[1,2,3,4]",40,17
23,"[3,4,2,1]",10,"[1,2,3,4]","[8,7,3,5]","[3,5,7,8]",n4_o105_r2579,4,"[1,2,3,4]",40,17
23,"[4,3,2,1]",10,"[1,2,3,4]","[8,7,5,3]","[3,5,7,8]",n4_o105_r2580,4,"[1,2,3,4]",40,17
24,"[1,2,3,4]",10,"[1,2,3,4]","[3,5,7,9]","[3,5,7,9]",n4_o106_r2581,4,"[1,2,3,4]",5,2
24,"[1,2,4,3]",10,"[1,2,3,4]","[3,5,9,7]","[3,5,7,9]",n4_o106_r2582,4,"[1,2,3,4]",5,2
24,"[1,3,2,4]",10,"[1,2,3,4]","[3,7,5,9]","[3,5,7,9]",n4_o106_r2583,4,"[1,2,3,4]",5,2
24,"[1,4,2,3]",10,"[1,2,3,4]","[3,7,9,5]","[3,5,7,9]",n4_o106_r2584,4,"[1,2,3,4]",5,2
24,"[1,3,4,2]",10,"[1,2,3,4]","[3,9,5,7]","[3,5,7,9]",n4_o106_r2585,4,"[1,2,3,4]",5,2
24,"[1,4,3,2]",10,"[1,2,3,4]","[3,9,7,5]","[3,5,7,9]",n4_o106_r2586,4,"[1,2,3,4]",5,2
24,"[2,1,3,4]",10,"[1,2,3,4]","[5,3,7,9]","[3,5,7,9]",n4_o106_r2587,4,"[1,2,3,4]",5,2
24,"[2,1,4,3]",10,"[1,2,3,4]","[5,3,9,7]","[3,5,7,9]",n4_o106_r2588,4,"[1,2,3,4]",5,2
24,"[3,1,2,4]",10,"[1,2,3,4]","[5,7,3,9]","[3,5,7,9]",n4_o106_r2589,4,"[1,2,3,4]",5,2
24,"[4,1,2,3]",10,"[1,2,3,4]","[5,7,9,3]","[3,5,7,9]",n4_o106_r2590,4,"[1,2,3,4]",5,2
24,"[3,1,4,2]",10,"[1,2,3,4]","[5,9,3,7]","[3,5,7,9]",n4_o106_r2591,4,"[1,2,3,4]",5,2
24,"[4,1,3,2]",10,"[1,2,3,4]","[5,9,7,3]","[3,5,7,9]",n4_o106_r2592,4,"[1,2,3,4]",5,2
24,"[2,3,1,4]",10,"[1,2,3,4]","[7,3,5,9]","[3,5,7,9]",n4_o106_r2593,4,"[1,2,3,4]",5,2
24,"[2,4,1,3]",10,"[1,2,3,4]","[7,3,9,5]","[3,5,7,9]",n4_o106_r2594,4,"[1,2,3,4]",5,2
24,"[3,2,1,4]",10,"[1,2,3,4]","[7,5,3,9]","[3,5,7,9]",n4_o106_r2595,4,"[1,2,3,4]",5,2
24,"[4,2,1,3]",10,"[1,2,3,4]","[7,5,9,3]","[3,5,7,9]",n4_o106_r2596,4,"[1,2,3,4]",5,2
24,"[3,4,1,2]",10,"[1,2,3,4]","[7,9,3,5]","[3,5,7,9]",n4_o106_r2597,4,"[1,2,3,4]",5,2
24,"[4,3,1,2]",10,"[1,2,3,4]","[7,9,5,3]","[3,5,7,9]",n4_o106_r2598,4,"[1,2,3,4]",5,2
24,"[2,3,4,1]",10,"[1,2,3,4]","[9,3,5,7]","[3,5,7,9]",n4_o106_r2599,4,"[1,2,3,4]",5,2
24,"[2,4,3,1]",10,"[1,2,3,4]","[9,3,7,5]","[3,5,7,9]",n4_o106_r2600,4,"[1,2,3,4]",5,2
24,"[3,2,4,1]",10,"[1,2,3,4]","[9,5,3,7]","[3,5,7,9]",n4_o106_r2601,4,"[1,2,3,4]",5,2
24,"[4,2,3,1]",10,"[1,2,3,4]","[9,5,7,3]","[3,5,7,9]",n4_o106_r2602,4,"[1,2,3,4]",5,2
24,"[3,4,2,1]",10,"[1,2,3,4]","[9,7,3,5]","[3,5,7,9]",n4_o106_r2603,4,"[1,2,3,4]",5,2
24,"[4,3,2,1]",10,"[1,2,3,4]","[9,7,5,3]","[3,5,7,9]",n4_o106_r2604,4,"[1,2,3,4]",5,2
25,"[1,2,3,4]",10,"[1,2,3,4]","[3,5,8,9]","[3,5,8,9]",n4_o107_r2605,4,"[1,2,3,4]",8,3
25,"[1,2,4,3]",10,"[1,2,3,4]","[3,5,9,8]","[3,5,8,9]",n4_o107_r2606,4,"[1,2,3,4]",8,3
25,"[1,3,2,4]",10,"[1,2,3,4]","[3,8,5,9]","[3,5,8,9]",n4_o107_r2607,4,"[1,2,3,4]",8,3
25,"[1,4,2,3]",10,"[1,2,3,4]","[3,8,9,5]","[3,5,8,9]",n4_o107_r2608,4,"[1,2,3,4]",8,3
25,"[1,3,4,2]",10,"[1,2,3,4]","[3,9,5,8]","[3,5,8,9]",n4_o107_r2609,4,"[1,2,3,4]",8,3
25,"[1,4,3,2]",10,"[1,2,3,4]","[3,9,8,5]","[3,5,8,9]",n4_o107_r2610,4,"[1,2,3,4]",8,3
25,"[2,1,3,4]",10,"[1,2,3,4]","[5,3,8,9]","[3,5,8,9]",n4_o107_r2611,4,"[1,2,3,4]",8,3
25,"[2,1,4,3]",10,"[1,2,3,4]","[5,3,9,8]","[3,5,8,9]",n4_o107_r2612,4,"[1,2,3,4]",8,3
25,"[3,1,2,4]",10,"[1,2,3,4]","[5,8,3,9]","[3,5,8,9]",n4_o107_r2613,4,"[1,2,3,4]",8,3
25,"[4,1,2,3]",10,"[1,2,3,4]","[5,8,9,3]","[3,5,8,9]",n4_o107_r2614,4,"[1,2,3,4]",8,3
25,"[3,1,4,2]",10,"[1,2,3,4]","[5,9,3,8]","[3,5,8,9]",n4_o107_r2615,4,"[1,2,3,4]",8,3
25,"[4,1,3,2]",10,"[1,2,3,4]","[5,9,8,3]","[3,5,8,9]",n4_o107_r2616,4,"[1,2,3,4]",8,3
25,"[2,3,1,4]",10,"[1,2,3,4]","[8,3,5,9]","[3,5,8,9]",n4_o107_r2617,4,"[1,2,3,4]",8,3
25,"[2,4,1,3]",10,"[1,2,3,4]","[8,3,9,5]","[3,5,8,9]",n4_o107_r2618,4,"[1,2,3,4]",8,3
25,"[3,2,1,4]",10,"[1,2,3,4]","[8,5,3,9]","[3,5,8,9]",n4_o107_r2619,4,"[1,2,3,4]",8,3
25,"[4,2,1,3]",10,"[1,2,3,4]","[8,5,9,3]","[3,5,8,9]",n4_o107_r2620,4,"[1,2,3,4]",8,3
25,"[3,4,1,2]",10,"[1,2,3,4]","[8,9,3,5]","[3,5,8,9]",n4_o107_r2621,4,"[1,2,3,4]",8,3
25,"[4,3,1,2]",10,"[1,2,3,4]","[8,9,5,3]","[3,5,8,9]",n4_o107_r2622,4,"[1,2,3,4]",8,3
25,"[2,3,4,1]",10,"[1,2,3,4]","[9,3,5,8]","[3,5,8,9]",n4_o107_r2623,4,"[1,2,3,4]",8,3
25,"[2,4,3,1]",10,"[1,2,3,4]","[9,3,8,5]","[3,5,8,9]",n4_o107_r2624,4,"[1,2,3,4]",8,3
25,"[3,2,4,1]",10,"[1,2,3,4]","[9,5,3,8]","[3,5,8,9]",n4_o107_r2625,4,"[1,2,3,4]",8,3
25,"[4,2,3,1]",10,"[1,2,3,4]","[9,5,8,3]","[3,5,8,9]",n4_o107_r2626,4,"[1,2,3,4]",8,3
25,"[3,4,2,1]",10,"[1,2,3,4]","[9,8,3,5]","[3,5,8,9]",n4_o107_r2627,4,"[1,2,3,4]",8,3
25,"[4,3,2,1]",10,"[1,2,3,4]","[9,8,5,3]","[3,5,8,9]",n4_o107_r2628,4,"[1,2,3,4]",8,3
24,"[1,2,3,4]",10,"[1,2,3,4]","[3,6,7,8]","[3,6,7,8]",n4_o108_r2629,4,"[1,2,3,4]",5,2
24,"[1,2,4,3]",10,"[1,2,3,4]","[3,6,8,7]","[3,6,7,8]",n4_o108_r2630,4,"[1,2,3,4]",5,2
24,"[1,3,2,4]",10,"[1,2,3,4]","[3,7,6,8]","[3,6,7,8]",n4_o108_r2631,4,"[1,2,3,4]",5,2
24,"[1,4,2,3]",10,"[1,2,3,4]","[3,7,8,6]","[3,6,7,8]",n4_o108_r2632,4,"[1,2,3,4]",5,2
24,"[1,3,4,2]",10,"[1,2,3,4]","[3,8,6,7]","[3,6,7,8]",n4_o108_r2633,4,"[1,2,3,4]",5,2
24,"[1,4,3,2]",10,"[1,2,3,4]","[3,8,7,6]","[3,6,7,8]",n4_o108_r2634,4,"[1,2,3,4]",5,2
24,"[2,1,3,4]",10,"[1,2,3,4]","[6,3,7,8]","[3,6,7,8]",n4_o108_r2635,4,"[1,2,3,4]",5,2
24,"[2,1,4,3]",10,"[1,2,3,4]","[6,3,8,7]","[3,6,7,8]",n4_o108_r2636,4,"[1,2,3,4]",5,2
24,"[3,1,2,4]",10,"[1,2,3,4]","[6,7,3,8]","[3,6,7,8]",n4_o108_r2637,4,"[1,2,3,4]",5,2
24,"[4,1,2,3]",10,"[1,2,3,4]","[6,7,8,3]","[3,6,7,8]",n4_o108_r2638,4,"[1,2,3,4]",5,2
24,"[3,1,4,2]",10,"[1,2,3,4]","[6,8,3,7]","[3,6,7,8]",n4_o108_r2639,4,"[1,2,3,4]",5,2
24,"[4,1,3,2]",10,"[1,2,3,4]","[6,8,7,3]","[3,6,7,8]",n4_o108_r2640,4,"[1,2,3,4]",5,2
24,"[2,3,1,4]",10,"[1,2,3,4]","[7,3,6,8]","[3,6,7,8]",n4_o108_r2641,4,"[1,2,3,4]",5,2
24,"[2,4,1,3]",10,"[1,2,3,4]","[7,3,8,6]","[3,6,7,8]",n4_o108_r2642,4,"[1,2,3,4]",5,2
24,"[3,2,1,4]",10,"[1,2,3,4]","[7,6,3,8]","[3,6,7,8]",n4_o108_r2643,4,"[1,2,3,4]",5,2
24,"[4,2,1,3]",10,"[1,2,3,4]","[7,6,8,3]","[3,6,7,8]",n4_o108_r2644,4,"[1,2,3,4]",5,2
24,"[3,4,1,2]",10,"[1,2,3,4]","[7,8,3,6]","[3,6,7,8]",n4_o108_r2645,4,"[1,2,3,4]",5,2
24,"[4,3,1,2]",10,"[1,2,3,4]","[7,8,6,3]","[3,6,7,8]",n4_o108_r2646,4,"[1,2,3,4]",5,2
24,"[2,3,4,1]",10,"[1,2,3,4]","[8,3,6,7]","[3,6,7,8]",n4_o108_r2647,4,"[1,2,3,4]",5,2
24,"[2,4,3,1]",10,"[1,2,3,4]","[8,3,7,6]","[3,6,7,8]",n4_o108_r2648,4,"[1,2,3,4]",5,2
24,"[3,2,4,1]",10,"[1,2,3,4]","[8,6,3,7]","[3,6,7,8]",n4_o108_r2649,4,"[1,2,3,4]",5,2
24,"[4,2,3,1]",10,"[1,2,3,4]","[8,6,7,3]","[3,6,7,8]",n4_o108_r2650,4,"[1,2,3,4]",5,2
24,"[3,4,2,1]",10,"[1,2,3,4]","[8,7,3,6]","[3,6,7,8]",n4_o108_r2651,4,"[1,2,3,4]",5,2
24,"[4,3,2,1]",10,"[1,2,3,4]","[8,7,6,3]","[3,6,7,8]",n4_o108_r2652,4,"[1,2,3,4]",5,2
25,"[1,2,3,4]",10,"[1,2,3,4]","[3,6,7,9]","[3,6,7,9]",n4_o109_r2653,4,"[1,2,3,4]",8,3
25,"[1,2,4,3]",10,"[1,2,3,4]","[3,6,9,7]","[3,6,7,9]",n4_o109_r2654,4,"[1,2,3,4]",8,3
25,"[1,3,2,4]",10,"[1,2,3,4]","[3,7,6,9]","[3,6,7,9]",n4_o109_r2655,4,"[1,2,3,4]",8,3
25,"[1,4,2,3]",10,"[1,2,3,4]","[3,7,9,6]","[3,6,7,9]",n4_o109_r2656,4,"[1,2,3,4]",8,3
25,"[1,3,4,2]",10,"[1,2,3,4]","[3,9,6,7]","[3,6,7,9]",n4_o109_r2657,4,"[1,2,3,4]",8,3
25,"[1,4,3,2]",10,"[1,2,3,4]","[3,9,7,6]","[3,6,7,9]",n4_o109_r2658,4,"[1,2,3,4]",8,3
25,"[2,1,3,4]",10,"[1,2,3,4]","[6,3,7,9]","[3,6,7,9]",n4_o109_r2659,4,"[1,2,3,4]",8,3
25,"[2,1,4,3]",10,"[1,2,3,4]","[6,3,9,7]","[3,6,7,9]",n4_o109_r2660,4,"[1,2,3,4]",8,3
25,"[3,1,2,4]",10,"[1,2,3,4]","[6,7,3,9]","[3,6,7,9]",n4_o109_r2661,4,"[1,2,3,4]",8,3
25,"[4,1,2,3]",10,"[1,2,3,4]","[6,7,9,3]","[3,6,7,9]",n4_o109_r2662,4,"[1,2,3,4]",8,3
25,"[3,1,4,2]",10,"[1,2,3,4]","[6,9,3,7]","[3,6,7,9]",n4_o109_r2663,4,"[1,2,3,4]",8,3
25,"[4,1,3,2]",10,"[1,2,3,4]","[6,9,7,3]","[3,6,7,9]",n4_o109_r2664,4,"[1,2,3,4]",8,3
25,"[2,3,1,4]",10,"[1,2,3,4]","[7,3,6,9]","[3,6,7,9]",n4_o109_r2665,4,"[1,2,3,4]",8,3
25,"[2,4,1,3]",10,"[1,2,3,4]","[7,3,9,6]","[3,6,7,9]",n4_o109_r2666,4,"[1,2,3,4]",8,3
25,"[3,2,1,4]",10,"[1,2,3,4]","[7,6,3,9]","[3,6,7,9]",n4_o109_r2667,4,"[1,2,3,4]",8,3
25,"[4,2,1,3]",10,"[1,2,3,4]","[7,6,9,3]","[3,6,7,9]",n4_o109_r2668,4,"[1,2,3,4]",8,3
25,"[3,4,1,2]",10,"[1,2,3,4]","[7,9,3,6]","[3,6,7,9]",n4_o109_r2669,4,"[1,2,3,4]",8,3
25,"[4,3,1,2]",10,"[1,2,3,4]","[7,9,6,3]","[3,6,7,9]",n4_o109_r2670,4,"[1,2,3,4]",8,3
25,"[2,3,4,1]",10,"[1,2,3,4]","[9,3,6,7]","[3,6,7,9]",n4_o109_r2671,4,"[1,2,3,4]",8,3
25,"[2,4,3,1]",10,"[1,2,3,4]","[9,3,7,6]","[3,6,7,9]",n4_o109_r2672,4,"[1,2,3,4]",8,3
25,"[3,2,4,1]",10,"[1,2,3,4]","[9,6,3,7]","[3,6,7,9]",n4_o109_r2673,4,"[1,2,3,4]",8,3
25,"[4,2,3,1]",10,"[1,2,3,4]","[9,6,7,3]","[3,6,7,9]",n4_o109_r2674,4,"[1,2,3,4]",8,3
25,"[3,4,2,1]",10,"[1,2,3,4]","[9,7,3,6]","[3,6,7,9]",n4_o109_r2675,4,"[1,2,3,4]",8,3
25,"[4,3,2,1]",10,"[1,2,3,4]","[9,7,6,3]","[3,6,7,9]",n4_o109_r2676,4,"[1,2,3,4]",8,3
26,"[1,2,3,4]",10,"[1,2,3,4]","[3,6,8,9]","[3,6,8,9]",n4_o110_r2677,4,"[1,2,3,4]",20,7
26,"[1,2,4,3]",10,"[1,2,3,4]","[3,6,9,8]","[3,6,8,9]",n4_o110_r2678,4,"[1,2,3,4]",20,7
26,"[1,3,2,4]",10,"[1,2,3,4]","[3,8,6,9]","[3,6,8,9]",n4_o110_r2679,4,"[1,2,3,4]",20,7
26,"[1,4,2,3]",10,"[1,2,3,4]","[3,8,9,6]","[3,6,8,9]",n4_o110_r2680,4,"[1,2,3,4]",20,7
26,"[1,3,4,2]",10,"[1,2,3,4]","[3,9,6,8]","[3,6,8,9]",n4_o110_r2681,4,"[1,2,3,4]",20,7
26,"[1,4,3,2]",10,"[1,2,3,4]","[3,9,8,6]","[3,6,8,9]",n4_o110_r2682,4,"[1,2,3,4]",20,7
26,"[2,1,3,4]",10,"[1,2,3,4]","[6,3,8,9]","[3,6,8,9]",n4_o110_r2683,4,"[1,2,3,4]",20,7
26,"[2,1,4,3]",10,"[1,2,3,4]","[6,3,9,8]","[3,6,8,9]",n4_o110_r2684,4,"[1,2,3,4]",20,7
26,"[3,1,2,4]",10,"[1,2,3,4]","[6,8,3,9]","[3,6,8,9]",n4_o110_r2685,4,"[1,2,3,4]",20,7
26,"[4,1,2,3]",10,"[1,2,3,4]","[6,8,9,3]","[3,6,8,9]",n4_o110_r2686,4,"[1,2,3,4]",20,7
26,"[3,1,4,2]",10,"[1,2,3,4]","[6,9,3,8]","[3,6,8,9]",n4_o110_r2687,4,"[1,2,3,4]",20,7
26,"[4,1,3,2]",10,"[1,2,3,4]","[6,9,8,3]","[3,6,8,9]",n4_o110_r2688,4,"[1,2,3,4]",20,7
26,"[2,3,1,4]",10,"[1,2,3,4]","[8,3,6,9]","[3,6,8,9]",n4_o110_r2689,4,"[1,2,3,4]",20,7
26,"[2,4,1,3]",10,"[1,2,3,4]","[8,3,9,6]","[3,6,8,9]",n4_o110_r2690,4,"[1,2,3,4]",20,7
26,"[3,2,1,4]",10,"[1,2,3,4]","[8,6,3,9]","[3,6,8,9]",n4_o110_r2691,4,"[1,2,3,4]",20,7
26,"[4,2,1,3]",10,"[1,2,3,4]","[8,6,9,3]","[3,6,8,9]",n4_o110_r2692,4,"[1,2,3,4]",20,7
26,"[3,4,1,2]",10,"[1,2,3,4]","[8,9,3,6]","[3,6,8,9]",n4_o110_r2693,4,"[1,2,3,4]",20,7
26,"[4,3,1,2]",10,"[1,2,3,4]","[8,9,6,3]","[3,6,8,9]",n4_o110_r2694,4,"[1,2,3,4]",20,7
26,"[2,3,4,1]",10,"[1,2,3,4]","[9,3,6,8]","[3,6,8,9]",n4_o110_r2695,4,"[1,2,3,4]",20,7
26,"[2,4,3,1]",10,"[1,2,3,4]","[9,3,8,6]","[3,6,8,9]",n4_o110_r2696,4,"[1,2,3,4]",20,7
26,"[3,2,4,1]",10,"[1,2,3,4]","[9,6,3,8]","[3,6,8,9]",n4_o110_r2697,4,"[1,2,3,4]",20,7
26,"[4,2,3,1]",10,"[1,2,3,4]","[9,6,8,3]","[3,6,8,9]",n4_o110_r2698,4,"[1,2,3,4]",20,7
26,"[3,4,2,1]",10,"[1,2,3,4]","[9,8,3,6]","[3,6,8,9]",n4_o110_r2699,4,"[1,2,3,4]",20,7
26,"[4,3,2,1]",10,"[1,2,3,4]","[9,8,6,3]","[3,6,8,9]",n4_o110_r2700,4,"[1,2,3,4]",20,7
27,"[1,2,3,4]",10,"[1,2,3,4]","[3,7,8,9]","[3,7,8,9]",n4_o111_r2701,4,"[1,2,3,4]",40,13
27,"[1,2,4,3]",10,"[1,2,3,4]","[3,7,9,8]","[3,7,8,9]",n4_o111_r2702,4,"[1,2,3,4]",40,13
27,"[1,3,2,4]",10,"[1,2,3,4]","[3,8,7,9]","[3,7,8,9]",n4_o111_r2703,4,"[1,2,3,4]",40,13
27,"[1,4,2,3]",10,"[1,2,3,4]","[3,8,9,7]","[3,7,8,9]",n4_o111_r2704,4,"[1,2,3,4]",40,13
27,"[1,3,4,2]",10,"[1,2,3,4]","[3,9,7,8]","[3,7,8,9]",n4_o111_r2705,4,"[1,2,3,4]",40,13
27,"[1,4,3,2]",10,"[1,2,3,4]","[3,9,8,7]","[3,7,8,9]",n4_o111_r2706,4,"[1,2,3,4]",40,13
27,"[2,1,3,4]",10,"[1,2,3,4]","[7,3,8,9]","[3,7,8,9]",n4_o111_r2707,4,"[1,2,3,4]",40,13
27,"[2,1,4,3]",10,"[1,2,3,4]","[7,3,9,8]","[3,7,8,9]",n4_o111_r2708,4,"[1,2,3,4]",40,13
27,"[3,1,2,4]",10,"[1,2,3,4]","[7,8,3,9]","[3,7,8,9]",n4_o111_r2709,4,"[1,2,3,4]",40,13
27,"[4,1,2,3]",10,"[1,2,3,4]","[7,8,9,3]","[3,7,8,9]",n4_o111_r2710,4,"[1,2,3,4]",40,13
27,"[3,1,4,2]",10,"[1,2,3,4]","[7,9,3,8]","[3,7,8,9]",n4_o111_r2711,4,"[1,2,3,4]",40,13
27,"[4,1,3,2]",10,"[1,2,3,4]","[7,9,8,3]","[3,7,8,9]",n4_o111_r2712,4,"[1,2,3,4]",40,13
27,"[2,3,1,4]",10,"[1,2,3,4]","[8,3,7,9]","[3,7,8,9]",n4_o111_r2713,4,"[1,2,3,4]",40,13
27,"[2,4,1,3]",10,"[1,2,3,4]","[8,3,9,7]","[3,7,8,9]",n4_o111_r2714,4,"[1,2,3,4]",40,13
27,"[3,2,1,4]",10,"[1,2,3,4]","[8,7,3,9]","[3,7,8,9]",n4_o111_r2715,4,"[1,2,3,4]",40,13
27,"[4,2,1,3]",10,"[1,2,3,4]","[8,7,9,3]","[3,7,8,9]",n4_o111_r2716,4,"[1,2,3,4]",40,13
27,"[3,4,1,2]",10,"[1,2,3,4]","[8,9,3,7]","[3,7,8,9]",n4_o111_r2717,4,"[1,2,3,4]",40,13
27,"[4,3,1,2]",10,"[1,2,3,4]","[8,9,7,3]","[3,7,8,9]",n4_o111_r2718,4,"[1,2,3,4]",40,13
27,"[2,3,4,1]",10,"[1,2,3,4]","[9,3,7,8]","[3,7,8,9]",n4_o111_r2719,4,"[1,2,3,4]",40,13
27,"[2,4,3,1]",10,"[1,2,3,4]","[9,3,8,7]","[3,7,8,9]",n4_o111_r2720,4,"[1,2,3,4]",40,13
27,"[3,2,4,1]",10,"[1,2,3,4]","[9,7,3,8]","[3,7,8,9]",n4_o111_r2721,4,"[1,2,3,4]",40,13
27,"[4,2,3,1]",10,"[1,2,3,4]","[9,7,8,3]","[3,7,8,9]",n4_o111_r2722,4,"[1,2,3,4]",40,13
27,"[3,4,2,1]",10,"[1,2,3,4]","[9,8,3,7]","[3,7,8,9]",n4_o111_r2723,4,"[1,2,3,4]",40,13
27,"[4,3,2,1]",10,"[1,2,3,4]","[9,8,7,3]","[3,7,8,9]",n4_o111_r2724,4,"[1,2,3,4]",40,13
22,"[1,2,3,4]",10,"[1,2,3,4]","[4,5,6,7]","[4,5,6,7]",n4_o112_r2725,4,"[1,2,3,4]",20,9
22,"[1,2,4,3]",10,"[1,2,3,4]","[4,5,7,6]","[4,5,6,7]",n4_o112_r2726,4,"[1,2,3,4]",20,9
22,"[1,3,2,4]",10,"[1,2,3,4]","[4,6,5,7]","[4,5,6,7]",n4_o112_r2727,4,"[1,2,3,4]",20,9
22,"[1,4,2,3]",10,"[1,2,3,4]","[4,6,7,5]","[4,5,6,7]",n4_o112_r2728,4,"[1,2,3,4]",20,9
22,"[1,3,4,2]",10,"[1,2,3,4]","[4,7,5,6]","[4,5,6,7]",n4_o112_r2729,4,"[1,2,3,4]",20,9
22,"[1,4,3,2]",10,"[1,2,3,4]","[4,7,6,5]","[4,5,6,7]",n4_o112_r2730,4,"[1,2,3,4]",20,9
22,"[2,1,3,4]",10,"[1,2,3,4]","[5,4,6,7]","[4,5,6,7]",n4_o112_r2731,4,"[1,2,3,4]",20,9
22,"[2,1,4,3]",10,"[1,2,3,4]","[5,4,7,6]","[4,5,6,7]",n4_o112_r2732,4,"[1,2,3,4]",20,9
22,"[3,1,2,4]",10,"[1,2,3,4]","[5,6,4,7]","[4,5,6,7]",n4_o112_r2733,4,"[1,2,3,4]",20,9
22,"[4,1,2,3]",10,"[1,2,3,4]","[5,6,7,4]","[4,5,6,7]",n4_o112_r2734,4,"[1,2,3,4]",20,9
22,"[3,1,4,2]",10,"[1,2,3,4]","[5,7,4,6]","[4,5,6,7]",n4_o112_r2735,4,"[1,2,3,4]",20,9
22,"[4,1,3,2]",10,"[1,2,3,4]","[5,7,6,4]","[4,5,6,7]",n4_o112_r2736,4,"[1,2,3,4]",20,9
22,"[2,3,1,4]",10,"[1,2,3,4]","[6,4,5,7]","[4,5,6,7]",n4_o112_r2737,4,"[1,2,3,4]",20,9
22,"[2,4,1,3]",10,"[1,2,3,4]","[6,4,7,5]","[4,5,6,7]",n4_o112_r2738,4,"[1,2,3,4]",20,9
22,"[3,2,1,4]",10,"[1,2,3,4]","[6,5,4,7]","[4,5,6,7]",n4_o112_r2739,4,"[1,2,3,4]",20,9
22,"[4,2,1,3]",10,"[1,2,3,4]","[6,5,7,4]","[4,5,6,7]",n4_o112_r2740,4,"[1,2,3,4]",20,9
22,"[3,4,1,2]",10,"[1,2,3,4]","[6,7,4,5]","[4,5,6,7]",n4_o112_r2741,4,"[1,2,3,4]",20,9
22,"[4,3,1,2]",10,"[1,2,3,4]","[6,7,5,4]","[4,5,6,7]",n4_o112_r2742,4,"[1,2,3,4]",20,9
22,"[2,3,4,1]",10,"[1,2,3,4]","[7,4,5,6]","[4,5,6,7]",n4_o112_r2743,4,"[1,2,3,4]",20,9
22,"[2,4,3,1]",10,"[1,2,3,4]","[7,4,6,5]","[4,5,6,7]",n4_o112_r2744,4,"[1,2,3,4]",20,9
22,"[3,2,4,1]",10,"[1,2,3,4]","[7,5,4,6]","[4,5,6,7]",n4_o112_r2745,4,"[1,2,3,4]",20,9
22,"[4,2,3,1]",10,"[1,2,3,4]","[7,5,6,4]","[4,5,6,7]",n4_o112_r2746,4,"[1,2,3,4]",20,9
22,"[3,4,2,1]",10,"[1,2,3,4]","[7,6,4,5]","[4,5,6,7]",n4_o112_r2747,4,"[1,2,3,4]",20,9
22,"[4,3,2,1]",10,"[1,2,3,4]","[7,6,5,4]","[4,5,6,7]",n4_o112_r2748,4,"[1,2,3,4]",20,9
23,"[1,2,3,4]",10,"[1,2,3,4]","[4,5,6,8]","[4,5,6,8]",n4_o113_r2749,4,"[1,2,3,4]",40,17
23,"[1,2,4,3]",10,"[1,2,3,4]","[4,5,8,6]","[4,5,6,8]",n4_o113_r2750,4,"[1,2,3,4]",40,17
23,"[1,3,2,4]",10,"[1,2,3,4]","[4,6,5,8]","[4,5,6,8]",n4_o113_r2751,4,"[1,2,3,4]",40,17
23,"[1,4,2,3]",10,"[1,2,3,4]","[4,6,8,5]","[4,5,6,8]",n4_o113_r2752,4,"[1,2,3,4]",40,17
23,"[1,3,4,2]",10,"[1,2,3,4]","[4,8,5,6]","[4,5,6,8]",n4_o113_r2753,4,"[1,2,3,4]",40,17
23,"[1,4,3,2]",10,"[1,2,3,4]","[4,8,6,5]","[4,5,6,8]",n4_o113_r2754,4,"[1,2,3,4]",40,17
23,"[2,1,3,4]",10,"[1,2,3,4]","[5,4,6,8]","[4,5,6,8]",n4_o113_r2755,4,"[1,2,3,4]",40,17
23,"[2,1,4,3]",10,"[1,2,3,4]","[5,4,8,6]","[4,5,6,8]",n4_o113_r2756,4,"[1,2,3,4]",40,17
23,"[3,1,2,4]",10,"[1,2,3,4]","[5,6,4,8]","[4,5,6,8]",n4_o113_r2757,4,"[1,2,3,4]",40,17
23,"[4,1,2,3]",10,"[1,2,3,4]","[5,6,8,4]","[4,5,6,8]",n4_o113_r2758,4,"[1,2,3,4]",40,17
23,"[3,1,4,2]",10,"[1,2,3,4]","[5,8,4,6]","[4,5,6,8]",n4_o113_r2759,4,"[1,2,3,4]",40,17
23,"[4,1,3,2]",10,"[1,2,3,4]","[5,8,6,4]","[4,5,6,8]",n4_o113_r2760,4,"[1,2,3,4]",40,17
23,"[2,3,1,4]",10,"[1,2,3,4]","[6,4,5,8]","[4,5,6,8]",n4_o113_r2761,4,"[1,2,3,4]",40,17
23,"[2,4,1,3]",10,"[1,2,3,4]","[6,4,8,5]","[4,5,6,8]",n4_o113_r2762,4,"[1,2,3,4]",40,17
23,"[3,2,1,4]",10,"[1,2,3,4]","[6,5,4,8]","[4,5,6,8]",n4_o113_r2763,4,"[1,2,3,4]",40,17
23,"[4,2,1,3]",10,"[1,2,3,4]","[6,5,8,4]","[4,5,6,8]",n4_o113_r2764,4,"[1,2,3,4]",40,17
23,"[3,4,1,2]",10,"[1,2,3,4]","[6,8,4,5]","[4,5,6,8]",n4_o113_r2765,4,"[1,2,3,4]",40,17
23,"[4,3,1,2]",10,"[1,2,3,4]","[6,8,5,4]","[4,5,6,8]",n4_o113_r2766,4,"[1,2,3,4]",40,17
23,"[2,3,4,1]",10,"[1,2,3,4]","[8,4,5,6]","[4,5,6,8]",n4_o113_r2767,4,"[1,2,3,4]",40,17
23,"[2,4,3,1]",10,"[1,2,3,4]","[8,4,6,5]","[4,5,6,8]",n4_o113_r2768,4,"[1,2,3,4]",40,17
23,"[3,2,4,1]",10,"[1,2,3,4]","[8,5,4,6]","[4,5,6,8]",n4_o113_r2769,4,"[1,2,3,4]",40,17
23,"[4,2,3,1]",10,"[1,2,3,4]","[8,5,6,4]","[4,5,6,8]",n4_o113_r2770,4,"[1,2,3,4]",40,17
23,"[3,4,2,1]",10,"[1,2,3,4]","[8,6,4,5]","[4,5,6,8]",n4_o113_r2771,4,"[1,2,3,4]",40,17
23,"[4,3,2,1]",10,"[1,2,3,4]","[8,6,5,4]","[4,5,6,8]",n4_o113_r2772,4,"[1,2,3,4]",40,17
24,"[1,2,3,4]",10,"[1,2,3,4]","[4,5,6,9]","[4,5,6,9]",n4_o114_r2773,4,"[1,2,3,4]",5,2
24,"[1,2,4,3]",10,"[1,2,3,4]","[4,5,9,6]","[4,5,6,9]",n4_o114_r2774,4,"[1,2,3,4]",5,2
24,"[1,3,2,4]",10,"[1,2,3,4]","[4,6,5,9]","[4,5,6,9]",n4_o114_r2775,4,"[1,2,3,4]",5,2
24,"[1,4,2,3]",10,"[1,2,3,4]","[4,6,9,5]","[4,5,6,9]",n4_o114_r2776,4,"[1,2,3,4]",5,2
24,"[1,3,4,2]",10,"[1,2,3,4]","[4,9,5,6]","[4,5,6,9]",n4_o114_r2777,4,"[1,2,3,4]",5,2
24,"[1,4,3,2]",10,"[1,2,3,4]","[4,9,6,5]","[4,5,6,9]",n4_o114_r2778,4,"[1,2,3,4]",5,2
24,"[2,1,3,4]",10,"[1,2,3,4]","[5,4,6,9]","[4,5,6,9]",n4_o114_r2779,4,"[1,2,3,4]",5,2
24,"[2,1,4,3]",10,"[1,2,3,4]","[5,4,9,6]","[4,5,6,9]",n4_o114_r2780,4,"[1,2,3,4]",5,2
24,"[3,1,2,4]",10,"[1,2,3,4]","[5,6,4,9]","[4,5,6,9]",n4_o114_r2781,4,"[1,2,3,4]",5,2
24,"[4,1,2,3]",10,"[1,2,3,4]","[5,6,9,4]","[4,5,6,9]",n4_o114_r2782,4,"[1,2,3,4]",5,2
24,"[3,1,4,2]",10,"[1,2,3,4]","[5,9,4,6]","[4,5,6,9]",n4_o114_r2783,4,"[1,2,3,4]",5,2
24,"[4,1,3,2]",10,"[1,2,3,4]","[5,9,6,4]","[4,5,6,9]",n4_o114_r2784,4,"[1,2,3,4]",5,2
24,"[2,3,1,4]",10,"[1,2,3,4]","[6,4,5,9]","[4,5,6,9]",n4_o114_r2785,4,"[1,2,3,4]",5,2
24,"[2,4,1,3]",10,"[1,2,3,4]","[6,4,9,5]","[4,5,6,9]",n4_o114_r2786,4,"[1,2,3,4]",5,2
24,"[3,2,1,4]",10,"[1,2,3,4]","[6,5,4,9]","[4,5,6,9]",n4_o114_r2787,4,"[1,2,3,4]",5,2
24,"[4,2,1,3]",10,"[1,2,3,4]","[6,5,9,4]","[4,5,6,9]",n4_o114_r2788,4,"[1,2,3,4]",5,2
24,"[3,4,1,2]",10,"[1,2,3,4]","[6,9,4,5]","[4,5,6,9]",n4_o114_r2789,4,"[1,2,3,4]",5,2
24,"[4,3,1,2]",10,"[1,2,3,4]","[6,9,5,4]","[4,5,6,9]",n4_o114_r2790,4,"[1,2,3,4]",5,2
24,"[2,3,4,1]",10,"[1,2,3,4]","[9,4,5,6]","[4,5,6,9]",n4_o114_r2791,4,"[1,2,3,4]",5,2
24,"[2,4,3,1]",10,"[1,2,3,4]","[9,4,6,5]","[4,5,6,9]",n4_o114_r2792,4,"[1,2,3,4]",5,2
24,"[3,2,4,1]",10,"[1,2,3,4]","[9,5,4,6]","[4,5,6,9]",n4_o114_r2793,4,"[1,2,3,4]",5,2
24,"[4,2,3,1]",10,"[1,2,3,4]","[9,5,6,4]","[4,5,6,9]",n4_o114_r2794,4,"[1,2,3,4]",5,2
24,"[3,4,2,1]",10,"[1,2,3,4]","[9,6,4,5]","[4,5,6,9]",n4_o114_r2795,4,"[1,2,3,4]",5,2
24,"[4,3,2,1]",10,"[1,2,3,4]","[9,6,5,4]","[4,5,6,9]",n4_o114_r2796,4,"[1,2,3,4]",5,2
24,"[1,2,3,4]",10,"[1,2,3,4]","[4,5,7,8]","[4,5,7,8]",n4_o115_r2797,4,"[1,2,3,4]",5,2
24,"[1,2,4,3]",10,"[1,2,3,4]","[4,5,8,7]","[4,5,7,8]",n4_o115_r2798,4,"[1,2,3,4]",5,2
24,"[1,3,2,4]",10,"[1,2,3,4]","[4,7,5,8]","[4,5,7,8]",n4_o115_r2799,4,"[1,2,3,4]",5,2
24,"[1,4,2,3]",10,"[1,2,3,4]","[4,7,8,5]","[4,5,7,8]",n4_o115_r2800,4,"[1,2,3,4]",5,2
24,"[1,3,4,2]",10,"[1,2,3,4]","[4,8,5,7]","[4,5,7,8]",n4_o115_r2801,4,"[1,2,3,4]",5,2
24,"[1,4,3,2]",10,"[1,2,3,4]","[4,8,7,5]","[4,5,7,8]",n4_o115_r2802,4,"[1,2,3,4]",5,2
24,"[2,1,3,4]",10,"[1,2,3,4]","[5,4,7,8]","[4,5,7,8]",n4_o115_r2803,4,"[1,2,3,4]",5,2
24,"[2,1,4,3]",10,"[1,2,3,4]","[5,4,8,7]","[4,5,7,8]",n4_o115_r2804,4,"[1,2,3,4]",5,2
24,"[3,1,2,4]",10,"[1,2,3,4]","[5,7,4,8]","[4,5,7,8]",n4_o115_r2805,4,"[1,2,3,4]",5,2
24,"[4,1,2,3]",10,"[1,2,3,4]","[5,7,8,4]","[4,5,7,8]",n4_o115_r2806,4,"[1,2,3,4]",5,2
24,"[3,1,4,2]",10,"[1,2,3,4]","[5,8,4,7]","[4,5,7,8]",n4_o115_r2807,4,"[1,2,3,4]",5,2
24,"[4,1,3,2]",10,"[1,2,3,4]","[5,8,7,4]","[4,5,7,8]",n4_o115_r2808,4,"[1,2,3,4]",5,2
24,"[2,3,1,4]",10,"[1,2,3,4]","[7,4,5,8]","[4,5,7,8]",n4_o115_r2809,4,"[1,2,3,4]",5,2
24,"[2,4,1,3]",10,"[1,2,3,4]","[7,4,8,5]","[4,5,7,8]",n4_o115_r2810,4,"[1,2,3,4]",5,2
24,"[3,2,1,4]",10,"[1,2,3,4]","[7,5,4,8]","[4,5,7,8]",n4_o115_r2811,4,"[1,2,3,4]",5,2
24,"[4,2,1,3]",10,"[1,2,3,4]","[7,5,8,4]","[4,5,7,8]",n4_o115_r2812,4,"[1,2,3,4]",5,2
24,"[3,4,1,2]",10,"[1,2,3,4]","[7,8,4,5]","[4,5,7,8]",n4_o115_r2813,4,"[1,2,3,4]",5,2
24,"[4,3,1,2]",10,"[1,2,3,4]","[7,8,5,4]","[4,5,7,8]",n4_o115_r2814,4,"[1,2,3,4]",5,2
24,"[2,3,4,1]",10,"[1,2,3,4]","[8,4,5,7]","[4,5,7,8]",n4_o115_r2815,4,"[1,2,3,4]",5,2
24,"[2,4,3,1]",10,"[1,2,3,4]","[8,4,7,5]","[4,5,7,8]",n4_o115_r2816,4,"[1,2,3,4]",5,2
24,"[3,2,4,1]",10,"[1,2,3,4]","[8,5,4,7]","[4,5,7,8]",n4_o115_r2817,4,"[1,2,3,4]",5,2
24,"[4,2,3,1]",10,"[1,2,3,4]","[8,5,7,4]","[4,5,7,8]",n4_o115_r2818,4,"[1,2,3,4]",5,2
24,"[3,4,2,1]",10,"[1,2,3,4]","[8,7,4,5]","[4,5,7,8]",n4_o115_r2819,4,"[1,2,3,4]",5,2
24,"[4,3,2,1]",10,"[1,2,3,4]","[8,7,5,4]","[4,5,7,8]",n4_o115_r2820,4,"[1,2,3,4]",5,2
25,"[1,2,3,4]",10,"[1,2,3,4]","[4,5,7,9]","[4,5,7,9]",n4_o116_r2821,4,"[1,2,3,4]",8,3
25,"[1,2,4,3]",10,"[1,2,3,4]","[4,5,9,7]","[4,5,7,9]",n4_o116_r2822,4,"[1,2,3,4]",8,3
25,"[1,3,2,4]",10,"[1,2,3,4]","[4,7,5,9]","[4,5,7,9]",n4_o116_r2823,4,"[1,2,3,4]",8,3
25,"[1,4,2,3]",10,"[1,2,3,4]","[4,7,9,5]","[4,5,7,9]",n4_o116_r2824,4,"[1,2,3,4]",8,3
25,"[1,3,4,2]",10,"[1,2,3,4]","[4,9,5,7]","[4,5,7,9]",n4_o116_r2825,4,"[1,2,3,4]",8,3
25,"[1,4,3,2]",10,"[1,2,3,4]","[4,9,7,5]","[4,5,7,9]",n4_o116_r2826,4,"[1,2,3,4]",8,3
25,"[2,1,3,4]",10,"[1,2,3,4]","[5,4,7,9]","[4,5,7,9]",n4_o116_r2827,4,"[1,2,3,4]",8,3
25,"[2,1,4,3]",10,"[1,2,3,4]","[5,4,9,7]","[4,5,7,9]",n4_o116_r2828,4,"[1,2,3,4]",8,3
25,"[3,1,2,4]",10,"[1,2,3,4]","[5,7,4,9]","[4,5,7,9]",n4_o116_r2829,4,"[1,2,3,4]",8,3
25,"[4,1,2,3]",10,"[1,2,3,4]","[5,7,9,4]","[4,5,7,9]",n4_o116_r2830,4,"[1,2,3,4]",8,3
25,"[3,1,4,2]",10,"[1,2,3,4]","[5,9,4,7]","[4,5,7,9]",n4_o116_r2831,4,"[1,2,3,4]",8,3
25,"[4,1,3,2]",10,"[1,2,3,4]","[5,9,7,4]","[4,5,7,9]",n4_o116_r2832,4,"[1,2,3,4]",8,3
25,"[2,3,1,4]",10,"[1,2,3,4]","[7,4,5,9]","[4,5,7,9]",n4_o116_r2833,4,"[1,2,3,4]",8,3
25,"[2,4,1,3]",10,"[1,2,3,4]","[7,4,9,5]","[4,5,7,9]",n4_o116_r2834,4,"[1,2,3,4]",8,3
25,"[3,2,1,4]",10,"[1,2,3,4]","[7,5,4,9]","[4,5,7,9]",n4_o116_r2835,4,"[1,2,3,4]",8,3
25,"[4,2,1,3]",10,"[1,2,3,4]","[7,5,9,4]","[4,5,7,9]",n4_o116_r2836,4,"[1,2,3,4]",8,3
25,"[3,4,1,2]",10,"[1,2,3,4]","[7,9,4,5]","[4,5,7,9]",n4_o116_r2837,4,"[1,2,3,4]",8,3
25,"[4,3,1,2]",10,"[1,2,3,4]","[7,9,5,4]","[4,5,7,9]",n4_o116_r2838,4,"[1,2,3,4]",8,3
25,"[2,3,4,1]",10,"[1,2,3,4]","[9,4,5,7]","[4,5,7,9]",n4_o116_r2839,4,"[1,2,3,4]",8,3
25,"[2,4,3,1]",10,"[1,2,3,4]","[9,4,7,5]","[4,5,7,9]",n4_o116_r2840,4,"[1,2,3,4]",8,3
25,"[3,2,4,1]",10,"[1,2,3,4]","[9,5,4,7]","[4,5,7,9]",n4_o116_r2841,4,"[1,2,3,4]",8,3
25,"[4,2,3,1]",10,"[1,2,3,4]","[9,5,7,4]","[4,5,7,9]",n4_o116_r2842,4,"[1,2,3,4]",8,3
25,"[3,4,2,1]",10,"[1,2,3,4]","[9,7,4,5]","[4,5,7,9]",n4_o116_r2843,4,"[1,2,3,4]",8,3
25,"[4,3,2,1]",10,"[1,2,3,4]","[9,7,5,4]","[4,5,7,9]",n4_o116_r2844,4,"[1,2,3,4]",8,3
26,"[1,2,3,4]",10,"[1,2,3,4]","[4,5,8,9]","[4,5,8,9]",n4_o117_r2845,4,"[1,2,3,4]",20,7
26,"[1,2,4,3]",10,"[1,2,3,4]","[4,5,9,8]","[4,5,8,9]",n4_o117_r2846,4,"[1,2,3,4]",20,7
26,"[1,3,2,4]",10,"[1,2,3,4]","[4,8,5,9]","[4,5,8,9]",n4_o117_r2847,4,"[1,2,3,4]",20,7
26,"[1,4,2,3]",10,"[1,2,3,4]","[4,8,9,5]","[4,5,8,9]",n4_o117_r2848,4,"[1,2,3,4]",20,7
26,"[1,3,4,2]",10,"[1,2,3,4]","[4,9,5,8]","[4,5,8,9]",n4_o117_r2849,4,"[1,2,3,4]",20,7
26,"[1,4,3,2]",10,"[1,2,3,4]","[4,9,8,5]","[4,5,8,9]",n4_o117_r2850,4,"[1,2,3,4]",20,7
26,"[2,1,3,4]",10,"[1,2,3,4]","[5,4,8,9]","[4,5,8,9]",n4_o117_r2851,4,"[1,2,3,4]",20,7
26,"[2,1,4,3]",10,"[1,2,3,4]","[5,4,9,8]","[4,5,8,9]",n4_o117_r2852,4,"[1,2,3,4]",20,7
26,"[3,1,2,4]",10,"[1,2,3,4]","[5,8,4,9]","[4,5,8,9]",n4_o117_r2853,4,"[1,2,3,4]",20,7
26,"[4,1,2,3]",10,"[1,2,3,4]","[5,8,9,4]","[4,5,8,9]",n4_o117_r2854,4,"[1,2,3,4]",20,7
26,"[3,1,4,2]",10,"[1,2,3,4]","[5,9,4,8]","[4,5,8,9]",n4_o117_r2855,4,"[1,2,3,4]",20,7
26,"[4,1,3,2]",10,"[1,2,3,4]","[5,9,8,4]","[4,5,8,9]",n4_o117_r2856,4,"[1,2,3,4]",20,7
26,"[2,3,1,4]",10,"[1,2,3,4]","[8,4,5,9]","[4,5,8,9]",n4_o117_r2857,4,"[1,2,3,4]",20,7
26,"[2,4,1,3]",10,"[1,2,3,4]","[8,4,9,5]","[4,5,8,9]",n4_o117_r2858,4,"[1,2,3,4]",20,7
26,"[3,2,1,4]",10,"[1,2,3,4]","[8,5,4,9]","[4,5,8,9]",n4_o117_r2859,4,"[1,2,3,4]",20,7
26,"[4,2,1,3]",10,"[1,2,3,4]","[8,5,9,4]","[4,5,8,9]",n4_o117_r2860,4,"[1,2,3,4]",20,7
26,"[3,4,1,2]",10,"[1,2,3,4]","[8,9,4,5]","[4,5,8,9]",n4_o117_r2861,4,"[1,2,3,4]",20,7
26,"[4,3,1,2]",10,"[1,2,3,4]","[8,9,5,4]","[4,5,8,9]",n4_o117_r2862,4,"[1,2,3,4]",20,7
26,"[2,3,4,1]",10,"[1,2,3,4]","[9,4,5,8]","[4,5,8,9]",n4_o117_r2863,4,"[1,2,3,4]",20,7
26,"[2,4,3,1]",10,"[1,2,3,4]","[9,4,8,5]","[4,5,8,9]",n4_o117_r2864,4,"[1,2,3,4]",20,7
26,"[3,2,4,1]",10,"[1,2,3,4]","[9,5,4,8]","[4,5,8,9]",n4_o117_r2865,4,"[1,2,3,4]",20,7
26,"[4,2,3,1]",10,"[1,2,3,4]","[9,5,8,4]","[4,5,8,9]",n4_o117_r2866,4,"[1,2,3,4]",20,7
26,"[3,4,2,1]",10,"[1,2,3,4]","[9,8,4,5]","[4,5,8,9]",n4_o117_r2867,4,"[1,2,3,4]",20,7
26,"[4,3,2,1]",10,"[1,2,3,4]","[9,8,5,4]","[4,5,8,9]",n4_o117_r2868,4,"[1,2,3,4]",20,7
25,"[1,2,3,4]",10,"[1,2,3,4]","[4,6,7,8]","[4,6,7,8]",n4_o118_r2869,4,"[1,2,3,4]",8,3
25,"[1,2,4,3]",10,"[1,2,3,4]","[4,6,8,7]","[4,6,7,8]",n4_o118_r2870,4,"[1,2,3,4]",8,3
25,"[1,3,2,4]",10,"[1,2,3,4]","[4,7,6,8]","[4,6,7,8]",n4_o118_r2871,4,"[1,2,3,4]",8,3
25,"[1,4,2,3]",10,"[1,2,3,4]","[4,7,8,6]","[4,6,7,8]",n4_o118_r2872,4,"[1,2,3,4]",8,3
25,"[1,3,4,2]",10,"[1,2,3,4]","[4,8,6,7]","[4,6,7,8]",n4_o118_r2873,4,"[1,2,3,4]",8,3
25,"[1,4,3,2]",10,"[1,2,3,4]","[4,8,7,6]","[4,6,7,8]",n4_o118_r2874,4,"[1,2,3,4]",8,3
25,"[2,1,3,4]",10,"[1,2,3,4]","[6,4,7,8]","[4,6,7,8]",n4_o118_r2875,4,"[1,2,3,4]",8,3
25,"[2,1,4,3]",10,"[1,2,3,4]","[6,4,8,7]","[4,6,7,8]",n4_o118_r2876,4,"[1,2,3,4]",8,3
25,"[3,1,2,4]",10,"[1,2,3,4]","[6,7,4,8]","[4,6,7,8]",n4_o118_r2877,4,"[1,2,3,4]",8,3
25,"[4,1,2,3]",10,"[1,2,3,4]","[6,7,8,4]","[4,6,7,8]",n4_o118_r2878,4,"[1,2,3,4]",8,3
25,"[3,1,4,2]",10,"[1,2,3,4]","[6,8,4,7]","[4,6,7,8]",n4_o118_r2879,4,"[1,2,3,4]",8,3
25,"[4,1,3,2]",10,"[1,2,3,4]","[6,8,7,4]","[4,6,7,8]",n4_o118_r2880,4,"[1,2,3,4]",8,3
25,"[2,3,1,4]",10,"[1,2,3,4]","[7,4,6,8]","[4,6,7,8]",n4_o118_r2881,4,"[1,2,3,4]",8,3
25,"[2,4,1,3]",10,"[1,2,3,4]","[7,4,8,6]","[4,6,7,8]",n4_o118_r2882,4,"[1,2,3,4]",8,3
25,"[3,2,1,4]",10,"[1,2,3,4]","[7,6,4,8]","[4,6,7,8]",n4_o118_r2883,4,"[1,2,3,4]",8,3
25,"[4,2,1,3]",10,"[1,2,3,4]","[7,6,8,4]","[4,6,7,8]",n4_o118_r2884,4,"[1,2,3,4]",8,3
25,"[3,4,1,2]",10,"[1,2,3,4]","[7,8,4,6]","[4,6,7,8]",n4_o118_r2885,4,"[1,2,3,4]",8,3
25,"[4,3,1,2]",10,"[1,2,3,4]","[7,8,6,4]","[4,6,7,8]",n4_o118_r2886,4,"[1,2,3,4]",8,3
25,"[2,3,4,1]",10,"[1,2,3,4]","[8,4,6,7]","[4,6,7,8]",n4_o118_r2887,4,"[1,2,3,4]",8,3
25,"[2,4,3,1]",10,"[1,2,3,4]","[8,4,7,6]","[4,6,7,8]",n4_o118_r2888,4,"[1,2,3,4]",8,3
25,"[3,2,4,1]",10,"[1,2,3,4]","[8,6,4,7]","[4,6,7,8]",n4_o118_r2889,4,"[1,2,3,4]",8,3
25,"[4,2,3,1]",10,"[1,2,3,4]","[8,6,7,4]","[4,6,7,8]",n4_o118_r2890,4,"[1,2,3,4]",8,3
25,"[3,4,2,1]",10,"[1,2,3,4]","[8,7,4,6]","[4,6,7,8]",n4_o118_r2891,4,"[1,2,3,4]",8,3
25,"[4,3,2,1]",10,"[1,2,3,4]","[8,7,6,4]","[4,6,7,8]",n4_o118_r2892,4,"[1,2,3,4]",8,3
26,"[1,2,3,4]",10,"[1,2,3,4]","[4,6,7,9]","[4,6,7,9]",n4_o119_r2893,4,"[1,2,3,4]",20,7
26,"[1,2,4,3]",10,"[1,2,3,4]","[4,6,9,7]","[4,6,7,9]",n4_o119_r2894,4,"[1,2,3,4]",20,7
26,"[1,3,2,4]",10,"[1,2,3,4]","[4,7,6,9]","[4,6,7,9]",n4_o119_r2895,4,"[1,2,3,4]",20,7
26,"[1,4,2,3]",10,"[1,2,3,4]","[4,7,9,6]","[4,6,7,9]",n4_o119_r2896,4,"[1,2,3,4]",20,7
26,"[1,3,4,2]",10,"[1,2,3,4]","[4,9,6,7]","[4,6,7,9]",n4_o119_r2897,4,"[1,2,3,4]",20,7
26,"[1,4,3,2]",10,"[1,2,3,4]","[4,9,7,6]","[4,6,7,9]",n4_o119_r2898,4,"[1,2,3,4]",20,7
26,"[2,1,3,4]",10,"[1,2,3,4]","[6,4,7,9]","[4,6,7,9]",n4_o119_r2899,4,"[1,2,3,4]",20,7
26,"[2,1,4,3]",10,"[1,2,3,4]","[6,4,9,7]","[4,6,7,9]",n4_o119_r2900,4,"[1,2,3,4]",20,7
26,"[3,1,2,4]",10,"[1,2,3,4]","[6,7,4,9]","[4,6,7,9]",n4_o119_r2901,4,"[1,2,3,4]",20,7
26,"[4,1,2,3]",10,"[1,2,3,4]","[6,7,9,4]","[4,6,7,9]",n4_o119_r2902,4,"[1,2,3,4]",20,7
26,"[3,1,4,2]",10,"[1,2,3,4]","[6,9,4,7]","[4,6,7,9]",n4_o119_r2903,4,"[1,2,3,4]",20,7
26,"[4,1,3,2]",10,"[1,2,3,4]","[6,9,7,4]","[4,6,7,9]",n4_o119_r2904,4,"[1,2,3,4]",20,7
26,"[2,3,1,4]",10,"[1,2,3,4]","[7,4,6,9]","[4,6,7,9]",n4_o119_r2905,4,"[1,2,3,4]",20,7
26,"[2,4,1,3]",10,"[1,2,3,4]","[7,4,9,6]","[4,6,7,9]",n4_o119_r2906,4,"[1,2,3,4]",20,7
26,"[3,2,1,4]",10,"[1,2,3,4]","[7,6,4,9]","[4,6,7,9]",n4_o119_r2907,4,"[1,2,3,4]",20,7
26,"[4,2,1,3]",10,"[1,2,3,4]","[7,6,9,4]","[4,6,7,9]",n4_o119_r2908,4,"[1,2,3,4]",20,7
26,"[3,4,1,2]",10,"[1,2,3,4]","[7,9,4,6]","[4,6,7,9]",n4_o119_r2909,4,"[1,2,3,4]",20,7
26,"[4,3,1,2]",10,"[1,2,3,4]","[7,9,6,4]","[4,6,7,9]",n4_o119_r2910,4,"[1,2,3,4]",20,7
26,"[2,3,4,1]",10,"[1,2,3,4]","[9,4,6,7]","[4,6,7,9]",n4_o119_r2911,4,"[1,2,3,4]",20,7
26,"[2,4,3,1]",10,"[1,2,3,4]","[9,4,7,6]","[4,6,7,9]",n4_o119_r2912,4,"[1,2,3,4]",20,7
26,"[3,2,4,1]",10,"[1,2,3,4]","[9,6,4,7]","[4,6,7,9]",n4_o119_r2913,4,"[1,2,3,4]",20,7
26,"[4,2,3,1]",10,"[1,2,3,4]","[9,6,7,4]","[4,6,7,9]",n4_o119_r2914,4,"[1,2,3,4]",20,7
26,"[3,4,2,1]",10,"[1,2,3,4]","[9,7,4,6]","[4,6,7,9]",n4_o119_r2915,4,"[1,2,3,4]",20,7
26,"[4,3,2,1]",10,"[1,2,3,4]","[9,7,6,4]","[4,6,7,9]",n4_o119_r2916,4,"[1,2,3,4]",20,7
27,"[1,2,3,4]",10,"[1,2,3,4]","[4,6,8,9]","[4,6,8,9]",n4_o120_r2917,4,"[1,2,3,4]",40,13
27,"[1,2,4,3]",10,"[1,2,3,4]","[4,6,9,8]","[4,6,8,9]",n4_o120_r2918,4,"[1,2,3,4]",40,13
27,"[1,3,2,4]",10,"[1,2,3,4]","[4,8,6,9]","[4,6,8,9]",n4_o120_r2919,4,"[1,2,3,4]",40,13
27,"[1,4,2,3]",10,"[1,2,3,4]","[4,8,9,6]","[4,6,8,9]",n4_o120_r2920,4,"[1,2,3,4]",40,13
27,"[1,3,4,2]",10,"[1,2,3,4]","[4,9,6,8]","[4,6,8,9]",n4_o120_r2921,4,"[1,2,3,4]",40,13
27,"[1,4,3,2]",10,"[1,2,3,4]","[4,9,8,6]","[4,6,8,9]",n4_o120_r2922,4,"[1,2,3,4]",40,13
27,"[2,1,3,4]",10,"[1,2,3,4]","[6,4,8,9]","[4,6,8,9]",n4_o120_r2923,4,"[1,2,3,4]",40,13
27,"[2,1,4,3]",10,"[1,2,3,4]","[6,4,9,8]","[4,6,8,9]",n4_o120_r2924,4,"[1,2,3,4]",40,13
27,"[3,1,2,4]",10,"[1,2,3,4]","[6,8,4,9]","[4,6,8,9]",n4_o120_r2925,4,"[1,2,3,4]",40,13
27,"[4,1,2,3]",10,"[1,2,3,4]","[6,8,9,4]","[4,6,8,9]",n4_o120_r2926,4,"[1,2,3,4]",40,13
27,"[3,1,4,2]",10,"[1,2,3,4]","[6,9,4,8]","[4,6,8,9]",n4_o120_r2927,4,"[1,2,3,4]",40,13
27,"[4,1,3,2]",10,"[1,2,3,4]","[6,9,8,4]","[4,6,8,9]",n4_o120_r2928,4,"[1,2,3,4]",40,13
27,"[2,3,1,4]",10,"[1,2,3,4]","[8,4,6,9]","[4,6,8,9]",n4_o120_r2929,4,"[1,2,3,4]",40,13
27,"[2,4,1,3]",10,"[1,2,3,4]","[8,4,9,6]","[4,6,8,9]",n4_o120_r2930,4,"[1,2,3,4]",40,13
27,"[3,2,1,4]",10,"[1,2,3,4]","[8,6,4,9]","[4,6,8,9]",n4_o120_r2931,4,"[1,2,3,4]",40,13
27,"[4,2,1,3]",10,"[1,2,3,4]","[8,6,9,4]","[4,6,8,9]",n4_o120_r2932,4,"[1,2,3,4]",40,13
27,"[3,4,1,2]",10,"[1,2,3,4]","[8,9,4,6]","[4,6,8,9]",n4_o120_r2933,4,"[1,2,3,4]",40,13
27,"[4,3,1,2]",10,"[1,2,3,4]","[8,9,6,4]","[4,6,8,9]",n4_o120_r2934,4,"[1,2,3,4]",40,13
27,"[2,3,4,1]",10,"[1,2,3,4]","[9,4,6,8]","[4,6,8,9]",n4_o120_r2935,4,"[1,2,3,4]",40,13
27,"[2,4,3,1]",10,"[1,2,3,4]","[9,4,8,6]","[4,6,8,9]",n4_o120_r2936,4,"[1,2,3,4]",40,13
27,"[3,2,4,1]",10,"[1,2,3,4]","[9,6,4,8]","[4,6,8,9]",n4_o120_r2937,4,"[1,2,3,4]",40,13
27,"[4,2,3,1]",10,"[1,2,3,4]","[9,6,8,4]","[4,6,8,9]",n4_o120_r2938,4,"[1,2,3,4]",40,13
27,"[3,4,2,1]",10,"[1,2,3,4]","[9,8,4,6]","[4,6,8,9]",n4_o120_r2939,4,"[1,2,3,4]",40,13
27,"[4,3,2,1]",10,"[1,2,3,4]","[9,8,6,4]","[4,6,8,9]",n4_o120_r2940,4,"[1,2,3,4]",40,13
28,"[1,2,3,4]",10,"[1,2,3,4]","[4,7,8,9]","[4,7,8,9]",n4_o121_r2941,4,"[1,2,3,4]",10,3
28,"[1,2,4,3]",10,"[1,2,3,4]","[4,7,9,8]","[4,7,8,9]",n4_o121_r2942,4,"[1,2,3,4]",10,3
28,"[1,3,2,4]",10,"[1,2,3,4]","[4,8,7,9]","[4,7,8,9]",n4_o121_r2943,4,"[1,2,3,4]",10,3
28,"[1,4,2,3]",10,"[1,2,3,4]","[4,8,9,7]","[4,7,8,9]",n4_o121_r2944,4,"[1,2,3,4]",10,3
28,"[1,3,4,2]",10,"[1,2,3,4]","[4,9,7,8]","[4,7,8,9]",n4_o121_r2945,4,"[1,2,3,4]",10,3
28,"[1,4,3,2]",10,"[1,2,3,4]","[4,9,8,7]","[4,7,8,9]",n4_o121_r2946,4,"[1,2,3,4]",10,3
28,"[2,1,3,4]",10,"[1,2,3,4]","[7,4,8,9]","[4,7,8,9]",n4_o121_r2947,4,"[1,2,3,4]",10,3
28,"[2,1,4,3]",10,"[1,2,3,4]","[7,4,9,8]","[4,7,8,9]",n4_o121_r2948,4,"[1,2,3,4]",10,3
28,"[3,1,2,4]",10,"[1,2,3,4]","[7,8,4,9]","[4,7,8,9]",n4_o121_r2949,4,"[1,2,3,4]",10,3
28,"[4,1,2,3]",10,"[1,2,3,4]","[7,8,9,4]","[4,7,8,9]",n4_o121_r2950,4,"[1,2,3,4]",10,3
28,"[3,1,4,2]",10,"[1,2,3,4]","[7,9,4,8]","[4,7,8,9]",n4_o121_r2951,4,"[1,2,3,4]",10,3
28,"[4,1,3,2]",10,"[1,2,3,4]","[7,9,8,4]","[4,7,8,9]",n4_o121_r2952,4,"[1,2,3,4]",10,3
28,"[2,3,1,4]",10,"[1,2,3,4]","[8,4,7,9]","[4,7,8,9]",n4_o121_r2953,4,"[1,2,3,4]",10,3
28,"[2,4,1,3]",10,"[1,2,3,4]","[8,4,9,7]","[4,7,8,9]",n4_o121_r2954,4,"[1,2,3,4]",10,3
28,"[3,2,1,4]",10,"[1,2,3,4]","[8,7,4,9]","[4,7,8,9]",n4_o121_r2955,4,"[1,2,3,4]",10,3
28,"[4,2,1,3]",10,"[1,2,3,4]","[8,7,9,4]","[4,7,8,9]",n4_o121_r2956,4,"[1,2,3,4]",10,3
28,"[3,4,1,2]",10,"[1,2,3,4]","[8,9,4,7]","[4,7,8,9]",n4_o121_r2957,4,"[1,2,3,4]",10,3
28,"[4,3,1,2]",10,"[1,2,3,4]","[8,9,7,4]","[4,7,8,9]",n4_o121_r2958,4,"[1,2,3,4]",10,3
28,"[2,3,4,1]",10,"[1,2,3,4]","[9,4,7,8]","[4,7,8,9]",n4_o121_r2959,4,"[1,2,3,4]",10,3
28,"[2,4,3,1]",10,"[1,2,3,4]","[9,4,8,7]","[4,7,8,9]",n4_o121_r2960,4,"[1,2,3,4]",10,3
28,"[3,2,4,1]",10,"[1,2,3,4]","[9,7,4,8]","[4,7,8,9]",n4_o121_r2961,4,"[1,2,3,4]",10,3
28,"[4,2,3,1]",10,"[1,2,3,4]","[9,7,8,4]","[4,7,8,9]",n4_o121_r2962,4,"[1,2,3,4]",10,3
28,"[3,4,2,1]",10,"[1,2,3,4]","[9,8,4,7]","[4,7,8,9]",n4_o121_r2963,4,"[1,2,3,4]",10,3
28,"[4,3,2,1]",10,"[1,2,3,4]","[9,8,7,4]","[4,7,8,9]",n4_o121_r2964,4,"[1,2,3,4]",10,3
26,"[1,2,3,4]",10,"[1,2,3,4]","[5,6,7,8]","[5,6,7,8]",n4_o122_r2965,4,"[1,2,3,4]",20,7
26,"[1,2,4,3]",10,"[1,2,3,4]","[5,6,8,7]","[5,6,7,8]",n4_o122_r2966,4,"[1,2,3,4]",20,7
26,"[1,3,2,4]",10,"[1,2,3,4]","[5,7,6,8]","[5,6,7,8]",n4_o122_r2967,4,"[1,2,3,4]",20,7
26,"[1,4,2,3]",10,"[1,2,3,4]","[5,7,8,6]","[5,6,7,8]",n4_o122_r2968,4,"[1,2,3,4]",20,7
26,"[1,3,4,2]",10,"[1,2,3,4]","[5,8,6,7]","[5,6,7,8]",n4_o122_r2969,4,"[1,2,3,4]",20,7
26,"[1,4,3,2]",10,"[1,2,3,4]","[5,8,7,6]","[5,6,7,8]",n4_o122_r2970,4,"[1,2,3,4]",20,7
26,"[2,1,3,4]",10,"[1,2,3,4]","[6,5,7,8]","[5,6,7,8]",n4_o122_r2971,4,"[1,2,3,4]",20,7
26,"[2,1,4,3]",10,"[1,2,3,4]","[6,5,8,7]","[5,6,7,8]",n4_o122_r2972,4,"[1,2,3,4]",20,7
26,"[3,1,2,4]",10,"[1,2,3,4]","[6,7,5,8]","[5,6,7,8]",n4_o122_r2973,4,"[1,2,3,4]",20,7
26,"[4,1,2,3]",10,"[1,2,3,4]","[6,7,8,5]","[5,6,7,8]",n4_o122_r2974,4,"[1,2,3,4]",20,7
26,"[3,1,4,2]",10,"[1,2,3,4]","[6,8,5,7]","[5,6,7,8]",n4_o122_r2975,4,"[1,2,3,4]",20,7
26,"[4,1,3,2]",10,"[1,2,3,4]","[6,8,7,5]","[5,6,7,8]",n4_o122_r2976,4,"[1,2,3,4]",20,7
26,"[2,3,1,4]",10,"[1,2,3,4]","[7,5,6,8]","[5,6,7,8]",n4_o122_r2977,4,"[1,2,3,4]",20,7
26,"[2,4,1,3]",10,"[1,2,3,4]","[7,5,8,6]","[5,6,7,8]",n4_o122_r2978,4,"[1,2,3,4]",20,7
26,"[3,2,1,4]",10,"[1,2,3,4]","[7,6,5,8]","[5,6,7,8]",n4_o122_r2979,4,"[1,2,3,4]",20,7
26,"[4,2,1,3]",10,"[1,2,3,4]","[7,6,8,5]","[5,6,7,8]",n4_o122_r2980,4,"[1,2,3,4]",20,7
26,"[3,4,1,2]",10,"[1,2,3,4]","[7,8,5,6]","[5,6,7,8]",n4_o122_r2981,4,"[1,2,3,4]",20,7
26,"[4,3,1,2]",10,"[1,2,3,4]","[7,8,6,5]","[5,6,7,8]",n4_o122_r2982,4,"[1,2,3,4]",20,7
26,"[2,3,4,1]",10,"[1,2,3,4]","[8,5,6,7]","[5,6,7,8]",n4_o122_r2983,4,"[1,2,3,4]",20,7
26,"[2,4,3,1]",10,"[1,2,3,4]","[8,5,7,6]","[5,6,7,8]",n4_o122_r2984,4,"[1,2,3,4]",20,7
26,"[3,2,4,1]",10,"[1,2,3,4]","[8,6,5,7]","[5,6,7,8]",n4_o122_r2985,4,"[1,2,3,4]",20,7
26,"[4,2,3,1]",10,"[1,2,3,4]","[8,6,7,5]","[5,6,7,8]",n4_o122_r2986,4,"[1,2,3,4]",20,7
26,"[3,4,2,1]",10,"[1,2,3,4]","[8,7,5,6]","[5,6,7,8]",n4_o122_r2987,4,"[1,2,3,4]",20,7
26,"[4,3,2,1]",10,"[1,2,3,4]","[8,7,6,5]","[5,6,7,8]",n4_o122_r2988,4,"[1,2,3,4]",20,7
27,"[1,2,3,4]",10,"[1,2,3,4]","[5,6,7,9]","[5,6,7,9]",n4_o123_r2989,4,"[1,2,3,4]",40,13
27,"[1,2,4,3]",10,"[1,2,3,4]","[5,6,9,7]","[5,6,7,9]",n4_o123_r2990,4,"[1,2,3,4]",40,13
27,"[1,3,2,4]",10,"[1,2,3,4]","[5,7,6,9]","[5,6,7,9]",n4_o123_r2991,4,"[1,2,3,4]",40,13
27,"[1,4,2,3]",10,"[1,2,3,4]","[5,7,9,6]","[5,6,7,9]",n4_o123_r2992,4,"[1,2,3,4]",40,13
27,"[1,3,4,2]",10,"[1,2,3,4]","[5,9,6,7]","[5,6,7,9]",n4_o123_r2993,4,"[1,2,3,4]",40,13
27,"[1,4,3,2]",10,"[1,2,3,4]","[5,9,7,6]","[5,6,7,9]",n4_o123_r2994,4,"[1,2,3,4]",40,13
27,"[2,1,3,4]",10,"[1,2,3,4]","[6,5,7,9]","[5,6,7,9]",n4_o123_r2995,4,"[1,2,3,4]",40,13
27,"[2,1,4,3]",10,"[1,2,3,4]","[6,5,9,7]","[5,6,7,9]",n4_o123_r2996,4,"[1,2,3,4]",40,13
27,"[3,1,2,4]",10,"[1,2,3,4]","[6,7,5,9]","[5,6,7,9]",n4_o123_r2997,4,"[1,2,3,4]",40,13
27,"[4,1,2,3]",10,"[1,2,3,4]","[6,7,9,5]","[5,6,7,9]",n4_o123_r2998,4,"[1,2,3,4]",40,13
27,"[3,1,4,2]",10,"[1,2,3,4]","[6,9,5,7]","[5,6,7,9]",n4_o123_r2999,4,"[1,2,3,4]",40,13
27,"[4,1,3,2]",10,"[1,2,3,4]","[6,9,7,5]","[5,6,7,9]",n4_o123_r3000,4,"[1,2,3,4]",40,13
27,"[2,3,1,4]",10,"[1,2,3,4]","[7,5,6,9]","[5,6,7,9]",n4_o123_r3001,4,"[1,2,3,4]",40,13
27,"[2,4,1,3]",10,"[1,2,3,4]","[7,5,9,6]","[5,6,7,9]",n4_o123_r3002,4,"[1,2,3,4]",40,13
27,"[3,2,1,4]",10,"[1,2,3,4]","[7,6,5,9]","[5,6,7,9]",n4_o123_r3003,4,"[1,2,3,4]",40,13
27,"[4,2,1,3]",10,"[1,2,3,4]","[7,6,9,5]","[5,6,7,9]",n4_o123_r3004,4,"[1,2,3,4]",40,13
27,"[3,4,1,2]",10,"[1,2,3,4]","[7,9,5,6]","[5,6,7,9]",n4_o123_r3005,4,"[1,2,3,4]",40,13
27,"[4,3,1,2]",10,"[1,2,3,4]","[7,9,6,5]","[5,6,7,9]",n4_o123_r3006,4,"[1,2,3,4]",40,13
27,"[2,3,4,1]",10,"[1,2,3,4]","[9,5,6,7]","[5,6,7,9]",n4_o123_r3007,4,"[1,2,3,4]",40,13
27,"[2,4,3,1]",10,"[1,2,3,4]","[9,5,7,6]","[5,6,7,9]",n4_o123_r3008,4,"[1,2,3,4]",40,13
27,"[3,2,4,1]",10,"[1,2,3,4]","[9,6,5,7]","[5,6,7,9]",n4_o123_r3009,4,"[1,2,3,4]",40,13
27,"[4,2,3,1]",10,"[1,2,3,4]","[9,6,7,5]","[5,6,7,9]",n4_o123_r3010,4,"[1,2,3,4]",40,13
27,"[3,4,2,1]",10,"[1,2,3,4]","[9,7,5,6]","[5,6,7,9]",n4_o123_r3011,4,"[1,2,3,4]",40,13
27,"[4,3,2,1]",10,"[1,2,3,4]","[9,7,6,5]","[5,6,7,9]",n4_o123_r3012,4,"[1,2,3,4]",40,13
28,"[1,2,3,4]",10,"[1,2,3,4]","[5,6,8,9]","[5,6,8,9]",n4_o124_r3013,4,"[1,2,3,4]",10,3
28,"[1,2,4,3]",10,"[1,2,3,4]","[5,6,9,8]","[5,6,8,9]",n4_o124_r3014,4,"[1,2,3,4]",10,3
28,"[1,3,2,4]",10,"[1,2,3,4]","[5,8,6,9]","[5,6,8,9]",n4_o124_r3015,4,"[1,2,3,4]",10,3
28,"[1,4,2,3]",10,"[1,2,3,4]","[5,8,9,6]","[5,6,8,9]",n4_o124_r3016,4,"[1,2,3,4]",10,3
28,"[1,3,4,2]",10,"[1,2,3,4]","[5,9,6,8]","[5,6,8,9]",n4_o124_r3017,4,"[1,2,3,4]",10,3
28,"[1,4,3,2]",10,"[1,2,3,4]","[5,9,8,6]","[5,6,8,9]",n4_o124_r3018,4,"[1,2,3,4]",10,3
28,"[2,1,3,4]",10,"[1,2,3,4]","[6,5,8,9]","[5,6,8,9]",n4_o124_r3019,4,"[1,2,3,4]",10,3
28,"[2,1,4,3]",10,"[1,2,3,4]","[6,5,9,8]","[5,6,8,9]",n4_o124_r3020,4,"[1,2,3,4]",10,3
28,"[3,1,2,4]",10,"[1,2,3,4]","[6,8,5,9]","[5,6,8,9]",n4_o124_r3021,4,"[1,2,3,4]",10,3
28,"[4,1,2,3]",10,"[1,2,3,4]","[6,8,9,5]","[5,6,8,9]",n4_o124_r3022,4,"[1,2,3,4]",10,3
28,"[3,1,4,2]",10,"[1,2,3,4]","[6,9,5,8]","[5,6,8,9]",n4_o124_r3023,4,"[1,2,3,4]",10,3
28,"[4,1,3,2]",10,"[1,2,3,4]","[6,9,8,5]","[5,6,8,9]",n4_o124_r3024,4,"[1,2,3,4]",10,3
28,"[2,3,1,4]",10,"[1,2,3,4]","[8,5,6,9]","[5,6,8,9]",n4_o124_r3025,4,"[1,2,3,4]",10,3
28,"[2,4,1,3]",10,"[1,2,3,4]","[8,5,9,6]","[5,6,8,9]",n4_o124_r3026,4,"[1,2,3,4]",10,3
28,"[3,2,1,4]",10,"[1,2,3,4]","[8,6,5,9]","[5,6,8,9]",n4_o124_r3027,4,"[1,2,3,4]",10,3
28,"[4,2,1,3]",10,"[1,2,3,4]","[8,6,9,5]","[5,6,8,9]",n4_o124_r3028,4,"[1,2,3,4]",10,3
28,"[3,4,1,2]",10,"[1,2,3,4]","[8,9,5,6]","[5,6,8,9]",n4_o124_r3029,4,"[1,2,3,4]",10,3
28,"[4,3,1,2]",10,"[1,2,3,4]","[8,9,6,5]","[5,6,8,9]",n4_o124_r3030,4,"[1,2,3,4]",10,3
28,"[2,3,4,1]",10,"[1,2,3,4]","[9,5,6,8]","[5,6,8,9]",n4_o124_r3031,4,"[1,2,3,4]",10,3
28,"[2,4,3,1]",10,"[1,2,3,4]","[9,5,8,6]","[5,6,8,9]",n4_o124_r3032,4,"[1,2,3,4]",10,3
28,"[3,2,4,1]",10,"[1,2,3,4]","[9,6,5,8]","[5,6,8,9]",n4_o124_r3033,4,"[1,2,3,4]",10,3
28,"[4,2,3,1]",10,"[1,2,3,4]","[9,6,8,5]","[5,6,8,9]",n4_o124_r3034,4,"[1,2,3,4]",10,3
28,"[3,4,2,1]",10,"[1,2,3,4]","[9,8,5,6]","[5,6,8,9]",n4_o124_r3035,4,"[1,2,3,4]",10,3
28,"[4,3,2,1]",10,"[1,2,3,4]","[9,8,6,5]","[5,6,8,9]",n4_o124_r3036,4,"[1,2,3,4]",10,3
29,"[1,2,3,4]",10,"[1,2,3,4]","[5,7,8,9]","[5,7,8,9]",n4_o125_r3037,4,"[1,2,3,4]",40,11
29,"[1,2,4,3]",10,"[1,2,3,4]","[5,7,9,8]","[5,7,8,9]",n4_o125_r3038,4,"[1,2,3,4]",40,11
29,"[1,3,2,4]",10,"[1,2,3,4]","[5,8,7,9]","[5,7,8,9]",n4_o125_r3039,4,"[1,2,3,4]",40,11
29,"[1,4,2,3]",10,"[1,2,3,4]","[5,8,9,7]","[5,7,8,9]",n4_o125_r3040,4,"[1,2,3,4]",40,11
29,"[1,3,4,2]",10,"[1,2,3,4]","[5,9,7,8]","[5,7,8,9]",n4_o125_r3041,4,"[1,2,3,4]",40,11
29,"[1,4,3,2]",10,"[1,2,3,4]","[5,9,8,7]","[5,7,8,9]",n4_o125_r3042,4,"[1,2,3,4]",40,11
29,"[2,1,3,4]",10,"[1,2,3,4]","[7,5,8,9]","[5,7,8,9]",n4_o125_r3043,4,"[1,2,3,4]",40,11
29,"[2,1,4,3]",10,"[1,2,3,4]","[7,5,9,8]","[5,7,8,9]",n4_o125_r3044,4,"[1,2,3,4]",40,11
29,"[3,1,2,4]",10,"[1,2,3,4]","[7,8,5,9]","[5,7,8,9]",n4_o125_r3045,4,"[1,2,3,4]",40,11
29,"[4,1,2,3]",10,"[1,2,3,4]","[7,8,9,5]","[5,7,8,9]",n4_o125_r3046,4,"[1,2,3,4]",40,11
29,"[3,1,4,2]",10,"[1,2,3,4]","[7,9,5,8]","[5,7,8,9]",n4_o125_r3047,4,"[1,2,3,4]",40,11
29,"[4,1,3,2]",10,"[1,2,3,4]","[7,9,8,5]","[5,7,8,9]",n4_o125_r3048,4,"[1,2,3,4]",40,11
29,"[2,3,1,4]",10,"[1,2,3,4]","[8,5,7,9]","[5,7,8,9]",n4_o125_r3049,4,"[1,2,3,4]",40,11
29,"[2,4,1,3]",10,"[1,2,3,4]","[8,5,9,7]","[5,7,8,9]",n4_o125_r3050,4,"[1,2,3,4]",40,11
29,"[3,2,1,4]",10,"[1,2,3,4]","[8,7,5,9]","[5,7,8,9]",n4_o125_r3051,4,"[1,2,3,4]",40,11
29,"[4,2,1,3]",10,"[1,2,3,4]","[8,7,9,5]","[5,7,8,9]",n4_o125_r3052,4,"[1,2,3,4]",40,11
29,"[3,4,1,2]",10,"[1,2,3,4]","[8,9,5,7]","[5,7,8,9]",n4_o125_r3053,4,"[1,2,3,4]",40,11
29,"[4,3,1,2]",10,"[1,2,3,4]","[8,9,7,5]","[5,7,8,9]",n4_o125_r3054,4,"[1,2,3,4]",40,11
29,"[2,3,4,1]",10,"[1,2,3,4]","[9,5,7,8]","[5,7,8,9]",n4_o125_r3055,4,"[1,2,3,4]",40,11
29,"[2,4,3,1]",10,"[1,2,3,4]","[9,5,8,7]","[5,7,8,9]",n4_o125_r3056,4,"[1,2,3,4]",40,11
29,"[3,2,4,1]",10,"[1,2,3,4]","[9,7,5,8]","[5,7,8,9]",n4_o125_r3057,4,"[1,2,3,4]",40,11
29,"[4,2,3,1]",10,"[1,2,3,4]","[9,7,8,5]","[5,7,8,9]",n4_o125_r3058,4,"[1,2,3,4]",40,11
29,"[3,4,2,1]",10,"[1,2,3,4]","[9,8,5,7]","[5,7,8,9]",n4_o125_r3059,4,"[1,2,3,4]",40,11
29,"[4,3,2,1]",10,"[1,2,3,4]","[9,8,7,5]","[5,7,8,9]",n4_o125_r3060,4,"[1,2,3,4]",40,11
30,"[1,2,3,4]",10,"[1,2,3,4]","[6,7,8,9]","[6,7,8,9]",n4_o126_r3061,4,"[1,2,3,4]",4,1
30,"[1,2,4,3]",10,"[1,2,3,4]","[6,7,9,8]","[6,7,8,9]",n4_o126_r3062,4,"[1,2,3,4]",4,1
30,"[1,3,2,4]",10,"[1,2,3,4]","[6,8,7,9]","[6,7,8,9]",n4_o126_r3063,4,"[1,2,3,4]",4,1
30,"[1,4,2,3]",10,"[1,2,3,4]","[6,8,9,7]","[6,7,8,9]",n4_o126_r3064,4,"[1,2,3,4]",4,1
30,"[1,3,4,2]",10,"[1,2,3,4]","[6,9,7,8]","[6,7,8,9]",n4_o126_r3065,4,"[1,2,3,4]",4,1
30,"[1,4,3,2]",10,"[1,2,3,4]","[6,9,8,7]","[6,7,8,9]",n4_o126_r3066,4,"[1,2,3,4]",4,1
30,"[2,1,3,4]",10,"[1,2,3,4]","[7,6,8,9]","[6,7,8,9]",n4_o126_r3067,4,"[1,2,3,4]",4,1
30,"[2,1,4,3]",10,"[1,2,3,4]","[7,6,9,8]","[6,7,8,9]",n4_o126_r3068,4,"[1,2,3,4]",4,1
30,"[3,1,2,4]",10,"[1,2,3,4]","[7,8,6,9]","[6,7,8,9]",n4_o126_r3069,4,"[1,2,3,4]",4,1
30,"[4,1,2,3]",10,"[1,2,3,4]","[7,8,9,6]","[6,7,8,9]",n4_o126_r3070,4,"[1,2,3,4]",4,1
30,"[3,1,4,2]",10,"[1,2,3,4]","[7,9,6,8]","[6,7,8,9]",n4_o126_r3071,4,"[1,2,3,4]",4,1
30,"[4,1,3,2]",10,"[1,2,3,4]","[7,9,8,6]","[6,7,8,9]",n4_o126_r3072,4,"[1,2,3,4]",4,1
30,"[2,3,1,4]",10,"[1,2,3,4]","[8,6,7,9]","[6,7,8,9]",n4_o126_r3073,4,"[1,2,3,4]",4,1
30,"[2,4,1,3]",10,"[1,2,3,4]","[8,6,9,7]","[6,7,8,9]",n4_o126_r3074,4,"[1,2,3,4]",4,1
30,"[3,2,1,4]",10,"[1,2,3,4]","[8,7,6,9]","[6,7,8,9]",n4_o126_r3075,4,"[1,2,3,4]",4,1
30,"[4,2,1,3]",10,"[1,2,3,4]","[8,7,9,6]","[6,7,8,9]",n4_o126_r3076,4,"[1,2,3,4]",4,1
30,"[3,4,1,2]",10,"[1,2,3,4]","[8,9,6,7]","[6,7,8,9]",n4_o126_r3077,4,"[1,2,3,4]",4,1
30,"[4,3,1,2]",10,"[1,2,3,4]","[8,9,7,6]","[6,7,8,9]",n4_o126_r3078,4,"[1,2,3,4]",4,1
30,"[2,3,4,1]",10,"[1,2,3,4]","[9,6,7,8]","[6,7,8,9]",n4_o126_r3079,4,"[1,2,3,4]",4,1
30,"[2,4,3,1]",10,"[1,2,3,4]","[9,6,8,7]","[6,7,8,9]",n4_o126_r3080,4,"[1,2,3,4]",4,1
30,"[3,2,4,1]",10,"[1,2,3,4]","[9,7,6,8]","[6,7,8,9]",n4_o126_r3081,4,"[1,2,3,4]",4,1
30,"[4,2,3,1]",10,"[1,2,3,4]","[9,7,8,6]","[6,7,8,9]",n4_o126_r3082,4,"[1,2,3,4]",4,1
30,"[3,4,2,1]",10,"[1,2,3,4]","[9,8,6,7]","[6,7,8,9]",n4_o126_r3083,4,"[1,2,3,4]",4,1
30,"[4,3,2,1]",10,"[1,2,3,4]","[9,8,7,6]","[6,7,8,9]",n4_o126_r3084,4,"[1,2,3,4]",4,1
