"M_K_v2_hash","M_K_v2_serialized","instance_id","panel"
"ea66681bd3fa31c8e11d6ea78480e8270755413f76617e47632eef9ba03af4e2","{""schema"":""TARDY_BOUND_MK_V2"",""G123_edges"":[[1,2],[1,3],[1,4],[2,3],[2,4],[3,4]],""EDD_C22"":true,""GEOM4"":[true,true,false,false],""G_beta_edges"":[[1,2],[1,3],[2,3],[1,4],[2,4],[3,4]],""S_beta"":[1,2,3,4],""BETA_STATUS"":[""NA"",""NA"",""NA"",""NA""],""LAWLER_PARTITION_FAMILY"":[[4,[1,2,3],4,[]]],""Q_exact"":[1,2,3,4],""h_key"":4,""T_MDD"":[{""prefix"":[],""argmin"":[1]},{""prefix"":[1],""argmin"":[2]},{""prefix"":[1,2],""argmin"":[3]},{""prefix"":[1,2,3],""argmin"":[4]},{""prefix"":[1,2,3,4],""argmin"":[]}]}","A_o001_r00001","A"
"5b806409e44b31351989101070c945c6dd40718dfc86b3160c10bbfc790d938c","{""schema"":""TARDY_BOUND_MK_V2"",""G123_edges"":[[1,2],[1,3],[1,4],[2,3],[2,4],[3,4]],""EDD_C22"":false,""GEOM4"":[false,true,false,false],""G_beta_edges"":[[1,2],[1,3],[2,3],[1,4],[2,4],[3,4]],""S_beta"":[1,2,3,4],""BETA_STATUS"":[""NA"",""NA"",""NA"",""NA""],""LAWLER_PARTITION_FAMILY"":[[3,[1,2],4,[3]],[4,[1,2,3],4,[]]],""Q_exact"":[1,2,3,4],""h_key"":4,""T_MDD"":[{""prefix"":[],""argmin"":[1]},{""prefix"":[1],""argmin"":[2]},{""prefix"":[1,2],""argmin"":[3]},{""prefix"":[1,2,3],""argmin"":[4]},{""prefix"":[1,2,3,4],""argmin"":[]}]}","A_o001_r00002","A"
"23e1bfba4197de51a573e007f8ad93a6c63abee1c285658bdddf36c716a7677b","{""schema"":""TARDY_BOUND_MK_V2"",""G123_edges"":[[1,2],[1,3],[1,4],[2,3],[2,4],[3,4]],""EDD_C22"":false,""GEOM4"":[false,true,false,false],""G_beta_edges"":[[1,2],[1,3],[2,3],[1,4],[2,4],[3,4]],""S_beta"":[1,2,3,4],""BETA_STATUS"":[""NA"",""NA"",""NA"",""NA""],""LAWLER_PARTITION_FAMILY"":[[2,[1],4,[2,3]],[3,[1,2],4,[3]],[4,[1,2,3],4,[]]],""Q_exact"":[1,2,3,4],""h_key"":4,""T_MDD"":[{""prefix"":[],""argmin"":[1]},{""prefix"":[1],""argmin"":[2]},{""prefix"":[1,2],""argmin"":[3]},{""prefix"":[1,2,3],""argmin"":[4]},{""prefix"":[1,2,3,4],""argmin"":[]}]}","A_o001_r00004","A"
"c05f23394596ae9fa98df31ef87a596f92c6c6244caad6bfd01272cc5daa4d63","{""schema"":""TARDY_BOUND_MK_V2"",""G123_edges"":[[1,2],[1,3],[1,4],[2,4],[3,2],[3,4]],""EDD_C22"":false,""GEOM4"":[false,false,false,false],""G_beta_edges"":[[1,2],[3,2],[1,3],[1,4],[2,4],[3,4]],""S_beta"":[1,3,2,4],""BETA_STATUS"":[""NA"",""STRICT_PASS"",""NA"",""NA""],""LAWLER_PARTITION_FAMILY"":[[3,[1,3],4,[2]],[4,[1,2,3],4,[]]],""Q_exact"":[1,2,3,4],""h_key"":4,""T_MDD"":[{""prefix"":[],""argmin"":[1]},{""prefix"":[1],""argmin"":[3]},{""prefix"":[1,3],""argmin"":[2]},{""prefix"":[1,3,2],""argmin"":[4]},{""prefix"":[1,3,2,4],""argmin"":[]}]}","A_o001_r00005","A"
"c23b3ba67a722e02ce17f0c28ffbf2fc60adf58875dfb5083ee34e0edb570b0b","{""schema"":""TARDY_BOUND_MK_V2"",""G123_edges"":[[1,2],[1,3],[1,4],[2,4],[3,2],[3,4]],""EDD_C22"":false,""GEOM4"":[false,false,false,false],""G_beta_edges"":[[1,2],[3,2],[1,3],[1,4],[2,4],[3,4]],""S_beta"":[1,3,2,4],""BETA_STATUS"":[""NA"",""STRICT_PASS"",""NA"",""NA""],""LAWLER_PARTITION_FAMILY"":[[2,[1],4,[2,3]],[3,[1,3],4,[2]],[4,[1,2,3],4,[]]],""Q_exact"":[1,2,3,4],""h_key"":4,""T_MDD"":[{""prefix"":[],""argmin"":[1]},{""prefix"":[1],""argmin"":[3]},{""prefix"":[1,3],""argmin"":[2]},{""prefix"":[1,3,2],""argmin"":[4]},{""prefix"":[1,3,2,4],""argmin"":[]}]}","A_o001_r00006","A"
"87a1c0f2d61c0de63bae799fc5dd47cf3a40e996ffb463685e266659e21fd38e","{""schema"":""TARDY_BOUND_MK_V2"",""G123_edges"":[[1,3],[1,4],[2,1],[2,3],[2,4],[3,4]],""EDD_C22"":true,""GEOM4"":[false,false,false,false],""G_beta_edges"":[[2,1],[1,3],[2,3],[1,4],[2,4],[3,4]],""S_beta"":[2,1,3,4],""BETA_STATUS"":[""STRICT_PASS"",""NA"",""NA"",""NA""],""LAWLER_PARTITION_FAMILY"":[[4,[1,2,3],4,[]]],""Q_exact"":[1,2,3,4],""h_key"":4,""T_MDD"":[{""prefix"":[],""argmin"":[2]},{""prefix"":[2],""argmin"":[1]},{""prefix"":[2,1],""argmin"":[3]},{""prefix"":[2,1,3],""argmin"":[4]},{""prefix"":[2,1,3,4],""argmin"":[]}]}","A_o001_r00007","A"
"25b63d91ffffefe5ce70df559ef971fa18ef128a7d4e68fd23d74e049c3e9241","{""schema"":""TARDY_BOUND_MK_V2"",""G123_edges"":[[1,3],[1,4],[2,1],[2,3],[2,4],[3,4]],""EDD_C22"":false,""GEOM4"":[false,false,false,false],""G_beta_edges"":[[2,1],[1,3],[2,3],[1,4],[2,4],[3,4]],""S_beta"":[2,1,3,4],""BETA_STATUS"":[""STRICT_PASS"",""NA"",""NA"",""NA""],""LAWLER_PARTITION_FAMILY"":[[3,[1,2],4,[3]],[4,[1,2,3],4,[]]],""Q_exact"":[1,2,3,4],""h_key"":4,""T_MDD"":[{""prefix"":[],""argmin"":[2]},{""prefix"":[2],""argmin"":[1]},{""prefix"":[2,1],""argmin"":[3]},{""prefix"":[2,1,3],""argmin"":[4]},{""prefix"":[2,1,3,4],""argmin"":[]}]}","A_o001_r00008","A"
"fdb7459cf9013649180f6d52c62a5c4697ab69c6f9d1a884811294a49d65096a","{""schema"":""TARDY_BOUND_MK_V2"",""G123_edges"":[[1,2],[1,3],[1,4],[2,3],[2,4],[3,4]],""EDD_C22"":false,""GEOM4"":[false,true,false,false],""G_beta_edges"":[[1,2],[1,3],[2,3],[1,4],[2,4],[3,4]],""S_beta"":[1,2,3,4],""BETA_STATUS"":[""NA"",""NA"",""NA"",""NA""],""LAWLER_PARTITION_FAMILY"":[[1,[],4,[1,2,3]],[2,[1],4,[2,3]],[3,[1,2],4,[3]],[4,[1,2,3],4,[]]],""Q_exact"":[1,2,3,4],""h_key"":4,""T_MDD"":[{""prefix"":[],""argmin"":[1]},{""prefix"":[1],""argmin"":[2]},{""prefix"":[1,2],""argmin"":[3]},{""prefix"":[1,2,3],""argmin"":[4]},{""prefix"":[1,2,3,4],""argmin"":[]}]}","A_o001_r00010","A"
"c05f23394596ae9fa98df31ef87a596f92c6c6244caad6bfd01272cc5daa4d63","{""schema"":""TARDY_BOUND_MK_V2"",""G123_edges"":[[1,2],[1,3],[1,4],[2,4],[3,2],[3,4]],""EDD_C22"":false,""GEOM4"":[false,false,false,false],""G_beta_edges"":[[1,2],[3,2],[1,3],[1,4],[2,4],[3,4]],""S_beta"":[1,3,2,4],""BETA_STATUS"":[""NA"",""STRICT_PASS"",""NA"",""NA""],""LAWLER_PARTITION_FAMILY"":[[3,[1,3],4,[2]],[4,[1,2,3],4,[]]],""Q_exact"":[1,2,3,4],""h_key"":4,""T_MDD"":[{""prefix"":[],""argmin"":[1]},{""prefix"":[1],""argmin"":[3]},{""prefix"":[1,3],""argmin"":[2]},{""prefix"":[1,3,2],""argmin"":[4]},{""prefix"":[1,3,2,4],""argmin"":[]}]}","A_o001_r00011","A"
"34b190b5610a41440aa52bd08cc4669f73a9fa8b3079a46009fd2c5df1db8934","{""schema"":""TARDY_BOUND_MK_V2"",""G123_edges"":[[1,2],[1,3],[1,4],[2,4],[3,2],[3,4]],""EDD_C22"":false,""GEOM4"":[false,false,false,false],""G_beta_edges"":[[1,2],[3,2],[1,3],[1,4],[2,4],[3,4]],""S_beta"":[1,3,2,4],""BETA_STATUS"":[""NA"",""STRICT_PASS"",""NA"",""NA""],""LAWLER_PARTITION_FAMILY"":[[1,[],4,[1,2,3]],[2,[1],4,[2,3]],[3,[1,3],4,[2]],[4,[1,2,3],4,[]]],""Q_exact"":[1,2,3,4],""h_key"":4,""T_MDD"":[{""prefix"":[],""argmin"":[1]},{""prefix"":[1],""argmin"":[3]},{""prefix"":[1,3],""argmin"":[2]},{""prefix"":[1,3,2],""argmin"":[4]},{""prefix"":[1,3,2,4],""argmin"":[]}]}","A_o001_r00012","A"
"a6e8f755912a2036daa82da85871299b04f26a37ce5645bead34dd133f460b87","{""schema"":""TARDY_BOUND_MK_V2"",""G123_edges"":[[1,3],[1,4],[2,1],[2,3],[2,4],[3,4]],""EDD_C22"":false,""GEOM4"":[false,false,false,false],""G_beta_edges"":[[2,1],[1,3],[2,3],[1,4],[2,4],[3,4]],""S_beta"":[2,1,3,4],""BETA_STATUS"":[""STRICT_PASS"",""NA"",""NA"",""NA""],""LAWLER_PARTITION_FAMILY"":[[4,[1,2,3],4,[]]],""Q_exact"":[1,2,3,4],""h_key"":4,""T_MDD"":[{""prefix"":[],""argmin"":[2]},{""prefix"":[2],""argmin"":[1]},{""prefix"":[2,1],""argmin"":[3]},{""prefix"":[2,1,3],""argmin"":[4]},{""prefix"":[2,1,3,4],""argmin"":[]}]}","A_o001_r00013","A"
"aac920d42175c0111569e218d1d5ddf9eb4a6fdca7cd09bee48ecf84934b5f94","{""schema"":""TARDY_BOUND_MK_V2"",""G123_edges"":[[1,3],[1,4],[2,1],[2,3],[2,4],[3,4]],""EDD_C22"":false,""GEOM4"":[false,false,false,false],""G_beta_edges"":[[2,1],[1,3],[2,3],[1,4],[2,4],[3,4]],""S_beta"":[2,1,3,4],""BETA_STATUS"":[""STRICT_PASS"",""NA"",""NA"",""NA""],""LAWLER_PARTITION_FAMILY"":[[2,[2],4,[1,3]],[3,[1,2],4,[3]],[4,[1,2,3],4,[]]],""Q_exact"":[1,2,3,4],""h_key"":4,""T_MDD"":[{""prefix"":[],""argmin"":[2]},{""prefix"":[2],""argmin"":[1]},{""prefix"":[2,1],""argmin"":[3]},{""prefix"":[2,1,3],""argmin"":[4]},{""prefix"":[2,1,3,4],""argmin"":[]}]}","A_o001_r00014","A"
"eeeb84a07001d490acb2e41ca051999ffeb0b61ed70ee0adf318857cb3d31a80","{""schema"":""TARDY_BOUND_MK_V2"",""G123_edges"":[[1,2],[1,4],[2,4],[3,1],[3,2],[3,4]],""EDD_C22"":false,""GEOM4"":[false,false,false,false],""G_beta_edges"":[[3,1],[1,2],[3,2],[1,4],[2,4],[3,4]],""S_beta"":[3,1,2,4],""BETA_STATUS"":[""STRICT_PASS"",""STRICT_PASS"",""NA"",""NA""],""LAWLER_PARTITION_FAMILY"":[[2,[3],4,[1,2]],[3,[1,3],4,[2]],[4,[1,2,3],4,[]]],""Q_exact"":[1,2,3,4],""h_key"":4,""T_MDD"":[{""prefix"":[],""argmin"":[3]},{""prefix"":[3],""argmin"":[1]},{""prefix"":[3,1],""argmin"":[2]},{""prefix"":[3,1,2],""argmin"":[4]},{""prefix"":[3,1,2,4],""argmin"":[]}]}","A_o001_r00017","A"
"0beceb8a734859055b448c96855ffeb6d985db8436505cef461a78c612cdd28c","{""schema"":""TARDY_BOUND_MK_V2"",""G123_edges"":[[1,2],[1,4],[2,4],[3,1],[3,2],[3,4]],""EDD_C22"":false,""GEOM4"":[false,false,false,false],""G_beta_edges"":[[3,1],[1,2],[3,2],[1,4],[2,4],[3,4]],""S_beta"":[3,1,2,4],""BETA_STATUS"":[""STRICT_PASS"",""STRICT_PASS"",""NA"",""NA""],""LAWLER_PARTITION_FAMILY"":[[1,[],4,[1,2,3]],[2,[3],4,[1,2]],[3,[1,3],4,[2]],[4,[1,2,3],4,[]]],""Q_exact"":[1,2,3,4],""h_key"":4,""T_MDD"":[{""prefix"":[],""argmin"":[3]},{""prefix"":[3],""argmin"":[1]},{""prefix"":[3,1],""argmin"":[2]},{""prefix"":[3,1,2],""argmin"":[4]},{""prefix"":[3,1,2,4],""argmin"":[]}]}","A_o001_r00018","A"
"65448a3712e365b672836df59c3aa18934d863ddd8f161aea2af9a503d4eead3","{""schema"":""TARDY_BOUND_MK_V2"",""G123_edges"":[[1,4],[2,1],[2,3],[2,4],[3,1],[3,4]],""EDD_C22"":false,""GEOM4"":[false,false,false,false],""G_beta_edges"":[[2,1],[3,1],[2,3],[1,4],[2,4],[3,4]],""S_beta"":[2,3,1,4],""BETA_STATUS"":[""STRICT_PASS"",""NA"",""NA"",""NA""],""LAWLER_PARTITION_FAMILY"":[[3,[2,3],4,[1]],[4,[1,2,3],4,[]]],""Q_exact"":[1,2,3,4],""h_key"":4,""T_MDD"":[{""prefix"":[],""argmin"":[2]},{""prefix"":[2],""argmin"":[3]},{""prefix"":[2,3],""argmin"":[1]},{""prefix"":[2,3,1],""argmin"":[4]},{""prefix"":[2,3,1,4],""argmin"":[]}]}","A_o001_r00019","A"
"289004324b08c05289d088ece7659bf1589e11031e41c88b243d840ff4860908","{""schema"":""TARDY_BOUND_MK_V2"",""G123_edges"":[[1,4],[2,1],[2,3],[2,4],[3,1],[3,4]],""EDD_C22"":false,""GEOM4"":[false,false,false,false],""G_beta_edges"":[[2,1],[3,1],[2,3],[1,4],[2,4],[3,4]],""S_beta"":[2,3,1,4],""BETA_STATUS"":[""STRICT_PASS"",""NA"",""NA"",""NA""],""LAWLER_PARTITION_FAMILY"":[[2,[2],4,[1,3]],[3,[2,3],4,[1]],[4,[1,2,3],4,[]]],""Q_exact"":[1,2,3,4],""h_key"":4,""T_MDD"":[{""prefix"":[],""argmin"":[2]},{""prefix"":[2],""argmin"":[3]},{""prefix"":[2,3],""argmin"":[1]},{""prefix"":[2,3,1],""argmin"":[4]},{""prefix"":[2,3,1,4],""argmin"":[]}]}","A_o001_r00020","A"
"65448a3712e365b672836df59c3aa18934d863ddd8f161aea2af9a503d4eead3","{""schema"":""TARDY_BOUND_MK_V2"",""G123_edges"":[[1,4],[2,1],[2,3],[2,4],[3,1],[3,4]],""EDD_C22"":false,""GEOM4"":[false,false,false,false],""G_beta_edges"":[[2,1],[3,1],[2,3],[1,4],[2,4],[3,4]],""S_beta"":[2,3,1,4],""BETA_STATUS"":[""STRICT_PASS"",""NA"",""NA"",""NA""],""LAWLER_PARTITION_FAMILY"":[[3,[2,3],4,[1]],[4,[1,2,3],4,[]]],""Q_exact"":[1,2,3,4],""h_key"":4,""T_MDD"":[{""prefix"":[],""argmin"":[2]},{""prefix"":[2],""argmin"":[3]},{""prefix"":[2,3],""argmin"":[1]},{""prefix"":[2,3,1],""argmin"":[4]},{""prefix"":[2,3,1,4],""argmin"":[]}]}","A_o001_r00021","A"
"70363939d1c824af8b02413be2ce151ba315a7dcfeba65534e9d21662b30564b","{""schema"":""TARDY_BOUND_MK_V2"",""G123_edges"":[[1,4],[2,1],[2,3],[2,4],[3,1],[3,4]],""EDD_C22"":false,""GEOM4"":[false,false,false,false],""G_beta_edges"":[[2,1],[3,1],[2,3],[1,4],[2,4],[3,4]],""S_beta"":[2,3,1,4],""BETA_STATUS"":[""STRICT_PASS"",""NA"",""NA"",""NA""],""LAWLER_PARTITION_FAMILY"":[[1,[],4,[1,2,3]],[2,[2],4,[1,3]],[3,[2,3],4,[1]],[4,[1,2,3],4,[]]],""Q_exact"":[1,2,3,4],""h_key"":4,""T_MDD"":[{""prefix"":[],""argmin"":[2]},{""prefix"":[2],""argmin"":[3]},{""prefix"":[2,3],""argmin"":[1]},{""prefix"":[2,3,1],""argmin"":[4]},{""prefix"":[2,3,1,4],""argmin"":[]}]}","A_o001_r00022","A"
"06365582b5ac2955c7b7e93867da332245395da2260b283feb7ede45c19b8f32","{""schema"":""TARDY_BOUND_MK_V2"",""G123_edges"":[[1,4],[2,1],[2,4],[3,1],[3,2],[3,4]],""EDD_C22"":false,""GEOM4"":[false,false,false,false],""G_beta_edges"":[[2,1],[3,1],[3,2],[1,4],[2,4],[3,4]],""S_beta"":[3,2,1,4],""BETA_STATUS"":[""STRICT_PASS"",""STRICT_PASS"",""NA"",""NA""],""LAWLER_PARTITION_FAMILY"":[[2,[3],4,[1,2]],[3,[2,3],4,[1]],[4,[1,2,3],4,[]]],""Q_exact"":[1,2,3,4],""h_key"":4,""T_MDD"":[{""prefix"":[],""argmin"":[3]},{""prefix"":[3],""argmin"":[2]},{""prefix"":[3,2],""argmin"":[1]},{""prefix"":[3,2,1],""argmin"":[4]},{""prefix"":[3,2,1,4],""argmin"":[]}]}","A_o001_r00023","A"
"fb64c3c790757cecf7c382b67151b0b6fbc0ae766d60fb63a07558af34321611","{""schema"":""TARDY_BOUND_MK_V2"",""G123_edges"":[[1,4],[2,1],[2,4],[3,1],[3,2],[3,4]],""EDD_C22"":false,""GEOM4"":[false,false,false,false],""G_beta_edges"":[[2,1],[3,1],[3,2],[1,4],[2,4],[3,4]],""S_beta"":[3,2,1,4],""BETA_STATUS"":[""STRICT_PASS"",""STRICT_PASS"",""NA"",""NA""],""LAWLER_PARTITION_FAMILY"":[[1,[],4,[1,2,3]],[2,[3],4,[1,2]],[3,[2,3],4,[1]],[4,[1,2,3],4,[]]],""Q_exact"":[1,2,3,4],""h_key"":4,""T_MDD"":[{""prefix"":[],""argmin"":[3]},{""prefix"":[3],""argmin"":[2]},{""prefix"":[3,2],""argmin"":[1]},{""prefix"":[3,2,1],""argmin"":[4]},{""prefix"":[3,2,1,4],""argmin"":[]}]}","A_o001_r00024","A"
"ea66681bd3fa31c8e11d6ea78480e8270755413f76617e47632eef9ba03af4e2","{""schema"":""TARDY_BOUND_MK_V2"",""G123_edges"":[[1,2],[1,3],[1,4],[2,3],[2,4],[3,4]],""EDD_C22"":true,""GEOM4"":[true,true,false,false],""G_beta_edges"":[[1,2],[1,3],[2,3],[1,4],[2,4],[3,4]],""S_beta"":[1,2,3,4],""BETA_STATUS"":[""NA"",""NA"",""NA"",""NA""],""LAWLER_PARTITION_FAMILY"":[[4,[1,2,3],4,[]]],""Q_exact"":[1,2,3,4],""h_key"":4,""T_MDD"":[{""prefix"":[],""argmin"":[1]},{""prefix"":[1],""argmin"":[2]},{""prefix"":[1,2],""argmin"":[3]},{""prefix"":[1,2,3],""argmin"":[4]},{""prefix"":[1,2,3,4],""argmin"":[]}]}","A_o002_r00025","A"
"d9c68703a6aba49a2be277565fb4948f8fc8c1ae4eaaca7e8ceb5696a9867721","{""schema"":""TARDY_BOUND_MK_V2"",""G123_edges"":[[1,2],[1,3],[1,4],[2,3],[2,4],[3,4]],""EDD_C22"":false,""GEOM4"":[false,false,false,false],""G_beta_edges"":[[1,2],[1,3],[2,3],[1,4],[2,4],[3,4]],""S_beta"":[1,2,3,4],""BETA_STATUS"":[""NA"",""NA"",""NA"",""NA""],""LAWLER_PARTITION_FAMILY"":[[3,[1,2],4,[3]],[4,[1,2,3],4,[]]],""Q_exact"":[1,2,3,4],""h_key"":4,""T_MDD"":[{""prefix"":[],""argmin"":[1]},{""prefix"":[1],""argmin"":[2]},{""prefix"":[1,2],""argmin"":[3]},{""prefix"":[1,2,3],""argmin"":[4]},{""prefix"":[1,2,3,4],""argmin"":[]}]}","A_o002_r00026","A"
"a5f58ea3ca673a218027454b420ebac3db95bc1163f6c6b84f24fe9fe4ad4101","{""schema"":""TARDY_BOUND_MK_V2"",""G123_edges"":[[1,2],[1,3],[1,4],[2,3],[2,4],[3,4]],""EDD_C22"":false,""GEOM4"":[false,false,false,false],""G_beta_edges"":[[1,2],[1,3],[2,3],[1,4],[2,4],[3,4]],""S_beta"":[1,2,3,4],""BETA_STATUS"":[""NA"",""NA"",""NA"",""NA""],""LAWLER_PARTITION_FAMILY"":[[2,[1],4,[2,3]],[3,[1,2],4,[3]],[4,[1,2,3],4,[]]],""Q_exact"":[1,2,3,4],""h_key"":4,""T_MDD"":[{""prefix"":[],""argmin"":[1]},{""prefix"":[1],""argmin"":[2]},{""prefix"":[1,2],""argmin"":[3]},{""prefix"":[1,2,3],""argmin"":[4]},{""prefix"":[1,2,3,4],""argmin"":[]}]}","A_o002_r00028","A"
"c05f23394596ae9fa98df31ef87a596f92c6c6244caad6bfd01272cc5daa4d63","{""schema"":""TARDY_BOUND_MK_V2"",""G123_edges"":[[1,2],[1,3],[1,4],[2,4],[3,2],[3,4]],""EDD_C22"":false,""GEOM4"":[false,false,false,false],""G_beta_edges"":[[1,2],[3,2],[1,3],[1,4],[2,4],[3,4]],""S_beta"":[1,3,2,4],""BETA_STATUS"":[""NA"",""STRICT_PASS"",""NA"",""NA""],""LAWLER_PARTITION_FAMILY"":[[3,[1,3],4,[2]],[4,[1,2,3],4,[]]],""Q_exact"":[1,2,3,4],""h_key"":4,""T_MDD"":[{""prefix"":[],""argmin"":[1]},{""prefix"":[1],""argmin"":[3]},{""prefix"":[1,3],""argmin"":[2]},{""prefix"":[1,3,2],""argmin"":[4]},{""prefix"":[1,3,2,4],""argmin"":[]}]}","A_o002_r00029","A"
"c23b3ba67a722e02ce17f0c28ffbf2fc60adf58875dfb5083ee34e0edb570b0b","{""schema"":""TARDY_BOUND_MK_V2"",""G123_edges"":[[1,2],[1,3],[1,4],[2,4],[3,2],[3,4]],""EDD_C22"":false,""GEOM4"":[false,false,false,false],""G_beta_edges"":[[1,2],[3,2],[1,3],[1,4],[2,4],[3,4]],""S_beta"":[1,3,2,4],""BETA_STATUS"":[""NA"",""STRICT_PASS"",""NA"",""NA""],""LAWLER_PARTITION_FAMILY"":[[2,[1],4,[2,3]],[3,[1,3],4,[2]],[4,[1,2,3],4,[]]],""Q_exact"":[1,2,3,4],""h_key"":4,""T_MDD"":[{""prefix"":[],""argmin"":[1]},{""prefix"":[1],""argmin"":[3]},{""prefix"":[1,3],""argmin"":[2]},{""prefix"":[1,3,2],""argmin"":[4]},{""prefix"":[1,3,2,4],""argmin"":[]}]}","A_o002_r00030","A"
"87a1c0f2d61c0de63bae799fc5dd47cf3a40e996ffb463685e266659e21fd38e","{""schema"":""TARDY_BOUND_MK_V2"",""G123_edges"":[[1,3],[1,4],[2,1],[2,3],[2,4],[3,4]],""EDD_C22"":true,""GEOM4"":[false,false,false,false],""G_beta_edges"":[[2,1],[1,3],[2,3],[1,4],[2,4],[3,4]],""S_beta"":[2,1,3,4],""BETA_STATUS"":[""STRICT_PASS"",""NA"",""NA"",""NA""],""LAWLER_PARTITION_FAMILY"":[[4,[1,2,3],4,[]]],""Q_exact"":[1,2,3,4],""h_key"":4,""T_MDD"":[{""prefix"":[],""argmin"":[2]},{""prefix"":[2],""argmin"":[1]},{""prefix"":[2,1],""argmin"":[3]},{""prefix"":[2,1,3],""argmin"":[4]},{""prefix"":[2,1,3,4],""argmin"":[]}]}","A_o002_r00031","A"
"25b63d91ffffefe5ce70df559ef971fa18ef128a7d4e68fd23d74e049c3e9241","{""schema"":""TARDY_BOUND_MK_V2"",""G123_edges"":[[1,3],[1,4],[2,1],[2,3],[2,4],[3,4]],""EDD_C22"":false,""GEOM4"":[false,false,false,false],""G_beta_edges"":[[2,1],[1,3],[2,3],[1,4],[2,4],[3,4]],""S_beta"":[2,1,3,4],""BETA_STATUS"":[""STRICT_PASS"",""NA"",""NA"",""NA""],""LAWLER_PARTITION_FAMILY"":[[3,[1,2],4,[3]],[4,[1,2,3],4,[]]],""Q_exact"":[1,2,3,4],""h_key"":4,""T_MDD"":[{""prefix"":[],""argmin"":[2]},{""prefix"":[2],""argmin"":[1]},{""prefix"":[2,1],""argmin"":[3]},{""prefix"":[2,1,3],""argmin"":[4]},{""prefix"":[2,1,3,4],""argmin"":[]}]}","A_o002_r00032","A"
"79b1633a597afd6168627e40c94d06da15c6fe9d1190e6706ab073336c25f82b","{""schema"":""TARDY_BOUND_MK_V2"",""G123_edges"":[[1,2],[1,3],[1,4],[2,3],[2,4],[3,4]],""EDD_C22"":false,""GEOM4"":[false,false,false,false],""G_beta_edges"":[[1,2],[1,3],[2,3],[1,4],[2,4],[3,4]],""S_beta"":[1,2,3,4],""BETA_STATUS"":[""NA"",""NA"",""NA"",""NA""],""LAWLER_PARTITION_FAMILY"":[[1,[],4,[1,2,3]],[2,[1],4,[2,3]],[3,[1,2],4,[3]],[4,[1,2,3],4,[]]],""Q_exact"":[1,2,3,4],""h_key"":4,""T_MDD"":[{""prefix"":[],""argmin"":[1]},{""prefix"":[1],""argmin"":[2]},{""prefix"":[1,2],""argmin"":[3]},{""prefix"":[1,2,3],""argmin"":[4]},{""prefix"":[1,2,3,4],""argmin"":[]}]}","A_o002_r00034","A"
"c05f23394596ae9fa98df31ef87a596f92c6c6244caad6bfd01272cc5daa4d63","{""schema"":""TARDY_BOUND_MK_V2"",""G123_edges"":[[1,2],[1,3],[1,4],[2,4],[3,2],[3,4]],""EDD_C22"":false,""GEOM4"":[false,false,false,false],""G_beta_edges"":[[1,2],[3,2],[1,3],[1,4],[2,4],[3,4]],""S_beta"":[1,3,2,4],""BETA_STATUS"":[""NA"",""STRICT_PASS"",""NA"",""NA""],""LAWLER_PARTITION_FAMILY"":[[3,[1,3],4,[2]],[4,[1,2,3],4,[]]],""Q_exact"":[1,2,3,4],""h_key"":4,""T_MDD"":[{""prefix"":[],""argmin"":[1]},{""prefix"":[1],""argmin"":[3]},{""prefix"":[1,3],""argmin"":[2]},{""prefix"":[1,3,2],""argmin"":[4]},{""prefix"":[1,3,2,4],""argmin"":[]}]}","A_o002_r00035","A"
"34b190b5610a41440aa52bd08cc4669f73a9fa8b3079a46009fd2c5df1db8934","{""schema"":""TARDY_BOUND_MK_V2"",""G123_edges"":[[1,2],[1,3],[1,4],[2,4],[3,2],[3,4]],""EDD_C22"":false,""GEOM4"":[false,false,false,false],""G_beta_edges"":[[1,2],[3,2],[1,3],[1,4],[2,4],[3,4]],""S_beta"":[1,3,2,4],""BETA_STATUS"":[""NA"",""STRICT_PASS"",""NA"",""NA""],""LAWLER_PARTITION_FAMILY"":[[1,[],4,[1,2,3]],[2,[1],4,[2,3]],[3,[1,3],4,[2]],[4,[1,2,3],4,[]]],""Q_exact"":[1,2,3,4],""h_key"":4,""T_MDD"":[{""prefix"":[],""argmin"":[1]},{""prefix"":[1],""argmin"":[3]},{""prefix"":[1,3],""argmin"":[2]},{""prefix"":[1,3,2],""argmin"":[4]},{""prefix"":[1,3,2,4],""argmin"":[]}]}","A_o002_r00036","A"
"a6e8f755912a2036daa82da85871299b04f26a37ce5645bead34dd133f460b87","{""schema"":""TARDY_BOUND_MK_V2"",""G123_edges"":[[1,3],[1,4],[2,1],[2,3],[2,4],[3,4]],""EDD_C22"":false,""GEOM4"":[false,false,false,false],""G_beta_edges"":[[2,1],[1,3],[2,3],[1,4],[2,4],[3,4]],""S_beta"":[2,1,3,4],""BETA_STATUS"":[""STRICT_PASS"",""NA"",""NA"",""NA""],""LAWLER_PARTITION_FAMILY"":[[4,[1,2,3],4,[]]],""Q_exact"":[1,2,3,4],""h_key"":4,""T_MDD"":[{""prefix"":[],""argmin"":[2]},{""prefix"":[2],""argmin"":[1]},{""prefix"":[2,1],""argmin"":[3]},{""prefix"":[2,1,3],""argmin"":[4]},{""prefix"":[2,1,3,4],""argmin"":[]}]}","A_o002_r00037","A"
"aac920d42175c0111569e218d1d5ddf9eb4a6fdca7cd09bee48ecf84934b5f94","{""schema"":""TARDY_BOUND_MK_V2"",""G123_edges"":[[1,3],[1,4],[2,1],[2,3],[2,4],[3,4]],""EDD_C22"":false,""GEOM4"":[false,false,false,false],""G_beta_edges"":[[2,1],[1,3],[2,3],[1,4],[2,4],[3,4]],""S_beta"":[2,1,3,4],""BETA_STATUS"":[""STRICT_PASS"",""NA"",""NA"",""NA""],""LAWLER_PARTITION_FAMILY"":[[2,[2],4,[1,3]],[3,[1,2],4,[3]],[4,[1,2,3],4,[]]],""Q_exact"":[1,2,3,4],""h_key"":4,""T_MDD"":[{""prefix"":[],""argmin"":[2]},{""prefix"":[2],""argmin"":[1]},{""prefix"":[2,1],""argmin"":[3]},{""prefix"":[2,1,3],""argmin"":[4]},{""prefix"":[2,1,3,4],""argmin"":[]}]}","A_o002_r00038","A"
"eeeb84a07001d490acb2e41ca051999ffeb0b61ed70ee0adf318857cb3d31a80","{""schema"":""TARDY_BOUND_MK_V2"",""G123_edges"":[[1,2],[1,4],[2,4],[3,1],[3,2],[3,4]],""EDD_C22"":false,""GEOM4"":[false,false,false,false],""G_beta_edges"":[[3,1],[1,2],[3,2],[1,4],[2,4],[3,4]],""S_beta"":[3,1,2,4],""BETA_STATUS"":[""STRICT_PASS"",""STRICT_PASS"",""NA"",""NA""],""LAWLER_PARTITION_FAMILY"":[[2,[3],4,[1,2]],[3,[1,3],4,[2]],[4,[1,2,3],4,[]]],""Q_exact"":[1,2,3,4],""h_key"":4,""T_MDD"":[{""prefix"":[],""argmin"":[3]},{""prefix"":[3],""argmin"":[1]},{""prefix"":[3,1],""argmin"":[2]},{""prefix"":[3,1,2],""argmin"":[4]},{""prefix"":[3,1,2,4],""argmin"":[]}]}","A_o002_r00041","A"
"0beceb8a734859055b448c96855ffeb6d985db8436505cef461a78c612cdd28c","{""schema"":""TARDY_BOUND_MK_V2"",""G123_edges"":[[1,2],[1,4],[2,4],[3,1],[3,2],[3,4]],""EDD_C22"":false,""GEOM4"":[false,false,false,false],""G_beta_edges"":[[3,1],[1,2],[3,2],[1,4],[2,4],[3,4]],""S_beta"":[3,1,2,4],""BETA_STATUS"":[""STRICT_PASS"",""STRICT_PASS"",""NA"",""NA""],""LAWLER_PARTITION_FAMILY"":[[1,[],4,[1,2,3]],[2,[3],4,[1,2]],[3,[1,3],4,[2]],[4,[1,2,3],4,[]]],""Q_exact"":[1,2,3,4],""h_key"":4,""T_MDD"":[{""prefix"":[],""argmin"":[3]},{""prefix"":[3],""argmin"":[1]},{""prefix"":[3,1],""argmin"":[2]},{""prefix"":[3,1,2],""argmin"":[4]},{""prefix"":[3,1,2,4],""argmin"":[]}]}","A_o002_r00042","A"
"65448a3712e365b672836df59c3aa18934d863ddd8f161aea2af9a503d4eead3","{""schema"":""TARDY_BOUND_MK_V2"",""G123_edges"":[[1,4],[2,1],[2,3],[2,4],[3,1],[3,4]],""EDD_C22"":false,""GEOM4"":[false,false,false,false],""G_beta_edges"":[[2,1],[3,1],[2,3],[1,4],[2,4],[3,4]],""S_beta"":[2,3,1,4],""BETA_STATUS"":[""STRICT_PASS"",""NA"",""NA"",""NA""],""LAWLER_PARTITION_FAMILY"":[[3,[2,3],4,[1]],[4,[1,2,3],4,[]]],""Q_exact"":[1,2,3,4],""h_key"":4,""T_MDD"":[{""prefix"":[],""argmin"":[2]},{""prefix"":[2],""argmin"":[3]},{""prefix"":[2,3],""argmin"":[1]},{""prefix"":[2,3,1],""argmin"":[4]},{""prefix"":[2,3,1,4],""argmin"":[]}]}","A_o002_r00043","A"
"289004324b08c05289d088ece7659bf1589e11031e41c88b243d840ff4860908","{""schema"":""TARDY_BOUND_MK_V2"",""G123_edges"":[[1,4],[2,1],[2,3],[2,4],[3,1],[3,4]],""EDD_C22"":false,""GEOM4"":[false,false,false,false],""G_beta_edges"":[[2,1],[3,1],[2,3],[1,4],[2,4],[3,4]],""S_beta"":[2,3,1,4],""BETA_STATUS"":[""STRICT_PASS"",""NA"",""NA"",""NA""],""LAWLER_PARTITION_FAMILY"":[[2,[2],4,[1,3]],[3,[2,3],4,[1]],[4,[1,2,3],4,[]]],""Q_exact"":[1,2,3,4],""h_key"":4,""T_MDD"":[{""prefix"":[],""argmin"":[2]},{""prefix"":[2],""argmin"":[3]},{""prefix"":[2,3],""argmin"":[1]},{""prefix"":[2,3,1],""argmin"":[4]},{""prefix"":[2,3,1,4],""argmin"":[]}]}","A_o002_r00044","A"
"65448a3712e365b672836df59c3aa18934d863ddd8f161aea2af9a503d4eead3","{""schema"":""TARDY_BOUND_MK_V2"",""G123_edges"":[[1,4],[2,1],[2,3],[2,4],[3,1],[3,4]],""EDD_C22"":false,""GEOM4"":[false,false,false,false],""G_beta_edges"":[[2,1],[3,1],[2,3],[1,4],[2,4],[3,4]],""S_beta"":[2,3,1,4],""BETA_STATUS"":[""STRICT_PASS"",""NA"",""NA"",""NA""],""LAWLER_PARTITION_FAMILY"":[[3,[2,3],4,[1]],[4,[1,2,3],4,[]]],""Q_exact"":[1,2,3,4],""h_key"":4,""T_MDD"":[{""prefix"":[],""argmin"":[2]},{""prefix"":[2],""argmin"":[3]},{""prefix"":[2,3],""argmin"":[1]},{""prefix"":[2,3,1],""argmin"":[4]},{""prefix"":[2,3,1,4],""argmin"":[]}]}","A_o002_r00045","A"
"70363939d1c824af8b02413be2ce151ba315a7dcfeba65534e9d21662b30564b","{""schema"":""TARDY_BOUND_MK_V2"",""G123_edges"":[[1,4],[2,1],[2,3],[2,4],[3,1],[3,4]],""EDD_C22"":false,""GEOM4"":[false,false,false,false],""G_beta_edges"":[[2,1],[3,1],[2,3],[1,4],[2,4],[3,4]],""S_beta"":[2,3,1,4],""BETA_STATUS"":[""STRICT_PASS"",""NA"",""NA"",""NA""],""LAWLER_PARTITION_FAMILY"":[[1,[],4,[1,2,3]],[2,[2],4,[1,3]],[3,[2,3],4,[1]],[4,[1,2,3],4,[]]],""Q_exact"":[1,2,3,4],""h_key"":4,""T_MDD"":[{""prefix"":[],""argmin"":[2]},{""prefix"":[2],""argmin"":[3]},{""prefix"":[2,3],""argmin"":[1]},{""prefix"":[2,3,1],""argmin"":[4]},{""prefix"":[2,3,1,4],""argmin"":[]}]}","A_o002_r00046","A"
"06365582b5ac2955c7b7e93867da332245395da2260b283feb7ede45c19b8f32","{""schema"":""TARDY_BOUND_MK_V2"",""G123_edges"":[[1,4],[2,1],[2,4],[3,1],[3,2],[3,4]],""EDD_C22"":false,""GEOM4"":[false,false,false,false],""G_beta_edges"":[[2,1],[3,1],[3,2],[1,4],[2,4],[3,4]],""S_beta"":[3,2,1,4],""BETA_STATUS"":[""STRICT_PASS"",""STRICT_PASS"",""NA"",""NA""],""LAWLER_PARTITION_FAMILY"":[[2,[3],4,[1,2]],[3,[2,3],4,[1]],[4,[1,2,3],4,[]]],""Q_exact"":[1,2,3,4],""h_key"":4,""T_MDD"":[{""prefix"":[],""argmin"":[3]},{""prefix"":[3],""argmin"":[2]},{""prefix"":[3,2],""argmin"":[1]},{""prefix"":[3,2,1],""argmin"":[4]},{""prefix"":[3,2,1,4],""argmin"":[]}]}","A_o002_r00047","A"
"fb64c3c790757cecf7c382b67151b0b6fbc0ae766d60fb63a07558af34321611","{""schema"":""TARDY_BOUND_MK_V2"",""G123_edges"":[[1,4],[2,1],[2,4],[3,1],[3,2],[3,4]],""EDD_C22"":false,""GEOM4"":[false,false,false,false],""G_beta_edges"":[[2,1],[3,1],[3,2],[1,4],[2,4],[3,4]],""S_beta"":[3,2,1,4],""BETA_STATUS"":[""STRICT_PASS"",""STRICT_PASS"",""NA"",""NA""],""LAWLER_PARTITION_FAMILY"":[[1,[],4,[1,2,3]],[2,[3],4,[1,2]],[3,[2,3],4,[1]],[4,[1,2,3],4,[]]],""Q_exact"":[1,2,3,4],""h_key"":4,""T_MDD"":[{""prefix"":[],""argmin"":[3]},{""prefix"":[3],""argmin"":[2]},{""prefix"":[3,2],""argmin"":[1]},{""prefix"":[3,2,1],""argmin"":[4]},{""prefix"":[3,2,1,4],""argmin"":[]}]}","A_o002_r00048","A"
"ea66681bd3fa31c8e11d6ea78480e8270755413f76617e47632eef9ba03af4e2","{""schema"":""TARDY_BOUND_MK_V2"",""G123_edges"":[[1,2],[1,3],[1,4],[2,3],[2,4],[3,4]],""EDD_C22"":true,""GEOM4"":[true,true,false,false],""G_beta_edges"":[[1,2],[1,3],[2,3],[1,4],[2,4],[3,4]],""S_beta"":[1,2,3,4],""BETA_STATUS"":[""NA"",""NA"",""NA"",""NA""],""LAWLER_PARTITION_FAMILY"":[[4,[1,2,3],4,[]]],""Q_exact"":[1,2,3,4],""h_key"":4,""T_MDD"":[{""prefix"":[],""argmin"":[1]},{""prefix"":[1],""argmin"":[2]},{""prefix"":[1,2],""argmin"":[3]},{""prefix"":[1,2,3],""argmin"":[4]},{""prefix"":[1,2,3,4],""argmin"":[]}]}","A_o003_r00049","A"
"bf96277ee91d1ba307c6ca5c6f8f56dfca550361283de79703ed834c3ea70ec4","{""schema"":""TARDY_BOUND_MK_V2"",""G123_edges"":[[1,2],[1,3],[1,4],[2,3],[2,4],[4,3]],""EDD_C22"":true,""GEOM4"":[false,false,false,false],""G_beta_edges"":[[1,2],[1,3],[2,3],[4,3],[1,4],[2,4]],""S_beta"":[1,2,4,3],""BETA_STATUS"":[""NA"",""NA"",""STRICT_PASS"",""NA""],""LAWLER_PARTITION_FAMILY"":[[3,[1,2],4,[3]],[4,[1,2,3],4,[]]],""Q_exact"":[1,2,3,4],""h_key"":3,""T_MDD"":[{""prefix"":[],""argmin"":[1]},{""prefix"":[1],""argmin"":[2]},{""prefix"":[1,2],""argmin"":[4]},{""prefix"":[1,2,4],""argmin"":[3]},{""prefix"":[1,2,4,3],""argmin"":[]}]}","A_o003_r00050","A"
"3ca03539be6ab086d0397d6b9a775967db4072cea9c95a032895b43e34fcc9be","{""schema"":""TARDY_BOUND_MK_V2"",""G123_edges"":[[1,2],[1,3],[1,4],[2,3],[2,4],[4,3]],""EDD_C22"":false,""GEOM4"":[false,false,false,false],""G_beta_edges"":[[1,2],[1,3],[2,3],[4,3],[1,4],[2,4]],""S_beta"":[1,2,4,3],""BETA_STATUS"":[""NA"",""NA"",""STRICT_PASS"",""NA""],""LAWLER_PARTITION_FAMILY"":[[2,[1],4,[2,3]],[3,[1,2],4,[3]],[4,[1,2,3],4,[]]],""Q_exact"":[1,2,3,4],""h_key"":3,""T_MDD"":[{""prefix"":[],""argmin"":[1]},{""prefix"":[1],""argmin"":[2]},{""prefix"":[1,2],""argmin"":[4]},{""prefix"":[1,2,4],""argmin"":[3]},{""prefix"":[1,2,4,3],""argmin"":[]}]}","A_o003_r00052","A"
"c05f23394596ae9fa98df31ef87a596f92c6c6244caad6bfd01272cc5daa4d63","{""schema"":""TARDY_BOUND_MK_V2"",""G123_edges"":[[1,2],[1,3],[1,4],[2,4],[3,2],[3,4]],""EDD_C22"":false,""GEOM4"":[false,false,false,false],""G_beta_edges"":[[1,2],[3,2],[1,3],[1,4],[2,4],[3,4]],""S_beta"":[1,3,2,4],""BETA_STATUS"":[""NA"",""STRICT_PASS"",""NA"",""NA""],""LAWLER_PARTITION_FAMILY"":[[3,[1,3],4,[2]],[4,[1,2,3],4,[]]],""Q_exact"":[1,2,3,4],""h_key"":4,""T_MDD"":[{""prefix"":[],""argmin"":[1]},{""prefix"":[1],""argmin"":[3]},{""prefix"":[1,3],""argmin"":[2]},{""prefix"":[1,3,2],""argmin"":[4]},{""prefix"":[1,3,2,4],""argmin"":[]}]}","A_o003_r00053","A"
"c23b3ba67a722e02ce17f0c28ffbf2fc60adf58875dfb5083ee34e0edb570b0b","{""schema"":""TARDY_BOUND_MK_V2"",""G123_edges"":[[1,2],[1,3],[1,4],[2,4],[3,2],[3,4]],""EDD_C22"":false,""GEOM4"":[false,false,false,false],""G_beta_edges"":[[1,2],[3,2],[1,3],[1,4],[2,4],[3,4]],""S_beta"":[1,3,2,4],""BETA_STATUS"":[""NA"",""STRICT_PASS"",""NA"",""NA""],""LAWLER_PARTITION_FAMILY"":[[2,[1],4,[2,3]],[3,[1,3],4,[2]],[4,[1,2,3],4,[]]],""Q_exact"":[1,2,3,4],""h_key"":4,""T_MDD"":[{""prefix"":[],""argmin"":[1]},{""prefix"":[1],""argmin"":[3]},{""prefix"":[1,3],""argmin"":[2]},{""prefix"":[1,3,2],""argmin"":[4]},{""prefix"":[1,3,2,4],""argmin"":[]}]}","A_o003_r00054","A"
"87a1c0f2d61c0de63bae799fc5dd47cf3a40e996ffb463685e266659e21fd38e","{""schema"":""TARDY_BOUND_MK_V2"",""G123_edges"":[[1,3],[1,4],[2,1],[2,3],[2,4],[3,4]],""EDD_C22"":true,""GEOM4"":[false,false,false,false],""G_beta_edges"":[[2,1],[1,3],[2,3],[1,4],[2,4],[3,4]],""S_beta"":[2,1,3,4],""BETA_STATUS"":[""STRICT_PASS"",""NA"",""NA"",""NA""],""LAWLER_PARTITION_FAMILY"":[[4,[1,2,3],4,[]]],""Q_exact"":[1,2,3,4],""h_key"":4,""T_MDD"":[{""prefix"":[],""argmin"":[2]},{""prefix"":[2],""argmin"":[1]},{""prefix"":[2,1],""argmin"":[3]},{""prefix"":[2,1,3],""argmin"":[4]},{""prefix"":[2,1,3,4],""argmin"":[]}]}","A_o003_r00055","A"
"a13efc38b8d612d3156aadb1164ead20d0cb98eebacc3cb39e54ff04b0241757","{""schema"":""TARDY_BOUND_MK_V2"",""G123_edges"":[[1,3],[1,4],[2,1],[2,3],[2,4],[4,3]],""EDD_C22"":true,""GEOM4"":[false,false,false,false],""G_beta_edges"":[[2,1],[1,3],[2,3],[4,3],[1,4],[2,4]],""S_beta"":[2,1,4,3],""BETA_STATUS"":[""STRICT_PASS"",""NA"",""STRICT_PASS"",""NA""],""LAWLER_PARTITION_FAMILY"":[[3,[1,2],4,[3]],[4,[1,2,3],4,[]]],""Q_exact"":[1,2,3,4],""h_key"":3,""T_MDD"":[{""prefix"":[],""argmin"":[2]},{""prefix"":[2],""argmin"":[1]},{""prefix"":[2,1],""argmin"":[4]},{""prefix"":[2,1,4],""argmin"":[3]},{""prefix"":[2,1,4,3],""argmin"":[]}]}","A_o003_r00056","A"
"0df6bde542716c5744afcc5248bc12866f8ce2502be1abe144d6837c68e080a2","{""schema"":""TARDY_BOUND_MK_V2"",""G123_edges"":[[1,2],[1,3],[1,4],[2,3],[2,4],[4,3]],""EDD_C22"":false,""GEOM4"":[false,false,false,false],""G_beta_edges"":[[1,2],[1,3],[2,3],[4,3],[1,4],[2,4]],""S_beta"":[1,2,4,3],""BETA_STATUS"":[""NA"",""NA"",""STRICT_PASS"",""NA""],""LAWLER_PARTITION_FAMILY"":[[1,[],4,[1,2,3]],[2,[1],4,[2,3]],[3,[1,2],4,[3]],[4,[1,2,3],4,[]]],""Q_exact"":[1,2,3,4],""h_key"":3,""T_MDD"":[{""prefix"":[],""argmin"":[1]},{""prefix"":[1],""argmin"":[2]},{""prefix"":[1,2],""argmin"":[4]},{""prefix"":[1,2,4],""argmin"":[3]},{""prefix"":[1,2,4,3],""argmin"":[]}]}","A_o003_r00058","A"
"c05f23394596ae9fa98df31ef87a596f92c6c6244caad6bfd01272cc5daa4d63","{""schema"":""TARDY_BOUND_MK_V2"",""G123_edges"":[[1,2],[1,3],[1,4],[2,4],[3,2],[3,4]],""EDD_C22"":false,""GEOM4"":[false,false,false,false],""G_beta_edges"":[[1,2],[3,2],[1,3],[1,4],[2,4],[3,4]],""S_beta"":[1,3,2,4],""BETA_STATUS"":[""NA"",""STRICT_PASS"",""NA"",""NA""],""LAWLER_PARTITION_FAMILY"":[[3,[1,3],4,[2]],[4,[1,2,3],4,[]]],""Q_exact"":[1,2,3,4],""h_key"":4,""T_MDD"":[{""prefix"":[],""argmin"":[1]},{""prefix"":[1],""argmin"":[3]},{""prefix"":[1,3],""argmin"":[2]},{""prefix"":[1,3,2],""argmin"":[4]},{""prefix"":[1,3,2,4],""argmin"":[]}]}","A_o003_r00059","A"
"34b190b5610a41440aa52bd08cc4669f73a9fa8b3079a46009fd2c5df1db8934","{""schema"":""TARDY_BOUND_MK_V2"",""G123_edges"":[[1,2],[1,3],[1,4],[2,4],[3,2],[3,4]],""EDD_C22"":false,""GEOM4"":[false,false,false,false],""G_beta_edges"":[[1,2],[3,2],[1,3],[1,4],[2,4],[3,4]],""S_beta"":[1,3,2,4],""BETA_STATUS"":[""NA"",""STRICT_PASS"",""NA"",""NA""],""LAWLER_PARTITION_FAMILY"":[[1,[],4,[1,2,3]],[2,[1],4,[2,3]],[3,[1,3],4,[2]],[4,[1,2,3],4,[]]],""Q_exact"":[1,2,3,4],""h_key"":4,""T_MDD"":[{""prefix"":[],""argmin"":[1]},{""prefix"":[1],""argmin"":[3]},{""prefix"":[1,3],""argmin"":[2]},{""prefix"":[1,3,2],""argmin"":[4]},{""prefix"":[1,3,2,4],""argmin"":[]}]}","A_o003_r00060","A"
"a6e8f755912a2036daa82da85871299b04f26a37ce5645bead34dd133f460b87","{""schema"":""TARDY_BOUND_MK_V2"",""G123_edges"":[[1,3],[1,4],[2,1],[2,3],[2,4],[3,4]],""EDD_C22"":false,""GEOM4"":[false,false,false,false],""G_beta_edges"":[[2,1],[1,3],[2,3],[1,4],[2,4],[3,4]],""S_beta"":[2,1,3,4],""BETA_STATUS"":[""STRICT_PASS"",""NA"",""NA"",""NA""],""LAWLER_PARTITION_FAMILY"":[[4,[1,2,3],4,[]]],""Q_exact"":[1,2,3,4],""h_key"":4,""T_MDD"":[{""prefix"":[],""argmin"":[2]},{""prefix"":[2],""argmin"":[1]},{""prefix"":[2,1],""argmin"":[3]},{""prefix"":[2,1,3],""argmin"":[4]},{""prefix"":[2,1,3,4],""argmin"":[]}]}","A_o003_r00061","A"
"5c200179a750bc19d10f8158a99c4a7ef1c6ca468862a28221f78e0f8b7ec91c","{""schema"":""TARDY_BOUND_MK_V2"",""G123_edges"":[[1,3],[1,4],[2,1],[2,3],[2,4],[4,3]],""EDD_C22"":false,""GEOM4"":[false,false,false,false],""G_beta_edges"":[[2,1],[1,3],[2,3],[4,3],[1,4],[2,4]],""S_beta"":[2,1,4,3],""BETA_STATUS"":[""STRICT_PASS"",""NA"",""STRICT_PASS"",""NA""],""LAWLER_PARTITION_FAMILY"":[[2,[2],4,[1,3]],[3,[1,2],4,[3]],[4,[1,2,3],4,[]]],""Q_exact"":[1,2,3,4],""h_key"":3,""T_MDD"":[{""prefix"":[],""argmin"":[2]},{""prefix"":[2],""argmin"":[1]},{""prefix"":[2,1],""argmin"":[4]},{""prefix"":[2,1,4],""argmin"":[3]},{""prefix"":[2,1,4,3],""argmin"":[]}]}","A_o003_r00062","A"
"eeeb84a07001d490acb2e41ca051999ffeb0b61ed70ee0adf318857cb3d31a80","{""schema"":""TARDY_BOUND_MK_V2"",""G123_edges"":[[1,2],[1,4],[2,4],[3,1],[3,2],[3,4]],""EDD_C22"":false,""GEOM4"":[false,false,false,false],""G_beta_edges"":[[3,1],[1,2],[3,2],[1,4],[2,4],[3,4]],""S_beta"":[3,1,2,4],""BETA_STATUS"":[""STRICT_PASS"",""STRICT_PASS"",""NA"",""NA""],""LAWLER_PARTITION_FAMILY"":[[2,[3],4,[1,2]],[3,[1,3],4,[2]],[4,[1,2,3],4,[]]],""Q_exact"":[1,2,3,4],""h_key"":4,""T_MDD"":[{""prefix"":[],""argmin"":[3]},{""prefix"":[3],""argmin"":[1]},{""prefix"":[3,1],""argmin"":[2]},{""prefix"":[3,1,2],""argmin"":[4]},{""prefix"":[3,1,2,4],""argmin"":[]}]}","A_o003_r00065","A"
"0beceb8a734859055b448c96855ffeb6d985db8436505cef461a78c612cdd28c","{""schema"":""TARDY_BOUND_MK_V2"",""G123_edges"":[[1,2],[1,4],[2,4],[3,1],[3,2],[3,4]],""EDD_C22"":false,""GEOM4"":[false,false,false,false],""G_beta_edges"":[[3,1],[1,2],[3,2],[1,4],[2,4],[3,4]],""S_beta"":[3,1,2,4],""BETA_STATUS"":[""STRICT_PASS"",""STRICT_PASS"",""NA"",""NA""],""LAWLER_PARTITION_FAMILY"":[[1,[],4,[1,2,3]],[2,[3],4,[1,2]],[3,[1,3],4,[2]],[4,[1,2,3],4,[]]],""Q_exact"":[1,2,3,4],""h_key"":4,""T_MDD"":[{""prefix"":[],""argmin"":[3]},{""prefix"":[3],""argmin"":[1]},{""prefix"":[3,1],""argmin"":[2]},{""prefix"":[3,1,2],""argmin"":[4]},{""prefix"":[3,1,2,4],""argmin"":[]}]}","A_o003_r00066","A"
"65448a3712e365b672836df59c3aa18934d863ddd8f161aea2af9a503d4eead3","{""schema"":""TARDY_BOUND_MK_V2"",""G123_edges"":[[1,4],[2,1],[2,3],[2,4],[3,1],[3,4]],""EDD_C22"":false,""GEOM4"":[false,false,false,false],""G_beta_edges"":[[2,1],[3,1],[2,3],[1,4],[2,4],[3,4]],""S_beta"":[2,3,1,4],""BETA_STATUS"":[""STRICT_PASS"",""NA"",""NA"",""NA""],""LAWLER_PARTITION_FAMILY"":[[3,[2,3],4,[1]],[4,[1,2,3],4,[]]],""Q_exact"":[1,2,3,4],""h_key"":4,""T_MDD"":[{""prefix"":[],""argmin"":[2]},{""prefix"":[2],""argmin"":[3]},{""prefix"":[2,3],""argmin"":[1]},{""prefix"":[2,3,1],""argmin"":[4]},{""prefix"":[2,3,1,4],""argmin"":[]}]}","A_o003_r00067","A"
"289004324b08c05289d088ece7659bf1589e11031e41c88b243d840ff4860908","{""schema"":""TARDY_BOUND_MK_V2"",""G123_edges"":[[1,4],[2,1],[2,3],[2,4],[3,1],[3,4]],""EDD_C22"":false,""GEOM4"":[false,false,false,false],""G_beta_edges"":[[2,1],[3,1],[2,3],[1,4],[2,4],[3,4]],""S_beta"":[2,3,1,4],""BETA_STATUS"":[""STRICT_PASS"",""NA"",""NA"",""NA""],""LAWLER_PARTITION_FAMILY"":[[2,[2],4,[1,3]],[3,[2,3],4,[1]],[4,[1,2,3],4,[]]],""Q_exact"":[1,2,3,4],""h_key"":4,""T_MDD"":[{""prefix"":[],""argmin"":[2]},{""prefix"":[2],""argmin"":[3]},{""prefix"":[2,3],""argmin"":[1]},{""prefix"":[2,3,1],""argmin"":[4]},{""prefix"":[2,3,1,4],""argmin"":[]}]}","A_o003_r00068","A"
"65448a3712e365b672836df59c3aa18934d863ddd8f161aea2af9a503d4eead3","{""schema"":""TARDY_BOUND_MK_V2"",""G123_edges"":[[1,4],[2,1],[2,3],[2,4],[3,1],[3,4]],""EDD_C22"":false,""GEOM4"":[false,false,false,false],""G_beta_edges"":[[2,1],[3,1],[2,3],[1,4],[2,4],[3,4]],""S_beta"":[2,3,1,4],""BETA_STATUS"":[""STRICT_PASS"",""NA"",""NA"",""NA""],""LAWLER_PARTITION_FAMILY"":[[3,[2,3],4,[1]],[4,[1,2,3],4,[]]],""Q_exact"":[1,2,3,4],""h_key"":4,""T_MDD"":[{""prefix"":[],""argmin"":[2]},{""prefix"":[2],""argmin"":[3]},{""prefix"":[2,3],""argmin"":[1]},{""prefix"":[2,3,1],""argmin"":[4]},{""prefix"":[2,3,1,4],""argmin"":[]}]}","A_o003_r00069","A"
"70363939d1c824af8b02413be2ce151ba315a7dcfeba65534e9d21662b30564b","{""schema"":""TARDY_BOUND_MK_V2"",""G123_edges"":[[1,4],[2,1],[2,3],[2,4],[3,1],[3,4]],""EDD_C22"":false,""GEOM4"":[false,false,false,false],""G_beta_edges"":[[2,1],[3,1],[2,3],[1,4],[2,4],[3,4]],""S_beta"":[2,3,1,4],""BETA_STATUS"":[""STRICT_PASS"",""NA"",""NA"",""NA""],""LAWLER_PARTITION_FAMILY"":[[1,[],4,[1,2,3]],[2,[2],4,[1,3]],[3,[2,3],4,[1]],[4,[1,2,3],4,[]]],""Q_exact"":[1,2,3,4],""h_key"":4,""T_MDD"":[{""prefix"":[],""argmin"":[2]},{""prefix"":[2],""argmin"":[3]},{""prefix"":[2,3],""argmin"":[1]},{""prefix"":[2,3,1],""argmin"":[4]},{""prefix"":[2,3,1,4],""argmin"":[]}]}","A_o003_r00070","A"
"06365582b5ac2955c7b7e93867da332245395da2260b283feb7ede45c19b8f32","{""schema"":""TARDY_BOUND_MK_V2"",""G123_edges"":[[1,4],[2,1],[2,4],[3,1],[3,2],[3,4]],""EDD_C22"":false,""GEOM4"":[false,false,false,false],""G_beta_edges"":[[2,1],[3,1],[3,2],[1,4],[2,4],[3,4]],""S_beta"":[3,2,1,4],""BETA_STATUS"":[""STRICT_PASS"",""STRICT_PASS"",""NA"",""NA""],""LAWLER_PARTITION_FAMILY"":[[2,[3],4,[1,2]],[3,[2,3],4,[1]],[4,[1,2,3],4,[]]],""Q_exact"":[1,2,3,4],""h_key"":4,""T_MDD"":[{""prefix"":[],""argmin"":[3]},{""prefix"":[3],""argmin"":[2]},{""prefix"":[3,2],""argmin"":[1]},{""prefix"":[3,2,1],""argmin"":[4]},{""prefix"":[3,2,1,4],""argmin"":[]}]}","A_o003_r00071","A"
"fb64c3c790757cecf7c382b67151b0b6fbc0ae766d60fb63a07558af34321611","{""schema"":""TARDY_BOUND_MK_V2"",""G123_edges"":[[1,4],[2,1],[2,4],[3,1],[3,2],[3,4]],""EDD_C22"":false,""GEOM4"":[false,false,false,false],""G_beta_edges"":[[2,1],[3,1],[3,2],[1,4],[2,4],[3,4]],""S_beta"":[3,2,1,4],""BETA_STATUS"":[""STRICT_PASS"",""STRICT_PASS"",""NA"",""NA""],""LAWLER_PARTITION_FAMILY"":[[1,[],4,[1,2,3]],[2,[3],4,[1,2]],[3,[2,3],4,[1]],[4,[1,2,3],4,[]]],""Q_exact"":[1,2,3,4],""h_key"":4,""T_MDD"":[{""prefix"":[],""argmin"":[3]},{""prefix"":[3],""argmin"":[2]},{""prefix"":[3,2],""argmin"":[1]},{""prefix"":[3,2,1],""argmin"":[4]},{""prefix"":[3,2,1,4],""argmin"":[]}]}","A_o003_r00072","A"
"ea66681bd3fa31c8e11d6ea78480e8270755413f76617e47632eef9ba03af4e2","{""schema"":""TARDY_BOUND_MK_V2"",""G123_edges"":[[1,2],[1,3],[1,4],[2,3],[2,4],[3,4]],""EDD_C22"":true,""GEOM4"":[true,true,false,false],""G_beta_edges"":[[1,2],[1,3],[2,3],[1,4],[2,4],[3,4]],""S_beta"":[1,2,3,4],""BETA_STATUS"":[""NA"",""NA"",""NA"",""NA""],""LAWLER_PARTITION_FAMILY"":[[4,[1,2,3],4,[]]],""Q_exact"":[1,2,3,4],""h_key"":4,""T_MDD"":[{""prefix"":[],""argmin"":[1]},{""prefix"":[1],""argmin"":[2]},{""prefix"":[1,2],""argmin"":[3]},{""prefix"":[1,2,3],""argmin"":[4]},{""prefix"":[1,2,3,4],""argmin"":[]}]}","A_o004_r00073","A"
"d9c68703a6aba49a2be277565fb4948f8fc8c1ae4eaaca7e8ceb5696a9867721","{""schema"":""TARDY_BOUND_MK_V2"",""G123_edges"":[[1,2],[1,3],[1,4],[2,3],[2,4],[3,4]],""EDD_C22"":false,""GEOM4"":[false,false,false,false],""G_beta_edges"":[[1,2],[1,3],[2,3],[1,4],[2,4],[3,4]],""S_beta"":[1,2,3,4],""BETA_STATUS"":[""NA"",""NA"",""NA"",""NA""],""LAWLER_PARTITION_FAMILY"":[[3,[1,2],4,[3]],[4,[1,2,3],4,[]]],""Q_exact"":[1,2,3,4],""h_key"":4,""T_MDD"":[{""prefix"":[],""argmin"":[1]},{""prefix"":[1],""argmin"":[2]},{""prefix"":[1,2],""argmin"":[3]},{""prefix"":[1,2,3],""argmin"":[4]},{""prefix"":[1,2,3,4],""argmin"":[]}]}","A_o004_r00074","A"
"7664a14cb67c08a74ce4f9a0a091c138c675d4fe9d64de17cfdb17eb70c1940b","{""schema"":""TARDY_BOUND_MK_V2"",""G123_edges"":[[1,2],[1,3],[1,4],[2,4],[3,2],[3,4]],""EDD_C22"":true,""GEOM4"":[false,false,false,false],""G_beta_edges"":[[1,2],[3,2],[1,3],[1,4],[2,4],[3,4]],""S_beta"":[1,3,2,4],""BETA_STATUS"":[""NA"",""STRICT_PASS"",""NA"",""NA""],""LAWLER_PARTITION_FAMILY"":[[4,[1,2,3],4,[]]],""Q_exact"":[1,2,3,4],""h_key"":4,""T_MDD"":[{""prefix"":[],""argmin"":[1]},{""prefix"":[1],""argmin"":[3]},{""prefix"":[1,3],""argmin"":[2]},{""prefix"":[1,3,2],""argmin"":[4]},{""prefix"":[1,3,2,4],""argmin"":[]}]}","A_o004_r00075","A"
"a5f58ea3ca673a218027454b420ebac3db95bc1163f6c6b84f24fe9fe4ad4101","{""schema"":""TARDY_BOUND_MK_V2"",""G123_edges"":[[1,2],[1,3],[1,4],[2,3],[2,4],[3,4]],""EDD_C22"":false,""GEOM4"":[false,false,false,false],""G_beta_edges"":[[1,2],[1,3],[2,3],[1,4],[2,4],[3,4]],""S_beta"":[1,2,3,4],""BETA_STATUS"":[""NA"",""NA"",""NA"",""NA""],""LAWLER_PARTITION_FAMILY"":[[2,[1],4,[2,3]],[3,[1,2],4,[3]],[4,[1,2,3],4,[]]],""Q_exact"":[1,2,3,4],""h_key"":4,""T_MDD"":[{""prefix"":[],""argmin"":[1]},{""prefix"":[1],""argmin"":[2]},{""prefix"":[1,2],""argmin"":[3]},{""prefix"":[1,2,3],""argmin"":[4]},{""prefix"":[1,2,3,4],""argmin"":[]}]}","A_o004_r00076","A"
"c05f23394596ae9fa98df31ef87a596f92c6c6244caad6bfd01272cc5daa4d63","{""schema"":""TARDY_BOUND_MK_V2"",""G123_edges"":[[1,2],[1,3],[1,4],[2,4],[3,2],[3,4]],""EDD_C22"":false,""GEOM4"":[false,false,false,false],""G_beta_edges"":[[1,2],[3,2],[1,3],[1,4],[2,4],[3,4]],""S_beta"":[1,3,2,4],""BETA_STATUS"":[""NA"",""STRICT_PASS"",""NA"",""NA""],""LAWLER_PARTITION_FAMILY"":[[3,[1,3],4,[2]],[4,[1,2,3],4,[]]],""Q_exact"":[1,2,3,4],""h_key"":4,""T_MDD"":[{""prefix"":[],""argmin"":[1]},{""prefix"":[1],""argmin"":[3]},{""prefix"":[1,3],""argmin"":[2]},{""prefix"":[1,3,2],""argmin"":[4]},{""prefix"":[1,3,2,4],""argmin"":[]}]}","A_o004_r00077","A"
"87a1c0f2d61c0de63bae799fc5dd47cf3a40e996ffb463685e266659e21fd38e","{""schema"":""TARDY_BOUND_MK_V2"",""G123_edges"":[[1,3],[1,4],[2,1],[2,3],[2,4],[3,4]],""EDD_C22"":true,""GEOM4"":[false,false,false,false],""G_beta_edges"":[[2,1],[1,3],[2,3],[1,4],[2,4],[3,4]],""S_beta"":[2,1,3,4],""BETA_STATUS"":[""STRICT_PASS"",""NA"",""NA"",""NA""],""LAWLER_PARTITION_FAMILY"":[[4,[1,2,3],4,[]]],""Q_exact"":[1,2,3,4],""h_key"":4,""T_MDD"":[{""prefix"":[],""argmin"":[2]},{""prefix"":[2],""argmin"":[1]},{""prefix"":[2,1],""argmin"":[3]},{""prefix"":[2,1,3],""argmin"":[4]},{""prefix"":[2,1,3,4],""argmin"":[]}]}","A_o004_r00079","A"
"25b63d91ffffefe5ce70df559ef971fa18ef128a7d4e68fd23d74e049c3e9241","{""schema"":""TARDY_BOUND_MK_V2"",""G123_edges"":[[1,3],[1,4],[2,1],[2,3],[2,4],[3,4]],""EDD_C22"":false,""GEOM4"":[false,false,false,false],""G_beta_edges"":[[2,1],[1,3],[2,3],[1,4],[2,4],[3,4]],""S_beta"":[2,1,3,4],""BETA_STATUS"":[""STRICT_PASS"",""NA"",""NA"",""NA""],""LAWLER_PARTITION_FAMILY"":[[3,[1,2],4,[3]],[4,[1,2,3],4,[]]],""Q_exact"":[1,2,3,4],""h_key"":4,""T_MDD"":[{""prefix"":[],""argmin"":[2]},{""prefix"":[2],""argmin"":[1]},{""prefix"":[2,1],""argmin"":[3]},{""prefix"":[2,1,3],""argmin"":[4]},{""prefix"":[2,1,3,4],""argmin"":[]}]}","A_o004_r00080","A"
"4cc0fece6d5f00b0fd00db6478a20e6fb965825f57a980094f5b2905750e5266","{""schema"":""TARDY_BOUND_MK_V2"",""G123_edges"":[[1,2],[1,3],[1,4],[2,4],[3,2],[3,4]],""EDD_C22"":false,""GEOM4"":[false,false,false,false],""G_beta_edges"":[[1,2],[3,2],[1,3],[1,4],[2,4],[3,4]],""S_beta"":[1,3,2,4],""BETA_STATUS"":[""NA"",""STRICT_PASS"",""NA"",""NA""],""LAWLER_PARTITION_FAMILY"":[[4,[1,2,3],4,[]]],""Q_exact"":[1,2,3,4],""h_key"":4,""T_MDD"":[{""prefix"":[],""argmin"":[1]},{""prefix"":[1],""argmin"":[3]},{""prefix"":[1,3],""argmin"":[2]},{""prefix"":[1,3,2],""argmin"":[4]},{""prefix"":[1,3,2,4],""argmin"":[]}]}","A_o004_r00081","A"
"79b1633a597afd6168627e40c94d06da15c6fe9d1190e6706ab073336c25f82b","{""schema"":""TARDY_BOUND_MK_V2"",""G123_edges"":[[1,2],[1,3],[1,4],[2,3],[2,4],[3,4]],""EDD_C22"":false,""GEOM4"":[false,false,false,false],""G_beta_edges"":[[1,2],[1,3],[2,3],[1,4],[2,4],[3,4]],""S_beta"":[1,2,3,4],""BETA_STATUS"":[""NA"",""NA"",""NA"",""NA""],""LAWLER_PARTITION_FAMILY"":[[1,[],4,[1,2,3]],[2,[1],4,[2,3]],[3,[1,2],4,[3]],[4,[1,2,3],4,[]]],""Q_exact"":[1,2,3,4],""h_key"":4,""T_MDD"":[{""prefix"":[],""argmin"":[1]},{""prefix"":[1],""argmin"":[2]},{""prefix"":[1,2],""argmin"":[3]},{""prefix"":[1,2,3],""argmin"":[4]},{""prefix"":[1,2,3,4],""argmin"":[]}]}","A_o004_r00082","A"
"c05f23394596ae9fa98df31ef87a596f92c6c6244caad6bfd01272cc5daa4d63","{""schema"":""TARDY_BOUND_MK_V2"",""G123_edges"":[[1,2],[1,3],[1,4],[2,4],[3,2],[3,4]],""EDD_C22"":false,""GEOM4"":[false,false,false,false],""G_beta_edges"":[[1,2],[3,2],[1,3],[1,4],[2,4],[3,4]],""S_beta"":[1,3,2,4],""BETA_STATUS"":[""NA"",""STRICT_PASS"",""NA"",""NA""],""LAWLER_PARTITION_FAMILY"":[[3,[1,3],4,[2]],[4,[1,2,3],4,[]]],""Q_exact"":[1,2,3,4],""h_key"":4,""T_MDD"":[{""prefix"":[],""argmin"":[1]},{""prefix"":[1],""argmin"":[3]},{""prefix"":[1,3],""argmin"":[2]},{""prefix"":[1,3,2],""argmin"":[4]},{""prefix"":[1,3,2,4],""argmin"":[]}]}","A_o004_r00083","A"
"89f82e06fac1887ab29373489601f45ed715711e6842dd53c6ee8b7bf30d89ba","{""schema"":""TARDY_BOUND_MK_V2"",""G123_edges"":[[1,4],[2,1],[2,3],[2,4],[3,1],[3,4]],""EDD_C22"":true,""GEOM4"":[false,false,false,false],""G_beta_edges"":[[2,1],[3,1],[2,3],[1,4],[2,4],[3,4]],""S_beta"":[2,3,1,4],""BETA_STATUS"":[""STRICT_PASS"",""NA"",""NA"",""NA""],""LAWLER_PARTITION_FAMILY"":[[4,[1,2,3],4,[]]],""Q_exact"":[1,2,3,4],""h_key"":4,""T_MDD"":[{""prefix"":[],""argmin"":[2]},{""prefix"":[2],""argmin"":[3]},{""prefix"":[2,3],""argmin"":[1]},{""prefix"":[2,3,1],""argmin"":[4]},{""prefix"":[2,3,1,4],""argmin"":[]}]}","A_o004_r00085","A"
"aac920d42175c0111569e218d1d5ddf9eb4a6fdca7cd09bee48ecf84934b5f94","{""schema"":""TARDY_BOUND_MK_V2"",""G123_edges"":[[1,3],[1,4],[2,1],[2,3],[2,4],[3,4]],""EDD_C22"":false,""GEOM4"":[false,false,false,false],""G_beta_edges"":[[2,1],[1,3],[2,3],[1,4],[2,4],[3,4]],""S_beta"":[2,1,3,4],""BETA_STATUS"":[""STRICT_PASS"",""NA"",""NA"",""NA""],""LAWLER_PARTITION_FAMILY"":[[2,[2],4,[1,3]],[3,[1,2],4,[3]],[4,[1,2,3],4,[]]],""Q_exact"":[1,2,3,4],""h_key"":4,""T_MDD"":[{""prefix"":[],""argmin"":[2]},{""prefix"":[2],""argmin"":[1]},{""prefix"":[2,1],""argmin"":[3]},{""prefix"":[2,1,3],""argmin"":[4]},{""prefix"":[2,1,3,4],""argmin"":[]}]}","A_o004_r00086","A"
"f2c8de3d4c09a32f9a17790a4920cec574780af906752c66e0d3b57c9ded2edd","{""schema"":""TARDY_BOUND_MK_V2"",""G123_edges"":[[1,4],[2,1],[2,3],[2,4],[3,1],[3,4]],""EDD_C22"":false,""GEOM4"":[false,false,false,false],""G_beta_edges"":[[2,1],[3,1],[2,3],[1,4],[2,4],[3,4]],""S_beta"":[2,3,1,4],""BETA_STATUS"":[""STRICT_PASS"",""NA"",""NA"",""NA""],""LAWLER_PARTITION_FAMILY"":[[4,[1,2,3],4,[]]],""Q_exact"":[1,2,3,4],""h_key"":4,""T_MDD"":[{""prefix"":[],""argmin"":[2]},{""prefix"":[2],""argmin"":[3]},{""prefix"":[2,3],""argmin"":[1]},{""prefix"":[2,3,1],""argmin"":[4]},{""prefix"":[2,3,1,4],""argmin"":[]}]}","A_o004_r00087","A"
"eeeb84a07001d490acb2e41ca051999ffeb0b61ed70ee0adf318857cb3d31a80","{""schema"":""TARDY_BOUND_MK_V2"",""G123_edges"":[[1,2],[1,4],[2,4],[3,1],[3,2],[3,4]],""EDD_C22"":false,""GEOM4"":[false,false,false,false],""G_beta_edges"":[[3,1],[1,2],[3,2],[1,4],[2,4],[3,4]],""S_beta"":[3,1,2,4],""BETA_STATUS"":[""STRICT_PASS"",""STRICT_PASS"",""NA"",""NA""],""LAWLER_PARTITION_FAMILY"":[[2,[3],4,[1,2]],[3,[1,3],4,[2]],[4,[1,2,3],4,[]]],""Q_exact"":[1,2,3,4],""h_key"":4,""T_MDD"":[{""prefix"":[],""argmin"":[3]},{""prefix"":[3],""argmin"":[1]},{""prefix"":[3,1],""argmin"":[2]},{""prefix"":[3,1,2],""argmin"":[4]},{""prefix"":[3,1,2,4],""argmin"":[]}]}","A_o004_r00089","A"
"0beceb8a734859055b448c96855ffeb6d985db8436505cef461a78c612cdd28c","{""schema"":""TARDY_BOUND_MK_V2"",""G123_edges"":[[1,2],[1,4],[2,4],[3,1],[3,2],[3,4]],""EDD_C22"":false,""GEOM4"":[false,false,false,false],""G_beta_edges"":[[3,1],[1,2],[3,2],[1,4],[2,4],[3,4]],""S_beta"":[3,1,2,4],""BETA_STATUS"":[""STRICT_PASS"",""STRICT_PASS"",""NA"",""NA""],""LAWLER_PARTITION_FAMILY"":[[1,[],4,[1,2,3]],[2,[3],4,[1,2]],[3,[1,3],4,[2]],[4,[1,2,3],4,[]]],""Q_exact"":[1,2,3,4],""h_key"":4,""T_MDD"":[{""prefix"":[],""argmin"":[3]},{""prefix"":[3],""argmin"":[1]},{""prefix"":[3,1],""argmin"":[2]},{""prefix"":[3,1,2],""argmin"":[4]},{""prefix"":[3,1,2,4],""argmin"":[]}]}","A_o004_r00090","A"
"65448a3712e365b672836df59c3aa18934d863ddd8f161aea2af9a503d4eead3","{""schema"":""TARDY_BOUND_MK_V2"",""G123_edges"":[[1,4],[2,1],[2,3],[2,4],[3,1],[3,4]],""EDD_C22"":false,""GEOM4"":[false,false,false,false],""G_beta_edges"":[[2,1],[3,1],[2,3],[1,4],[2,4],[3,4]],""S_beta"":[2,3,1,4],""BETA_STATUS"":[""STRICT_PASS"",""NA"",""NA"",""NA""],""LAWLER_PARTITION_FAMILY"":[[3,[2,3],4,[1]],[4,[1,2,3],4,[]]],""Q_exact"":[1,2,3,4],""h_key"":4,""T_MDD"":[{""prefix"":[],""argmin"":[2]},{""prefix"":[2],""argmin"":[3]},{""prefix"":[2,3],""argmin"":[1]},{""prefix"":[2,3,1],""argmin"":[4]},{""prefix"":[2,3,1,4],""argmin"":[]}]}","A_o004_r00091","A"
"65448a3712e365b672836df59c3aa18934d863ddd8f161aea2af9a503d4eead3","{""schema"":""TARDY_BOUND_MK_V2"",""G123_edges"":[[1,4],[2,1],[2,3],[2,4],[3,1],[3,4]],""EDD_C22"":false,""GEOM4"":[false,false,false,false],""G_beta_edges"":[[2,1],[3,1],[2,3],[1,4],[2,4],[3,4]],""S_beta"":[2,3,1,4],""BETA_STATUS"":[""STRICT_PASS"",""NA"",""NA"",""NA""],""LAWLER_PARTITION_FAMILY"":[[3,[2,3],4,[1]],[4,[1,2,3],4,[]]],""Q_exact"":[1,2,3,4],""h_key"":4,""T_MDD"":[{""prefix"":[],""argmin"":[2]},{""prefix"":[2],""argmin"":[3]},{""prefix"":[2,3],""argmin"":[1]},{""prefix"":[2,3,1],""argmin"":[4]},{""prefix"":[2,3,1,4],""argmin"":[]}]}","A_o004_r00093","A"
"ea66681bd3fa31c8e11d6ea78480e8270755413f76617e47632eef9ba03af4e2","{""schema"":""TARDY_BOUND_MK_V2"",""G123_edges"":[[1,2],[1,3],[1,4],[2,3],[2,4],[3,4]],""EDD_C22"":true,""GEOM4"":[true,true,false,false],""G_beta_edges"":[[1,2],[1,3],[2,3],[1,4],[2,4],[3,4]],""S_beta"":[1,2,3,4],""BETA_STATUS"":[""NA"",""NA"",""NA"",""NA""],""LAWLER_PARTITION_FAMILY"":[[4,[1,2,3],4,[]]],""Q_exact"":[1,2,3,4],""h_key"":4,""T_MDD"":[{""prefix"":[],""argmin"":[1]},{""prefix"":[1],""argmin"":[2]},{""prefix"":[1,2],""argmin"":[3]},{""prefix"":[1,2,3],""argmin"":[4]},{""prefix"":[1,2,3,4],""argmin"":[]}]}","A_o005_r00097","A"
"bf96277ee91d1ba307c6ca5c6f8f56dfca550361283de79703ed834c3ea70ec4","{""schema"":""TARDY_BOUND_MK_V2"",""G123_edges"":[[1,2],[1,3],[1,4],[2,3],[2,4],[4,3]],""EDD_C22"":true,""GEOM4"":[false,false,false,false],""G_beta_edges"":[[1,2],[1,3],[2,3],[4,3],[1,4],[2,4]],""S_beta"":[1,2,4,3],""BETA_STATUS"":[""NA"",""NA"",""STRICT_PASS"",""NA""],""LAWLER_PARTITION_FAMILY"":[[3,[1,2],4,[3]],[4,[1,2,3],4,[]]],""Q_exact"":[1,2,3,4],""h_key"":3,""T_MDD"":[{""prefix"":[],""argmin"":[1]},{""prefix"":[1],""argmin"":[2]},{""prefix"":[1,2],""argmin"":[4]},{""prefix"":[1,2,4],""argmin"":[3]},{""prefix"":[1,2,4,3],""argmin"":[]}]}","A_o005_r00098","A"
"7664a14cb67c08a74ce4f9a0a091c138c675d4fe9d64de17cfdb17eb70c1940b","{""schema"":""TARDY_BOUND_MK_V2"",""G123_edges"":[[1,2],[1,3],[1,4],[2,4],[3,2],[3,4]],""EDD_C22"":true,""GEOM4"":[false,false,false,false],""G_beta_edges"":[[1,2],[3,2],[1,3],[1,4],[2,4],[3,4]],""S_beta"":[1,3,2,4],""BETA_STATUS"":[""NA"",""STRICT_PASS"",""NA"",""NA""],""LAWLER_PARTITION_FAMILY"":[[4,[1,2,3],4,[]]],""Q_exact"":[1,2,3,4],""h_key"":4,""T_MDD"":[{""prefix"":[],""argmin"":[1]},{""prefix"":[1],""argmin"":[3]},{""prefix"":[1,3],""argmin"":[2]},{""prefix"":[1,3,2],""argmin"":[4]},{""prefix"":[1,3,2,4],""argmin"":[]}]}","A_o005_r00099","A"
"3ca03539be6ab086d0397d6b9a775967db4072cea9c95a032895b43e34fcc9be","{""schema"":""TARDY_BOUND_MK_V2"",""G123_edges"":[[1,2],[1,3],[1,4],[2,3],[2,4],[4,3]],""EDD_C22"":false,""GEOM4"":[false,false,false,false],""G_beta_edges"":[[1,2],[1,3],[2,3],[4,3],[1,4],[2,4]],""S_beta"":[1,2,4,3],""BETA_STATUS"":[""NA"",""NA"",""STRICT_PASS"",""NA""],""LAWLER_PARTITION_FAMILY"":[[2,[1],4,[2,3]],[3,[1,2],4,[3]],[4,[1,2,3],4,[]]],""Q_exact"":[1,2,3,4],""h_key"":3,""T_MDD"":[{""prefix"":[],""argmin"":[1]},{""prefix"":[1],""argmin"":[2]},{""prefix"":[1,2],""argmin"":[4]},{""prefix"":[1,2,4],""argmin"":[3]},{""prefix"":[1,2,4,3],""argmin"":[]}]}","A_o005_r00100","A"
"c05f23394596ae9fa98df31ef87a596f92c6c6244caad6bfd01272cc5daa4d63","{""schema"":""TARDY_BOUND_MK_V2"",""G123_edges"":[[1,2],[1,3],[1,4],[2,4],[3,2],[3,4]],""EDD_C22"":false,""GEOM4"":[false,false,false,false],""G_beta_edges"":[[1,2],[3,2],[1,3],[1,4],[2,4],[3,4]],""S_beta"":[1,3,2,4],""BETA_STATUS"":[""NA"",""STRICT_PASS"",""NA"",""NA""],""LAWLER_PARTITION_FAMILY"":[[3,[1,3],4,[2]],[4,[1,2,3],4,[]]],""Q_exact"":[1,2,3,4],""h_key"":4,""T_MDD"":[{""prefix"":[],""argmin"":[1]},{""prefix"":[1],""argmin"":[3]},{""prefix"":[1,3],""argmin"":[2]},{""prefix"":[1,3,2],""argmin"":[4]},{""prefix"":[1,3,2,4],""argmin"":[]}]}","A_o005_r00101","A"
"87a1c0f2d61c0de63bae799fc5dd47cf3a40e996ffb463685e266659e21fd38e","{""schema"":""TARDY_BOUND_MK_V2"",""G123_edges"":[[1,3],[1,4],[2,1],[2,3],[2,4],[3,4]],""EDD_C22"":true,""GEOM4"":[false,false,false,false],""G_beta_edges"":[[2,1],[1,3],[2,3],[1,4],[2,4],[3,4]],""S_beta"":[2,1,3,4],""BETA_STATUS"":[""STRICT_PASS"",""NA"",""NA"",""NA""],""LAWLER_PARTITION_FAMILY"":[[4,[1,2,3],4,[]]],""Q_exact"":[1,2,3,4],""h_key"":4,""T_MDD"":[{""prefix"":[],""argmin"":[2]},{""prefix"":[2],""argmin"":[1]},{""prefix"":[2,1],""argmin"":[3]},{""prefix"":[2,1,3],""argmin"":[4]},{""prefix"":[2,1,3,4],""argmin"":[]}]}","A_o005_r00103","A"
"a13efc38b8d612d3156aadb1164ead20d0cb98eebacc3cb39e54ff04b0241757","{""schema"":""TARDY_BOUND_MK_V2"",""G123_edges"":[[1,3],[1,4],[2,1],[2,3],[2,4],[4,3]],""EDD_C22"":true,""GEOM4"":[false,false,false,false],""G_beta_edges"":[[2,1],[1,3],[2,3],[4,3],[1,4],[2,4]],""S_beta"":[2,1,4,3],""BETA_STATUS"":[""STRICT_PASS"",""NA"",""STRICT_PASS"",""NA""],""LAWLER_PARTITION_FAMILY"":[[3,[1,2],4,[3]],[4,[1,2,3],4,[]]],""Q_exact"":[1,2,3,4],""h_key"":3,""T_MDD"":[{""prefix"":[],""argmin"":[2]},{""prefix"":[2],""argmin"":[1]},{""prefix"":[2,1],""argmin"":[4]},{""prefix"":[2,1,4],""argmin"":[3]},{""prefix"":[2,1,4,3],""argmin"":[]}]}","A_o005_r00104","A"
"4cc0fece6d5f00b0fd00db6478a20e6fb965825f57a980094f5b2905750e5266","{""schema"":""TARDY_BOUND_MK_V2"",""G123_edges"":[[1,2],[1,3],[1,4],[2,4],[3,2],[3,4]],""EDD_C22"":false,""GEOM4"":[false,false,false,false],""G_beta_edges"":[[1,2],[3,2],[1,3],[1,4],[2,4],[3,4]],""S_beta"":[1,3,2,4],""BETA_STATUS"":[""NA"",""STRICT_PASS"",""NA"",""NA""],""LAWLER_PARTITION_FAMILY"":[[4,[1,2,3],4,[]]],""Q_exact"":[1,2,3,4],""h_key"":4,""T_MDD"":[{""prefix"":[],""argmin"":[1]},{""prefix"":[1],""argmin"":[3]},{""prefix"":[1,3],""argmin"":[2]},{""prefix"":[1,3,2],""argmin"":[4]},{""prefix"":[1,3,2,4],""argmin"":[]}]}","A_o005_r00105","A"
"0df6bde542716c5744afcc5248bc12866f8ce2502be1abe144d6837c68e080a2","{""schema"":""TARDY_BOUND_MK_V2"",""G123_edges"":[[1,2],[1,3],[1,4],[2,3],[2,4],[4,3]],""EDD_C22"":false,""GEOM4"":[false,false,false,false],""G_beta_edges"":[[1,2],[1,3],[2,3],[4,3],[1,4],[2,4]],""S_beta"":[1,2,4,3],""BETA_STATUS"":[""NA"",""NA"",""STRICT_PASS"",""NA""],""LAWLER_PARTITION_FAMILY"":[[1,[],4,[1,2,3]],[2,[1],4,[2,3]],[3,[1,2],4,[3]],[4,[1,2,3],4,[]]],""Q_exact"":[1,2,3,4],""h_key"":3,""T_MDD"":[{""prefix"":[],""argmin"":[1]},{""prefix"":[1],""argmin"":[2]},{""prefix"":[1,2],""argmin"":[4]},{""prefix"":[1,2,4],""argmin"":[3]},{""prefix"":[1,2,4,3],""argmin"":[]}]}","A_o005_r00106","A"
"c05f23394596ae9fa98df31ef87a596f92c6c6244caad6bfd01272cc5daa4d63","{""schema"":""TARDY_BOUND_MK_V2"",""G123_edges"":[[1,2],[1,3],[1,4],[2,4],[3,2],[3,4]],""EDD_C22"":false,""GEOM4"":[false,false,false,false],""G_beta_edges"":[[1,2],[3,2],[1,3],[1,4],[2,4],[3,4]],""S_beta"":[1,3,2,4],""BETA_STATUS"":[""NA"",""STRICT_PASS"",""NA"",""NA""],""LAWLER_PARTITION_FAMILY"":[[3,[1,3],4,[2]],[4,[1,2,3],4,[]]],""Q_exact"":[1,2,3,4],""h_key"":4,""T_MDD"":[{""prefix"":[],""argmin"":[1]},{""prefix"":[1],""argmin"":[3]},{""prefix"":[1,3],""argmin"":[2]},{""prefix"":[1,3,2],""argmin"":[4]},{""prefix"":[1,3,2,4],""argmin"":[]}]}","A_o005_r00107","A"
"89f82e06fac1887ab29373489601f45ed715711e6842dd53c6ee8b7bf30d89ba","{""schema"":""TARDY_BOUND_MK_V2"",""G123_edges"":[[1,4],[2,1],[2,3],[2,4],[3,1],[3,4]],""EDD_C22"":true,""GEOM4"":[false,false,false,false],""G_beta_edges"":[[2,1],[3,1],[2,3],[1,4],[2,4],[3,4]],""S_beta"":[2,3,1,4],""BETA_STATUS"":[""STRICT_PASS"",""NA"",""NA"",""NA""],""LAWLER_PARTITION_FAMILY"":[[4,[1,2,3],4,[]]],""Q_exact"":[1,2,3,4],""h_key"":4,""T_MDD"":[{""prefix"":[],""argmin"":[2]},{""prefix"":[2],""argmin"":[3]},{""prefix"":[2,3],""argmin"":[1]},{""prefix"":[2,3,1],""argmin"":[4]},{""prefix"":[2,3,1,4],""argmin"":[]}]}","A_o005_r00109","A"
"5c200179a750bc19d10f8158a99c4a7ef1c6ca468862a28221f78e0f8b7ec91c","{""schema"":""TARDY_BOUND_MK_V2"",""G123_edges"":[[1,3],[1,4],[2,1],[2,3],[2,4],[4,3]],""EDD_C22"":false,""GEOM4"":[false,false,false,false],""G_beta_edges"":[[2,1],[1,3],[2,3],[4,3],[1,4],[2,4]],""S_beta"":[2,1,4,3],""BETA_STATUS"":[""STRICT_PASS"",""NA"",""STRICT_PASS"",""NA""],""LAWLER_PARTITION_FAMILY"":[[2,[2],4,[1,3]],[3,[1,2],4,[3]],[4,[1,2,3],4,[]]],""Q_exact"":[1,2,3,4],""h_key"":3,""T_MDD"":[{""prefix"":[],""argmin"":[2]},{""prefix"":[2],""argmin"":[1]},{""prefix"":[2,1],""argmin"":[4]},{""prefix"":[2,1,4],""argmin"":[3]},{""prefix"":[2,1,4,3],""argmin"":[]}]}","A_o005_r00110","A"
"f2c8de3d4c09a32f9a17790a4920cec574780af906752c66e0d3b57c9ded2edd","{""schema"":""TARDY_BOUND_MK_V2"",""G123_edges"":[[1,4],[2,1],[2,3],[2,4],[3,1],[3,4]],""EDD_C22"":false,""GEOM4"":[false,false,false,false],""G_beta_edges"":[[2,1],[3,1],[2,3],[1,4],[2,4],[3,4]],""S_beta"":[2,3,1,4],""BETA_STATUS"":[""STRICT_PASS"",""NA"",""NA"",""NA""],""LAWLER_PARTITION_FAMILY"":[[4,[1,2,3],4,[]]],""Q_exact"":[1,2,3,4],""h_key"":4,""T_MDD"":[{""prefix"":[],""argmin"":[2]},{""prefix"":[2],""argmin"":[3]},{""prefix"":[2,3],""argmin"":[1]},{""prefix"":[2,3,1],""argmin"":[4]},{""prefix"":[2,3,1,4],""argmin"":[]}]}","A_o005_r00111","A"
"eeeb84a07001d490acb2e41ca051999ffeb0b61ed70ee0adf318857cb3d31a80","{""schema"":""TARDY_BOUND_MK_V2"",""G123_edges"":[[1,2],[1,4],[2,4],[3,1],[3,2],[3,4]],""EDD_C22"":false,""GEOM4"":[false,false,false,false],""G_beta_edges"":[[3,1],[1,2],[3,2],[1,4],[2,4],[3,4]],""S_beta"":[3,1,2,4],""BETA_STATUS"":[""STRICT_PASS"",""STRICT_PASS"",""NA"",""NA""],""LAWLER_PARTITION_FAMILY"":[[2,[3],4,[1,2]],[3,[1,3],4,[2]],[4,[1,2,3],4,[]]],""Q_exact"":[1,2,3,4],""h_key"":4,""T_MDD"":[{""prefix"":[],""argmin"":[3]},{""prefix"":[3],""argmin"":[1]},{""prefix"":[3,1],""argmin"":[2]},{""prefix"":[3,1,2],""argmin"":[4]},{""prefix"":[3,1,2,4],""argmin"":[]}]}","A_o005_r00113","A"
"0beceb8a734859055b448c96855ffeb6d985db8436505cef461a78c612cdd28c","{""schema"":""TARDY_BOUND_MK_V2"",""G123_edges"":[[1,2],[1,4],[2,4],[3,1],[3,2],[3,4]],""EDD_C22"":false,""GEOM4"":[false,false,false,false],""G_beta_edges"":[[3,1],[1,2],[3,2],[1,4],[2,4],[3,4]],""S_beta"":[3,1,2,4],""BETA_STATUS"":[""STRICT_PASS"",""STRICT_PASS"",""NA"",""NA""],""LAWLER_PARTITION_FAMILY"":[[1,[],4,[1,2,3]],[2,[3],4,[1,2]],[3,[1,3],4,[2]],[4,[1,2,3],4,[]]],""Q_exact"":[1,2,3,4],""h_key"":4,""T_MDD"":[{""prefix"":[],""argmin"":[3]},{""prefix"":[3],""argmin"":[1]},{""prefix"":[3,1],""argmin"":[2]},{""prefix"":[3,1,2],""argmin"":[4]},{""prefix"":[3,1,2,4],""argmin"":[]}]}","A_o005_r00114","A"
"65448a3712e365b672836df59c3aa18934d863ddd8f161aea2af9a503d4eead3","{""schema"":""TARDY_BOUND_MK_V2"",""G123_edges"":[[1,4],[2,1],[2,3],[2,4],[3,1],[3,4]],""EDD_C22"":false,""GEOM4"":[false,false,false,false],""G_beta_edges"":[[2,1],[3,1],[2,3],[1,4],[2,4],[3,4]],""S_beta"":[2,3,1,4],""BETA_STATUS"":[""STRICT_PASS"",""NA"",""NA"",""NA""],""LAWLER_PARTITION_FAMILY"":[[3,[2,3],4,[1]],[4,[1,2,3],4,[]]],""Q_exact"":[1,2,3,4],""h_key"":4,""T_MDD"":[{""prefix"":[],""argmin"":[2]},{""prefix"":[2],""argmin"":[3]},{""prefix"":[2,3],""argmin"":[1]},{""prefix"":[2,3,1],""argmin"":[4]},{""prefix"":[2,3,1,4],""argmin"":[]}]}","A_o005_r00115","A"
"65448a3712e365b672836df59c3aa18934d863ddd8f161aea2af9a503d4eead3","{""schema"":""TARDY_BOUND_MK_V2"",""G123_edges"":[[1,4],[2,1],[2,3],[2,4],[3,1],[3,4]],""EDD_C22"":false,""GEOM4"":[false,false,false,false],""G_beta_edges"":[[2,1],[3,1],[2,3],[1,4],[2,4],[3,4]],""S_beta"":[2,3,1,4],""BETA_STATUS"":[""STRICT_PASS"",""NA"",""NA"",""NA""],""LAWLER_PARTITION_FAMILY"":[[3,[2,3],4,[1]],[4,[1,2,3],4,[]]],""Q_exact"":[1,2,3,4],""h_key"":4,""T_MDD"":[{""prefix"":[],""argmin"":[2]},{""prefix"":[2],""argmin"":[3]},{""prefix"":[2,3],""argmin"":[1]},{""prefix"":[2,3,1],""argmin"":[4]},{""prefix"":[2,3,1,4],""argmin"":[]}]}","A_o005_r00117","A"
"ea66681bd3fa31c8e11d6ea78480e8270755413f76617e47632eef9ba03af4e2","{""schema"":""TARDY_BOUND_MK_V2"",""G123_edges"":[[1,2],[1,3],[1,4],[2,3],[2,4],[3,4]],""EDD_C22"":true,""GEOM4"":[true,true,false,false],""G_beta_edges"":[[1,2],[1,3],[2,3],[1,4],[2,4],[3,4]],""S_beta"":[1,2,3,4],""BETA_STATUS"":[""NA"",""NA"",""NA"",""NA""],""LAWLER_PARTITION_FAMILY"":[[4,[1,2,3],4,[]]],""Q_exact"":[1,2,3,4],""h_key"":4,""T_MDD"":[{""prefix"":[],""argmin"":[1]},{""prefix"":[1],""argmin"":[2]},{""prefix"":[1,2],""argmin"":[3]},{""prefix"":[1,2,3],""argmin"":[4]},{""prefix"":[1,2,3,4],""argmin"":[]}]}","A_o006_r00121","A"
"bf96277ee91d1ba307c6ca5c6f8f56dfca550361283de79703ed834c3ea70ec4","{""schema"":""TARDY_BOUND_MK_V2"",""G123_edges"":[[1,2],[1,3],[1,4],[2,3],[2,4],[4,3]],""EDD_C22"":true,""GEOM4"":[false,false,false,false],""G_beta_edges"":[[1,2],[1,3],[2,3],[4,3],[1,4],[2,4]],""S_beta"":[1,2,4,3],""BETA_STATUS"":[""NA"",""NA"",""STRICT_PASS"",""NA""],""LAWLER_PARTITION_FAMILY"":[[3,[1,2],4,[3]],[4,[1,2,3],4,[]]],""Q_exact"":[1,2,3,4],""h_key"":3,""T_MDD"":[{""prefix"":[],""argmin"":[1]},{""prefix"":[1],""argmin"":[2]},{""prefix"":[1,2],""argmin"":[4]},{""prefix"":[1,2,4],""argmin"":[3]},{""prefix"":[1,2,4,3],""argmin"":[]}]}","A_o006_r00122","A"
"7664a14cb67c08a74ce4f9a0a091c138c675d4fe9d64de17cfdb17eb70c1940b","{""schema"":""TARDY_BOUND_MK_V2"",""G123_edges"":[[1,2],[1,3],[1,4],[2,4],[3,2],[3,4]],""EDD_C22"":true,""GEOM4"":[false,false,false,false],""G_beta_edges"":[[1,2],[3,2],[1,3],[1,4],[2,4],[3,4]],""S_beta"":[1,3,2,4],""BETA_STATUS"":[""NA"",""STRICT_PASS"",""NA"",""NA""],""LAWLER_PARTITION_FAMILY"":[[4,[1,2,3],4,[]]],""Q_exact"":[1,2,3,4],""h_key"":4,""T_MDD"":[{""prefix"":[],""argmin"":[1]},{""prefix"":[1],""argmin"":[3]},{""prefix"":[1,3],""argmin"":[2]},{""prefix"":[1,3,2],""argmin"":[4]},{""prefix"":[1,3,2,4],""argmin"":[]}]}","A_o006_r00123","A"
"c2017b9edc99e18f8a626a426936fb04a99a68adc9a130b7b995f3c1c0a09003","{""schema"":""TARDY_BOUND_MK_V2"",""G123_edges"":[[1,2],[1,3],[1,4],[2,3],[4,2],[4,3]],""EDD_C22"":true,""GEOM4"":[false,false,false,false],""G_beta_edges"":[[1,2],[4,2],[1,3],[2,3],[4,3],[1,4]],""S_beta"":[1,4,2,3],""BETA_STATUS"":[""NA"",""STRICT_PASS"",""STRICT_PASS"",""NA""],""LAWLER_PARTITION_FAMILY"":[[2,[1],4,[2,3]],[3,[1,2],4,[3]],[4,[1,2,3],4,[]]],""Q_exact"":[1,2,3,4],""h_key"":2,""T_MDD"":[{""prefix"":[],""argmin"":[1]},{""prefix"":[1],""argmin"":[4]},{""prefix"":[1,4],""argmin"":[2]},{""prefix"":[1,4,2],""argmin"":[3]},{""prefix"":[1,4,2,3],""argmin"":[]}]}","A_o006_r00124","A"
"c05f23394596ae9fa98df31ef87a596f92c6c6244caad6bfd01272cc5daa4d63","{""schema"":""TARDY_BOUND_MK_V2"",""G123_edges"":[[1,2],[1,3],[1,4],[2,4],[3,2],[3,4]],""EDD_C22"":false,""GEOM4"":[false,false,false,false],""G_beta_edges"":[[1,2],[3,2],[1,3],[1,4],[2,4],[3,4]],""S_beta"":[1,3,2,4],""BETA_STATUS"":[""NA"",""STRICT_PASS"",""NA"",""NA""],""LAWLER_PARTITION_FAMILY"":[[3,[1,3],4,[2]],[4,[1,2,3],4,[]]],""Q_exact"":[1,2,3,4],""h_key"":4,""T_MDD"":[{""prefix"":[],""argmin"":[1]},{""prefix"":[1],""argmin"":[3]},{""prefix"":[1,3],""argmin"":[2]},{""prefix"":[1,3,2],""argmin"":[4]},{""prefix"":[1,3,2,4],""argmin"":[]}]}","A_o006_r00125","A"
"551332a25907281b03b42ca753221eb302f5f3d64d96f2bdff44566b0e948f49","{""schema"":""TARDY_BOUND_MK_V2"",""G123_edges"":[[1,2],[1,3],[1,4]],""EDD_C22"":false,""GEOM4"":[false,false,false,false],""G_beta_edges"":[[1,2],[1,3],[1,4]],""S_beta"":[1,4,3,2],""BETA_STATUS"":[""NA"",""FAIL"",""STRICT_PASS"",""NA""],""LAWLER_PARTITION_FAMILY"":[[2,[1],4,[2,3]],[3,[1,3],4,[2]],[4,[1,2,3],4,[]]],""Q_exact"":[1],""h_key"":2,""T_MDD"":[{""prefix"":[],""argmin"":[1]},{""prefix"":[1],""argmin"":[4]},{""prefix"":[1,4],""argmin"":[2]},{""prefix"":[1,4,2],""argmin"":[3]},{""prefix"":[1,4,2,3],""argmin"":[]}]}","A_o006_r00126","A"
"87a1c0f2d61c0de63bae799fc5dd47cf3a40e996ffb463685e266659e21fd38e","{""schema"":""TARDY_BOUND_MK_V2"",""G123_edges"":[[1,3],[1,4],[2,1],[2,3],[2,4],[3,4]],""EDD_C22"":true,""GEOM4"":[false,false,false,false],""G_beta_edges"":[[2,1],[1,3],[2,3],[1,4],[2,4],[3,4]],""S_beta"":[2,1,3,4],""BETA_STATUS"":[""STRICT_PASS"",""NA"",""NA"",""NA""],""LAWLER_PARTITION_FAMILY"":[[4,[1,2,3],4,[]]],""Q_exact"":[1,2,3,4],""h_key"":4,""T_MDD"":[{""prefix"":[],""argmin"":[2]},{""prefix"":[2],""argmin"":[1]},{""prefix"":[2,1],""argmin"":[3]},{""prefix"":[2,1,3],""argmin"":[4]},{""prefix"":[2,1,3,4],""argmin"":[]}]}","A_o006_r00127","A"
"a13efc38b8d612d3156aadb1164ead20d0cb98eebacc3cb39e54ff04b0241757","{""schema"":""TARDY_BOUND_MK_V2"",""G123_edges"":[[1,3],[1,4],[2,1],[2,3],[2,4],[4,3]],""EDD_C22"":true,""GEOM4"":[false,false,false,false],""G_beta_edges"":[[2,1],[1,3],[2,3],[4,3],[1,4],[2,4]],""S_beta"":[2,1,4,3],""BETA_STATUS"":[""STRICT_PASS"",""NA"",""STRICT_PASS"",""NA""],""LAWLER_PARTITION_FAMILY"":[[3,[1,2],4,[3]],[4,[1,2,3],4,[]]],""Q_exact"":[1,2,3,4],""h_key"":3,""T_MDD"":[{""prefix"":[],""argmin"":[2]},{""prefix"":[2],""argmin"":[1]},{""prefix"":[2,1],""argmin"":[4]},{""prefix"":[2,1,4],""argmin"":[3]},{""prefix"":[2,1,4,3],""argmin"":[]}]}","A_o006_r00128","A"
"4cc0fece6d5f00b0fd00db6478a20e6fb965825f57a980094f5b2905750e5266","{""schema"":""TARDY_BOUND_MK_V2"",""G123_edges"":[[1,2],[1,3],[1,4],[2,4],[3,2],[3,4]],""EDD_C22"":false,""GEOM4"":[false,false,false,false],""G_beta_edges"":[[1,2],[3,2],[1,3],[1,4],[2,4],[3,4]],""S_beta"":[1,3,2,4],""BETA_STATUS"":[""NA"",""STRICT_PASS"",""NA"",""NA""],""LAWLER_PARTITION_FAMILY"":[[4,[1,2,3],4,[]]],""Q_exact"":[1,2,3,4],""h_key"":4,""T_MDD"":[{""prefix"":[],""argmin"":[1]},{""prefix"":[1],""argmin"":[3]},{""prefix"":[1,3],""argmin"":[2]},{""prefix"":[1,3,2],""argmin"":[4]},{""prefix"":[1,3,2,4],""argmin"":[]}]}","A_o006_r00129","A"
"d5cb868f906a8e579dbe28390206aa16c73fa6eae9ae6588bab70248a844933c","{""schema"":""TARDY_BOUND_MK_V2"",""G123_edges"":[[1,2],[1,3],[1,4],[2,3],[4,2],[4,3]],""EDD_C22"":false,""GEOM4"":[false,false,false,false],""G_beta_edges"":[[1,2],[4,2],[1,3],[2,3],[4,3],[1,4]],""S_beta"":[1,4,2,3],""BETA_STATUS"":[""NA"",""STRICT_PASS"",""STRICT_PASS"",""NA""],""LAWLER_PARTITION_FAMILY"":[[1,[],4,[1,2,3]],[2,[1],4,[2,3]],[3,[1,2],4,[3]],[4,[1,2,3],4,[]]],""Q_exact"":[1,2,3,4],""h_key"":2,""T_MDD"":[{""prefix"":[],""argmin"":[1]},{""prefix"":[1],""argmin"":[4]},{""prefix"":[1,4],""argmin"":[2]},{""prefix"":[1,4,2],""argmin"":[3]},{""prefix"":[1,4,2,3],""argmin"":[]}]}","A_o006_r00130","A"
"c05f23394596ae9fa98df31ef87a596f92c6c6244caad6bfd01272cc5daa4d63","{""schema"":""TARDY_BOUND_MK_V2"",""G123_edges"":[[1,2],[1,3],[1,4],[2,4],[3,2],[3,4]],""EDD_C22"":false,""GEOM4"":[false,false,false,false],""G_beta_edges"":[[1,2],[3,2],[1,3],[1,4],[2,4],[3,4]],""S_beta"":[1,3,2,4],""BETA_STATUS"":[""NA"",""STRICT_PASS"",""NA"",""NA""],""LAWLER_PARTITION_FAMILY"":[[3,[1,3],4,[2]],[4,[1,2,3],4,[]]],""Q_exact"":[1,2,3,4],""h_key"":4,""T_MDD"":[{""prefix"":[],""argmin"":[1]},{""prefix"":[1],""argmin"":[3]},{""prefix"":[1,3],""argmin"":[2]},{""prefix"":[1,3,2],""argmin"":[4]},{""prefix"":[1,3,2,4],""argmin"":[]}]}","A_o006_r00131","A"
"287e4579f9cab9c90fe17b81d6b26cf3b71333bc83fb5763ed0e06be66b6ed1d","{""schema"":""TARDY_BOUND_MK_V2"",""G123_edges"":[[1,2],[1,3],[1,4]],""EDD_C22"":false,""GEOM4"":[false,false,false,false],""G_beta_edges"":[[1,2],[1,3],[1,4]],""S_beta"":[1,4,3,2],""BETA_STATUS"":[""NA"",""FAIL"",""STRICT_PASS"",""NA""],""LAWLER_PARTITION_FAMILY"":[[1,[],4,[1,2,3]],[2,[1],4,[2,3]],[3,[1,3],4,[2]],[4,[1,2,3],4,[]]],""Q_exact"":[1],""h_key"":2,""T_MDD"":[{""prefix"":[],""argmin"":[1]},{""prefix"":[1],""argmin"":[4]},{""prefix"":[1,4],""argmin"":[2]},{""prefix"":[1,4,2],""argmin"":[3]},{""prefix"":[1,4,2,3],""argmin"":[]}]}","A_o006_r00132","A"
"89f82e06fac1887ab29373489601f45ed715711e6842dd53c6ee8b7bf30d89ba","{""schema"":""TARDY_BOUND_MK_V2"",""G123_edges"":[[1,4],[2,1],[2,3],[2,4],[3,1],[3,4]],""EDD_C22"":true,""GEOM4"":[false,false,false,false],""G_beta_edges"":[[2,1],[3,1],[2,3],[1,4],[2,4],[3,4]],""S_beta"":[2,3,1,4],""BETA_STATUS"":[""STRICT_PASS"",""NA"",""NA"",""NA""],""LAWLER_PARTITION_FAMILY"":[[4,[1,2,3],4,[]]],""Q_exact"":[1,2,3,4],""h_key"":4,""T_MDD"":[{""prefix"":[],""argmin"":[2]},{""prefix"":[2],""argmin"":[3]},{""prefix"":[2,3],""argmin"":[1]},{""prefix"":[2,3,1],""argmin"":[4]},{""prefix"":[2,3,1,4],""argmin"":[]}]}","A_o006_r00133","A"
"f2c8de3d4c09a32f9a17790a4920cec574780af906752c66e0d3b57c9ded2edd","{""schema"":""TARDY_BOUND_MK_V2"",""G123_edges"":[[1,4],[2,1],[2,3],[2,4],[3,1],[3,4]],""EDD_C22"":false,""GEOM4"":[false,false,false,false],""G_beta_edges"":[[2,1],[3,1],[2,3],[1,4],[2,4],[3,4]],""S_beta"":[2,3,1,4],""BETA_STATUS"":[""STRICT_PASS"",""NA"",""NA"",""NA""],""LAWLER_PARTITION_FAMILY"":[[4,[1,2,3],4,[]]],""Q_exact"":[1,2,3,4],""h_key"":4,""T_MDD"":[{""prefix"":[],""argmin"":[2]},{""prefix"":[2],""argmin"":[3]},{""prefix"":[2,3],""argmin"":[1]},{""prefix"":[2,3,1],""argmin"":[4]},{""prefix"":[2,3,1,4],""argmin"":[]}]}","A_o006_r00135","A"
"eeeb84a07001d490acb2e41ca051999ffeb0b61ed70ee0adf318857cb3d31a80","{""schema"":""TARDY_BOUND_MK_V2"",""G123_edges"":[[1,2],[1,4],[2,4],[3,1],[3,2],[3,4]],""EDD_C22"":false,""GEOM4"":[false,false,false,false],""G_beta_edges"":[[3,1],[1,2],[3,2],[1,4],[2,4],[3,4]],""S_beta"":[3,1,2,4],""BETA_STATUS"":[""STRICT_PASS"",""STRICT_PASS"",""NA"",""NA""],""LAWLER_PARTITION_FAMILY"":[[2,[3],4,[1,2]],[3,[1,3],4,[2]],[4,[1,2,3],4,[]]],""Q_exact"":[1,2,3,4],""h_key"":4,""T_MDD"":[{""prefix"":[],""argmin"":[3]},{""prefix"":[3],""argmin"":[1]},{""prefix"":[3,1],""argmin"":[2]},{""prefix"":[3,1,2],""argmin"":[4]},{""prefix"":[3,1,2,4],""argmin"":[]}]}","A_o006_r00137","A"
"0beceb8a734859055b448c96855ffeb6d985db8436505cef461a78c612cdd28c","{""schema"":""TARDY_BOUND_MK_V2"",""G123_edges"":[[1,2],[1,4],[2,4],[3,1],[3,2],[3,4]],""EDD_C22"":false,""GEOM4"":[false,false,false,false],""G_beta_edges"":[[3,1],[1,2],[3,2],[1,4],[2,4],[3,4]],""S_beta"":[3,1,2,4],""BETA_STATUS"":[""STRICT_PASS"",""STRICT_PASS"",""NA"",""NA""],""LAWLER_PARTITION_FAMILY"":[[1,[],4,[1,2,3]],[2,[3],4,[1,2]],[3,[1,3],4,[2]],[4,[1,2,3],4,[]]],""Q_exact"":[1,2,3,4],""h_key"":4,""T_MDD"":[{""prefix"":[],""argmin"":[3]},{""prefix"":[3],""argmin"":[1]},{""prefix"":[3,1],""argmin"":[2]},{""prefix"":[3,1,2],""argmin"":[4]},{""prefix"":[3,1,2,4],""argmin"":[]}]}","A_o006_r00138","A"
"65448a3712e365b672836df59c3aa18934d863ddd8f161aea2af9a503d4eead3","{""schema"":""TARDY_BOUND_MK_V2"",""G123_edges"":[[1,4],[2,1],[2,3],[2,4],[3,1],[3,4]],""EDD_C22"":false,""GEOM4"":[false,false,false,false],""G_beta_edges"":[[2,1],[3,1],[2,3],[1,4],[2,4],[3,4]],""S_beta"":[2,3,1,4],""BETA_STATUS"":[""STRICT_PASS"",""NA"",""NA"",""NA""],""LAWLER_PARTITION_FAMILY"":[[3,[2,3],4,[1]],[4,[1,2,3],4,[]]],""Q_exact"":[1,2,3,4],""h_key"":4,""T_MDD"":[{""prefix"":[],""argmin"":[2]},{""prefix"":[2],""argmin"":[3]},{""prefix"":[2,3],""argmin"":[1]},{""prefix"":[2,3,1],""argmin"":[4]},{""prefix"":[2,3,1,4],""argmin"":[]}]}","A_o006_r00139","A"
"65448a3712e365b672836df59c3aa18934d863ddd8f161aea2af9a503d4eead3","{""schema"":""TARDY_BOUND_MK_V2"",""G123_edges"":[[1,4],[2,1],[2,3],[2,4],[3,1],[3,4]],""EDD_C22"":false,""GEOM4"":[false,false,false,false],""G_beta_edges"":[[2,1],[3,1],[2,3],[1,4],[2,4],[3,4]],""S_beta"":[2,3,1,4],""BETA_STATUS"":[""STRICT_PASS"",""NA"",""NA"",""NA""],""LAWLER_PARTITION_FAMILY"":[[3,[2,3],4,[1]],[4,[1,2,3],4,[]]],""Q_exact"":[1,2,3,4],""h_key"":4,""T_MDD"":[{""prefix"":[],""argmin"":[2]},{""prefix"":[2],""argmin"":[3]},{""prefix"":[2,3],""argmin"":[1]},{""prefix"":[2,3,1],""argmin"":[4]},{""prefix"":[2,3,1,4],""argmin"":[]}]}","A_o006_r00141","A"
"ea66681bd3fa31c8e11d6ea78480e8270755413f76617e47632eef9ba03af4e2","{""schema"":""TARDY_BOUND_MK_V2"",""G123_edges"":[[1,2],[1,3],[1,4],[2,3],[2,4],[3,4]],""EDD_C22"":true,""GEOM4"":[true,true,false,false],""G_beta_edges"":[[1,2],[1,3],[2,3],[1,4],[2,4],[3,4]],""S_beta"":[1,2,3,4],""BETA_STATUS"":[""NA"",""NA"",""NA"",""NA""],""LAWLER_PARTITION_FAMILY"":[[4,[1,2,3],4,[]]],""Q_exact"":[1,2,3,4],""h_key"":4,""T_MDD"":[{""prefix"":[],""argmin"":[1]},{""prefix"":[1],""argmin"":[2]},{""prefix"":[1,2],""argmin"":[3]},{""prefix"":[1,2,3],""argmin"":[4]},{""prefix"":[1,2,3,4],""argmin"":[]}]}","A_o007_r00145","A"
"d9c68703a6aba49a2be277565fb4948f8fc8c1ae4eaaca7e8ceb5696a9867721","{""schema"":""TARDY_BOUND_MK_V2"",""G123_edges"":[[1,2],[1,3],[1,4],[2,3],[2,4],[3,4]],""EDD_C22"":false,""GEOM4"":[false,false,false,false],""G_beta_edges"":[[1,2],[1,3],[2,3],[1,4],[2,4],[3,4]],""S_beta"":[1,2,3,4],""BETA_STATUS"":[""NA"",""NA"",""NA"",""NA""],""LAWLER_PARTITION_FAMILY"":[[3,[1,2],4,[3]],[4,[1,2,3],4,[]]],""Q_exact"":[1,2,3,4],""h_key"":4,""T_MDD"":[{""prefix"":[],""argmin"":[1]},{""prefix"":[1],""argmin"":[2]},{""prefix"":[1,2],""argmin"":[3]},{""prefix"":[1,2,3],""argmin"":[4]},{""prefix"":[1,2,3,4],""argmin"":[]}]}","A_o007_r00146","A"
"7664a14cb67c08a74ce4f9a0a091c138c675d4fe9d64de17cfdb17eb70c1940b","{""schema"":""TARDY_BOUND_MK_V2"",""G123_edges"":[[1,2],[1,3],[1,4],[2,4],[3,2],[3,4]],""EDD_C22"":true,""GEOM4"":[false,false,false,false],""G_beta_edges"":[[1,2],[3,2],[1,3],[1,4],[2,4],[3,4]],""S_beta"":[1,3,2,4],""BETA_STATUS"":[""NA"",""STRICT_PASS"",""NA"",""NA""],""LAWLER_PARTITION_FAMILY"":[[4,[1,2,3],4,[]]],""Q_exact"":[1,2,3,4],""h_key"":4,""T_MDD"":[{""prefix"":[],""argmin"":[1]},{""prefix"":[1],""argmin"":[3]},{""prefix"":[1,3],""argmin"":[2]},{""prefix"":[1,3,2],""argmin"":[4]},{""prefix"":[1,3,2,4],""argmin"":[]}]}","A_o007_r00147","A"
"a5f58ea3ca673a218027454b420ebac3db95bc1163f6c6b84f24fe9fe4ad4101","{""schema"":""TARDY_BOUND_MK_V2"",""G123_edges"":[[1,2],[1,3],[1,4],[2,3],[2,4],[3,4]],""EDD_C22"":false,""GEOM4"":[false,false,false,false],""G_beta_edges"":[[1,2],[1,3],[2,3],[1,4],[2,4],[3,4]],""S_beta"":[1,2,3,4],""BETA_STATUS"":[""NA"",""NA"",""NA"",""NA""],""LAWLER_PARTITION_FAMILY"":[[2,[1],4,[2,3]],[3,[1,2],4,[3]],[4,[1,2,3],4,[]]],""Q_exact"":[1,2,3,4],""h_key"":4,""T_MDD"":[{""prefix"":[],""argmin"":[1]},{""prefix"":[1],""argmin"":[2]},{""prefix"":[1,2],""argmin"":[3]},{""prefix"":[1,2,3],""argmin"":[4]},{""prefix"":[1,2,3,4],""argmin"":[]}]}","A_o007_r00148","A"
"c05f23394596ae9fa98df31ef87a596f92c6c6244caad6bfd01272cc5daa4d63","{""schema"":""TARDY_BOUND_MK_V2"",""G123_edges"":[[1,2],[1,3],[1,4],[2,4],[3,2],[3,4]],""EDD_C22"":false,""GEOM4"":[false,false,false,false],""G_beta_edges"":[[1,2],[3,2],[1,3],[1,4],[2,4],[3,4]],""S_beta"":[1,3,2,4],""BETA_STATUS"":[""NA"",""STRICT_PASS"",""NA"",""NA""],""LAWLER_PARTITION_FAMILY"":[[3,[1,3],4,[2]],[4,[1,2,3],4,[]]],""Q_exact"":[1,2,3,4],""h_key"":4,""T_MDD"":[{""prefix"":[],""argmin"":[1]},{""prefix"":[1],""argmin"":[3]},{""prefix"":[1,3],""argmin"":[2]},{""prefix"":[1,3,2],""argmin"":[4]},{""prefix"":[1,3,2,4],""argmin"":[]}]}","A_o007_r00149","A"
"87a1c0f2d61c0de63bae799fc5dd47cf3a40e996ffb463685e266659e21fd38e","{""schema"":""TARDY_BOUND_MK_V2"",""G123_edges"":[[1,3],[1,4],[2,1],[2,3],[2,4],[3,4]],""EDD_C22"":true,""GEOM4"":[false,false,false,false],""G_beta_edges"":[[2,1],[1,3],[2,3],[1,4],[2,4],[3,4]],""S_beta"":[2,1,3,4],""BETA_STATUS"":[""STRICT_PASS"",""NA"",""NA"",""NA""],""LAWLER_PARTITION_FAMILY"":[[4,[1,2,3],4,[]]],""Q_exact"":[1,2,3,4],""h_key"":4,""T_MDD"":[{""prefix"":[],""argmin"":[2]},{""prefix"":[2],""argmin"":[1]},{""prefix"":[2,1],""argmin"":[3]},{""prefix"":[2,1,3],""argmin"":[4]},{""prefix"":[2,1,3,4],""argmin"":[]}]}","A_o007_r00151","A"
"25b63d91ffffefe5ce70df559ef971fa18ef128a7d4e68fd23d74e049c3e9241","{""schema"":""TARDY_BOUND_MK_V2"",""G123_edges"":[[1,3],[1,4],[2,1],[2,3],[2,4],[3,4]],""EDD_C22"":false,""GEOM4"":[false,false,false,false],""G_beta_edges"":[[2,1],[1,3],[2,3],[1,4],[2,4],[3,4]],""S_beta"":[2,1,3,4],""BETA_STATUS"":[""STRICT_PASS"",""NA"",""NA"",""NA""],""LAWLER_PARTITION_FAMILY"":[[3,[1,2],4,[3]],[4,[1,2,3],4,[]]],""Q_exact"":[1,2,3,4],""h_key"":4,""T_MDD"":[{""prefix"":[],""argmin"":[2]},{""prefix"":[2],""argmin"":[1]},{""prefix"":[2,1],""argmin"":[3]},{""prefix"":[2,1,3],""argmin"":[4]},{""prefix"":[2,1,3,4],""argmin"":[]}]}","A_o007_r00152","A"
"30df721d3ae609af9684e311a799e865d89af5cfe302c25d7e3460dbb23b90f1","{""schema"":""TARDY_BOUND_MK_V2"",""G123_edges"":[[1,2],[1,4],[2,4],[3,1],[3,2],[3,4]],""EDD_C22"":true,""GEOM4"":[false,false,false,false],""G_beta_edges"":[[3,1],[1,2],[3,2],[1,4],[2,4],[3,4]],""S_beta"":[3,1,2,4],""BETA_STATUS"":[""STRICT_PASS"",""STRICT_PASS"",""NA"",""NA""],""LAWLER_PARTITION_FAMILY"":[[4,[1,2,3],4,[]]],""Q_exact"":[1,2,3,4],""h_key"":4,""T_MDD"":[{""prefix"":[],""argmin"":[3]},{""prefix"":[3],""argmin"":[1]},{""prefix"":[3,1],""argmin"":[2]},{""prefix"":[3,1,2],""argmin"":[4]},{""prefix"":[3,1,2,4],""argmin"":[]}]}","A_o007_r00153","A"
"79b1633a597afd6168627e40c94d06da15c6fe9d1190e6706ab073336c25f82b","{""schema"":""TARDY_BOUND_MK_V2"",""G123_edges"":[[1,2],[1,3],[1,4],[2,3],[2,4],[3,4]],""EDD_C22"":false,""GEOM4"":[false,false,false,false],""G_beta_edges"":[[1,2],[1,3],[2,3],[1,4],[2,4],[3,4]],""S_beta"":[1,2,3,4],""BETA_STATUS"":[""NA"",""NA"",""NA"",""NA""],""LAWLER_PARTITION_FAMILY"":[[1,[],4,[1,2,3]],[2,[1],4,[2,3]],[3,[1,2],4,[3]],[4,[1,2,3],4,[]]],""Q_exact"":[1,2,3,4],""h_key"":4,""T_MDD"":[{""prefix"":[],""argmin"":[1]},{""prefix"":[1],""argmin"":[2]},{""prefix"":[1,2],""argmin"":[3]},{""prefix"":[1,2,3],""argmin"":[4]},{""prefix"":[1,2,3,4],""argmin"":[]}]}","A_o007_r00154","A"
"358ae13d27d531c1ca30fa9a18cdc58bb12a19303adfa1a7e795bd077f35466e","{""schema"":""TARDY_BOUND_MK_V2"",""G123_edges"":[[1,2],[1,4],[2,4],[3,1],[3,2],[3,4]],""EDD_C22"":false,""GEOM4"":[false,false,false,false],""G_beta_edges"":[[3,1],[1,2],[3,2],[1,4],[2,4],[3,4]],""S_beta"":[3,1,2,4],""BETA_STATUS"":[""STRICT_PASS"",""STRICT_PASS"",""NA"",""NA""],""LAWLER_PARTITION_FAMILY"":[[3,[1,3],4,[2]],[4,[1,2,3],4,[]]],""Q_exact"":[1,2,3,4],""h_key"":4,""T_MDD"":[{""prefix"":[],""argmin"":[3]},{""prefix"":[3],""argmin"":[1]},{""prefix"":[3,1],""argmin"":[2]},{""prefix"":[3,1,2],""argmin"":[4]},{""prefix"":[3,1,2,4],""argmin"":[]}]}","A_o007_r00155","A"
"89f82e06fac1887ab29373489601f45ed715711e6842dd53c6ee8b7bf30d89ba","{""schema"":""TARDY_BOUND_MK_V2"",""G123_edges"":[[1,4],[2,1],[2,3],[2,4],[3,1],[3,4]],""EDD_C22"":true,""GEOM4"":[false,false,false,false],""G_beta_edges"":[[2,1],[3,1],[2,3],[1,4],[2,4],[3,4]],""S_beta"":[2,3,1,4],""BETA_STATUS"":[""STRICT_PASS"",""NA"",""NA"",""NA""],""LAWLER_PARTITION_FAMILY"":[[4,[1,2,3],4,[]]],""Q_exact"":[1,2,3,4],""h_key"":4,""T_MDD"":[{""prefix"":[],""argmin"":[2]},{""prefix"":[2],""argmin"":[3]},{""prefix"":[2,3],""argmin"":[1]},{""prefix"":[2,3,1],""argmin"":[4]},{""prefix"":[2,3,1,4],""argmin"":[]}]}","A_o007_r00157","A"
"aac920d42175c0111569e218d1d5ddf9eb4a6fdca7cd09bee48ecf84934b5f94","{""schema"":""TARDY_BOUND_MK_V2"",""G123_edges"":[[1,3],[1,4],[2,1],[2,3],[2,4],[3,4]],""EDD_C22"":false,""GEOM4"":[false,false,false,false],""G_beta_edges"":[[2,1],[1,3],[2,3],[1,4],[2,4],[3,4]],""S_beta"":[2,1,3,4],""BETA_STATUS"":[""STRICT_PASS"",""NA"",""NA"",""NA""],""LAWLER_PARTITION_FAMILY"":[[2,[2],4,[1,3]],[3,[1,2],4,[3]],[4,[1,2,3],4,[]]],""Q_exact"":[1,2,3,4],""h_key"":4,""T_MDD"":[{""prefix"":[],""argmin"":[2]},{""prefix"":[2],""argmin"":[1]},{""prefix"":[2,1],""argmin"":[3]},{""prefix"":[2,1,3],""argmin"":[4]},{""prefix"":[2,1,3,4],""argmin"":[]}]}","A_o007_r00158","A"
"e3ab9c0071b2d529a961b98b7f0f4c6b38358b8cb48e075f4f7b623187ec4a84","{""schema"":""TARDY_BOUND_MK_V2"",""G123_edges"":[[1,4],[2,1],[2,4],[3,1],[3,2],[3,4]],""EDD_C22"":true,""GEOM4"":[false,false,false,false],""G_beta_edges"":[[2,1],[3,1],[3,2],[1,4],[2,4],[3,4]],""S_beta"":[3,2,1,4],""BETA_STATUS"":[""STRICT_PASS"",""STRICT_PASS"",""NA"",""NA""],""LAWLER_PARTITION_FAMILY"":[[4,[1,2,3],4,[]]],""Q_exact"":[1,2,3,4],""h_key"":4,""T_MDD"":[{""prefix"":[],""argmin"":[3]},{""prefix"":[3],""argmin"":[2]},{""prefix"":[3,2],""argmin"":[1]},{""prefix"":[3,2,1],""argmin"":[4]},{""prefix"":[3,2,1,4],""argmin"":[]}]}","A_o007_r00159","A"
"eeeb84a07001d490acb2e41ca051999ffeb0b61ed70ee0adf318857cb3d31a80","{""schema"":""TARDY_BOUND_MK_V2"",""G123_edges"":[[1,2],[1,4],[2,4],[3,1],[3,2],[3,4]],""EDD_C22"":false,""GEOM4"":[false,false,false,false],""G_beta_edges"":[[3,1],[1,2],[3,2],[1,4],[2,4],[3,4]],""S_beta"":[3,1,2,4],""BETA_STATUS"":[""STRICT_PASS"",""STRICT_PASS"",""NA"",""NA""],""LAWLER_PARTITION_FAMILY"":[[2,[3],4,[1,2]],[3,[1,3],4,[2]],[4,[1,2,3],4,[]]],""Q_exact"":[1,2,3,4],""h_key"":4,""T_MDD"":[{""prefix"":[],""argmin"":[3]},{""prefix"":[3],""argmin"":[1]},{""prefix"":[3,1],""argmin"":[2]},{""prefix"":[3,1,2],""argmin"":[4]},{""prefix"":[3,1,2,4],""argmin"":[]}]}","A_o007_r00161","A"
"65448a3712e365b672836df59c3aa18934d863ddd8f161aea2af9a503d4eead3","{""schema"":""TARDY_BOUND_MK_V2"",""G123_edges"":[[1,4],[2,1],[2,3],[2,4],[3,1],[3,4]],""EDD_C22"":false,""GEOM4"":[false,false,false,false],""G_beta_edges"":[[2,1],[3,1],[2,3],[1,4],[2,4],[3,4]],""S_beta"":[2,3,1,4],""BETA_STATUS"":[""STRICT_PASS"",""NA"",""NA"",""NA""],""LAWLER_PARTITION_FAMILY"":[[3,[2,3],4,[1]],[4,[1,2,3],4,[]]],""Q_exact"":[1,2,3,4],""h_key"":4,""T_MDD"":[{""prefix"":[],""argmin"":[2]},{""prefix"":[2],""argmin"":[3]},{""prefix"":[2,3],""argmin"":[1]},{""prefix"":[2,3,1],""argmin"":[4]},{""prefix"":[2,3,1,4],""argmin"":[]}]}","A_o007_r00163","A"
"c645867b4748a75675c0ed8e47b97d9cec9ae16890ef1aeecc64cd50cce5c626","{""schema"":""TARDY_BOUND_MK_V2"",""G123_edges"":[[1,4],[2,1],[2,4],[3,1],[3,2],[3,4]],""EDD_C22"":false,""GEOM4"":[false,false,false,false],""G_beta_edges"":[[2,1],[3,1],[3,2],[1,4],[2,4],[3,4]],""S_beta"":[3,2,1,4],""BETA_STATUS"":[""STRICT_PASS"",""STRICT_PASS"",""NA"",""NA""],""LAWLER_PARTITION_FAMILY"":[[3,[2,3],4,[1]],[4,[1,2,3],4,[]]],""Q_exact"":[1,2,3,4],""h_key"":4,""T_MDD"":[{""prefix"":[],""argmin"":[3]},{""prefix"":[3],""argmin"":[2]},{""prefix"":[3,2],""argmin"":[1]},{""prefix"":[3,2,1],""argmin"":[4]},{""prefix"":[3,2,1,4],""argmin"":[]}]}","A_o007_r00165","A"
"ea66681bd3fa31c8e11d6ea78480e8270755413f76617e47632eef9ba03af4e2","{""schema"":""TARDY_BOUND_MK_V2"",""G123_edges"":[[1,2],[1,3],[1,4],[2,3],[2,4],[3,4]],""EDD_C22"":true,""GEOM4"":[true,true,false,false],""G_beta_edges"":[[1,2],[1,3],[2,3],[1,4],[2,4],[3,4]],""S_beta"":[1,2,3,4],""BETA_STATUS"":[""NA"",""NA"",""NA"",""NA""],""LAWLER_PARTITION_FAMILY"":[[4,[1,2,3],4,[]]],""Q_exact"":[1,2,3,4],""h_key"":4,""T_MDD"":[{""prefix"":[],""argmin"":[1]},{""prefix"":[1],""argmin"":[2]},{""prefix"":[1,2],""argmin"":[3]},{""prefix"":[1,2,3],""argmin"":[4]},{""prefix"":[1,2,3,4],""argmin"":[]}]}","A_o008_r00169","A"
"bf96277ee91d1ba307c6ca5c6f8f56dfca550361283de79703ed834c3ea70ec4","{""schema"":""TARDY_BOUND_MK_V2"",""G123_edges"":[[1,2],[1,3],[1,4],[2,3],[2,4],[4,3]],""EDD_C22"":true,""GEOM4"":[false,false,false,false],""G_beta_edges"":[[1,2],[1,3],[2,3],[4,3],[1,4],[2,4]],""S_beta"":[1,2,4,3],""BETA_STATUS"":[""NA"",""NA"",""STRICT_PASS"",""NA""],""LAWLER_PARTITION_FAMILY"":[[3,[1,2],4,[3]],[4,[1,2,3],4,[]]],""Q_exact"":[1,2,3,4],""h_key"":3,""T_MDD"":[{""prefix"":[],""argmin"":[1]},{""prefix"":[1],""argmin"":[2]},{""prefix"":[1,2],""argmin"":[4]},{""prefix"":[1,2,4],""argmin"":[3]},{""prefix"":[1,2,4,3],""argmin"":[]}]}","A_o008_r00170","A"
"7664a14cb67c08a74ce4f9a0a091c138c675d4fe9d64de17cfdb17eb70c1940b","{""schema"":""TARDY_BOUND_MK_V2"",""G123_edges"":[[1,2],[1,3],[1,4],[2,4],[3,2],[3,4]],""EDD_C22"":true,""GEOM4"":[false,false,false,false],""G_beta_edges"":[[1,2],[3,2],[1,3],[1,4],[2,4],[3,4]],""S_beta"":[1,3,2,4],""BETA_STATUS"":[""NA"",""STRICT_PASS"",""NA"",""NA""],""LAWLER_PARTITION_FAMILY"":[[4,[1,2,3],4,[]]],""Q_exact"":[1,2,3,4],""h_key"":4,""T_MDD"":[{""prefix"":[],""argmin"":[1]},{""prefix"":[1],""argmin"":[3]},{""prefix"":[1,3],""argmin"":[2]},{""prefix"":[1,3,2],""argmin"":[4]},{""prefix"":[1,3,2,4],""argmin"":[]}]}","A_o008_r00171","A"
"3ca03539be6ab086d0397d6b9a775967db4072cea9c95a032895b43e34fcc9be","{""schema"":""TARDY_BOUND_MK_V2"",""G123_edges"":[[1,2],[1,3],[1,4],[2,3],[2,4],[4,3]],""EDD_C22"":false,""GEOM4"":[false,false,false,false],""G_beta_edges"":[[1,2],[1,3],[2,3],[4,3],[1,4],[2,4]],""S_beta"":[1,2,4,3],""BETA_STATUS"":[""NA"",""NA"",""STRICT_PASS"",""NA""],""LAWLER_PARTITION_FAMILY"":[[2,[1],4,[2,3]],[3,[1,2],4,[3]],[4,[1,2,3],4,[]]],""Q_exact"":[1,2,3,4],""h_key"":3,""T_MDD"":[{""prefix"":[],""argmin"":[1]},{""prefix"":[1],""argmin"":[2]},{""prefix"":[1,2],""argmin"":[4]},{""prefix"":[1,2,4],""argmin"":[3]},{""prefix"":[1,2,4,3],""argmin"":[]}]}","A_o008_r00172","A"
"c05f23394596ae9fa98df31ef87a596f92c6c6244caad6bfd01272cc5daa4d63","{""schema"":""TARDY_BOUND_MK_V2"",""G123_edges"":[[1,2],[1,3],[1,4],[2,4],[3,2],[3,4]],""EDD_C22"":false,""GEOM4"":[false,false,false,false],""G_beta_edges"":[[1,2],[3,2],[1,3],[1,4],[2,4],[3,4]],""S_beta"":[1,3,2,4],""BETA_STATUS"":[""NA"",""STRICT_PASS"",""NA"",""NA""],""LAWLER_PARTITION_FAMILY"":[[3,[1,3],4,[2]],[4,[1,2,3],4,[]]],""Q_exact"":[1,2,3,4],""h_key"":4,""T_MDD"":[{""prefix"":[],""argmin"":[1]},{""prefix"":[1],""argmin"":[3]},{""prefix"":[1,3],""argmin"":[2]},{""prefix"":[1,3,2],""argmin"":[4]},{""prefix"":[1,3,2,4],""argmin"":[]}]}","A_o008_r00173","A"
"87a1c0f2d61c0de63bae799fc5dd47cf3a40e996ffb463685e266659e21fd38e","{""schema"":""TARDY_BOUND_MK_V2"",""G123_edges"":[[1,3],[1,4],[2,1],[2,3],[2,4],[3,4]],""EDD_C22"":true,""GEOM4"":[false,false,false,false],""G_beta_edges"":[[2,1],[1,3],[2,3],[1,4],[2,4],[3,4]],""S_beta"":[2,1,3,4],""BETA_STATUS"":[""STRICT_PASS"",""NA"",""NA"",""NA""],""LAWLER_PARTITION_FAMILY"":[[4,[1,2,3],4,[]]],""Q_exact"":[1,2,3,4],""h_key"":4,""T_MDD"":[{""prefix"":[],""argmin"":[2]},{""prefix"":[2],""argmin"":[1]},{""prefix"":[2,1],""argmin"":[3]},{""prefix"":[2,1,3],""argmin"":[4]},{""prefix"":[2,1,3,4],""argmin"":[]}]}","A_o008_r00175","A"
"a13efc38b8d612d3156aadb1164ead20d0cb98eebacc3cb39e54ff04b0241757","{""schema"":""TARDY_BOUND_MK_V2"",""G123_edges"":[[1,3],[1,4],[2,1],[2,3],[2,4],[4,3]],""EDD_C22"":true,""GEOM4"":[false,false,false,false],""G_beta_edges"":[[2,1],[1,3],[2,3],[4,3],[1,4],[2,4]],""S_beta"":[2,1,4,3],""BETA_STATUS"":[""STRICT_PASS"",""NA"",""STRICT_PASS"",""NA""],""LAWLER_PARTITION_FAMILY"":[[3,[1,2],4,[3]],[4,[1,2,3],4,[]]],""Q_exact"":[1,2,3,4],""h_key"":3,""T_MDD"":[{""prefix"":[],""argmin"":[2]},{""prefix"":[2],""argmin"":[1]},{""prefix"":[2,1],""argmin"":[4]},{""prefix"":[2,1,4],""argmin"":[3]},{""prefix"":[2,1,4,3],""argmin"":[]}]}","A_o008_r00176","A"
"30df721d3ae609af9684e311a799e865d89af5cfe302c25d7e3460dbb23b90f1","{""schema"":""TARDY_BOUND_MK_V2"",""G123_edges"":[[1,2],[1,4],[2,4],[3,1],[3,2],[3,4]],""EDD_C22"":true,""GEOM4"":[false,false,false,false],""G_beta_edges"":[[3,1],[1,2],[3,2],[1,4],[2,4],[3,4]],""S_beta"":[3,1,2,4],""BETA_STATUS"":[""STRICT_PASS"",""STRICT_PASS"",""NA"",""NA""],""LAWLER_PARTITION_FAMILY"":[[4,[1,2,3],4,[]]],""Q_exact"":[1,2,3,4],""h_key"":4,""T_MDD"":[{""prefix"":[],""argmin"":[3]},{""prefix"":[3],""argmin"":[1]},{""prefix"":[3,1],""argmin"":[2]},{""prefix"":[3,1,2],""argmin"":[4]},{""prefix"":[3,1,2,4],""argmin"":[]}]}","A_o008_r00177","A"
"0df6bde542716c5744afcc5248bc12866f8ce2502be1abe144d6837c68e080a2","{""schema"":""TARDY_BOUND_MK_V2"",""G123_edges"":[[1,2],[1,3],[1,4],[2,3],[2,4],[4,3]],""EDD_C22"":false,""GEOM4"":[false,false,false,false],""G_beta_edges"":[[1,2],[1,3],[2,3],[4,3],[1,4],[2,4]],""S_beta"":[1,2,4,3],""BETA_STATUS"":[""NA"",""NA"",""STRICT_PASS"",""NA""],""LAWLER_PARTITION_FAMILY"":[[1,[],4,[1,2,3]],[2,[1],4,[2,3]],[3,[1,2],4,[3]],[4,[1,2,3],4,[]]],""Q_exact"":[1,2,3,4],""h_key"":3,""T_MDD"":[{""prefix"":[],""argmin"":[1]},{""prefix"":[1],""argmin"":[2]},{""prefix"":[1,2],""argmin"":[4]},{""prefix"":[1,2,4],""argmin"":[3]},{""prefix"":[1,2,4,3],""argmin"":[]}]}","A_o008_r00178","A"
"358ae13d27d531c1ca30fa9a18cdc58bb12a19303adfa1a7e795bd077f35466e","{""schema"":""TARDY_BOUND_MK_V2"",""G123_edges"":[[1,2],[1,4],[2,4],[3,1],[3,2],[3,4]],""EDD_C22"":false,""GEOM4"":[false,false,false,false],""G_beta_edges"":[[3,1],[1,2],[3,2],[1,4],[2,4],[3,4]],""S_beta"":[3,1,2,4],""BETA_STATUS"":[""STRICT_PASS"",""STRICT_PASS"",""NA"",""NA""],""LAWLER_PARTITION_FAMILY"":[[3,[1,3],4,[2]],[4,[1,2,3],4,[]]],""Q_exact"":[1,2,3,4],""h_key"":4,""T_MDD"":[{""prefix"":[],""argmin"":[3]},{""prefix"":[3],""argmin"":[1]},{""prefix"":[3,1],""argmin"":[2]},{""prefix"":[3,1,2],""argmin"":[4]},{""prefix"":[3,1,2,4],""argmin"":[]}]}","A_o008_r00179","A"
"89f82e06fac1887ab29373489601f45ed715711e6842dd53c6ee8b7bf30d89ba","{""schema"":""TARDY_BOUND_MK_V2"",""G123_edges"":[[1,4],[2,1],[2,3],[2,4],[3,1],[3,4]],""EDD_C22"":true,""GEOM4"":[false,false,false,false],""G_beta_edges"":[[2,1],[3,1],[2,3],[1,4],[2,4],[3,4]],""S_beta"":[2,3,1,4],""BETA_STATUS"":[""STRICT_PASS"",""NA"",""NA"",""NA""],""LAWLER_PARTITION_FAMILY"":[[4,[1,2,3],4,[]]],""Q_exact"":[1,2,3,4],""h_key"":4,""T_MDD"":[{""prefix"":[],""argmin"":[2]},{""prefix"":[2],""argmin"":[3]},{""prefix"":[2,3],""argmin"":[1]},{""prefix"":[2,3,1],""argmin"":[4]},{""prefix"":[2,3,1,4],""argmin"":[]}]}","A_o008_r00181","A"
"5c200179a750bc19d10f8158a99c4a7ef1c6ca468862a28221f78e0f8b7ec91c","{""schema"":""TARDY_BOUND_MK_V2"",""G123_edges"":[[1,3],[1,4],[2,1],[2,3],[2,4],[4,3]],""EDD_C22"":false,""GEOM4"":[false,false,false,false],""G_beta_edges"":[[2,1],[1,3],[2,3],[4,3],[1,4],[2,4]],""S_beta"":[2,1,4,3],""BETA_STATUS"":[""STRICT_PASS"",""NA"",""STRICT_PASS"",""NA""],""LAWLER_PARTITION_FAMILY"":[[2,[2],4,[1,3]],[3,[1,2],4,[3]],[4,[1,2,3],4,[]]],""Q_exact"":[1,2,3,4],""h_key"":3,""T_MDD"":[{""prefix"":[],""argmin"":[2]},{""prefix"":[2],""argmin"":[1]},{""prefix"":[2,1],""argmin"":[4]},{""prefix"":[2,1,4],""argmin"":[3]},{""prefix"":[2,1,4,3],""argmin"":[]}]}","A_o008_r00182","A"
"e3ab9c0071b2d529a961b98b7f0f4c6b38358b8cb48e075f4f7b623187ec4a84","{""schema"":""TARDY_BOUND_MK_V2"",""G123_edges"":[[1,4],[2,1],[2,4],[3,1],[3,2],[3,4]],""EDD_C22"":true,""GEOM4"":[false,false,false,false],""G_beta_edges"":[[2,1],[3,1],[3,2],[1,4],[2,4],[3,4]],""S_beta"":[3,2,1,4],""BETA_STATUS"":[""STRICT_PASS"",""STRICT_PASS"",""NA"",""NA""],""LAWLER_PARTITION_FAMILY"":[[4,[1,2,3],4,[]]],""Q_exact"":[1,2,3,4],""h_key"":4,""T_MDD"":[{""prefix"":[],""argmin"":[3]},{""prefix"":[3],""argmin"":[2]},{""prefix"":[3,2],""argmin"":[1]},{""prefix"":[3,2,1],""argmin"":[4]},{""prefix"":[3,2,1,4],""argmin"":[]}]}","A_o008_r00183","A"
"eeeb84a07001d490acb2e41ca051999ffeb0b61ed70ee0adf318857cb3d31a80","{""schema"":""TARDY_BOUND_MK_V2"",""G123_edges"":[[1,2],[1,4],[2,4],[3,1],[3,2],[3,4]],""EDD_C22"":false,""GEOM4"":[false,false,false,false],""G_beta_edges"":[[3,1],[1,2],[3,2],[1,4],[2,4],[3,4]],""S_beta"":[3,1,2,4],""BETA_STATUS"":[""STRICT_PASS"",""STRICT_PASS"",""NA"",""NA""],""LAWLER_PARTITION_FAMILY"":[[2,[3],4,[1,2]],[3,[1,3],4,[2]],[4,[1,2,3],4,[]]],""Q_exact"":[1,2,3,4],""h_key"":4,""T_MDD"":[{""prefix"":[],""argmin"":[3]},{""prefix"":[3],""argmin"":[1]},{""prefix"":[3,1],""argmin"":[2]},{""prefix"":[3,1,2],""argmin"":[4]},{""prefix"":[3,1,2,4],""argmin"":[]}]}","A_o008_r00185","A"
"65448a3712e365b672836df59c3aa18934d863ddd8f161aea2af9a503d4eead3","{""schema"":""TARDY_BOUND_MK_V2"",""G123_edges"":[[1,4],[2,1],[2,3],[2,4],[3,1],[3,4]],""EDD_C22"":false,""GEOM4"":[false,false,false,false],""G_beta_edges"":[[2,1],[3,1],[2,3],[1,4],[2,4],[3,4]],""S_beta"":[2,3,1,4],""BETA_STATUS"":[""STRICT_PASS"",""NA"",""NA"",""NA""],""LAWLER_PARTITION_FAMILY"":[[3,[2,3],4,[1]],[4,[1,2,3],4,[]]],""Q_exact"":[1,2,3,4],""h_key"":4,""T_MDD"":[{""prefix"":[],""argmin"":[2]},{""prefix"":[2],""argmin"":[3]},{""prefix"":[2,3],""argmin"":[1]},{""prefix"":[2,3,1],""argmin"":[4]},{""prefix"":[2,3,1,4],""argmin"":[]}]}","A_o008_r00187","A"
"c645867b4748a75675c0ed8e47b97d9cec9ae16890ef1aeecc64cd50cce5c626","{""schema"":""TARDY_BOUND_MK_V2"",""G123_edges"":[[1,4],[2,1],[2,4],[3,1],[3,2],[3,4]],""EDD_C22"":false,""GEOM4"":[false,false,false,false],""G_beta_edges"":[[2,1],[3,1],[3,2],[1,4],[2,4],[3,4]],""S_beta"":[3,2,1,4],""BETA_STATUS"":[""STRICT_PASS"",""STRICT_PASS"",""NA"",""NA""],""LAWLER_PARTITION_FAMILY"":[[3,[2,3],4,[1]],[4,[1,2,3],4,[]]],""Q_exact"":[1,2,3,4],""h_key"":4,""T_MDD"":[{""prefix"":[],""argmin"":[3]},{""prefix"":[3],""argmin"":[2]},{""prefix"":[3,2],""argmin"":[1]},{""prefix"":[3,2,1],""argmin"":[4]},{""prefix"":[3,2,1,4],""argmin"":[]}]}","A_o008_r00189","A"
"ea66681bd3fa31c8e11d6ea78480e8270755413f76617e47632eef9ba03af4e2","{""schema"":""TARDY_BOUND_MK_V2"",""G123_edges"":[[1,2],[1,3],[1,4],[2,3],[2,4],[3,4]],""EDD_C22"":true,""GEOM4"":[true,true,false,false],""G_beta_edges"":[[1,2],[1,3],[2,3],[1,4],[2,4],[3,4]],""S_beta"":[1,2,3,4],""BETA_STATUS"":[""NA"",""NA"",""NA"",""NA""],""LAWLER_PARTITION_FAMILY"":[[4,[1,2,3],4,[]]],""Q_exact"":[1,2,3,4],""h_key"":4,""T_MDD"":[{""prefix"":[],""argmin"":[1]},{""prefix"":[1],""argmin"":[2]},{""prefix"":[1,2],""argmin"":[3]},{""prefix"":[1,2,3],""argmin"":[4]},{""prefix"":[1,2,3,4],""argmin"":[]}]}","A_o009_r00193","A"
"bf96277ee91d1ba307c6ca5c6f8f56dfca550361283de79703ed834c3ea70ec4","{""schema"":""TARDY_BOUND_MK_V2"",""G123_edges"":[[1,2],[1,3],[1,4],[2,3],[2,4],[4,3]],""EDD_C22"":true,""GEOM4"":[false,false,false,false],""G_beta_edges"":[[1,2],[1,3],[2,3],[4,3],[1,4],[2,4]],""S_beta"":[1,2,4,3],""BETA_STATUS"":[""NA"",""NA"",""STRICT_PASS"",""NA""],""LAWLER_PARTITION_FAMILY"":[[3,[1,2],4,[3]],[4,[1,2,3],4,[]]],""Q_exact"":[1,2,3,4],""h_key"":3,""T_MDD"":[{""prefix"":[],""argmin"":[1]},{""prefix"":[1],""argmin"":[2]},{""prefix"":[1,2],""argmin"":[4]},{""prefix"":[1,2,4],""argmin"":[3]},{""prefix"":[1,2,4,3],""argmin"":[]}]}","A_o009_r00194","A"
"7664a14cb67c08a74ce4f9a0a091c138c675d4fe9d64de17cfdb17eb70c1940b","{""schema"":""TARDY_BOUND_MK_V2"",""G123_edges"":[[1,2],[1,3],[1,4],[2,4],[3,2],[3,4]],""EDD_C22"":true,""GEOM4"":[false,false,false,false],""G_beta_edges"":[[1,2],[3,2],[1,3],[1,4],[2,4],[3,4]],""S_beta"":[1,3,2,4],""BETA_STATUS"":[""NA"",""STRICT_PASS"",""NA"",""NA""],""LAWLER_PARTITION_FAMILY"":[[4,[1,2,3],4,[]]],""Q_exact"":[1,2,3,4],""h_key"":4,""T_MDD"":[{""prefix"":[],""argmin"":[1]},{""prefix"":[1],""argmin"":[3]},{""prefix"":[1,3],""argmin"":[2]},{""prefix"":[1,3,2],""argmin"":[4]},{""prefix"":[1,3,2,4],""argmin"":[]}]}","A_o009_r00195","A"
"c2017b9edc99e18f8a626a426936fb04a99a68adc9a130b7b995f3c1c0a09003","{""schema"":""TARDY_BOUND_MK_V2"",""G123_edges"":[[1,2],[1,3],[1,4],[2,3],[4,2],[4,3]],""EDD_C22"":true,""GEOM4"":[false,false,false,false],""G_beta_edges"":[[1,2],[4,2],[1,3],[2,3],[4,3],[1,4]],""S_beta"":[1,4,2,3],""BETA_STATUS"":[""NA"",""STRICT_PASS"",""STRICT_PASS"",""NA""],""LAWLER_PARTITION_FAMILY"":[[2,[1],4,[2,3]],[3,[1,2],4,[3]],[4,[1,2,3],4,[]]],""Q_exact"":[1,2,3,4],""h_key"":2,""T_MDD"":[{""prefix"":[],""argmin"":[1]},{""prefix"":[1],""argmin"":[4]},{""prefix"":[1,4],""argmin"":[2]},{""prefix"":[1,4,2],""argmin"":[3]},{""prefix"":[1,4,2,3],""argmin"":[]}]}","A_o009_r00196","A"
"c05f23394596ae9fa98df31ef87a596f92c6c6244caad6bfd01272cc5daa4d63","{""schema"":""TARDY_BOUND_MK_V2"",""G123_edges"":[[1,2],[1,3],[1,4],[2,4],[3,2],[3,4]],""EDD_C22"":false,""GEOM4"":[false,false,false,false],""G_beta_edges"":[[1,2],[3,2],[1,3],[1,4],[2,4],[3,4]],""S_beta"":[1,3,2,4],""BETA_STATUS"":[""NA"",""STRICT_PASS"",""NA"",""NA""],""LAWLER_PARTITION_FAMILY"":[[3,[1,3],4,[2]],[4,[1,2,3],4,[]]],""Q_exact"":[1,2,3,4],""h_key"":4,""T_MDD"":[{""prefix"":[],""argmin"":[1]},{""prefix"":[1],""argmin"":[3]},{""prefix"":[1,3],""argmin"":[2]},{""prefix"":[1,3,2],""argmin"":[4]},{""prefix"":[1,3,2,4],""argmin"":[]}]}","A_o009_r00197","A"
"551332a25907281b03b42ca753221eb302f5f3d64d96f2bdff44566b0e948f49","{""schema"":""TARDY_BOUND_MK_V2"",""G123_edges"":[[1,2],[1,3],[1,4]],""EDD_C22"":false,""GEOM4"":[false,false,false,false],""G_beta_edges"":[[1,2],[1,3],[1,4]],""S_beta"":[1,4,3,2],""BETA_STATUS"":[""NA"",""FAIL"",""STRICT_PASS"",""NA""],""LAWLER_PARTITION_FAMILY"":[[2,[1],4,[2,3]],[3,[1,3],4,[2]],[4,[1,2,3],4,[]]],""Q_exact"":[1],""h_key"":2,""T_MDD"":[{""prefix"":[],""argmin"":[1]},{""prefix"":[1],""argmin"":[4]},{""prefix"":[1,4],""argmin"":[2]},{""prefix"":[1,4,2],""argmin"":[3]},{""prefix"":[1,4,2,3],""argmin"":[]}]}","A_o009_r00198","A"
"87a1c0f2d61c0de63bae799fc5dd47cf3a40e996ffb463685e266659e21fd38e","{""schema"":""TARDY_BOUND_MK_V2"",""G123_edges"":[[1,3],[1,4],[2,1],[2,3],[2,4],[3,4]],""EDD_C22"":true,""GEOM4"":[false,false,false,false],""G_beta_edges"":[[2,1],[1,3],[2,3],[1,4],[2,4],[3,4]],""S_beta"":[2,1,3,4],""BETA_STATUS"":[""STRICT_PASS"",""NA"",""NA"",""NA""],""LAWLER_PARTITION_FAMILY"":[[4,[1,2,3],4,[]]],""Q_exact"":[1,2,3,4],""h_key"":4,""T_MDD"":[{""prefix"":[],""argmin"":[2]},{""prefix"":[2],""argmin"":[1]},{""prefix"":[2,1],""argmin"":[3]},{""prefix"":[2,1,3],""argmin"":[4]},{""prefix"":[2,1,3,4],""argmin"":[]}]}","A_o009_r00199","A"
"a13efc38b8d612d3156aadb1164ead20d0cb98eebacc3cb39e54ff04b0241757","{""schema"":""TARDY_BOUND_MK_V2"",""G123_edges"":[[1,3],[1,4],[2,1],[2,3],[2,4],[4,3]],""EDD_C22"":true,""GEOM4"":[false,false,false,false],""G_beta_edges"":[[2,1],[1,3],[2,3],[4,3],[1,4],[2,4]],""S_beta"":[2,1,4,3],""BETA_STATUS"":[""STRICT_PASS"",""NA"",""STRICT_PASS"",""NA""],""LAWLER_PARTITION_FAMILY"":[[3,[1,2],4,[3]],[4,[1,2,3],4,[]]],""Q_exact"":[1,2,3,4],""h_key"":3,""T_MDD"":[{""prefix"":[],""argmin"":[2]},{""prefix"":[2],""argmin"":[1]},{""prefix"":[2,1],""argmin"":[4]},{""prefix"":[2,1,4],""argmin"":[3]},{""prefix"":[2,1,4,3],""argmin"":[]}]}","A_o009_r00200","A"
"30df721d3ae609af9684e311a799e865d89af5cfe302c25d7e3460dbb23b90f1","{""schema"":""TARDY_BOUND_MK_V2"",""G123_edges"":[[1,2],[1,4],[2,4],[3,1],[3,2],[3,4]],""EDD_C22"":true,""GEOM4"":[false,false,false,false],""G_beta_edges"":[[3,1],[1,2],[3,2],[1,4],[2,4],[3,4]],""S_beta"":[3,1,2,4],""BETA_STATUS"":[""STRICT_PASS"",""STRICT_PASS"",""NA"",""NA""],""LAWLER_PARTITION_FAMILY"":[[4,[1,2,3],4,[]]],""Q_exact"":[1,2,3,4],""h_key"":4,""T_MDD"":[{""prefix"":[],""argmin"":[3]},{""prefix"":[3],""argmin"":[1]},{""prefix"":[3,1],""argmin"":[2]},{""prefix"":[3,1,2],""argmin"":[4]},{""prefix"":[3,1,2,4],""argmin"":[]}]}","A_o009_r00201","A"
"d5cb868f906a8e579dbe28390206aa16c73fa6eae9ae6588bab70248a844933c","{""schema"":""TARDY_BOUND_MK_V2"",""G123_edges"":[[1,2],[1,3],[1,4],[2,3],[4,2],[4,3]],""EDD_C22"":false,""GEOM4"":[false,false,false,false],""G_beta_edges"":[[1,2],[4,2],[1,3],[2,3],[4,3],[1,4]],""S_beta"":[1,4,2,3],""BETA_STATUS"":[""NA"",""STRICT_PASS"",""STRICT_PASS"",""NA""],""LAWLER_PARTITION_FAMILY"":[[1,[],4,[1,2,3]],[2,[1],4,[2,3]],[3,[1,2],4,[3]],[4,[1,2,3],4,[]]],""Q_exact"":[1,2,3,4],""h_key"":2,""T_MDD"":[{""prefix"":[],""argmin"":[1]},{""prefix"":[1],""argmin"":[4]},{""prefix"":[1,4],""argmin"":[2]},{""prefix"":[1,4,2],""argmin"":[3]},{""prefix"":[1,4,2,3],""argmin"":[]}]}","A_o009_r00202","A"
"358ae13d27d531c1ca30fa9a18cdc58bb12a19303adfa1a7e795bd077f35466e","{""schema"":""TARDY_BOUND_MK_V2"",""G123_edges"":[[1,2],[1,4],[2,4],[3,1],[3,2],[3,4]],""EDD_C22"":false,""GEOM4"":[false,false,false,false],""G_beta_edges"":[[3,1],[1,2],[3,2],[1,4],[2,4],[3,4]],""S_beta"":[3,1,2,4],""BETA_STATUS"":[""STRICT_PASS"",""STRICT_PASS"",""NA"",""NA""],""LAWLER_PARTITION_FAMILY"":[[3,[1,3],4,[2]],[4,[1,2,3],4,[]]],""Q_exact"":[1,2,3,4],""h_key"":4,""T_MDD"":[{""prefix"":[],""argmin"":[3]},{""prefix"":[3],""argmin"":[1]},{""prefix"":[3,1],""argmin"":[2]},{""prefix"":[3,1,2],""argmin"":[4]},{""prefix"":[3,1,2,4],""argmin"":[]}]}","A_o009_r00203","A"
"287e4579f9cab9c90fe17b81d6b26cf3b71333bc83fb5763ed0e06be66b6ed1d","{""schema"":""TARDY_BOUND_MK_V2"",""G123_edges"":[[1,2],[1,3],[1,4]],""EDD_C22"":false,""GEOM4"":[false,false,false,false],""G_beta_edges"":[[1,2],[1,3],[1,4]],""S_beta"":[1,4,3,2],""BETA_STATUS"":[""NA"",""FAIL"",""STRICT_PASS"",""NA""],""LAWLER_PARTITION_FAMILY"":[[1,[],4,[1,2,3]],[2,[1],4,[2,3]],[3,[1,3],4,[2]],[4,[1,2,3],4,[]]],""Q_exact"":[1],""h_key"":2,""T_MDD"":[{""prefix"":[],""argmin"":[1]},{""prefix"":[1],""argmin"":[4]},{""prefix"":[1,4],""argmin"":[2]},{""prefix"":[1,4,2],""argmin"":[3]},{""prefix"":[1,4,2,3],""argmin"":[]}]}","A_o009_r00204","A"
"89f82e06fac1887ab29373489601f45ed715711e6842dd53c6ee8b7bf30d89ba","{""schema"":""TARDY_BOUND_MK_V2"",""G123_edges"":[[1,4],[2,1],[2,3],[2,4],[3,1],[3,4]],""EDD_C22"":true,""GEOM4"":[false,false,false,false],""G_beta_edges"":[[2,1],[3,1],[2,3],[1,4],[2,4],[3,4]],""S_beta"":[2,3,1,4],""BETA_STATUS"":[""STRICT_PASS"",""NA"",""NA"",""NA""],""LAWLER_PARTITION_FAMILY"":[[4,[1,2,3],4,[]]],""Q_exact"":[1,2,3,4],""h_key"":4,""T_MDD"":[{""prefix"":[],""argmin"":[2]},{""prefix"":[2],""argmin"":[3]},{""prefix"":[2,3],""argmin"":[1]},{""prefix"":[2,3,1],""argmin"":[4]},{""prefix"":[2,3,1,4],""argmin"":[]}]}","A_o009_r00205","A"
"e3ab9c0071b2d529a961b98b7f0f4c6b38358b8cb48e075f4f7b623187ec4a84","{""schema"":""TARDY_BOUND_MK_V2"",""G123_edges"":[[1,4],[2,1],[2,4],[3,1],[3,2],[3,4]],""EDD_C22"":true,""GEOM4"":[false,false,false,false],""G_beta_edges"":[[2,1],[3,1],[3,2],[1,4],[2,4],[3,4]],""S_beta"":[3,2,1,4],""BETA_STATUS"":[""STRICT_PASS"",""STRICT_PASS"",""NA"",""NA""],""LAWLER_PARTITION_FAMILY"":[[4,[1,2,3],4,[]]],""Q_exact"":[1,2,3,4],""h_key"":4,""T_MDD"":[{""prefix"":[],""argmin"":[3]},{""prefix"":[3],""argmin"":[2]},{""prefix"":[3,2],""argmin"":[1]},{""prefix"":[3,2,1],""argmin"":[4]},{""prefix"":[3,2,1,4],""argmin"":[]}]}","A_o009_r00207","A"
"eeeb84a07001d490acb2e41ca051999ffeb0b61ed70ee0adf318857cb3d31a80","{""schema"":""TARDY_BOUND_MK_V2"",""G123_edges"":[[1,2],[1,4],[2,4],[3,1],[3,2],[3,4]],""EDD_C22"":false,""GEOM4"":[false,false,false,false],""G_beta_edges"":[[3,1],[1,2],[3,2],[1,4],[2,4],[3,4]],""S_beta"":[3,1,2,4],""BETA_STATUS"":[""STRICT_PASS"",""STRICT_PASS"",""NA"",""NA""],""LAWLER_PARTITION_FAMILY"":[[2,[3],4,[1,2]],[3,[1,3],4,[2]],[4,[1,2,3],4,[]]],""Q_exact"":[1,2,3,4],""h_key"":4,""T_MDD"":[{""prefix"":[],""argmin"":[3]},{""prefix"":[3],""argmin"":[1]},{""prefix"":[3,1],""argmin"":[2]},{""prefix"":[3,1,2],""argmin"":[4]},{""prefix"":[3,1,2,4],""argmin"":[]}]}","A_o009_r00209","A"
"65448a3712e365b672836df59c3aa18934d863ddd8f161aea2af9a503d4eead3","{""schema"":""TARDY_BOUND_MK_V2"",""G123_edges"":[[1,4],[2,1],[2,3],[2,4],[3,1],[3,4]],""EDD_C22"":false,""GEOM4"":[false,false,false,false],""G_beta_edges"":[[2,1],[3,1],[2,3],[1,4],[2,4],[3,4]],""S_beta"":[2,3,1,4],""BETA_STATUS"":[""STRICT_PASS"",""NA"",""NA"",""NA""],""LAWLER_PARTITION_FAMILY"":[[3,[2,3],4,[1]],[4,[1,2,3],4,[]]],""Q_exact"":[1,2,3,4],""h_key"":4,""T_MDD"":[{""prefix"":[],""argmin"":[2]},{""prefix"":[2],""argmin"":[3]},{""prefix"":[2,3],""argmin"":[1]},{""prefix"":[2,3,1],""argmin"":[4]},{""prefix"":[2,3,1,4],""argmin"":[]}]}","A_o009_r00211","A"
"c645867b4748a75675c0ed8e47b97d9cec9ae16890ef1aeecc64cd50cce5c626","{""schema"":""TARDY_BOUND_MK_V2"",""G123_edges"":[[1,4],[2,1],[2,4],[3,1],[3,2],[3,4]],""EDD_C22"":false,""GEOM4"":[false,false,false,false],""G_beta_edges"":[[2,1],[3,1],[3,2],[1,4],[2,4],[3,4]],""S_beta"":[3,2,1,4],""BETA_STATUS"":[""STRICT_PASS"",""STRICT_PASS"",""NA"",""NA""],""LAWLER_PARTITION_FAMILY"":[[3,[2,3],4,[1]],[4,[1,2,3],4,[]]],""Q_exact"":[1,2,3,4],""h_key"":4,""T_MDD"":[{""prefix"":[],""argmin"":[3]},{""prefix"":[3],""argmin"":[2]},{""prefix"":[3,2],""argmin"":[1]},{""prefix"":[3,2,1],""argmin"":[4]},{""prefix"":[3,2,1,4],""argmin"":[]}]}","A_o009_r00213","A"
"ea66681bd3fa31c8e11d6ea78480e8270755413f76617e47632eef9ba03af4e2","{""schema"":""TARDY_BOUND_MK_V2"",""G123_edges"":[[1,2],[1,3],[1,4],[2,3],[2,4],[3,4]],""EDD_C22"":true,""GEOM4"":[true,true,false,false],""G_beta_edges"":[[1,2],[1,3],[2,3],[1,4],[2,4],[3,4]],""S_beta"":[1,2,3,4],""BETA_STATUS"":[""NA"",""NA"",""NA"",""NA""],""LAWLER_PARTITION_FAMILY"":[[4,[1,2,3],4,[]]],""Q_exact"":[1,2,3,4],""h_key"":4,""T_MDD"":[{""prefix"":[],""argmin"":[1]},{""prefix"":[1],""argmin"":[2]},{""prefix"":[1,2],""argmin"":[3]},{""prefix"":[1,2,3],""argmin"":[4]},{""prefix"":[1,2,3,4],""argmin"":[]}]}","A_o010_r00217","A"
"bf96277ee91d1ba307c6ca5c6f8f56dfca550361283de79703ed834c3ea70ec4","{""schema"":""TARDY_BOUND_MK_V2"",""G123_edges"":[[1,2],[1,3],[1,4],[2,3],[2,4],[4,3]],""EDD_C22"":true,""GEOM4"":[false,false,false,false],""G_beta_edges"":[[1,2],[1,3],[2,3],[4,3],[1,4],[2,4]],""S_beta"":[1,2,4,3],""BETA_STATUS"":[""NA"",""NA"",""STRICT_PASS"",""NA""],""LAWLER_PARTITION_FAMILY"":[[3,[1,2],4,[3]],[4,[1,2,3],4,[]]],""Q_exact"":[1,2,3,4],""h_key"":3,""T_MDD"":[{""prefix"":[],""argmin"":[1]},{""prefix"":[1],""argmin"":[2]},{""prefix"":[1,2],""argmin"":[4]},{""prefix"":[1,2,4],""argmin"":[3]},{""prefix"":[1,2,4,3],""argmin"":[]}]}","A_o010_r00218","A"
"c2017b9edc99e18f8a626a426936fb04a99a68adc9a130b7b995f3c1c0a09003","{""schema"":""TARDY_BOUND_MK_V2"",""G123_edges"":[[1,2],[1,3],[1,4],[2,3],[4,2],[4,3]],""EDD_C22"":true,""GEOM4"":[false,false,false,false],""G_beta_edges"":[[1,2],[4,2],[1,3],[2,3],[4,3],[1,4]],""S_beta"":[1,4,2,3],""BETA_STATUS"":[""NA"",""STRICT_PASS"",""STRICT_PASS"",""NA""],""LAWLER_PARTITION_FAMILY"":[[2,[1],4,[2,3]],[3,[1,2],4,[3]],[4,[1,2,3],4,[]]],""Q_exact"":[1,2,3,4],""h_key"":2,""T_MDD"":[{""prefix"":[],""argmin"":[1]},{""prefix"":[1],""argmin"":[4]},{""prefix"":[1,4],""argmin"":[2]},{""prefix"":[1,4,2],""argmin"":[3]},{""prefix"":[1,4,2,3],""argmin"":[]}]}","A_o010_r00220","A"
"551332a25907281b03b42ca753221eb302f5f3d64d96f2bdff44566b0e948f49","{""schema"":""TARDY_BOUND_MK_V2"",""G123_edges"":[[1,2],[1,3],[1,4]],""EDD_C22"":false,""GEOM4"":[false,false,false,false],""G_beta_edges"":[[1,2],[1,3],[1,4]],""S_beta"":[1,4,3,2],""BETA_STATUS"":[""NA"",""FAIL"",""STRICT_PASS"",""NA""],""LAWLER_PARTITION_FAMILY"":[[2,[1],4,[2,3]],[3,[1,3],4,[2]],[4,[1,2,3],4,[]]],""Q_exact"":[1],""h_key"":2,""T_MDD"":[{""prefix"":[],""argmin"":[1]},{""prefix"":[1],""argmin"":[4]},{""prefix"":[1,4],""argmin"":[2]},{""prefix"":[1,4,2],""argmin"":[3]},{""prefix"":[1,4,2,3],""argmin"":[]}]}","A_o010_r00222","A"
"87a1c0f2d61c0de63bae799fc5dd47cf3a40e996ffb463685e266659e21fd38e","{""schema"":""TARDY_BOUND_MK_V2"",""G123_edges"":[[1,3],[1,4],[2,1],[2,3],[2,4],[3,4]],""EDD_C22"":true,""GEOM4"":[false,false,false,false],""G_beta_edges"":[[2,1],[1,3],[2,3],[1,4],[2,4],[3,4]],""S_beta"":[2,1,3,4],""BETA_STATUS"":[""STRICT_PASS"",""NA"",""NA"",""NA""],""LAWLER_PARTITION_FAMILY"":[[4,[1,2,3],4,[]]],""Q_exact"":[1,2,3,4],""h_key"":4,""T_MDD"":[{""prefix"":[],""argmin"":[2]},{""prefix"":[2],""argmin"":[1]},{""prefix"":[2,1],""argmin"":[3]},{""prefix"":[2,1,3],""argmin"":[4]},{""prefix"":[2,1,3,4],""argmin"":[]}]}","A_o010_r00223","A"
"a13efc38b8d612d3156aadb1164ead20d0cb98eebacc3cb39e54ff04b0241757","{""schema"":""TARDY_BOUND_MK_V2"",""G123_edges"":[[1,3],[1,4],[2,1],[2,3],[2,4],[4,3]],""EDD_C22"":true,""GEOM4"":[false,false,false,false],""G_beta_edges"":[[2,1],[1,3],[2,3],[4,3],[1,4],[2,4]],""S_beta"":[2,1,4,3],""BETA_STATUS"":[""STRICT_PASS"",""NA"",""STRICT_PASS"",""NA""],""LAWLER_PARTITION_FAMILY"":[[3,[1,2],4,[3]],[4,[1,2,3],4,[]]],""Q_exact"":[1,2,3,4],""h_key"":3,""T_MDD"":[{""prefix"":[],""argmin"":[2]},{""prefix"":[2],""argmin"":[1]},{""prefix"":[2,1],""argmin"":[4]},{""prefix"":[2,1,4],""argmin"":[3]},{""prefix"":[2,1,4,3],""argmin"":[]}]}","A_o010_r00224","A"
"30df721d3ae609af9684e311a799e865d89af5cfe302c25d7e3460dbb23b90f1","{""schema"":""TARDY_BOUND_MK_V2"",""G123_edges"":[[1,2],[1,4],[2,4],[3,1],[3,2],[3,4]],""EDD_C22"":true,""GEOM4"":[false,false,false,false],""G_beta_edges"":[[3,1],[1,2],[3,2],[1,4],[2,4],[3,4]],""S_beta"":[3,1,2,4],""BETA_STATUS"":[""STRICT_PASS"",""STRICT_PASS"",""NA"",""NA""],""LAWLER_PARTITION_FAMILY"":[[4,[1,2,3],4,[]]],""Q_exact"":[1,2,3,4],""h_key"":4,""T_MDD"":[{""prefix"":[],""argmin"":[3]},{""prefix"":[3],""argmin"":[1]},{""prefix"":[3,1],""argmin"":[2]},{""prefix"":[3,1,2],""argmin"":[4]},{""prefix"":[3,1,2,4],""argmin"":[]}]}","A_o010_r00225","A"
"9cb5de69305fb4d93f7ff7eb041e23c08e63aece0533ac95c27b40c9bcdc8b08","{""schema"":""TARDY_BOUND_MK_V2"",""G123_edges"":[[1,2],[1,3],[1,4],[2,3],[4,2],[4,3]],""EDD_C22"":true,""GEOM4"":[false,false,false,false],""G_beta_edges"":[[1,2],[4,2],[1,3],[2,3],[4,3],[1,4]],""S_beta"":[1,4,2,3],""BETA_STATUS"":[""NA"",""STRICT_PASS"",""STRICT_PASS"",""NA""],""LAWLER_PARTITION_FAMILY"":[[1,[],4,[1,2,3]],[2,[1],4,[2,3]],[3,[1,2],4,[3]],[4,[1,2,3],4,[]]],""Q_exact"":[1,2,3,4],""h_key"":2,""T_MDD"":[{""prefix"":[],""argmin"":[1,4]},{""prefix"":[1],""argmin"":[4]},{""prefix"":[1,4],""argmin"":[2]},{""prefix"":[1,4,2],""argmin"":[3]},{""prefix"":[1,4,2,3],""argmin"":[]},{""prefix"":[4],""argmin"":[1]},{""prefix"":[4,1],""argmin"":[2]},{""prefix"":[4,1,2],""argmin"":[3]},{""prefix"":[4,1,2,3],""argmin"":[]}]}","A_o010_r00226","A"
"358ae13d27d531c1ca30fa9a18cdc58bb12a19303adfa1a7e795bd077f35466e","{""schema"":""TARDY_BOUND_MK_V2"",""G123_edges"":[[1,2],[1,4],[2,4],[3,1],[3,2],[3,4]],""EDD_C22"":false,""GEOM4"":[false,false,false,false],""G_beta_edges"":[[3,1],[1,2],[3,2],[1,4],[2,4],[3,4]],""S_beta"":[3,1,2,4],""BETA_STATUS"":[""STRICT_PASS"",""STRICT_PASS"",""NA"",""NA""],""LAWLER_PARTITION_FAMILY"":[[3,[1,3],4,[2]],[4,[1,2,3],4,[]]],""Q_exact"":[1,2,3,4],""h_key"":4,""T_MDD"":[{""prefix"":[],""argmin"":[3]},{""prefix"":[3],""argmin"":[1]},{""prefix"":[3,1],""argmin"":[2]},{""prefix"":[3,1,2],""argmin"":[4]},{""prefix"":[3,1,2,4],""argmin"":[]}]}","A_o010_r00227","A"
"d88a40cfcbb621398ffc610b76a30810ae0e6f9d81a4be6d623ec8f783de6325","{""schema"":""TARDY_BOUND_MK_V2"",""G123_edges"":[[1,2],[1,3],[1,4]],""EDD_C22"":false,""GEOM4"":[false,false,false,false],""G_beta_edges"":[[1,2],[1,3],[1,4]],""S_beta"":[1,4,3,2],""BETA_STATUS"":[""NA"",""FAIL"",""STRICT_PASS"",""NA""],""LAWLER_PARTITION_FAMILY"":[[1,[],4,[1,2,3]],[2,[1],4,[2,3]],[3,[1,3],4,[2]],[4,[1,2,3],4,[]]],""Q_exact"":[1],""h_key"":2,""T_MDD"":[{""prefix"":[],""argmin"":[1,4]},{""prefix"":[1],""argmin"":[4]},{""prefix"":[1,4],""argmin"":[2]},{""prefix"":[1,4,2],""argmin"":[3]},{""prefix"":[1,4,2,3],""argmin"":[]},{""prefix"":[4],""argmin"":[1]},{""prefix"":[4,1],""argmin"":[2]},{""prefix"":[4,1,2],""argmin"":[3]},{""prefix"":[4,1,2,3],""argmin"":[]}]}","A_o010_r00228","A"
"eeeb84a07001d490acb2e41ca051999ffeb0b61ed70ee0adf318857cb3d31a80","{""schema"":""TARDY_BOUND_MK_V2"",""G123_edges"":[[1,2],[1,4],[2,4],[3,1],[3,2],[3,4]],""EDD_C22"":false,""GEOM4"":[false,false,false,false],""G_beta_edges"":[[3,1],[1,2],[3,2],[1,4],[2,4],[3,4]],""S_beta"":[3,1,2,4],""BETA_STATUS"":[""STRICT_PASS"",""STRICT_PASS"",""NA"",""NA""],""LAWLER_PARTITION_FAMILY"":[[2,[3],4,[1,2]],[3,[1,3],4,[2]],[4,[1,2,3],4,[]]],""Q_exact"":[1,2,3,4],""h_key"":4,""T_MDD"":[{""prefix"":[],""argmin"":[3]},{""prefix"":[3],""argmin"":[1]},{""prefix"":[3,1],""argmin"":[2]},{""prefix"":[3,1,2],""argmin"":[4]},{""prefix"":[3,1,2,4],""argmin"":[]}]}","A_o010_r00233","A"
"ea66681bd3fa31c8e11d6ea78480e8270755413f76617e47632eef9ba03af4e2","{""schema"":""TARDY_BOUND_MK_V2"",""G123_edges"":[[1,2],[1,3],[1,4],[2,3],[2,4],[3,4]],""EDD_C22"":true,""GEOM4"":[true,true,false,false],""G_beta_edges"":[[1,2],[1,3],[2,3],[1,4],[2,4],[3,4]],""S_beta"":[1,2,3,4],""BETA_STATUS"":[""NA"",""NA"",""NA"",""NA""],""LAWLER_PARTITION_FAMILY"":[[4,[1,2,3],4,[]]],""Q_exact"":[1,2,3,4],""h_key"":4,""T_MDD"":[{""prefix"":[],""argmin"":[1]},{""prefix"":[1],""argmin"":[2]},{""prefix"":[1,2],""argmin"":[3]},{""prefix"":[1,2,3],""argmin"":[4]},{""prefix"":[1,2,3,4],""argmin"":[]}]}","A_o011_r00241","A"
"d9c68703a6aba49a2be277565fb4948f8fc8c1ae4eaaca7e8ceb5696a9867721","{""schema"":""TARDY_BOUND_MK_V2"",""G123_edges"":[[1,2],[1,3],[1,4],[2,3],[2,4],[3,4]],""EDD_C22"":false,""GEOM4"":[false,false,false,false],""G_beta_edges"":[[1,2],[1,3],[2,3],[1,4],[2,4],[3,4]],""S_beta"":[1,2,3,4],""BETA_STATUS"":[""NA"",""NA"",""NA"",""NA""],""LAWLER_PARTITION_FAMILY"":[[3,[1,2],4,[3]],[4,[1,2,3],4,[]]],""Q_exact"":[1,2,3,4],""h_key"":4,""T_MDD"":[{""prefix"":[],""argmin"":[1]},{""prefix"":[1],""argmin"":[2]},{""prefix"":[1,2],""argmin"":[3]},{""prefix"":[1,2,3],""argmin"":[4]},{""prefix"":[1,2,3,4],""argmin"":[]}]}","A_o011_r00242","A"
"7664a14cb67c08a74ce4f9a0a091c138c675d4fe9d64de17cfdb17eb70c1940b","{""schema"":""TARDY_BOUND_MK_V2"",""G123_edges"":[[1,2],[1,3],[1,4],[2,4],[3,2],[3,4]],""EDD_C22"":true,""GEOM4"":[false,false,false,false],""G_beta_edges"":[[1,2],[3,2],[1,3],[1,4],[2,4],[3,4]],""S_beta"":[1,3,2,4],""BETA_STATUS"":[""NA"",""STRICT_PASS"",""NA"",""NA""],""LAWLER_PARTITION_FAMILY"":[[4,[1,2,3],4,[]]],""Q_exact"":[1,2,3,4],""h_key"":4,""T_MDD"":[{""prefix"":[],""argmin"":[1]},{""prefix"":[1],""argmin"":[3]},{""prefix"":[1,3],""argmin"":[2]},{""prefix"":[1,3,2],""argmin"":[4]},{""prefix"":[1,3,2,4],""argmin"":[]}]}","A_o011_r00243","A"
"a5f58ea3ca673a218027454b420ebac3db95bc1163f6c6b84f24fe9fe4ad4101","{""schema"":""TARDY_BOUND_MK_V2"",""G123_edges"":[[1,2],[1,3],[1,4],[2,3],[2,4],[3,4]],""EDD_C22"":false,""GEOM4"":[false,false,false,false],""G_beta_edges"":[[1,2],[1,3],[2,3],[1,4],[2,4],[3,4]],""S_beta"":[1,2,3,4],""BETA_STATUS"":[""NA"",""NA"",""NA"",""NA""],""LAWLER_PARTITION_FAMILY"":[[2,[1],4,[2,3]],[3,[1,2],4,[3]],[4,[1,2,3],4,[]]],""Q_exact"":[1,2,3,4],""h_key"":4,""T_MDD"":[{""prefix"":[],""argmin"":[1]},{""prefix"":[1],""argmin"":[2]},{""prefix"":[1,2],""argmin"":[3]},{""prefix"":[1,2,3],""argmin"":[4]},{""prefix"":[1,2,3,4],""argmin"":[]}]}","A_o011_r00244","A"
"c05f23394596ae9fa98df31ef87a596f92c6c6244caad6bfd01272cc5daa4d63","{""schema"":""TARDY_BOUND_MK_V2"",""G123_edges"":[[1,2],[1,3],[1,4],[2,4],[3,2],[3,4]],""EDD_C22"":false,""GEOM4"":[false,false,false,false],""G_beta_edges"":[[1,2],[3,2],[1,3],[1,4],[2,4],[3,4]],""S_beta"":[1,3,2,4],""BETA_STATUS"":[""NA"",""STRICT_PASS"",""NA"",""NA""],""LAWLER_PARTITION_FAMILY"":[[3,[1,3],4,[2]],[4,[1,2,3],4,[]]],""Q_exact"":[1,2,3,4],""h_key"":4,""T_MDD"":[{""prefix"":[],""argmin"":[1]},{""prefix"":[1],""argmin"":[3]},{""prefix"":[1,3],""argmin"":[2]},{""prefix"":[1,3,2],""argmin"":[4]},{""prefix"":[1,3,2,4],""argmin"":[]}]}","A_o011_r00245","A"
"30df721d3ae609af9684e311a799e865d89af5cfe302c25d7e3460dbb23b90f1","{""schema"":""TARDY_BOUND_MK_V2"",""G123_edges"":[[1,2],[1,4],[2,4],[3,1],[3,2],[3,4]],""EDD_C22"":true,""GEOM4"":[false,false,false,false],""G_beta_edges"":[[3,1],[1,2],[3,2],[1,4],[2,4],[3,4]],""S_beta"":[3,1,2,4],""BETA_STATUS"":[""STRICT_PASS"",""STRICT_PASS"",""NA"",""NA""],""LAWLER_PARTITION_FAMILY"":[[4,[1,2,3],4,[]]],""Q_exact"":[1,2,3,4],""h_key"":4,""T_MDD"":[{""prefix"":[],""argmin"":[3]},{""prefix"":[3],""argmin"":[1]},{""prefix"":[3,1],""argmin"":[2]},{""prefix"":[3,1,2],""argmin"":[4]},{""prefix"":[3,1,2,4],""argmin"":[]}]}","A_o011_r00249","A"
"79b1633a597afd6168627e40c94d06da15c6fe9d1190e6706ab073336c25f82b","{""schema"":""TARDY_BOUND_MK_V2"",""G123_edges"":[[1,2],[1,3],[1,4],[2,3],[2,4],[3,4]],""EDD_C22"":false,""GEOM4"":[false,false,false,false],""G_beta_edges"":[[1,2],[1,3],[2,3],[1,4],[2,4],[3,4]],""S_beta"":[1,2,3,4],""BETA_STATUS"":[""NA"",""NA"",""NA"",""NA""],""LAWLER_PARTITION_FAMILY"":[[1,[],4,[1,2,3]],[2,[1],4,[2,3]],[3,[1,2],4,[3]],[4,[1,2,3],4,[]]],""Q_exact"":[1,2,3,4],""h_key"":4,""T_MDD"":[{""prefix"":[],""argmin"":[1]},{""prefix"":[1],""argmin"":[2]},{""prefix"":[1,2],""argmin"":[3]},{""prefix"":[1,2,3],""argmin"":[4]},{""prefix"":[1,2,3,4],""argmin"":[]}]}","A_o011_r00250","A"
"358ae13d27d531c1ca30fa9a18cdc58bb12a19303adfa1a7e795bd077f35466e","{""schema"":""TARDY_BOUND_MK_V2"",""G123_edges"":[[1,2],[1,4],[2,4],[3,1],[3,2],[3,4]],""EDD_C22"":false,""GEOM4"":[false,false,false,false],""G_beta_edges"":[[3,1],[1,2],[3,2],[1,4],[2,4],[3,4]],""S_beta"":[3,1,2,4],""BETA_STATUS"":[""STRICT_PASS"",""STRICT_PASS"",""NA"",""NA""],""LAWLER_PARTITION_FAMILY"":[[3,[1,3],4,[2]],[4,[1,2,3],4,[]]],""Q_exact"":[1,2,3,4],""h_key"":4,""T_MDD"":[{""prefix"":[],""argmin"":[3]},{""prefix"":[3],""argmin"":[1]},{""prefix"":[3,1],""argmin"":[2]},{""prefix"":[3,1,2],""argmin"":[4]},{""prefix"":[3,1,2,4],""argmin"":[]}]}","A_o011_r00251","A"
"89f82e06fac1887ab29373489601f45ed715711e6842dd53c6ee8b7bf30d89ba","{""schema"":""TARDY_BOUND_MK_V2"",""G123_edges"":[[1,4],[2,1],[2,3],[2,4],[3,1],[3,4]],""EDD_C22"":true,""GEOM4"":[false,false,false,false],""G_beta_edges"":[[2,1],[3,1],[2,3],[1,4],[2,4],[3,4]],""S_beta"":[2,3,1,4],""BETA_STATUS"":[""STRICT_PASS"",""NA"",""NA"",""NA""],""LAWLER_PARTITION_FAMILY"":[[4,[1,2,3],4,[]]],""Q_exact"":[1,2,3,4],""h_key"":4,""T_MDD"":[{""prefix"":[],""argmin"":[2]},{""prefix"":[2],""argmin"":[3]},{""prefix"":[2,3],""argmin"":[1]},{""prefix"":[2,3,1],""argmin"":[4]},{""prefix"":[2,3,1,4],""argmin"":[]}]}","A_o011_r00253","A"
"e3ab9c0071b2d529a961b98b7f0f4c6b38358b8cb48e075f4f7b623187ec4a84","{""schema"":""TARDY_BOUND_MK_V2"",""G123_edges"":[[1,4],[2,1],[2,4],[3,1],[3,2],[3,4]],""EDD_C22"":true,""GEOM4"":[false,false,false,false],""G_beta_edges"":[[2,1],[3,1],[3,2],[1,4],[2,4],[3,4]],""S_beta"":[3,2,1,4],""BETA_STATUS"":[""STRICT_PASS"",""STRICT_PASS"",""NA"",""NA""],""LAWLER_PARTITION_FAMILY"":[[4,[1,2,3],4,[]]],""Q_exact"":[1,2,3,4],""h_key"":4,""T_MDD"":[{""prefix"":[],""argmin"":[3]},{""prefix"":[3],""argmin"":[2]},{""prefix"":[3,2],""argmin"":[1]},{""prefix"":[3,2,1],""argmin"":[4]},{""prefix"":[3,2,1,4],""argmin"":[]}]}","A_o011_r00255","A"
"eeeb84a07001d490acb2e41ca051999ffeb0b61ed70ee0adf318857cb3d31a80","{""schema"":""TARDY_BOUND_MK_V2"",""G123_edges"":[[1,2],[1,4],[2,4],[3,1],[3,2],[3,4]],""EDD_C22"":false,""GEOM4"":[false,false,false,false],""G_beta_edges"":[[3,1],[1,2],[3,2],[1,4],[2,4],[3,4]],""S_beta"":[3,1,2,4],""BETA_STATUS"":[""STRICT_PASS"",""STRICT_PASS"",""NA"",""NA""],""LAWLER_PARTITION_FAMILY"":[[2,[3],4,[1,2]],[3,[1,3],4,[2]],[4,[1,2,3],4,[]]],""Q_exact"":[1,2,3,4],""h_key"":4,""T_MDD"":[{""prefix"":[],""argmin"":[3]},{""prefix"":[3],""argmin"":[1]},{""prefix"":[3,1],""argmin"":[2]},{""prefix"":[3,1,2],""argmin"":[4]},{""prefix"":[3,1,2,4],""argmin"":[]}]}","A_o011_r00257","A"
"65448a3712e365b672836df59c3aa18934d863ddd8f161aea2af9a503d4eead3","{""schema"":""TARDY_BOUND_MK_V2"",""G123_edges"":[[1,4],[2,1],[2,3],[2,4],[3,1],[3,4]],""EDD_C22"":false,""GEOM4"":[false,false,false,false],""G_beta_edges"":[[2,1],[3,1],[2,3],[1,4],[2,4],[3,4]],""S_beta"":[2,3,1,4],""BETA_STATUS"":[""STRICT_PASS"",""NA"",""NA"",""NA""],""LAWLER_PARTITION_FAMILY"":[[3,[2,3],4,[1]],[4,[1,2,3],4,[]]],""Q_exact"":[1,2,3,4],""h_key"":4,""T_MDD"":[{""prefix"":[],""argmin"":[2]},{""prefix"":[2],""argmin"":[3]},{""prefix"":[2,3],""argmin"":[1]},{""prefix"":[2,3,1],""argmin"":[4]},{""prefix"":[2,3,1,4],""argmin"":[]}]}","A_o011_r00259","A"
"c645867b4748a75675c0ed8e47b97d9cec9ae16890ef1aeecc64cd50cce5c626","{""schema"":""TARDY_BOUND_MK_V2"",""G123_edges"":[[1,4],[2,1],[2,4],[3,1],[3,2],[3,4]],""EDD_C22"":false,""GEOM4"":[false,false,false,false],""G_beta_edges"":[[2,1],[3,1],[3,2],[1,4],[2,4],[3,4]],""S_beta"":[3,2,1,4],""BETA_STATUS"":[""STRICT_PASS"",""STRICT_PASS"",""NA"",""NA""],""LAWLER_PARTITION_FAMILY"":[[3,[2,3],4,[1]],[4,[1,2,3],4,[]]],""Q_exact"":[1,2,3,4],""h_key"":4,""T_MDD"":[{""prefix"":[],""argmin"":[3]},{""prefix"":[3],""argmin"":[2]},{""prefix"":[3,2],""argmin"":[1]},{""prefix"":[3,2,1],""argmin"":[4]},{""prefix"":[3,2,1,4],""argmin"":[]}]}","A_o011_r00261","A"
"ea66681bd3fa31c8e11d6ea78480e8270755413f76617e47632eef9ba03af4e2","{""schema"":""TARDY_BOUND_MK_V2"",""G123_edges"":[[1,2],[1,3],[1,4],[2,3],[2,4],[3,4]],""EDD_C22"":true,""GEOM4"":[true,true,false,false],""G_beta_edges"":[[1,2],[1,3],[2,3],[1,4],[2,4],[3,4]],""S_beta"":[1,2,3,4],""BETA_STATUS"":[""NA"",""NA"",""NA"",""NA""],""LAWLER_PARTITION_FAMILY"":[[4,[1,2,3],4,[]]],""Q_exact"":[1,2,3,4],""h_key"":4,""T_MDD"":[{""prefix"":[],""argmin"":[1]},{""prefix"":[1],""argmin"":[2]},{""prefix"":[1,2],""argmin"":[3]},{""prefix"":[1,2,3],""argmin"":[4]},{""prefix"":[1,2,3,4],""argmin"":[]}]}","A_o012_r00265","A"
"bf96277ee91d1ba307c6ca5c6f8f56dfca550361283de79703ed834c3ea70ec4","{""schema"":""TARDY_BOUND_MK_V2"",""G123_edges"":[[1,2],[1,3],[1,4],[2,3],[2,4],[4,3]],""EDD_C22"":true,""GEOM4"":[false,false,false,false],""G_beta_edges"":[[1,2],[1,3],[2,3],[4,3],[1,4],[2,4]],""S_beta"":[1,2,4,3],""BETA_STATUS"":[""NA"",""NA"",""STRICT_PASS"",""NA""],""LAWLER_PARTITION_FAMILY"":[[3,[1,2],4,[3]],[4,[1,2,3],4,[]]],""Q_exact"":[1,2,3,4],""h_key"":3,""T_MDD"":[{""prefix"":[],""argmin"":[1]},{""prefix"":[1],""argmin"":[2]},{""prefix"":[1,2],""argmin"":[4]},{""prefix"":[1,2,4],""argmin"":[3]},{""prefix"":[1,2,4,3],""argmin"":[]}]}","A_o012_r00266","A"
"7664a14cb67c08a74ce4f9a0a091c138c675d4fe9d64de17cfdb17eb70c1940b","{""schema"":""TARDY_BOUND_MK_V2"",""G123_edges"":[[1,2],[1,3],[1,4],[2,4],[3,2],[3,4]],""EDD_C22"":true,""GEOM4"":[false,false,false,false],""G_beta_edges"":[[1,2],[3,2],[1,3],[1,4],[2,4],[3,4]],""S_beta"":[1,3,2,4],""BETA_STATUS"":[""NA"",""STRICT_PASS"",""NA"",""NA""],""LAWLER_PARTITION_FAMILY"":[[4,[1,2,3],4,[]]],""Q_exact"":[1,2,3,4],""h_key"":4,""T_MDD"":[{""prefix"":[],""argmin"":[1]},{""prefix"":[1],""argmin"":[3]},{""prefix"":[1,3],""argmin"":[2]},{""prefix"":[1,3,2],""argmin"":[4]},{""prefix"":[1,3,2,4],""argmin"":[]}]}","A_o012_r00267","A"
"3ca03539be6ab086d0397d6b9a775967db4072cea9c95a032895b43e34fcc9be","{""schema"":""TARDY_BOUND_MK_V2"",""G123_edges"":[[1,2],[1,3],[1,4],[2,3],[2,4],[4,3]],""EDD_C22"":false,""GEOM4"":[false,false,false,false],""G_beta_edges"":[[1,2],[1,3],[2,3],[4,3],[1,4],[2,4]],""S_beta"":[1,2,4,3],""BETA_STATUS"":[""NA"",""NA"",""STRICT_PASS"",""NA""],""LAWLER_PARTITION_FAMILY"":[[2,[1],4,[2,3]],[3,[1,2],4,[3]],[4,[1,2,3],4,[]]],""Q_exact"":[1,2,3,4],""h_key"":3,""T_MDD"":[{""prefix"":[],""argmin"":[1]},{""prefix"":[1],""argmin"":[2]},{""prefix"":[1,2],""argmin"":[4]},{""prefix"":[1,2,4],""argmin"":[3]},{""prefix"":[1,2,4,3],""argmin"":[]}]}","A_o012_r00268","A"
"c05f23394596ae9fa98df31ef87a596f92c6c6244caad6bfd01272cc5daa4d63","{""schema"":""TARDY_BOUND_MK_V2"",""G123_edges"":[[1,2],[1,3],[1,4],[2,4],[3,2],[3,4]],""EDD_C22"":false,""GEOM4"":[false,false,false,false],""G_beta_edges"":[[1,2],[3,2],[1,3],[1,4],[2,4],[3,4]],""S_beta"":[1,3,2,4],""BETA_STATUS"":[""NA"",""STRICT_PASS"",""NA"",""NA""],""LAWLER_PARTITION_FAMILY"":[[3,[1,3],4,[2]],[4,[1,2,3],4,[]]],""Q_exact"":[1,2,3,4],""h_key"":4,""T_MDD"":[{""prefix"":[],""argmin"":[1]},{""prefix"":[1],""argmin"":[3]},{""prefix"":[1,3],""argmin"":[2]},{""prefix"":[1,3,2],""argmin"":[4]},{""prefix"":[1,3,2,4],""argmin"":[]}]}","A_o012_r00269","A"
"30df721d3ae609af9684e311a799e865d89af5cfe302c25d7e3460dbb23b90f1","{""schema"":""TARDY_BOUND_MK_V2"",""G123_edges"":[[1,2],[1,4],[2,4],[3,1],[3,2],[3,4]],""EDD_C22"":true,""GEOM4"":[false,false,false,false],""G_beta_edges"":[[3,1],[1,2],[3,2],[1,4],[2,4],[3,4]],""S_beta"":[3,1,2,4],""BETA_STATUS"":[""STRICT_PASS"",""STRICT_PASS"",""NA"",""NA""],""LAWLER_PARTITION_FAMILY"":[[4,[1,2,3],4,[]]],""Q_exact"":[1,2,3,4],""h_key"":4,""T_MDD"":[{""prefix"":[],""argmin"":[3]},{""prefix"":[3],""argmin"":[1]},{""prefix"":[3,1],""argmin"":[2]},{""prefix"":[3,1,2],""argmin"":[4]},{""prefix"":[3,1,2,4],""argmin"":[]}]}","A_o012_r00273","A"
"0df6bde542716c5744afcc5248bc12866f8ce2502be1abe144d6837c68e080a2","{""schema"":""TARDY_BOUND_MK_V2"",""G123_edges"":[[1,2],[1,3],[1,4],[2,3],[2,4],[4,3]],""EDD_C22"":false,""GEOM4"":[false,false,false,false],""G_beta_edges"":[[1,2],[1,3],[2,3],[4,3],[1,4],[2,4]],""S_beta"":[1,2,4,3],""BETA_STATUS"":[""NA"",""NA"",""STRICT_PASS"",""NA""],""LAWLER_PARTITION_FAMILY"":[[1,[],4,[1,2,3]],[2,[1],4,[2,3]],[3,[1,2],4,[3]],[4,[1,2,3],4,[]]],""Q_exact"":[1,2,3,4],""h_key"":3,""T_MDD"":[{""prefix"":[],""argmin"":[1]},{""prefix"":[1],""argmin"":[2]},{""prefix"":[1,2],""argmin"":[4]},{""prefix"":[1,2,4],""argmin"":[3]},{""prefix"":[1,2,4,3],""argmin"":[]}]}","A_o012_r00274","A"
"358ae13d27d531c1ca30fa9a18cdc58bb12a19303adfa1a7e795bd077f35466e","{""schema"":""TARDY_BOUND_MK_V2"",""G123_edges"":[[1,2],[1,4],[2,4],[3,1],[3,2],[3,4]],""EDD_C22"":false,""GEOM4"":[false,false,false,false],""G_beta_edges"":[[3,1],[1,2],[3,2],[1,4],[2,4],[3,4]],""S_beta"":[3,1,2,4],""BETA_STATUS"":[""STRICT_PASS"",""STRICT_PASS"",""NA"",""NA""],""LAWLER_PARTITION_FAMILY"":[[3,[1,3],4,[2]],[4,[1,2,3],4,[]]],""Q_exact"":[1,2,3,4],""h_key"":4,""T_MDD"":[{""prefix"":[],""argmin"":[3]},{""prefix"":[3],""argmin"":[1]},{""prefix"":[3,1],""argmin"":[2]},{""prefix"":[3,1,2],""argmin"":[4]},{""prefix"":[3,1,2,4],""argmin"":[]}]}","A_o012_r00275","A"
"89f82e06fac1887ab29373489601f45ed715711e6842dd53c6ee8b7bf30d89ba","{""schema"":""TARDY_BOUND_MK_V2"",""G123_edges"":[[1,4],[2,1],[2,3],[2,4],[3,1],[3,4]],""EDD_C22"":true,""GEOM4"":[false,false,false,false],""G_beta_edges"":[[2,1],[3,1],[2,3],[1,4],[2,4],[3,4]],""S_beta"":[2,3,1,4],""BETA_STATUS"":[""STRICT_PASS"",""NA"",""NA"",""NA""],""LAWLER_PARTITION_FAMILY"":[[4,[1,2,3],4,[]]],""Q_exact"":[1,2,3,4],""h_key"":4,""T_MDD"":[{""prefix"":[],""argmin"":[2]},{""prefix"":[2],""argmin"":[3]},{""prefix"":[2,3],""argmin"":[1]},{""prefix"":[2,3,1],""argmin"":[4]},{""prefix"":[2,3,1,4],""argmin"":[]}]}","A_o012_r00277","A"
"e3ab9c0071b2d529a961b98b7f0f4c6b38358b8cb48e075f4f7b623187ec4a84","{""schema"":""TARDY_BOUND_MK_V2"",""G123_edges"":[[1,4],[2,1],[2,4],[3,1],[3,2],[3,4]],""EDD_C22"":true,""GEOM4"":[false,false,false,false],""G_beta_edges"":[[2,1],[3,1],[3,2],[1,4],[2,4],[3,4]],""S_beta"":[3,2,1,4],""BETA_STATUS"":[""STRICT_PASS"",""STRICT_PASS"",""NA"",""NA""],""LAWLER_PARTITION_FAMILY"":[[4,[1,2,3],4,[]]],""Q_exact"":[1,2,3,4],""h_key"":4,""T_MDD"":[{""prefix"":[],""argmin"":[3]},{""prefix"":[3],""argmin"":[2]},{""prefix"":[3,2],""argmin"":[1]},{""prefix"":[3,2,1],""argmin"":[4]},{""prefix"":[3,2,1,4],""argmin"":[]}]}","A_o012_r00279","A"
"eeeb84a07001d490acb2e41ca051999ffeb0b61ed70ee0adf318857cb3d31a80","{""schema"":""TARDY_BOUND_MK_V2"",""G123_edges"":[[1,2],[1,4],[2,4],[3,1],[3,2],[3,4]],""EDD_C22"":false,""GEOM4"":[false,false,false,false],""G_beta_edges"":[[3,1],[1,2],[3,2],[1,4],[2,4],[3,4]],""S_beta"":[3,1,2,4],""BETA_STATUS"":[""STRICT_PASS"",""STRICT_PASS"",""NA"",""NA""],""LAWLER_PARTITION_FAMILY"":[[2,[3],4,[1,2]],[3,[1,3],4,[2]],[4,[1,2,3],4,[]]],""Q_exact"":[1,2,3,4],""h_key"":4,""T_MDD"":[{""prefix"":[],""argmin"":[3]},{""prefix"":[3],""argmin"":[1]},{""prefix"":[3,1],""argmin"":[2]},{""prefix"":[3,1,2],""argmin"":[4]},{""prefix"":[3,1,2,4],""argmin"":[]}]}","A_o012_r00281","A"
"65448a3712e365b672836df59c3aa18934d863ddd8f161aea2af9a503d4eead3","{""schema"":""TARDY_BOUND_MK_V2"",""G123_edges"":[[1,4],[2,1],[2,3],[2,4],[3,1],[3,4]],""EDD_C22"":false,""GEOM4"":[false,false,false,false],""G_beta_edges"":[[2,1],[3,1],[2,3],[1,4],[2,4],[3,4]],""S_beta"":[2,3,1,4],""BETA_STATUS"":[""STRICT_PASS"",""NA"",""NA"",""NA""],""LAWLER_PARTITION_FAMILY"":[[3,[2,3],4,[1]],[4,[1,2,3],4,[]]],""Q_exact"":[1,2,3,4],""h_key"":4,""T_MDD"":[{""prefix"":[],""argmin"":[2]},{""prefix"":[2],""argmin"":[3]},{""prefix"":[2,3],""argmin"":[1]},{""prefix"":[2,3,1],""argmin"":[4]},{""prefix"":[2,3,1,4],""argmin"":[]}]}","A_o012_r00283","A"
"c645867b4748a75675c0ed8e47b97d9cec9ae16890ef1aeecc64cd50cce5c626","{""schema"":""TARDY_BOUND_MK_V2"",""G123_edges"":[[1,4],[2,1],[2,4],[3,1],[3,2],[3,4]],""EDD_C22"":false,""GEOM4"":[false,false,false,false],""G_beta_edges"":[[2,1],[3,1],[3,2],[1,4],[2,4],[3,4]],""S_beta"":[3,2,1,4],""BETA_STATUS"":[""STRICT_PASS"",""STRICT_PASS"",""NA"",""NA""],""LAWLER_PARTITION_FAMILY"":[[3,[2,3],4,[1]],[4,[1,2,3],4,[]]],""Q_exact"":[1,2,3,4],""h_key"":4,""T_MDD"":[{""prefix"":[],""argmin"":[3]},{""prefix"":[3],""argmin"":[2]},{""prefix"":[3,2],""argmin"":[1]},{""prefix"":[3,2,1],""argmin"":[4]},{""prefix"":[3,2,1,4],""argmin"":[]}]}","A_o012_r00285","A"
"ea66681bd3fa31c8e11d6ea78480e8270755413f76617e47632eef9ba03af4e2","{""schema"":""TARDY_BOUND_MK_V2"",""G123_edges"":[[1,2],[1,3],[1,4],[2,3],[2,4],[3,4]],""EDD_C22"":true,""GEOM4"":[true,true,false,false],""G_beta_edges"":[[1,2],[1,3],[2,3],[1,4],[2,4],[3,4]],""S_beta"":[1,2,3,4],""BETA_STATUS"":[""NA"",""NA"",""NA"",""NA""],""LAWLER_PARTITION_FAMILY"":[[4,[1,2,3],4,[]]],""Q_exact"":[1,2,3,4],""h_key"":4,""T_MDD"":[{""prefix"":[],""argmin"":[1]},{""prefix"":[1],""argmin"":[2]},{""prefix"":[1,2],""argmin"":[3]},{""prefix"":[1,2,3],""argmin"":[4]},{""prefix"":[1,2,3,4],""argmin"":[]}]}","A_o013_r00289","A"
"bf96277ee91d1ba307c6ca5c6f8f56dfca550361283de79703ed834c3ea70ec4","{""schema"":""TARDY_BOUND_MK_V2"",""G123_edges"":[[1,2],[1,3],[1,4],[2,3],[2,4],[4,3]],""EDD_C22"":true,""GEOM4"":[false,false,false,false],""G_beta_edges"":[[1,2],[1,3],[2,3],[4,3],[1,4],[2,4]],""S_beta"":[1,2,4,3],""BETA_STATUS"":[""NA"",""NA"",""STRICT_PASS"",""NA""],""LAWLER_PARTITION_FAMILY"":[[3,[1,2],4,[3]],[4,[1,2,3],4,[]]],""Q_exact"":[1,2,3,4],""h_key"":3,""T_MDD"":[{""prefix"":[],""argmin"":[1]},{""prefix"":[1],""argmin"":[2]},{""prefix"":[1,2],""argmin"":[4]},{""prefix"":[1,2,4],""argmin"":[3]},{""prefix"":[1,2,4,3],""argmin"":[]}]}","A_o013_r00290","A"
"7664a14cb67c08a74ce4f9a0a091c138c675d4fe9d64de17cfdb17eb70c1940b","{""schema"":""TARDY_BOUND_MK_V2"",""G123_edges"":[[1,2],[1,3],[1,4],[2,4],[3,2],[3,4]],""EDD_C22"":true,""GEOM4"":[false,false,false,false],""G_beta_edges"":[[1,2],[3,2],[1,3],[1,4],[2,4],[3,4]],""S_beta"":[1,3,2,4],""BETA_STATUS"":[""NA"",""STRICT_PASS"",""NA"",""NA""],""LAWLER_PARTITION_FAMILY"":[[4,[1,2,3],4,[]]],""Q_exact"":[1,2,3,4],""h_key"":4,""T_MDD"":[{""prefix"":[],""argmin"":[1]},{""prefix"":[1],""argmin"":[3]},{""prefix"":[1,3],""argmin"":[2]},{""prefix"":[1,3,2],""argmin"":[4]},{""prefix"":[1,3,2,4],""argmin"":[]}]}","A_o013_r00291","A"
"c2017b9edc99e18f8a626a426936fb04a99a68adc9a130b7b995f3c1c0a09003","{""schema"":""TARDY_BOUND_MK_V2"",""G123_edges"":[[1,2],[1,3],[1,4],[2,3],[4,2],[4,3]],""EDD_C22"":true,""GEOM4"":[false,false,false,false],""G_beta_edges"":[[1,2],[4,2],[1,3],[2,3],[4,3],[1,4]],""S_beta"":[1,4,2,3],""BETA_STATUS"":[""NA"",""STRICT_PASS"",""STRICT_PASS"",""NA""],""LAWLER_PARTITION_FAMILY"":[[2,[1],4,[2,3]],[3,[1,2],4,[3]],[4,[1,2,3],4,[]]],""Q_exact"":[1,2,3,4],""h_key"":2,""T_MDD"":[{""prefix"":[],""argmin"":[1]},{""prefix"":[1],""argmin"":[4]},{""prefix"":[1,4],""argmin"":[2]},{""prefix"":[1,4,2],""argmin"":[3]},{""prefix"":[1,4,2,3],""argmin"":[]}]}","A_o013_r00292","A"
"c05f23394596ae9fa98df31ef87a596f92c6c6244caad6bfd01272cc5daa4d63","{""schema"":""TARDY_BOUND_MK_V2"",""G123_edges"":[[1,2],[1,3],[1,4],[2,4],[3,2],[3,4]],""EDD_C22"":false,""GEOM4"":[false,false,false,false],""G_beta_edges"":[[1,2],[3,2],[1,3],[1,4],[2,4],[3,4]],""S_beta"":[1,3,2,4],""BETA_STATUS"":[""NA"",""STRICT_PASS"",""NA"",""NA""],""LAWLER_PARTITION_FAMILY"":[[3,[1,3],4,[2]],[4,[1,2,3],4,[]]],""Q_exact"":[1,2,3,4],""h_key"":4,""T_MDD"":[{""prefix"":[],""argmin"":[1]},{""prefix"":[1],""argmin"":[3]},{""prefix"":[1,3],""argmin"":[2]},{""prefix"":[1,3,2],""argmin"":[4]},{""prefix"":[1,3,2,4],""argmin"":[]}]}","A_o013_r00293","A"
"551332a25907281b03b42ca753221eb302f5f3d64d96f2bdff44566b0e948f49","{""schema"":""TARDY_BOUND_MK_V2"",""G123_edges"":[[1,2],[1,3],[1,4]],""EDD_C22"":false,""GEOM4"":[false,false,false,false],""G_beta_edges"":[[1,2],[1,3],[1,4]],""S_beta"":[1,4,3,2],""BETA_STATUS"":[""NA"",""FAIL"",""STRICT_PASS"",""NA""],""LAWLER_PARTITION_FAMILY"":[[2,[1],4,[2,3]],[3,[1,3],4,[2]],[4,[1,2,3],4,[]]],""Q_exact"":[1],""h_key"":2,""T_MDD"":[{""prefix"":[],""argmin"":[1]},{""prefix"":[1],""argmin"":[4]},{""prefix"":[1,4],""argmin"":[2]},{""prefix"":[1,4,2],""argmin"":[3]},{""prefix"":[1,4,2,3],""argmin"":[]}]}","A_o013_r00294","A"
"30df721d3ae609af9684e311a799e865d89af5cfe302c25d7e3460dbb23b90f1","{""schema"":""TARDY_BOUND_MK_V2"",""G123_edges"":[[1,2],[1,4],[2,4],[3,1],[3,2],[3,4]],""EDD_C22"":true,""GEOM4"":[false,false,false,false],""G_beta_edges"":[[3,1],[1,2],[3,2],[1,4],[2,4],[3,4]],""S_beta"":[3,1,2,4],""BETA_STATUS"":[""STRICT_PASS"",""STRICT_PASS"",""NA"",""NA""],""LAWLER_PARTITION_FAMILY"":[[4,[1,2,3],4,[]]],""Q_exact"":[1,2,3,4],""h_key"":4,""T_MDD"":[{""prefix"":[],""argmin"":[3]},{""prefix"":[3],""argmin"":[1]},{""prefix"":[3,1],""argmin"":[2]},{""prefix"":[3,1,2],""argmin"":[4]},{""prefix"":[3,1,2,4],""argmin"":[]}]}","A_o013_r00297","A"
"d5cb868f906a8e579dbe28390206aa16c73fa6eae9ae6588bab70248a844933c","{""schema"":""TARDY_BOUND_MK_V2"",""G123_edges"":[[1,2],[1,3],[1,4],[2,3],[4,2],[4,3]],""EDD_C22"":false,""GEOM4"":[false,false,false,false],""G_beta_edges"":[[1,2],[4,2],[1,3],[2,3],[4,3],[1,4]],""S_beta"":[1,4,2,3],""BETA_STATUS"":[""NA"",""STRICT_PASS"",""STRICT_PASS"",""NA""],""LAWLER_PARTITION_FAMILY"":[[1,[],4,[1,2,3]],[2,[1],4,[2,3]],[3,[1,2],4,[3]],[4,[1,2,3],4,[]]],""Q_exact"":[1,2,3,4],""h_key"":2,""T_MDD"":[{""prefix"":[],""argmin"":[1]},{""prefix"":[1],""argmin"":[4]},{""prefix"":[1,4],""argmin"":[2]},{""prefix"":[1,4,2],""argmin"":[3]},{""prefix"":[1,4,2,3],""argmin"":[]}]}","A_o013_r00298","A"
"358ae13d27d531c1ca30fa9a18cdc58bb12a19303adfa1a7e795bd077f35466e","{""schema"":""TARDY_BOUND_MK_V2"",""G123_edges"":[[1,2],[1,4],[2,4],[3,1],[3,2],[3,4]],""EDD_C22"":false,""GEOM4"":[false,false,false,false],""G_beta_edges"":[[3,1],[1,2],[3,2],[1,4],[2,4],[3,4]],""S_beta"":[3,1,2,4],""BETA_STATUS"":[""STRICT_PASS"",""STRICT_PASS"",""NA"",""NA""],""LAWLER_PARTITION_FAMILY"":[[3,[1,3],4,[2]],[4,[1,2,3],4,[]]],""Q_exact"":[1,2,3,4],""h_key"":4,""T_MDD"":[{""prefix"":[],""argmin"":[3]},{""prefix"":[3],""argmin"":[1]},{""prefix"":[3,1],""argmin"":[2]},{""prefix"":[3,1,2],""argmin"":[4]},{""prefix"":[3,1,2,4],""argmin"":[]}]}","A_o013_r00299","A"
"287e4579f9cab9c90fe17b81d6b26cf3b71333bc83fb5763ed0e06be66b6ed1d","{""schema"":""TARDY_BOUND_MK_V2"",""G123_edges"":[[1,2],[1,3],[1,4]],""EDD_C22"":false,""GEOM4"":[false,false,false,false],""G_beta_edges"":[[1,2],[1,3],[1,4]],""S_beta"":[1,4,3,2],""BETA_STATUS"":[""NA"",""FAIL"",""STRICT_PASS"",""NA""],""LAWLER_PARTITION_FAMILY"":[[1,[],4,[1,2,3]],[2,[1],4,[2,3]],[3,[1,3],4,[2]],[4,[1,2,3],4,[]]],""Q_exact"":[1],""h_key"":2,""T_MDD"":[{""prefix"":[],""argmin"":[1]},{""prefix"":[1],""argmin"":[4]},{""prefix"":[1,4],""argmin"":[2]},{""prefix"":[1,4,2],""argmin"":[3]},{""prefix"":[1,4,2,3],""argmin"":[]}]}","A_o013_r00300","A"
"89f82e06fac1887ab29373489601f45ed715711e6842dd53c6ee8b7bf30d89ba","{""schema"":""TARDY_BOUND_MK_V2"",""G123_edges"":[[1,4],[2,1],[2,3],[2,4],[3,1],[3,4]],""EDD_C22"":true,""GEOM4"":[false,false,false,false],""G_beta_edges"":[[2,1],[3,1],[2,3],[1,4],[2,4],[3,4]],""S_beta"":[2,3,1,4],""BETA_STATUS"":[""STRICT_PASS"",""NA"",""NA"",""NA""],""LAWLER_PARTITION_FAMILY"":[[4,[1,2,3],4,[]]],""Q_exact"":[1,2,3,4],""h_key"":4,""T_MDD"":[{""prefix"":[],""argmin"":[2]},{""prefix"":[2],""argmin"":[3]},{""prefix"":[2,3],""argmin"":[1]},{""prefix"":[2,3,1],""argmin"":[4]},{""prefix"":[2,3,1,4],""argmin"":[]}]}","A_o013_r00301","A"
"e3ab9c0071b2d529a961b98b7f0f4c6b38358b8cb48e075f4f7b623187ec4a84","{""schema"":""TARDY_BOUND_MK_V2"",""G123_edges"":[[1,4],[2,1],[2,4],[3,1],[3,2],[3,4]],""EDD_C22"":true,""GEOM4"":[false,false,false,false],""G_beta_edges"":[[2,1],[3,1],[3,2],[1,4],[2,4],[3,4]],""S_beta"":[3,2,1,4],""BETA_STATUS"":[""STRICT_PASS"",""STRICT_PASS"",""NA"",""NA""],""LAWLER_PARTITION_FAMILY"":[[4,[1,2,3],4,[]]],""Q_exact"":[1,2,3,4],""h_key"":4,""T_MDD"":[{""prefix"":[],""argmin"":[3]},{""prefix"":[3],""argmin"":[2]},{""prefix"":[3,2],""argmin"":[1]},{""prefix"":[3,2,1],""argmin"":[4]},{""prefix"":[3,2,1,4],""argmin"":[]}]}","A_o013_r00303","A"
"eeeb84a07001d490acb2e41ca051999ffeb0b61ed70ee0adf318857cb3d31a80","{""schema"":""TARDY_BOUND_MK_V2"",""G123_edges"":[[1,2],[1,4],[2,4],[3,1],[3,2],[3,4]],""EDD_C22"":false,""GEOM4"":[false,false,false,false],""G_beta_edges"":[[3,1],[1,2],[3,2],[1,4],[2,4],[3,4]],""S_beta"":[3,1,2,4],""BETA_STATUS"":[""STRICT_PASS"",""STRICT_PASS"",""NA"",""NA""],""LAWLER_PARTITION_FAMILY"":[[2,[3],4,[1,2]],[3,[1,3],4,[2]],[4,[1,2,3],4,[]]],""Q_exact"":[1,2,3,4],""h_key"":4,""T_MDD"":[{""prefix"":[],""argmin"":[3]},{""prefix"":[3],""argmin"":[1]},{""prefix"":[3,1],""argmin"":[2]},{""prefix"":[3,1,2],""argmin"":[4]},{""prefix"":[3,1,2,4],""argmin"":[]}]}","A_o013_r00305","A"
"65448a3712e365b672836df59c3aa18934d863ddd8f161aea2af9a503d4eead3","{""schema"":""TARDY_BOUND_MK_V2"",""G123_edges"":[[1,4],[2,1],[2,3],[2,4],[3,1],[3,4]],""EDD_C22"":false,""GEOM4"":[false,false,false,false],""G_beta_edges"":[[2,1],[3,1],[2,3],[1,4],[2,4],[3,4]],""S_beta"":[2,3,1,4],""BETA_STATUS"":[""STRICT_PASS"",""NA"",""NA"",""NA""],""LAWLER_PARTITION_FAMILY"":[[3,[2,3],4,[1]],[4,[1,2,3],4,[]]],""Q_exact"":[1,2,3,4],""h_key"":4,""T_MDD"":[{""prefix"":[],""argmin"":[2]},{""prefix"":[2],""argmin"":[3]},{""prefix"":[2,3],""argmin"":[1]},{""prefix"":[2,3,1],""argmin"":[4]},{""prefix"":[2,3,1,4],""argmin"":[]}]}","A_o013_r00307","A"
"c645867b4748a75675c0ed8e47b97d9cec9ae16890ef1aeecc64cd50cce5c626","{""schema"":""TARDY_BOUND_MK_V2"",""G123_edges"":[[1,4],[2,1],[2,4],[3,1],[3,2],[3,4]],""EDD_C22"":false,""GEOM4"":[false,false,false,false],""G_beta_edges"":[[2,1],[3,1],[3,2],[1,4],[2,4],[3,4]],""S_beta"":[3,2,1,4],""BETA_STATUS"":[""STRICT_PASS"",""STRICT_PASS"",""NA"",""NA""],""LAWLER_PARTITION_FAMILY"":[[3,[2,3],4,[1]],[4,[1,2,3],4,[]]],""Q_exact"":[1,2,3,4],""h_key"":4,""T_MDD"":[{""prefix"":[],""argmin"":[3]},{""prefix"":[3],""argmin"":[2]},{""prefix"":[3,2],""argmin"":[1]},{""prefix"":[3,2,1],""argmin"":[4]},{""prefix"":[3,2,1,4],""argmin"":[]}]}","A_o013_r00309","A"
"ea66681bd3fa31c8e11d6ea78480e8270755413f76617e47632eef9ba03af4e2","{""schema"":""TARDY_BOUND_MK_V2"",""G123_edges"":[[1,2],[1,3],[1,4],[2,3],[2,4],[3,4]],""EDD_C22"":true,""GEOM4"":[true,true,false,false],""G_beta_edges"":[[1,2],[1,3],[2,3],[1,4],[2,4],[3,4]],""S_beta"":[1,2,3,4],""BETA_STATUS"":[""NA"",""NA"",""NA"",""NA""],""LAWLER_PARTITION_FAMILY"":[[4,[1,2,3],4,[]]],""Q_exact"":[1,2,3,4],""h_key"":4,""T_MDD"":[{""prefix"":[],""argmin"":[1]},{""prefix"":[1],""argmin"":[2]},{""prefix"":[1,2],""argmin"":[3]},{""prefix"":[1,2,3],""argmin"":[4]},{""prefix"":[1,2,3,4],""argmin"":[]}]}","A_o014_r00313","A"
"bf96277ee91d1ba307c6ca5c6f8f56dfca550361283de79703ed834c3ea70ec4","{""schema"":""TARDY_BOUND_MK_V2"",""G123_edges"":[[1,2],[1,3],[1,4],[2,3],[2,4],[4,3]],""EDD_C22"":true,""GEOM4"":[false,false,false,false],""G_beta_edges"":[[1,2],[1,3],[2,3],[4,3],[1,4],[2,4]],""S_beta"":[1,2,4,3],""BETA_STATUS"":[""NA"",""NA"",""STRICT_PASS"",""NA""],""LAWLER_PARTITION_FAMILY"":[[3,[1,2],4,[3]],[4,[1,2,3],4,[]]],""Q_exact"":[1,2,3,4],""h_key"":3,""T_MDD"":[{""prefix"":[],""argmin"":[1]},{""prefix"":[1],""argmin"":[2]},{""prefix"":[1,2],""argmin"":[4]},{""prefix"":[1,2,4],""argmin"":[3]},{""prefix"":[1,2,4,3],""argmin"":[]}]}","A_o014_r00314","A"
"c2017b9edc99e18f8a626a426936fb04a99a68adc9a130b7b995f3c1c0a09003","{""schema"":""TARDY_BOUND_MK_V2"",""G123_edges"":[[1,2],[1,3],[1,4],[2,3],[4,2],[4,3]],""EDD_C22"":true,""GEOM4"":[false,false,false,false],""G_beta_edges"":[[1,2],[4,2],[1,3],[2,3],[4,3],[1,4]],""S_beta"":[1,4,2,3],""BETA_STATUS"":[""NA"",""STRICT_PASS"",""STRICT_PASS"",""NA""],""LAWLER_PARTITION_FAMILY"":[[2,[1],4,[2,3]],[3,[1,2],4,[3]],[4,[1,2,3],4,[]]],""Q_exact"":[1,2,3,4],""h_key"":2,""T_MDD"":[{""prefix"":[],""argmin"":[1]},{""prefix"":[1],""argmin"":[4]},{""prefix"":[1,4],""argmin"":[2]},{""prefix"":[1,4,2],""argmin"":[3]},{""prefix"":[1,4,2,3],""argmin"":[]}]}","A_o014_r00316","A"
"551332a25907281b03b42ca753221eb302f5f3d64d96f2bdff44566b0e948f49","{""schema"":""TARDY_BOUND_MK_V2"",""G123_edges"":[[1,2],[1,3],[1,4]],""EDD_C22"":false,""GEOM4"":[false,false,false,false],""G_beta_edges"":[[1,2],[1,3],[1,4]],""S_beta"":[1,4,3,2],""BETA_STATUS"":[""NA"",""FAIL"",""STRICT_PASS"",""NA""],""LAWLER_PARTITION_FAMILY"":[[2,[1],4,[2,3]],[3,[1,3],4,[2]],[4,[1,2,3],4,[]]],""Q_exact"":[1],""h_key"":2,""T_MDD"":[{""prefix"":[],""argmin"":[1]},{""prefix"":[1],""argmin"":[4]},{""prefix"":[1,4],""argmin"":[2]},{""prefix"":[1,4,2],""argmin"":[3]},{""prefix"":[1,4,2,3],""argmin"":[]}]}","A_o014_r00318","A"
"30df721d3ae609af9684e311a799e865d89af5cfe302c25d7e3460dbb23b90f1","{""schema"":""TARDY_BOUND_MK_V2"",""G123_edges"":[[1,2],[1,4],[2,4],[3,1],[3,2],[3,4]],""EDD_C22"":true,""GEOM4"":[false,false,false,false],""G_beta_edges"":[[3,1],[1,2],[3,2],[1,4],[2,4],[3,4]],""S_beta"":[3,1,2,4],""BETA_STATUS"":[""STRICT_PASS"",""STRICT_PASS"",""NA"",""NA""],""LAWLER_PARTITION_FAMILY"":[[4,[1,2,3],4,[]]],""Q_exact"":[1,2,3,4],""h_key"":4,""T_MDD"":[{""prefix"":[],""argmin"":[3]},{""prefix"":[3],""argmin"":[1]},{""prefix"":[3,1],""argmin"":[2]},{""prefix"":[3,1,2],""argmin"":[4]},{""prefix"":[3,1,2,4],""argmin"":[]}]}","A_o014_r00321","A"
"9cb5de69305fb4d93f7ff7eb041e23c08e63aece0533ac95c27b40c9bcdc8b08","{""schema"":""TARDY_BOUND_MK_V2"",""G123_edges"":[[1,2],[1,3],[1,4],[2,3],[4,2],[4,3]],""EDD_C22"":true,""GEOM4"":[false,false,false,false],""G_beta_edges"":[[1,2],[4,2],[1,3],[2,3],[4,3],[1,4]],""S_beta"":[1,4,2,3],""BETA_STATUS"":[""NA"",""STRICT_PASS"",""STRICT_PASS"",""NA""],""LAWLER_PARTITION_FAMILY"":[[1,[],4,[1,2,3]],[2,[1],4,[2,3]],[3,[1,2],4,[3]],[4,[1,2,3],4,[]]],""Q_exact"":[1,2,3,4],""h_key"":2,""T_MDD"":[{""prefix"":[],""argmin"":[1,4]},{""prefix"":[1],""argmin"":[4]},{""prefix"":[1,4],""argmin"":[2]},{""prefix"":[1,4,2],""argmin"":[3]},{""prefix"":[1,4,2,3],""argmin"":[]},{""prefix"":[4],""argmin"":[1]},{""prefix"":[4,1],""argmin"":[2]},{""prefix"":[4,1,2],""argmin"":[3]},{""prefix"":[4,1,2,3],""argmin"":[]}]}","A_o014_r00322","A"
"358ae13d27d531c1ca30fa9a18cdc58bb12a19303adfa1a7e795bd077f35466e","{""schema"":""TARDY_BOUND_MK_V2"",""G123_edges"":[[1,2],[1,4],[2,4],[3,1],[3,2],[3,4]],""EDD_C22"":false,""GEOM4"":[false,false,false,false],""G_beta_edges"":[[3,1],[1,2],[3,2],[1,4],[2,4],[3,4]],""S_beta"":[3,1,2,4],""BETA_STATUS"":[""STRICT_PASS"",""STRICT_PASS"",""NA"",""NA""],""LAWLER_PARTITION_FAMILY"":[[3,[1,3],4,[2]],[4,[1,2,3],4,[]]],""Q_exact"":[1,2,3,4],""h_key"":4,""T_MDD"":[{""prefix"":[],""argmin"":[3]},{""prefix"":[3],""argmin"":[1]},{""prefix"":[3,1],""argmin"":[2]},{""prefix"":[3,1,2],""argmin"":[4]},{""prefix"":[3,1,2,4],""argmin"":[]}]}","A_o014_r00323","A"
"d88a40cfcbb621398ffc610b76a30810ae0e6f9d81a4be6d623ec8f783de6325","{""schema"":""TARDY_BOUND_MK_V2"",""G123_edges"":[[1,2],[1,3],[1,4]],""EDD_C22"":false,""GEOM4"":[false,false,false,false],""G_beta_edges"":[[1,2],[1,3],[1,4]],""S_beta"":[1,4,3,2],""BETA_STATUS"":[""NA"",""FAIL"",""STRICT_PASS"",""NA""],""LAWLER_PARTITION_FAMILY"":[[1,[],4,[1,2,3]],[2,[1],4,[2,3]],[3,[1,3],4,[2]],[4,[1,2,3],4,[]]],""Q_exact"":[1],""h_key"":2,""T_MDD"":[{""prefix"":[],""argmin"":[1,4]},{""prefix"":[1],""argmin"":[4]},{""prefix"":[1,4],""argmin"":[2]},{""prefix"":[1,4,2],""argmin"":[3]},{""prefix"":[1,4,2,3],""argmin"":[]},{""prefix"":[4],""argmin"":[1]},{""prefix"":[4,1],""argmin"":[2]},{""prefix"":[4,1,2],""argmin"":[3]},{""prefix"":[4,1,2,3],""argmin"":[]}]}","A_o014_r00324","A"
"eeeb84a07001d490acb2e41ca051999ffeb0b61ed70ee0adf318857cb3d31a80","{""schema"":""TARDY_BOUND_MK_V2"",""G123_edges"":[[1,2],[1,4],[2,4],[3,1],[3,2],[3,4]],""EDD_C22"":false,""GEOM4"":[false,false,false,false],""G_beta_edges"":[[3,1],[1,2],[3,2],[1,4],[2,4],[3,4]],""S_beta"":[3,1,2,4],""BETA_STATUS"":[""STRICT_PASS"",""STRICT_PASS"",""NA"",""NA""],""LAWLER_PARTITION_FAMILY"":[[2,[3],4,[1,2]],[3,[1,3],4,[2]],[4,[1,2,3],4,[]]],""Q_exact"":[1,2,3,4],""h_key"":4,""T_MDD"":[{""prefix"":[],""argmin"":[3]},{""prefix"":[3],""argmin"":[1]},{""prefix"":[3,1],""argmin"":[2]},{""prefix"":[3,1,2],""argmin"":[4]},{""prefix"":[3,1,2,4],""argmin"":[]}]}","A_o014_r00329","A"
"ea66681bd3fa31c8e11d6ea78480e8270755413f76617e47632eef9ba03af4e2","{""schema"":""TARDY_BOUND_MK_V2"",""G123_edges"":[[1,2],[1,3],[1,4],[2,3],[2,4],[3,4]],""EDD_C22"":true,""GEOM4"":[true,true,false,false],""G_beta_edges"":[[1,2],[1,3],[2,3],[1,4],[2,4],[3,4]],""S_beta"":[1,2,3,4],""BETA_STATUS"":[""NA"",""NA"",""NA"",""NA""],""LAWLER_PARTITION_FAMILY"":[[4,[1,2,3],4,[]]],""Q_exact"":[1,2,3,4],""h_key"":4,""T_MDD"":[{""prefix"":[],""argmin"":[1]},{""prefix"":[1],""argmin"":[2]},{""prefix"":[1,2],""argmin"":[3]},{""prefix"":[1,2,3],""argmin"":[4]},{""prefix"":[1,2,3,4],""argmin"":[]}]}","A_o015_r00337","A"
"bf96277ee91d1ba307c6ca5c6f8f56dfca550361283de79703ed834c3ea70ec4","{""schema"":""TARDY_BOUND_MK_V2"",""G123_edges"":[[1,2],[1,3],[1,4],[2,3],[2,4],[4,3]],""EDD_C22"":true,""GEOM4"":[false,false,false,false],""G_beta_edges"":[[1,2],[1,3],[2,3],[4,3],[1,4],[2,4]],""S_beta"":[1,2,4,3],""BETA_STATUS"":[""NA"",""NA"",""STRICT_PASS"",""NA""],""LAWLER_PARTITION_FAMILY"":[[3,[1,2],4,[3]],[4,[1,2,3],4,[]]],""Q_exact"":[1,2,3,4],""h_key"":3,""T_MDD"":[{""prefix"":[],""argmin"":[1]},{""prefix"":[1],""argmin"":[2]},{""prefix"":[1,2],""argmin"":[4]},{""prefix"":[1,2,4],""argmin"":[3]},{""prefix"":[1,2,4,3],""argmin"":[]}]}","A_o015_r00338","A"
"c2017b9edc99e18f8a626a426936fb04a99a68adc9a130b7b995f3c1c0a09003","{""schema"":""TARDY_BOUND_MK_V2"",""G123_edges"":[[1,2],[1,3],[1,4],[2,3],[4,2],[4,3]],""EDD_C22"":true,""GEOM4"":[false,false,false,false],""G_beta_edges"":[[1,2],[4,2],[1,3],[2,3],[4,3],[1,4]],""S_beta"":[1,4,2,3],""BETA_STATUS"":[""NA"",""STRICT_PASS"",""STRICT_PASS"",""NA""],""LAWLER_PARTITION_FAMILY"":[[2,[1],4,[2,3]],[3,[1,2],4,[3]],[4,[1,2,3],4,[]]],""Q_exact"":[1,2,3,4],""h_key"":2,""T_MDD"":[{""prefix"":[],""argmin"":[1]},{""prefix"":[1],""argmin"":[4]},{""prefix"":[1,4],""argmin"":[2]},{""prefix"":[1,4,2],""argmin"":[3]},{""prefix"":[1,4,2,3],""argmin"":[]}]}","A_o015_r00340","A"
"551332a25907281b03b42ca753221eb302f5f3d64d96f2bdff44566b0e948f49","{""schema"":""TARDY_BOUND_MK_V2"",""G123_edges"":[[1,2],[1,3],[1,4]],""EDD_C22"":false,""GEOM4"":[false,false,false,false],""G_beta_edges"":[[1,2],[1,3],[1,4]],""S_beta"":[1,4,3,2],""BETA_STATUS"":[""NA"",""FAIL"",""STRICT_PASS"",""NA""],""LAWLER_PARTITION_FAMILY"":[[2,[1],4,[2,3]],[3,[1,3],4,[2]],[4,[1,2,3],4,[]]],""Q_exact"":[1],""h_key"":2,""T_MDD"":[{""prefix"":[],""argmin"":[1]},{""prefix"":[1],""argmin"":[4]},{""prefix"":[1,4],""argmin"":[2]},{""prefix"":[1,4,2],""argmin"":[3]},{""prefix"":[1,4,2,3],""argmin"":[]}]}","A_o015_r00342","A"
"9cb5de69305fb4d93f7ff7eb041e23c08e63aece0533ac95c27b40c9bcdc8b08","{""schema"":""TARDY_BOUND_MK_V2"",""G123_edges"":[[1,2],[1,3],[1,4],[2,3],[4,2],[4,3]],""EDD_C22"":true,""GEOM4"":[false,false,false,false],""G_beta_edges"":[[1,2],[4,2],[1,3],[2,3],[4,3],[1,4]],""S_beta"":[1,4,2,3],""BETA_STATUS"":[""NA"",""STRICT_PASS"",""STRICT_PASS"",""NA""],""LAWLER_PARTITION_FAMILY"":[[1,[],4,[1,2,3]],[2,[1],4,[2,3]],[3,[1,2],4,[3]],[4,[1,2,3],4,[]]],""Q_exact"":[1,2,3,4],""h_key"":2,""T_MDD"":[{""prefix"":[],""argmin"":[1,4]},{""prefix"":[1],""argmin"":[4]},{""prefix"":[1,4],""argmin"":[2]},{""prefix"":[1,4,2],""argmin"":[3]},{""prefix"":[1,4,2,3],""argmin"":[]},{""prefix"":[4],""argmin"":[1]},{""prefix"":[4,1],""argmin"":[2]},{""prefix"":[4,1,2],""argmin"":[3]},{""prefix"":[4,1,2,3],""argmin"":[]}]}","A_o015_r00346","A"
"d88a40cfcbb621398ffc610b76a30810ae0e6f9d81a4be6d623ec8f783de6325","{""schema"":""TARDY_BOUND_MK_V2"",""G123_edges"":[[1,2],[1,3],[1,4]],""EDD_C22"":false,""GEOM4"":[false,false,false,false],""G_beta_edges"":[[1,2],[1,3],[1,4]],""S_beta"":[1,4,3,2],""BETA_STATUS"":[""NA"",""FAIL"",""STRICT_PASS"",""NA""],""LAWLER_PARTITION_FAMILY"":[[1,[],4,[1,2,3]],[2,[1],4,[2,3]],[3,[1,3],4,[2]],[4,[1,2,3],4,[]]],""Q_exact"":[1],""h_key"":2,""T_MDD"":[{""prefix"":[],""argmin"":[1,4]},{""prefix"":[1],""argmin"":[4]},{""prefix"":[1,4],""argmin"":[2]},{""prefix"":[1,4,2],""argmin"":[3]},{""prefix"":[1,4,2,3],""argmin"":[]},{""prefix"":[4],""argmin"":[1]},{""prefix"":[4,1],""argmin"":[2]},{""prefix"":[4,1,2],""argmin"":[3]},{""prefix"":[4,1,2,3],""argmin"":[]}]}","A_o015_r00348","A"
